{
    "N": "26",
    "종목명": "삼천당제약",
    "현재가": "79,200",
    "상태": "상승",
    "전일비": "500",
    "등락률": "+0.64%",
    "액면가": "500",
    "거래량": "919,232",
    "거래대금": "73,918",
    "전일거래량": "876,281",
    "시가": "78,600",
    "고가": "82,700",
    "저가": "78,400",
    "매수호가": "79,200",
    "매도호가": "79,300",
    "매수총잔량": "21,221",
    "매도총잔량": "3,586",
    "상장주식수": "22,768",
    "시가총액": "18,032",
    "매출액": "1,866",
    "자산총계": "2,902",
    "부채총계": "670",
    "영업이익": "252",
    "당기순이익": "196",
    "주당순이익": "-391",
    "보통주배당금": "50",
    "매출액증가율": "16.66",
    "영업이익증가율": "62.65",
    "외국인비율": "9.35",
    "PER": "-202.56",
    "ROE": "6.82",
    "ROA": "7.11",
    "PBR": "9.64",
    "유보율": "1,344.5",
    "code": "000250"
}