{
    "N": "1173",
    "종목명": "중앙에너비스",
    "현재가": "8,990",
    "상태": "하락",
    "전일비": "110",
    "등락률": "-1.21%",
    "액면가": "500",
    "거래량": "115,401",
    "거래대금": "1,081",
    "전일거래량": "13,909",
    "시가": "9,690",
    "고가": "9,800",
    "저가": "8,990",
    "매수호가": "8,990",
    "매도호가": "9,020",
    "매수총잔량": "6,676",
    "매도총잔량": "1,359",
    "상장주식수": "6,227",
    "시가총액": "560",
    "매출액": "657",
    "자산총계": "616",
    "부채총계": "165",
    "영업이익": "6",
    "당기순이익": "6",
    "주당순이익": "17",
    "보통주배당금": "160",
    "매출액증가율": "N/A",
    "영업이익증가율": "N/A",
    "외국인비율": "0.75",
    "PER": "528.82",
    "ROE": "N/A",
    "ROA": "N/A",
    "PBR": "0.94",
    "유보율": "1,583.2",
    "code": "000440"
}