{
    "N": "1218",
    "종목명": "신라섬유",
    "현재가": "2,105",
    "상태": "상승",
    "전일비": "25",
    "등락률": "+1.20%",
    "액면가": "100",
    "거래량": "238,227",
    "거래대금": "502",
    "전일거래량": "141,420",
    "시가": "2,115",
    "고가": "2,135",
    "저가": "2,075",
    "매수호가": "2,105",
    "매도호가": "2,115",
    "매수총잔량": "30,088",
    "매도총잔량": "33,405",
    "상장주식수": "24,278",
    "시가총액": "511",
    "매출액": "42",
    "자산총계": "322",
    "부채총계": "177",
    "영업이익": "7",
    "당기순이익": "2",
    "주당순이익": "11",
    "보통주배당금": "N/A",
    "매출액증가율": "-11.10",
    "영업이익증가율": "-3.39",
    "외국인비율": "4.27",
    "PER": "191.36",
    "ROE": "1.59",
    "ROA": "0.71",
    "PBR": "3.51",
    "유보율": "495.4",
    "code": "001000"
}