{
    "N": "513",
    "종목명": "안국약품",
    "현재가": "13,700",
    "상태": "상승",
    "전일비": "850",
    "등락률": "+6.61%",
    "액면가": "500",
    "거래량": "372,390",
    "거래대금": "5,026",
    "전일거래량": "62,609",
    "시가": "12,900",
    "고가": "13,900",
    "저가": "12,900",
    "매수호가": "13,650",
    "매도호가": "13,700",
    "매수총잔량": "25,999",
    "매도총잔량": "34,028",
    "상장주식수": "13,042",
    "시가총액": "1,787",
    "매출액": "1,559",
    "자산총계": "2,180",
    "부채총계": "696",
    "영업이익": "24",
    "당기순이익": "21",
    "주당순이익": "-77",
    "보통주배당금": "220",
    "매출액증가율": "-16.09",
    "영업이익증가율": "-84.27",
    "외국인비율": "4.83",
    "PER": "-177.92",
    "ROE": "1.72",
    "ROA": "0.99",
    "PBR": "1.08",
    "유보율": "2,234.3",
    "code": "001540"
}