{
    "N": "1042",
    "종목명": "무림SP",
    "현재가": "3,250",
    "상태": "하락",
    "전일비": "5",
    "등락률": "-0.15%",
    "액면가": "500",
    "거래량": "761,126",
    "거래대금": "2,397",
    "전일거래량": "596,727",
    "시가": "3,260",
    "고가": "3,270",
    "저가": "3,075",
    "매수호가": "3,245",
    "매도호가": "3,250",
    "매수총잔량": "10,125",
    "매도총잔량": "20,212",
    "상장주식수": "22,138",
    "시가총액": "719",
    "매출액": "1,379",
    "자산총계": "2,987",
    "부채총계": "937",
    "영업이익": "12",
    "당기순이익": "14",
    "주당순이익": "92",
    "보통주배당금": "35",
    "매출액증가율": "-1.73",
    "영업이익증가율": "-38.70",
    "외국인비율": "2.25",
    "PER": "35.33",
    "ROE": "0.67",
    "ROA": "0.46",
    "PBR": "0.35",
    "유보율": "1,605.1",
    "code": "001810"
}