{
    "N": "736",
    "종목명": "이화공영",
    "현재가": "5,930",
    "상태": "상승",
    "전일비": "50",
    "등락률": "+0.85%",
    "액면가": "500",
    "거래량": "1,960,315",
    "거래대금": "11,771",
    "전일거래량": "2,007,870",
    "시가": "6,120",
    "고가": "6,150",
    "저가": "5,820",
    "매수호가": "5,920",
    "매도호가": "5,930",
    "매수총잔량": "41,827",
    "매도총잔량": "45,814",
    "상장주식수": "19,806",
    "시가총액": "1,174",
    "매출액": "1,384",
    "자산총계": "854",
    "부채총계": "427",
    "영업이익": "1",
    "당기순이익": "3",
    "주당순이익": "43",
    "보통주배당금": "10",
    "매출액증가율": "-25.79",
    "영업이익증가율": "149.67",
    "외국인비율": "1.63",
    "PER": "137.91",
    "ROE": "0.63",
    "ROA": "0.33",
    "PBR": "2.75",
    "유보율": "294.2",
    "code": "001840"
}