{
    "N": "876",
    "종목명": "피에스텍",
    "현재가": "4,710",
    "상태": "하락",
    "전일비": "40",
    "등락률": "-0.84%",
    "액면가": "500",
    "거래량": "68,645",
    "거래대금": "324",
    "전일거래량": "100,324",
    "시가": "4,760",
    "고가": "4,850",
    "저가": "4,655",
    "매수호가": "4,675",
    "매도호가": "4,710",
    "매수총잔량": "4,025",
    "매도총잔량": "8,611",
    "상장주식수": "19,669",
    "시가총액": "926",
    "매출액": "507",
    "자산총계": "1,686",
    "부채총계": "254",
    "영업이익": "-17",
    "당기순이익": "25",
    "주당순이익": "-181",
    "보통주배당금": "150",
    "매출액증가율": "-17.81",
    "영업이익증가율": "-35.81",
    "외국인비율": "6.18",
    "PER": "-26.02",
    "ROE": "1.77",
    "ROA": "1.52",
    "PBR": "0.62",
    "유보율": "1,384.4",
    "code": "002230"
}