{
    "N": "1187",
    "종목명": "삼일기업공사",
    "현재가": "4,430",
    "상태": "상승",
    "전일비": "165",
    "등락률": "+3.87%",
    "액면가": "500",
    "거래량": "616,271",
    "거래대금": "2,692",
    "전일거래량": "368,563",
    "시가": "4,255",
    "고가": "4,465",
    "저가": "4,210",
    "매수호가": "4,420",
    "매도호가": "4,430",
    "매수총잔량": "8,680",
    "매도총잔량": "12,366",
    "상장주식수": "12,400",
    "시가총액": "549",
    "매출액": "763",
    "자산총계": "698",
    "부채총계": "110",
    "영업이익": "36",
    "당기순이익": "33",
    "주당순이익": "196",
    "보통주배당금": "100",
    "매출액증가율": "35.74",
    "영업이익증가율": "19.45",
    "외국인비율": "2.48",
    "PER": "22.60",
    "ROE": "5.69",
    "ROA": "5.00",
    "PBR": "0.92",
    "유보율": "848.8",
    "code": "002290"
}