{
    "N": "1033",
    "종목명": "한탑",
    "현재가": "2,715",
    "상태": "상승",
    "전일비": "110",
    "등락률": "+4.22%",
    "액면가": "500",
    "거래량": "573,080",
    "거래대금": "1,567",
    "전일거래량": "283,306",
    "시가": "2,650",
    "고가": "2,835",
    "저가": "2,635",
    "매수호가": "2,710",
    "매도호가": "2,715",
    "매수총잔량": "44,540",
    "매도총잔량": "15,250",
    "상장주식수": "26,852",
    "시가총액": "729",
    "매출액": "922",
    "자산총계": "1,299",
    "부채총계": "971",
    "영업이익": "-78",
    "당기순이익": "-113",
    "주당순이익": "-683",
    "보통주배당금": "0",
    "매출액증가율": "-16.04",
    "영업이익증가율": "-16,314.75",
    "외국인비율": "1.72",
    "PER": "-3.98",
    "ROE": "-29.20",
    "ROA": "-8.43",
    "PBR": "1.07",
    "유보율": "41.7",
    "code": "002680"
}