{
    "N": "620",
    "종목명": "신신제약",
    "현재가": "9,580",
    "상태": "상승",
    "전일비": "600",
    "등락률": "+6.68%",
    "액면가": "500",
    "거래량": "3,959,271",
    "거래대금": "38,705",
    "전일거래량": "249,918",
    "시가": "9,020",
    "고가": "10,450",
    "저가": "8,990",
    "매수호가": "9,580",
    "매도호가": "9,590",
    "매수총잔량": "21,130",
    "매도총잔량": "5,748",
    "상장주식수": "15,170",
    "시가총액": "1,453",
    "매출액": "679",
    "자산총계": "1,292",
    "부채총계": "729",
    "영업이익": "23",
    "당기순이익": "20",
    "주당순이익": "112",
    "보통주배당금": "28",
    "매출액증가율": "6.49",
    "영업이익증가율": "-23.29",
    "외국인비율": "1.94",
    "PER": "85.54",
    "ROE": "3.86",
    "ROA": "1.71",
    "PBR": "2.51",
    "유보율": "643.3",
    "code": "002800"
}