{
    "N": "481",
    "종목명": "선광",
    "현재가": "28,900",
    "상태": "상승",
    "전일비": "250",
    "등락률": "+0.87%",
    "액면가": "1,000",
    "거래량": "31,576",
    "거래대금": "907",
    "전일거래량": "76,624",
    "시가": "28,950",
    "고가": "29,800",
    "저가": "28,500",
    "매수호가": "28,900",
    "매도호가": "28,950",
    "매수총잔량": "4,938",
    "매도총잔량": "2,688",
    "상장주식수": "6,600",
    "시가총액": "1,907",
    "매출액": "1,450",
    "자산총계": "7,100",
    "부채총계": "4,030",
    "영업이익": "243",
    "당기순이익": "51",
    "주당순이익": "1,297",
    "보통주배당금": "350",
    "매출액증가율": "6.91",
    "영업이익증가율": "53.90",
    "외국인비율": "3.83",
    "PER": "22.28",
    "ROE": "1.65",
    "ROA": "0.81",
    "PBR": "0.55",
    "유보율": "4,624.5",
    "code": "003100"
}