{
    "N": "82",
    "종목명": "하림지주",
    "현재가": "8,640",
    "상태": "하락",
    "전일비": "320",
    "등락률": "-3.57%",
    "액면가": "100",
    "거래량": "790,312",
    "거래대금": "6,929",
    "전일거래량": "660,021",
    "시가": "8,990",
    "고가": "9,030",
    "저가": "8,610",
    "매수호가": "8,640",
    "매도호가": "8,650",
    "매수총잔량": "33,168",
    "매도총잔량": "7,691",
    "상장주식수": "92,342",
    "시가총액": "7,978",
    "매출액": "73,503",
    "자산총계": "86,157",
    "부채총계": "51,662",
    "영업이익": "3,065",
    "당기순이익": "946",
    "주당순이익": "635",
    "보통주배당금": "50",
    "매출액증가율": "-0.09",
    "영업이익증가율": "-13.65",
    "외국인비율": "4.92",
    "PER": "13.61",
    "ROE": "3.24",
    "ROA": "1.13",
    "PBR": "0.36",
    "유보율": "20,530.1",
    "code": "003380"
}