{
    "N": "994",
    "종목명": "대주산업",
    "현재가": "2,205",
    "상태": "상승",
    "전일비": "25",
    "등락률": "+1.15%",
    "액면가": "500",
    "거래량": "829,873",
    "거래대금": "1,819",
    "전일거래량": "452,690",
    "시가": "2,190",
    "고가": "2,220",
    "저가": "2,165",
    "매수호가": "2,205",
    "매도호가": "2,210",
    "매수총잔량": "50,967",
    "매도총잔량": "139,071",
    "상장주식수": "35,392",
    "시가총액": "780",
    "매출액": "843",
    "자산총계": "871",
    "부채총계": "350",
    "영업이익": "27",
    "당기순이익": "18",
    "주당순이익": "98",
    "보통주배당금": "30",
    "매출액증가율": "0.29",
    "영업이익증가율": "-19.49",
    "외국인비율": "1.22",
    "PER": "22.50",
    "ROE": "3.51",
    "ROA": "2.05",
    "PBR": "1.47",
    "유보율": "160.7",
    "code": "003310"
}