{
    "N": "193",
    "종목명": "에이스침대",
    "현재가": "39,050",
    "상태": "상승",
    "전일비": "300",
    "등락률": "+0.77%",
    "액면가": "1,000",
    "거래량": "2,057",
    "거래대금": "80",
    "전일거래량": "1,910",
    "시가": "38,850",
    "고가": "39,050",
    "저가": "38,600",
    "매수호가": "38,750",
    "매도호가": "39,050",
    "매수총잔량": "1,050",
    "매도총잔량": "377",
    "상장주식수": "11,090",
    "시가총액": "4,331",
    "매출액": "2,774",
    "자산총계": "5,197",
    "부채총계": "512",
    "영업이익": "499",
    "당기순이익": "442",
    "주당순이익": "3,864",
    "보통주배당금": "1,100",
    "매출액증가율": "13.24",
    "영업이익증가율": "23.98",
    "외국인비율": "3.54",
    "PER": "10.11",
    "ROE": "9.82",
    "ROA": "8.87",
    "PBR": "0.81",
    "유보율": "4,199.7",
    "code": "003800"
}