{
    "N": "1081",
    "종목명": "한국가구",
    "현재가": "4,520",
    "상태": "상승",
    "전일비": "30",
    "등락률": "+0.67%",
    "액면가": "100",
    "거래량": "46,434",
    "거래대금": "209",
    "전일거래량": "43,556",
    "시가": "4,485",
    "고가": "4,555",
    "저가": "4,470",
    "매수호가": "4,510",
    "매도호가": "4,520",
    "매수총잔량": "3,790",
    "매도총잔량": "11,247",
    "상장주식수": "15,000",
    "시가총액": "678",
    "매출액": "657",
    "자산총계": "1,385",
    "부채총계": "347",
    "영업이익": "87",
    "당기순이익": "61",
    "주당순이익": "450",
    "보통주배당금": "115",
    "매출액증가율": "8.98",
    "영업이익증가율": "2.05",
    "외국인비율": "0.62",
    "PER": "10.04",
    "ROE": "5.97",
    "ROA": "4.45",
    "PBR": "0.63",
    "유보율": "5,353.4",
    "code": "004590"
}