{
    "N": "702",
    "종목명": "창해에탄올",
    "현재가": "13,550",
    "상태": "하락",
    "전일비": "100",
    "등락률": "-0.73%",
    "액면가": "500",
    "거래량": "58,406",
    "거래대금": "792",
    "전일거래량": "94,292",
    "시가": "13,650",
    "고가": "13,750",
    "저가": "13,400",
    "매수호가": "13,550",
    "매도호가": "13,650",
    "매수총잔량": "26,028",
    "매도총잔량": "27,797",
    "상장주식수": "9,191",
    "시가총액": "1,245",
    "매출액": "1,873",
    "자산총계": "1,930",
    "부채총계": "662",
    "영업이익": "89",
    "당기순이익": "108",
    "주당순이익": "2,190",
    "보통주배당금": "600",
    "매출액증가율": "-4.13",
    "영업이익증가율": "-15.11",
    "외국인비율": "2.73",
    "PER": "6.19",
    "ROE": "18.59",
    "ROA": "3.86",
    "PBR": "0.80",
    "유보율": "2,885.4",
    "code": "004650"
}