{
    "N": "990",
    "종목명": "대륙제관",
    "현재가": "4,955",
    "상태": "상승",
    "전일비": "285",
    "등락률": "+6.10%",
    "액면가": "500",
    "거래량": "676,461",
    "거래대금": "3,272",
    "전일거래량": "114,388",
    "시가": "4,645",
    "고가": "5,080",
    "저가": "4,600",
    "매수호가": "4,950",
    "매도호가": "4,955",
    "매수총잔량": "30,881",
    "매도총잔량": "23,519",
    "상장주식수": "15,903",
    "시가총액": "788",
    "매출액": "1,973",
    "자산총계": "1,575",
    "부채총계": "506",
    "영업이익": "84",
    "당기순이익": "54",
    "주당순이익": "616",
    "보통주배당금": "100",
    "매출액증가율": "0.48",
    "영업이익증가율": "48.65",
    "외국인비율": "4.51",
    "PER": "8.04",
    "ROE": "5.10",
    "ROA": "3.48",
    "PBR": "0.70",
    "유보율": "1,246.9",
    "code": "004780"
}