{
    "N": "493",
    "종목명": "동국산업",
    "현재가": "3,435",
    "상태": "하락",
    "전일비": "30",
    "등락률": "-0.87%",
    "액면가": "1,000",
    "거래량": "228,191",
    "거래대금": "785",
    "전일거래량": "300,279",
    "시가": "3,465",
    "고가": "3,490",
    "저가": "3,415",
    "매수호가": "3,430",
    "매도호가": "3,435",
    "매수총잔량": "96,870",
    "매도총잔량": "30,532",
    "상장주식수": "54,244",
    "시가총액": "1,863",
    "매출액": "6,737",
    "자산총계": "7,529",
    "부채총계": "2,231",
    "영업이익": "329",
    "당기순이익": "181",
    "주당순이익": "176",
    "보통주배당금": "130",
    "매출액증가율": "-11.10",
    "영업이익증가율": "122.81",
    "외국인비율": "4.93",
    "PER": "19.52",
    "ROE": "3.58",
    "ROA": "2.36",
    "PBR": "0.46",
    "유보율": "626.4",
    "code": "005160"
}