{
    "N": "25",
    "종목명": "동진쎄미켐",
    "현재가": "35,500",
    "상태": "하락",
    "전일비": "1,100",
    "등락률": "-3.01%",
    "액면가": "500",
    "거래량": "1,645,918",
    "거래대금": "59,728",
    "전일거래량": "1,826,951",
    "시가": "37,050",
    "고가": "37,700",
    "저가": "35,450",
    "매수호가": "35,500",
    "매도호가": "35,550",
    "매수총잔량": "104,333",
    "매도총잔량": "23,362",
    "상장주식수": "51,414",
    "시가총액": "18,252",
    "매출액": "8,753",
    "자산총계": "8,407",
    "부채총계": "4,803",
    "영업이익": "1,049",
    "당기순이익": "587",
    "주당순이익": "1,660",
    "보통주배당금": "90",
    "매출액증가율": "5.81",
    "영업이익증가율": "47.73",
    "외국인비율": "9.12",
    "PER": "21.39",
    "ROE": "17.78",
    "ROA": "7.33",
    "PBR": "4.18",
    "유보율": "1,228.2",
    "code": "005290"
}