{
    "N": "1040",
    "종목명": "푸드웰",
    "현재가": "7,220",
    "상태": "상승",
    "전일비": "40",
    "등락률": "+0.56%",
    "액면가": "500",
    "거래량": "398,347",
    "거래대금": "2,912",
    "전일거래량": "300,314",
    "시가": "7,180",
    "고가": "7,500",
    "저가": "7,100",
    "매수호가": "7,220",
    "매도호가": "7,240",
    "매수총잔량": "13,876",
    "매도총잔량": "5,651",
    "상장주식수": "10,000",
    "시가총액": "722",
    "매출액": "1,439",
    "자산총계": "1,495",
    "부채총계": "666",
    "영업이익": "86",
    "당기순이익": "320",
    "주당순이익": "247",
    "보통주배당금": "100",
    "매출액증가율": "16.28",
    "영업이익증가율": "14.97",
    "외국인비율": "1.58",
    "PER": "29.23",
    "ROE": "50.19",
    "ROA": "22.78",
    "PBR": "0.89",
    "유보율": "1,476.8",
    "code": "005670"
}