{
    "N": "772",
    "종목명": "대원산업",
    "현재가": "5,500",
    "상태": "하락",
    "전일비": "20",
    "등락률": "-0.36%",
    "액면가": "500",
    "거래량": "13,850",
    "거래대금": "76",
    "전일거래량": "23,794",
    "시가": "5,550",
    "고가": "5,560",
    "저가": "5,460",
    "매수호가": "5,470",
    "매도호가": "5,500",
    "매수총잔량": "43,934",
    "매도총잔량": "1,354",
    "상장주식수": "20,038",
    "시가총액": "1,102",
    "매출액": "6,610",
    "자산총계": "4,830",
    "부채총계": "1,716",
    "영업이익": "263",
    "당기순이익": "404",
    "주당순이익": "280",
    "보통주배당금": "125",
    "매출액증가율": "-5.17",
    "영업이익증가율": "-13.79",
    "외국인비율": "13.35",
    "PER": "19.64",
    "ROE": "13.32",
    "ROA": "8.61",
    "PBR": "0.36",
    "유보율": "3,056.3",
    "code": "005710"
}