{
    "N": "1044",
    "종목명": "한일사료",
    "현재가": "1,825",
    "상태": "상승",
    "전일비": "25",
    "등락률": "+1.39%",
    "액면가": "500",
    "거래량": "581,438",
    "거래대금": "1,055",
    "전일거래량": "318,861",
    "시가": "1,810",
    "고가": "1,830",
    "저가": "1,795",
    "매수호가": "1,820",
    "매도호가": "1,825",
    "매수총잔량": "128,798",
    "매도총잔량": "228,306",
    "상장주식수": "39,404",
    "시가총액": "719",
    "매출액": "3,435",
    "자산총계": "1,766",
    "부채총계": "1,146",
    "영업이익": "44",
    "당기순이익": "-22",
    "주당순이익": "0",
    "보통주배당금": "25",
    "매출액증가율": "11.58",
    "영업이익증가율": "115.79",
    "외국인비율": "0.44",
    "PER": "N/A",
    "ROE": "-3.85",
    "ROA": "-1.26",
    "PBR": "1.22",
    "유보율": "213.4",
    "code": "005860"
}