{
    "N": "757",
    "종목명": "매일홀딩스",
    "현재가": "8,280",
    "상태": "하락",
    "전일비": "20",
    "등락률": "-0.24%",
    "액면가": "500",
    "거래량": "20,858",
    "거래대금": "173",
    "전일거래량": "26,445",
    "시가": "8,320",
    "고가": "8,320",
    "저가": "8,250",
    "매수호가": "8,270",
    "매도호가": "8,280",
    "매수총잔량": "10,712",
    "매도총잔량": "8,992",
    "상장주식수": "13,718",
    "시가총액": "1,136",
    "매출액": "15,908",
    "자산총계": "9,565",
    "부채총계": "3,826",
    "영업이익": "844",
    "당기순이익": "672",
    "주당순이익": "-373",
    "보통주배당금": "140",
    "매출액증가율": "6.71",
    "영업이익증가율": "26.08",
    "외국인비율": "1.42",
    "PER": "-22.20",
    "ROE": "8.01",
    "ROA": "7.45",
    "PBR": "0.37",
    "유보율": "9,209.8",
    "code": "005990"
}