{
    "N": "802",
    "종목명": "국영지앤엠",
    "현재가": "3,025",
    "상태": "하락",
    "전일비": "95",
    "등락률": "-3.04%",
    "액면가": "500",
    "거래량": "5,385,198",
    "거래대금": "16,340",
    "전일거래량": "44,796,661",
    "시가": "3,155",
    "고가": "3,155",
    "저가": "3,000",
    "매수호가": "3,020",
    "매도호가": "3,025",
    "매수총잔량": "483,361",
    "매도총잔량": "66,519",
    "상장주식수": "34,895",
    "시가총액": "1,056",
    "매출액": "730",
    "자산총계": "687",
    "부채총계": "158",
    "영업이익": "10",
    "당기순이익": "11",
    "주당순이익": "-1",
    "보통주배당금": "15",
    "매출액증가율": "29.68",
    "영업이익증가율": "207.72",
    "외국인비율": "1.94",
    "PER": "-3,025.00",
    "ROE": "2.08",
    "ROA": "1.69",
    "PBR": "1.98",
    "유보율": "207.4",
    "code": "006050"
}