{
    "N": "826",
    "종목명": "피제이전자",
    "현재가": "6,750",
    "상태": "하락",
    "전일비": "70",
    "등락률": "-1.03%",
    "액면가": "500",
    "거래량": "39,865",
    "거래대금": "269",
    "전일거래량": "64,995",
    "시가": "6,860",
    "고가": "6,860",
    "저가": "6,680",
    "매수호가": "6,750",
    "매도호가": "6,760",
    "매수총잔량": "6,763",
    "매도총잔량": "9,266",
    "상장주식수": "15,000",
    "시가총액": "1,012",
    "매출액": "993",
    "자산총계": "1,385",
    "부채총계": "315",
    "영업이익": "59",
    "당기순이익": "49",
    "주당순이익": "282",
    "보통주배당금": "140",
    "매출액증가율": "-1.82",
    "영업이익증가율": "-3.56",
    "외국인비율": "0.90",
    "PER": "23.94",
    "ROE": "4.61",
    "ROA": "3.66",
    "PBR": "0.94",
    "유보율": "1,320.3",
    "code": "006140"
}