{
    "N": "928",
    "종목명": "대양제지",
    "현재가": "3,210",
    "상태": "하락",
    "전일비": "65",
    "등락률": "-1.98%",
    "액면가": "500",
    "거래량": "238,190",
    "거래대금": "772",
    "전일거래량": "316,031",
    "시가": "3,280",
    "고가": "3,305",
    "저가": "3,205",
    "매수호가": "3,210",
    "매도호가": "3,220",
    "매수총잔량": "20,332",
    "매도총잔량": "7,226",
    "상장주식수": "26,850",
    "시가총액": "862",
    "매출액": "2,594",
    "자산총계": "2,321",
    "부채총계": "849",
    "영업이익": "327",
    "당기순이익": "257",
    "주당순이익": "675",
    "보통주배당금": "40",
    "매출액증가율": "-7.92",
    "영업이익증가율": "-21.37",
    "외국인비율": "0.97",
    "PER": "4.76",
    "ROE": "19.02",
    "ROA": "11.35",
    "PBR": "0.46",
    "유보율": "938.9",
    "code": "006580"
}