{
    "N": "367",
    "종목명": "동구바이오제약",
    "현재가": "26,400",
    "상태": "상승",
    "전일비": "1,100",
    "등락률": "+4.35%",
    "액면가": "500",
    "거래량": "302,183",
    "거래대금": "7,863",
    "전일거래량": "144,134",
    "시가": "25,500",
    "고가": "26,600",
    "저가": "25,200",
    "매수호가": "26,350",
    "매도호가": "26,400",
    "매수총잔량": "18,453",
    "매도총잔량": "18,594",
    "상장주식수": "9,604",
    "시가총액": "2,535",
    "매출액": "1,252",
    "자산총계": "1,327",
    "부채총계": "471",
    "영업이익": "65",
    "당기순이익": "151",
    "주당순이익": "2,194",
    "보통주배당금": "100",
    "매출액증가율": "19.46",
    "영업이익증가율": "13.80",
    "외국인비율": "0.48",
    "PER": "12.03",
    "ROE": "19.15",
    "ROA": "12.74",
    "PBR": "2.65",
    "유보율": "1,740.3",
    "code": "006620"
}