{
    "N": "186",
    "종목명": "서부T&D",
    "현재가": "7,790",
    "상태": "상승",
    "전일비": "230",
    "등락률": "+3.04%",
    "액면가": "500",
    "거래량": "816,060",
    "거래대금": "6,336",
    "전일거래량": "412,311",
    "시가": "7,570",
    "고가": "8,010",
    "저가": "7,490",
    "매수호가": "7,780",
    "매도호가": "7,790",
    "매수총잔량": "18,528",
    "매도총잔량": "16,355",
    "상장주식수": "58,140",
    "시가총액": "4,529",
    "매출액": "1,279",
    "자산총계": "18,112",
    "부채총계": "11,388",
    "영업이익": "144",
    "당기순이익": "0",
    "주당순이익": "-234",
    "보통주배당금": "23",
    "매출액증가율": "18.35",
    "영업이익증가율": "93,741.16",
    "외국인비율": "13.30",
    "PER": "-33.29",
    "ROE": "0.01",
    "ROA": "0.00",
    "PBR": "0.70",
    "유보율": "2,039.6",
    "code": "006730"
}