{
    "N": "881",
    "종목명": "보성파워텍",
    "현재가": "1,990",
    "상태": "하락",
    "전일비": "20",
    "등락률": "-1.00%",
    "액면가": "500",
    "거래량": "513,186",
    "거래대금": "1,024",
    "전일거래량": "730,173",
    "시가": "2,015",
    "고가": "2,025",
    "저가": "1,975",
    "매수호가": "1,985",
    "매도호가": "1,990",
    "매수총잔량": "102,504",
    "매도총잔량": "110,979",
    "상장주식수": "46,073",
    "시가총액": "917",
    "매출액": "1,117",
    "자산총계": "1,256",
    "부채총계": "457",
    "영업이익": "-11",
    "당기순이익": "8",
    "주당순이익": "26",
    "보통주배당금": "N/A",
    "매출액증가율": "5.62",
    "영업이익증가율": "19.85",
    "외국인비율": "1.35",
    "PER": "76.54",
    "ROE": "1.06",
    "ROA": "0.67",
    "PBR": "1.12",
    "유보율": "249.9",
    "code": "006910"
}