{
    "N": "1203",
    "종목명": "모헨즈",
    "현재가": "4,790",
    "상태": "하락",
    "전일비": "55",
    "등락률": "-1.14%",
    "액면가": "500",
    "거래량": "143,225",
    "거래대금": "687",
    "전일거래량": "197,488",
    "시가": "4,820",
    "고가": "4,845",
    "저가": "4,780",
    "매수호가": "4,790",
    "매도호가": "4,795",
    "매수총잔량": "25,471",
    "매도총잔량": "15,259",
    "상장주식수": "10,920",
    "시가총액": "523",
    "매출액": "857",
    "자산총계": "581",
    "부채총계": "289",
    "영업이익": "7",
    "당기순이익": "6",
    "주당순이익": "20",
    "보통주배당금": "N/A",
    "매출액증가율": "-19.86",
    "영업이익증가율": "-56.04",
    "외국인비율": "0.72",
    "PER": "239.50",
    "ROE": "2.44",
    "ROA": "1.02",
    "PBR": "2.33",
    "유보율": "306.9",
    "code": "006920"
}