{
    "N": "111",
    "종목명": "네이처셀",
    "현재가": "10,450",
    "상태": "상승",
    "전일비": "150",
    "등락률": "+1.46%",
    "액면가": "500",
    "거래량": "1,547,780",
    "거래대금": "16,207",
    "전일거래량": "1,252,153",
    "시가": "10,350",
    "고가": "10,700",
    "저가": "10,150",
    "매수호가": "10,400",
    "매도호가": "10,450",
    "매수총잔량": "135,268",
    "매도총잔량": "229,046",
    "상장주식수": "61,190",
    "시가총액": "6,394",
    "매출액": "231",
    "자산총계": "931",
    "부채총계": "112",
    "영업이익": "18",
    "당기순이익": "9",
    "주당순이익": "-98",
    "보통주배당금": "N/A",
    "매출액증가율": "-13.64",
    "영업이익증가율": "43.47",
    "외국인비율": "5.87",
    "PER": "-106.63",
    "ROE": "1.44",
    "ROA": "1.24",
    "PBR": "8.60",
    "유보율": "153.8",
    "code": "007390"
}