{
    "N": "940",
    "종목명": "진양제약",
    "현재가": "7,070",
    "상태": "상승",
    "전일비": "230",
    "등락률": "+3.36%",
    "액면가": "500",
    "거래량": "272,906",
    "거래대금": "1,903",
    "전일거래량": "206,084",
    "시가": "6,870",
    "고가": "7,090",
    "저가": "6,770",
    "매수호가": "7,070",
    "매도호가": "7,080",
    "매수총잔량": "21,306",
    "매도총잔량": "19,991",
    "상장주식수": "12,000",
    "시가총액": "848",
    "매출액": "474",
    "자산총계": "683",
    "부채총계": "246",
    "영업이익": "-2",
    "당기순이익": "16",
    "주당순이익": "205",
    "보통주배당금": "100",
    "매출액증가율": "1.04",
    "영업이익증가율": "-114.76",
    "외국인비율": "1.08",
    "PER": "34.49",
    "ROE": "3.84",
    "ROA": "2.38",
    "PBR": "1.75",
    "유보율": "671.1",
    "code": "007370"
}