{
    "N": "704",
    "종목명": "푸른저축은행",
    "현재가": "8,250",
    "상태": "하락",
    "전일비": "120",
    "등락률": "-1.43%",
    "액면가": "1,000",
    "거래량": "19,011",
    "거래대금": "157",
    "전일거래량": "25,215",
    "시가": "8,340",
    "고가": "8,340",
    "저가": "8,160",
    "매수호가": "8,230",
    "매도호가": "8,250",
    "매수총잔량": "7,773",
    "매도총잔량": "5,209",
    "상장주식수": "15,083",
    "시가총액": "1,244",
    "매출액": "698",
    "자산총계": "9,954",
    "부채총계": "7,300",
    "영업이익": "321",
    "당기순이익": "246",
    "주당순이익": "1,703",
    "보통주배당금": "550",
    "매출액증가율": "0.82",
    "영업이익증가율": "9.82",
    "외국인비율": "2.85",
    "PER": "4.84",
    "ROE": "9.59",
    "ROA": "2.41",
    "PBR": "0.36",
    "유보율": "1,708.9",
    "code": "007330"
}