{
    "N": "1249",
    "종목명": "영신금속",
    "현재가": "3,630",
    "상태": "하락",
    "전일비": "135",
    "등락률": "-3.59%",
    "액면가": "500",
    "거래량": "160,052",
    "거래대금": "583",
    "전일거래량": "119,567",
    "시가": "3,765",
    "고가": "3,765",
    "저가": "3,590",
    "매수호가": "3,630",
    "매도호가": "3,640",
    "매수총잔량": "15,853",
    "매도총잔량": "16,605",
    "상장주식수": "12,833",
    "시가총액": "466",
    "매출액": "1,198",
    "자산총계": "1,331",
    "부채총계": "912",
    "영업이익": "64",
    "당기순이익": "58",
    "주당순이익": "-218",
    "보통주배당금": "N/A",
    "매출액증가율": "1.96",
    "영업이익증가율": "133.93",
    "외국인비율": "3.18",
    "PER": "-16.65",
    "ROE": "14.69",
    "ROA": "4.31",
    "PBR": "1.19",
    "유보율": "565.3",
    "code": "007530"
}