{
    "N": "745",
    "종목명": "대원",
    "현재가": "9,730",
    "상태": "상승",
    "전일비": "80",
    "등락률": "+0.83%",
    "액면가": "500",
    "거래량": "61,563",
    "거래대금": "596",
    "전일거래량": "183,432",
    "시가": "9,660",
    "고가": "9,780",
    "저가": "9,560",
    "매수호가": "9,680",
    "매도호가": "9,730",
    "매수총잔량": "6,642",
    "매도총잔량": "3,852",
    "상장주식수": "11,956",
    "시가총액": "1,163",
    "매출액": "2,486",
    "자산총계": "5,187",
    "부채총계": "2,185",
    "영업이익": "125",
    "당기순이익": "93",
    "주당순이익": "502",
    "보통주배당금": "250",
    "매출액증가율": "-25.36",
    "영업이익증가율": "-56.40",
    "외국인비율": "0.09",
    "PER": "19.38",
    "ROE": "3.38",
    "ROA": "1.92",
    "PBR": "0.39",
    "유보율": "5,039.1",
    "code": "007680"
}