{
    "N": "703",
    "종목명": "대명소노시즌",
    "현재가": "1,235",
    "상태": "하락",
    "전일비": "15",
    "등락률": "-1.20%",
    "액면가": "500",
    "거래량": "1,165,161",
    "거래대금": "1,434",
    "전일거래량": "1,005,795",
    "시가": "1,250",
    "고가": "1,260",
    "저가": "1,210",
    "매수호가": "1,235",
    "매도호가": "1,240",
    "매수총잔량": "178,026",
    "매도총잔량": "216,333",
    "상장주식수": "100,800",
    "시가총액": "1,245",
    "매출액": "2,186",
    "자산총계": "2,437",
    "부채총계": "780",
    "영업이익": "39",
    "당기순이익": "633",
    "주당순이익": "-55",
    "보통주배당금": "N/A",
    "매출액증가율": "1.59",
    "영업이익증가율": "-20.29",
    "외국인비율": "0.94",
    "PER": "-22.45",
    "ROE": "47.52",
    "ROA": "19.30",
    "PBR": "0.76",
    "유보율": "230.6",
    "code": "007720"
}