{
    "N": "617",
    "종목명": "에스엠코어",
    "현재가": "7,280",
    "상태": "하락",
    "전일비": "110",
    "등락률": "-1.49%",
    "액면가": "500",
    "거래량": "221,504",
    "거래대금": "1,625",
    "전일거래량": "220,338",
    "시가": "7,470",
    "고가": "7,510",
    "저가": "7,250",
    "매수호가": "7,280",
    "매도호가": "7,320",
    "매수총잔량": "13,610",
    "매도총잔량": "16,723",
    "상장주식수": "20,034",
    "시가총액": "1,458",
    "매출액": "1,281",
    "자산총계": "1,068",
    "부채총계": "283",
    "영업이익": "51",
    "당기순이익": "46",
    "주당순이익": "-44",
    "보통주배당금": "70",
    "매출액증가율": "37.01",
    "영업이익증가율": "2,125.35",
    "외국인비율": "2.54",
    "PER": "-165.45",
    "ROE": "5.96",
    "ROA": "4.33",
    "PBR": "2.06",
    "유보율": "686.4",
    "code": "007820"
}