{
    "N": "829",
    "종목명": "원풍물산",
    "현재가": "2,450",
    "상태": "상승",
    "전일비": "40",
    "등락률": "+1.66%",
    "액면가": "500",
    "거래량": "145,004",
    "거래대금": "352",
    "전일거래량": "113,878",
    "시가": "2,405",
    "고가": "2,465",
    "저가": "2,370",
    "매수호가": "2,450",
    "매도호가": "2,460",
    "매수총잔량": "41,378",
    "매도총잔량": "22,554",
    "상장주식수": "40,694",
    "시가총액": "997",
    "매출액": "408",
    "자산총계": "640",
    "부채총계": "185",
    "영업이익": "-13",
    "당기순이익": "-55",
    "주당순이익": "-127",
    "보통주배당금": "N/A",
    "매출액증가율": "-4.49",
    "영업이익증가율": "-202.63",
    "외국인비율": "2.69",
    "PER": "-19.29",
    "ROE": "-15.58",
    "ROA": "-9.85",
    "PBR": "2.22",
    "유보율": "34.5",
    "code": "008290"
}