{
    "N": "1241",
    "종목명": "부스타",
    "현재가": "5,690",
    "상태": "상승",
    "전일비": "130",
    "등락률": "+2.34%",
    "액면가": "500",
    "거래량": "403,446",
    "거래대금": "2,322",
    "전일거래량": "163,636",
    "시가": "5,610",
    "고가": "6,000",
    "저가": "5,560",
    "매수호가": "5,690",
    "매도호가": "5,700",
    "매수총잔량": "13,615",
    "매도총잔량": "16,631",
    "상장주식수": "8,405",
    "시가총액": "478",
    "매출액": "965",
    "자산총계": "942",
    "부채총계": "205",
    "영업이익": "33",
    "당기순이익": "35",
    "주당순이익": "569",
    "보통주배당금": "90",
    "매출액증가율": "17.82",
    "영업이익증가율": "63.47",
    "외국인비율": "2.25",
    "PER": "10.00",
    "ROE": "4.83",
    "ROA": "3.88",
    "PBR": "0.62",
    "유보율": "1,663.1",
    "code": "008470"
}