{
    "N": "979",
    "종목명": "행남사",
    "현재가": "1,770",
    "전일비": "0",
    "등락률": "0.00%",
    "액면가": "500",
    "거래량": "0",
    "거래대금": "0",
    "전일거래량": "0",
    "시가": "0",
    "고가": "0",
    "저가": "0",
    "매수호가": "0",
    "매도호가": "0",
    "매수총잔량": "0",
    "매도총잔량": "0",
    "상장주식수": "45,628",
    "시가총액": "808",
    "매출액": "77",
    "자산총계": "442",
    "부채총계": "135",
    "영업이익": "-45",
    "당기순이익": "-361",
    "주당순이익": "28",
    "보통주배당금": "N/A",
    "매출액증가율": "-11.38",
    "영업이익증가율": "70.87",
    "외국인비율": "0.06",
    "PER": "63.21",
    "ROE": "-81.00",
    "ROA": "-48.00",
    "PBR": "2.84",
    "유보율": "21.5",
    "code": "008800"
}