{
    "N": "1354",
    "종목명": "대동기어",
    "현재가": "3,525",
    "상태": "하락",
    "전일비": "220",
    "등락률": "-5.87%",
    "액면가": "500",
    "거래량": "84,912",
    "거래대금": "309",
    "전일거래량": "106,777",
    "시가": "3,745",
    "고가": "3,755",
    "저가": "3,505",
    "매수호가": "3,520",
    "매도호가": "3,525",
    "매수총잔량": "1,654",
    "매도총잔량": "4,029",
    "상장주식수": "8,988",
    "시가총액": "317",
    "매출액": "1,431",
    "자산총계": "1,828",
    "부채총계": "1,255",
    "영업이익": "32",
    "당기순이익": "-6",
    "주당순이익": "62",
    "보통주배당금": "25",
    "매출액증가율": "8.40",
    "영업이익증가율": "5.14",
    "외국인비율": "0.02",
    "PER": "56.85",
    "ROE": "-0.96",
    "ROA": "-0.31",
    "PBR": "0.50",
    "유보율": "899.2",
    "code": "008830"
}