{
    "N": "776",
    "종목명": "삼아제약",
    "현재가": "17,250",
    "상태": "상승",
    "전일비": "250",
    "등락률": "+1.47%",
    "액면가": "1,000",
    "거래량": "39,834",
    "거래대금": "680",
    "전일거래량": "29,189",
    "시가": "17,000",
    "고가": "17,400",
    "저가": "16,700",
    "매수호가": "17,250",
    "매도호가": "17,300",
    "매수총잔량": "6,767",
    "매도총잔량": "7,009",
    "상장주식수": "6,370",
    "시가총액": "1,099",
    "매출액": "716",
    "자산총계": "1,908",
    "부채총계": "226",
    "영업이익": "104",
    "당기순이익": "102",
    "주당순이익": "532",
    "보통주배당금": "300",
    "매출액증가율": "N/A",
    "영업이익증가율": "N/A",
    "외국인비율": "0.90",
    "PER": "32.42",
    "ROE": "N/A",
    "ROA": "N/A",
    "PBR": "0.63",
    "유보율": "2,572.2",
    "code": "009300"
}