{
    "N": "441",
    "종목명": "포스코엠텍",
    "현재가": "4,885",
    "상태": "상승",
    "전일비": "10",
    "등락률": "+0.21%",
    "액면가": "500",
    "거래량": "1,158,685",
    "거래대금": "5,652",
    "전일거래량": "1,755,442",
    "시가": "4,880",
    "고가": "4,935",
    "저가": "4,760",
    "매수호가": "4,880",
    "매도호가": "4,885",
    "매수총잔량": "17,357",
    "매도총잔량": "54,962",
    "상장주식수": "41,643",
    "시가총액": "2,034",
    "매출액": "2,887",
    "자산총계": "1,290",
    "부채총계": "391",
    "영업이익": "131",
    "당기순이익": "106",
    "주당순이익": "233",
    "보통주배당금": "80",
    "매출액증가율": "-4.08",
    "영업이익증가율": "-31.23",
    "외국인비율": "1.46",
    "PER": "20.97",
    "ROE": "11.87",
    "ROA": "8.40",
    "PBR": "2.13",
    "유보율": "332.3",
    "code": "009520"
}