{
    "N": "1003",
    "종목명": "삼보산업",
    "현재가": "2,020",
    "상태": "상승",
    "전일비": "5",
    "등락률": "+0.25%",
    "액면가": "100",
    "거래량": "1,174,096",
    "거래대금": "2,351",
    "전일거래량": "1,187,814",
    "시가": "1,975",
    "고가": "2,035",
    "저가": "1,975",
    "매수호가": "2,015",
    "매도호가": "2,020",
    "매수총잔량": "116,256",
    "매도총잔량": "73,801",
    "상장주식수": "38,092",
    "시가총액": "769",
    "매출액": "3,199",
    "자산총계": "3,005",
    "부채총계": "2,476",
    "영업이익": "75",
    "당기순이익": "-38",
    "주당순이익": "-44",
    "보통주배당금": "N/A",
    "매출액증가율": "12.45",
    "영업이익증가율": "77.89",
    "외국인비율": "1.51",
    "PER": "-45.91",
    "ROE": "-28.77",
    "ROA": "-1.27",
    "PBR": "3.22",
    "유보율": "455.4",
    "code": "009620"
}