{
    "N": "1372",
    "종목명": "코센",
    "현재가": "905",
    "전일비": "0",
    "등락률": "0.00%",
    "액면가": "500",
    "거래량": "0",
    "거래대금": "0",
    "전일거래량": "0",
    "시가": "0",
    "고가": "0",
    "저가": "0",
    "매수호가": "0",
    "매도호가": "0",
    "매수총잔량": "0",
    "매도총잔량": "0",
    "상장주식수": "29,170",
    "시가총액": "264",
    "매출액": "583",
    "자산총계": "842",
    "부채총계": "810",
    "영업이익": "-37",
    "당기순이익": "-568",
    "주당순이익": "-3,671",
    "보통주배당금": "0",
    "매출액증가율": "6.58",
    "영업이익증가율": "-961.18",
    "외국인비율": "0.96",
    "PER": "-0.25",
    "ROE": "-447.99",
    "ROA": "-81.25",
    "PBR": "1.06",
    "유보율": "-87.9",
    "code": "009730"
}