{
    "N": "918",
    "종목명": "엠에스씨",
    "현재가": "4,960",
    "상태": "하락",
    "전일비": "5",
    "등락률": "-0.10%",
    "액면가": "500",
    "거래량": "48,476",
    "거래대금": "240",
    "전일거래량": "50,282",
    "시가": "4,980",
    "고가": "5,000",
    "저가": "4,930",
    "매수호가": "4,960",
    "매도호가": "4,965",
    "매수총잔량": "15,797",
    "매도총잔량": "7,269",
    "상장주식수": "17,600",
    "시가총액": "873",
    "매출액": "1,492",
    "자산총계": "1,582",
    "부채총계": "679",
    "영업이익": "147",
    "당기순이익": "118",
    "주당순이익": "650",
    "보통주배당금": "60",
    "매출액증가율": "3.20",
    "영업이익증가율": "8.86",
    "외국인비율": "0.61",
    "PER": "7.63",
    "ROE": "13.76",
    "ROA": "7.68",
    "PBR": "0.88",
    "유보율": "916.8",
    "code": "009780"
}