{
    "N": "310",
    "종목명": "대한광통신",
    "현재가": "4,050",
    "상태": "상승",
    "전일비": "80",
    "등락률": "+2.02%",
    "액면가": "500",
    "거래량": "14,798,538",
    "거래대금": "60,544",
    "전일거래량": "1,688,546",
    "시가": "4,010",
    "고가": "4,210",
    "저가": "3,915",
    "매수호가": "4,050",
    "매도호가": "4,055",
    "매수총잔량": "174,835",
    "매도총잔량": "74,033",
    "상장주식수": "73,742",
    "시가총액": "2,987",
    "매출액": "1,543",
    "자산총계": "2,897",
    "부채총계": "1,103",
    "영업이익": "-96",
    "당기순이익": "-117",
    "주당순이익": "-330",
    "보통주배당금": "N/A",
    "매출액증가율": "-7.69",
    "영업이익증가율": "-162.16",
    "외국인비율": "1.80",
    "PER": "-12.27",
    "ROE": "-6.32",
    "ROA": "-3.86",
    "PBR": "1.84",
    "유보율": "386.5",
    "code": "010170"
}