{
    "N": "1059",
    "종목명": "흥국",
    "현재가": "5,700",
    "상태": "하락",
    "전일비": "100",
    "등락률": "-1.72%",
    "액면가": "500",
    "거래량": "90,979",
    "거래대금": "518",
    "전일거래량": "95,928",
    "시가": "5,800",
    "고가": "5,840",
    "저가": "5,620",
    "매수호가": "5,690",
    "매도호가": "5,700",
    "매수총잔량": "17,042",
    "매도총잔량": "8,635",
    "상장주식수": "12,323",
    "시가총액": "702",
    "매출액": "1,045",
    "자산총계": "924",
    "부채총계": "249",
    "영업이익": "89",
    "당기순이익": "70",
    "주당순이익": "845",
    "보통주배당금": "150",
    "매출액증가율": "-11.47",
    "영업이익증가율": "-20.22",
    "외국인비율": "5.30",
    "PER": "6.75",
    "ROE": "10.85",
    "ROA": "7.75",
    "PBR": "0.91",
    "유보율": "1,004.4",
    "code": "010240"
}