{
    "N": "1140",
    "종목명": "쌍용정보통신",
    "현재가": "1,495",
    "상태": "상승",
    "전일비": "50",
    "등락률": "+3.46%",
    "액면가": "1,000",
    "거래량": "10,452,634",
    "거래대금": "16,699",
    "전일거래량": "865,951",
    "시가": "1,715",
    "고가": "1,715",
    "저가": "1,485",
    "매수호가": "1,490",
    "매도호가": "1,495",
    "매수총잔량": "430,661",
    "매도총잔량": "114,287",
    "상장주식수": "40,464",
    "시가총액": "605",
    "매출액": "1,083",
    "자산총계": "824",
    "부채총계": "381",
    "영업이익": "5",
    "당기순이익": "13",
    "주당순이익": "52",
    "보통주배당금": "N/A",
    "매출액증가율": "-12.21",
    "영업이익증가율": "-84.19",
    "외국인비율": "0.13",
    "PER": "28.75",
    "ROE": "2.96",
    "ROA": "1.62",
    "PBR": "1.35",
    "유보율": "9.5",
    "code": "010280"
}