{
    "N": "1115",
    "종목명": "오리콤",
    "현재가": "5,370",
    "상태": "상승",
    "전일비": "90",
    "등락률": "+1.70%",
    "액면가": "1,000",
    "거래량": "125,470",
    "거래대금": "674",
    "전일거래량": "112,023",
    "시가": "5,430",
    "고가": "5,460",
    "저가": "5,300",
    "매수호가": "5,350",
    "매도호가": "5,370",
    "매수총잔량": "14,263",
    "매도총잔량": "8,819",
    "상장주식수": "11,845",
    "시가총액": "636",
    "매출액": "1,985",
    "자산총계": "1,956",
    "부채총계": "1,128",
    "영업이익": "80",
    "당기순이익": "59",
    "주당순이익": "171",
    "보통주배당금": "220",
    "매출액증가율": "8.64",
    "영업이익증가율": "-25.88",
    "외국인비율": "1.61",
    "PER": "31.40",
    "ROE": "7.36",
    "ROA": "2.96",
    "PBR": "0.77",
    "유보율": "475.0",
    "code": "010470"
}