{
    "N": "256",
    "종목명": "경동제약",
    "현재가": "11,100",
    "상태": "상승",
    "전일비": "450",
    "등락률": "+4.23%",
    "액면가": "500",
    "거래량": "517,200",
    "거래대금": "5,695",
    "전일거래량": "344,204",
    "시가": "10,750",
    "고가": "11,300",
    "저가": "10,700",
    "매수호가": "11,050",
    "매도호가": "11,100",
    "매수총잔량": "58,114",
    "매도총잔량": "67,989",
    "상장주식수": "30,769",
    "시가총액": "3,415",
    "매출액": "1,765",
    "자산총계": "2,876",
    "부채총계": "527",
    "영업이익": "246",
    "당기순이익": "228",
    "주당순이익": "486",
    "보통주배당금": "400",
    "매출액증가율": "-1.57",
    "영업이익증가율": "20.48",
    "외국인비율": "7.64",
    "PER": "22.84",
    "ROE": "9.18",
    "ROA": "8.37",
    "PBR": "1.17",
    "유보율": "1,704.3",
    "code": "011040"
}