{
    "N": "1211",
    "종목명": "형지I&C",
    "현재가": "1,325",
    "상태": "상승",
    "전일비": "105",
    "등락률": "+8.61%",
    "액면가": "500",
    "거래량": "9,743,896",
    "거래대금": "12,915",
    "전일거래량": "743,728",
    "시가": "1,225",
    "고가": "1,425",
    "저가": "1,210",
    "매수호가": "1,325",
    "매도호가": "1,330",
    "매수총잔량": "117,588",
    "매도총잔량": "135,250",
    "상장주식수": "38,956",
    "시가총액": "516",
    "매출액": "1,021",
    "자산총계": "637",
    "부채총계": "411",
    "영업이익": "5",
    "당기순이익": "-1",
    "주당순이익": "-60",
    "보통주배당금": "N/A",
    "매출액증가율": "N/A",
    "영업이익증가율": "N/A",
    "외국인비율": "1.20",
    "PER": "-22.08",
    "ROE": "N/A",
    "ROA": "N/A",
    "PBR": "2.97",
    "유보율": "5.9",
    "code": "011080"
}