{
    "N": "560",
    "종목명": "서한",
    "현재가": "1,610",
    "상태": "상승",
    "전일비": "45",
    "등락률": "+2.88%",
    "액면가": "500",
    "거래량": "3,316,098",
    "거래대금": "5,296",
    "전일거래량": "2,997,082",
    "시가": "1,575",
    "고가": "1,630",
    "저가": "1,555",
    "매수호가": "1,605",
    "매도호가": "1,610",
    "매수총잔량": "155,585",
    "매도총잔량": "429,396",
    "상장주식수": "100,895",
    "시가총액": "1,624",
    "매출액": "5,481",
    "자산총계": "4,694",
    "부채총계": "1,673",
    "영업이익": "240",
    "당기순이익": "98",
    "주당순이익": "185",
    "보통주배당금": "30",
    "매출액증가율": "-14.39",
    "영업이익증가율": "-63.14",
    "외국인비율": "6.33",
    "PER": "8.70",
    "ROE": "3.28",
    "ROA": "2.09",
    "PBR": "0.52",
    "유보율": "519.5",
    "code": "011370"
}