{
    "N": "523",
    "종목명": "유니크",
    "현재가": "9,080",
    "상태": "하락",
    "전일비": "220",
    "등락률": "-2.37%",
    "액면가": "500",
    "거래량": "803,073",
    "거래대금": "7,349",
    "전일거래량": "2,042,605",
    "시가": "9,390",
    "고가": "9,390",
    "저가": "9,060",
    "매수호가": "9,080",
    "매도호가": "9,090",
    "매수총잔량": "41,556",
    "매도총잔량": "19,208",
    "상장주식수": "19,321",
    "시가총액": "1,754",
    "매출액": "2,249",
    "자산총계": "2,118",
    "부채총계": "1,116",
    "영업이익": "31",
    "당기순이익": "42",
    "주당순이익": "0",
    "보통주배당금": "12",
    "매출액증가율": "5.55",
    "영업이익증가율": "20,847.19",
    "외국인비율": "1.38",
    "PER": "N/A",
    "ROE": "4.39",
    "ROA": "2.05",
    "PBR": "1.77",
    "유보율": "937.6",
    "code": "011320"
}