{
    "N": "1113",
    "종목명": "세보엠이씨",
    "현재가": "6,050",
    "상태": "상승",
    "전일비": "30",
    "등락률": "+0.50%",
    "액면가": "500",
    "거래량": "32,507",
    "거래대금": "196",
    "전일거래량": "30,433",
    "시가": "6,020",
    "고가": "6,050",
    "저가": "5,990",
    "매수호가": "6,020",
    "매도호가": "6,050",
    "매수총잔량": "6,507",
    "매도총잔량": "4,509",
    "상장주식수": "10,530",
    "시가총액": "637",
    "매출액": "6,157",
    "자산총계": "2,891",
    "부채총계": "1,407",
    "영업이익": "-89",
    "당기순이익": "-76",
    "주당순이익": "-1,026",
    "보통주배당금": "150",
    "매출액증가율": "29.94",
    "영업이익증가율": "-131.98",
    "외국인비율": "4.94",
    "PER": "-5.90",
    "ROE": "-5.21",
    "ROA": "-2.83",
    "PBR": "0.39",
    "유보율": "2,715.9",
    "code": "011560"
}