{
    "N": "886",
    "종목명": "뉴인텍",
    "현재가": "3,040",
    "상태": "하락",
    "전일비": "60",
    "등락률": "-1.94%",
    "액면가": "500",
    "거래량": "1,013,542",
    "거래대금": "3,127",
    "전일거래량": "1,460,882",
    "시가": "3,170",
    "고가": "3,180",
    "저가": "3,035",
    "매수호가": "3,040",
    "매도호가": "3,045",
    "매수총잔량": "75,251",
    "매도총잔량": "32,676",
    "상장주식수": "30,045",
    "시가총액": "913",
    "매출액": "544",
    "자산총계": "498",
    "부채총계": "228",
    "영업이익": "3",
    "당기순이익": "-11",
    "주당순이익": "-20",
    "보통주배당금": "N/A",
    "매출액증가율": "8.67",
    "영업이익증가율": "109.14",
    "외국인비율": "1.23",
    "PER": "-152.00",
    "ROE": "-5.33",
    "ROA": "-2.39",
    "PBR": "3.33",
    "유보율": "82.2",
    "code": "012340"
}