{
    "N": "1310",
    "종목명": "원일특강",
    "현재가": "8,900",
    "상태": "상승",
    "전일비": "30",
    "등락률": "+0.34%",
    "액면가": "500",
    "거래량": "32,637",
    "거래대금": "290",
    "전일거래량": "31,606",
    "시가": "8,870",
    "고가": "8,970",
    "저가": "8,850",
    "매수호가": "8,900",
    "매도호가": "8,910",
    "매수총잔량": "7,524",
    "매도총잔량": "2,374",
    "상장주식수": "4,400",
    "시가총액": "392",
    "매출액": "2,558",
    "자산총계": "2,240",
    "부채총계": "1,060",
    "영업이익": "92",
    "당기순이익": "99",
    "주당순이익": "1,984",
    "보통주배당금": "150",
    "매출액증가율": "-0.02",
    "영업이익증가율": "-3.31",
    "외국인비율": "1.44",
    "PER": "4.49",
    "ROE": "8.77",
    "ROA": "4.66",
    "PBR": "0.32",
    "유보율": "5,269.0",
    "code": "012620"
}