{
    "N": "366",
    "종목명": "신일제약",
    "현재가": "23,300",
    "상태": "상승",
    "전일비": "600",
    "등락률": "+2.64%",
    "액면가": "500",
    "거래량": "272,703",
    "거래대금": "6,312",
    "전일거래량": "268,564",
    "시가": "22,800",
    "고가": "23,500",
    "저가": "22,750",
    "매수호가": "23,300",
    "매도호가": "23,350",
    "매수총잔량": "15,257",
    "매도총잔량": "24,495",
    "상장주식수": "10,902",
    "시가총액": "2,540",
    "매출액": "606",
    "자산총계": "1,178",
    "부채총계": "166",
    "영업이익": "94",
    "당기순이익": "73",
    "주당순이익": "745",
    "보통주배당금": "106",
    "매출액증가율": "13.84",
    "영업이익증가율": "56.35",
    "외국인비율": "0.61",
    "PER": "31.28",
    "ROE": "7.39",
    "ROA": "6.47",
    "PBR": "2.37",
    "유보율": "2,488.6",
    "code": "012790"
}