{
    "N": "506",
    "종목명": "리드코프",
    "현재가": "6,860",
    "상태": "상승",
    "전일비": "20",
    "등락률": "+0.29%",
    "액면가": "500",
    "거래량": "128,509",
    "거래대금": "884",
    "전일거래량": "137,774",
    "시가": "6,840",
    "고가": "6,980",
    "저가": "6,800",
    "매수호가": "6,850",
    "매도호가": "6,860",
    "매수총잔량": "19,037",
    "매도총잔량": "22,521",
    "상장주식수": "26,446",
    "시가총액": "1,814",
    "매출액": "4,954",
    "자산총계": "10,367",
    "부채총계": "6,684",
    "영업이익": "539",
    "당기순이익": "406",
    "주당순이익": "1,617",
    "보통주배당금": "150",
    "매출액증가율": "6.85",
    "영업이익증가율": "12.37",
    "외국인비율": "9.23",
    "PER": "4.24",
    "ROE": "11.57",
    "ROA": "3.73",
    "PBR": "0.44",
    "유보율": "2,569.2",
    "code": "012700"
}