{
    "N": "614",
    "종목명": "모베이스전자",
    "현재가": "2,695",
    "상태": "상승",
    "전일비": "275",
    "등락률": "+11.36%",
    "액면가": "500",
    "거래량": "18,519,433",
    "거래대금": "49,666",
    "전일거래량": "3,836,745",
    "시가": "2,500",
    "고가": "2,970",
    "저가": "2,420",
    "매수호가": "2,695",
    "매도호가": "2,700",
    "매수총잔량": "94,271",
    "매도총잔량": "81,082",
    "상장주식수": "54,477",
    "시가총액": "1,468",
    "매출액": "7,717",
    "자산총계": "6,739",
    "부채총계": "5,125",
    "영업이익": "109",
    "당기순이익": "-99",
    "주당순이익": "-215",
    "보통주배당금": "0",
    "매출액증가율": "7.48",
    "영업이익증가율": "550.87",
    "외국인비율": "0.10",
    "PER": "-12.53",
    "ROE": "-8.51",
    "ROA": "-1.52",
    "PBR": "0.97",
    "유보율": "734.5",
    "code": "012860"
}