{
    "N": "495",
    "종목명": "하이록코리아",
    "현재가": "13,600",
    "상태": "하락",
    "전일비": "500",
    "등락률": "-3.55%",
    "액면가": "500",
    "거래량": "156,582",
    "거래대금": "2,155",
    "전일거래량": "485,617",
    "시가": "14,100",
    "고가": "14,150",
    "저가": "13,550",
    "매수호가": "13,600",
    "매도호가": "13,650",
    "매수총잔량": "27,207",
    "매도총잔량": "22,280",
    "상장주식수": "13,613",
    "시가총액": "1,851",
    "매출액": "1,421",
    "자산총계": "3,813",
    "부채총계": "323",
    "영업이익": "149",
    "당기순이익": "136",
    "주당순이익": "707",
    "보통주배당금": "500",
    "매출액증가율": "14.36",
    "영업이익증가율": "37.56",
    "외국인비율": "18.68",
    "PER": "19.24",
    "ROE": "3.81",
    "ROA": "3.61",
    "PBR": "0.54",
    "유보율": "4,921.1",
    "code": "013030"
}