{
    "N": "172",
    "종목명": "동원개발",
    "현재가": "5,210",
    "상태": "하락",
    "전일비": "30",
    "등락률": "-0.57%",
    "액면가": "500",
    "거래량": "485,721",
    "거래대금": "2,553",
    "전일거래량": "390,399",
    "시가": "5,280",
    "고가": "5,410",
    "저가": "5,160",
    "매수호가": "5,210",
    "매도호가": "5,230",
    "매수총잔량": "54,797",
    "매도총잔량": "22,396",
    "상장주식수": "90,808",
    "시가총액": "4,731",
    "매출액": "6,426",
    "자산총계": "9,298",
    "부채총계": "1,587",
    "영업이익": "1,061",
    "당기순이익": "847",
    "주당순이익": "1,240",
    "보통주배당금": "170",
    "매출액증가율": "5.71",
    "영업이익증가율": "-33.71",
    "외국인비율": "13.63",
    "PER": "4.20",
    "ROE": "11.49",
    "ROA": "9.37",
    "PBR": "0.56",
    "유보율": "1,598.4",
    "code": "013120"
}