{
    "N": "755",
    "종목명": "아진산업",
    "현재가": "3,010",
    "상태": "상승",
    "전일비": "55",
    "등락률": "+1.86%",
    "액면가": "500",
    "거래량": "1,962,917",
    "거래대금": "6,010",
    "전일거래량": "744,020",
    "시가": "3,060",
    "고가": "3,125",
    "저가": "3,000",
    "매수호가": "3,010",
    "매도호가": "3,015",
    "매수총잔량": "56,089",
    "매도총잔량": "60,594",
    "상장주식수": "38,024",
    "시가총액": "1,144",
    "매출액": "4,408",
    "자산총계": "6,547",
    "부채총계": "4,534",
    "영업이익": "278",
    "당기순이익": "138",
    "주당순이익": "262",
    "보통주배당금": "0",
    "매출액증가율": "11.05",
    "영업이익증가율": "213.19",
    "외국인비율": "3.05",
    "PER": "11.49",
    "ROE": "7.47",
    "ROA": "2.27",
    "PBR": "0.53",
    "유보율": "966.7",
    "code": "013310"
}