{
    "N": "965",
    "종목명": "청보산업",
    "현재가": "9,990",
    "상태": "상승",
    "전일비": "630",
    "등락률": "+6.73%",
    "액면가": "500",
    "거래량": "642,334",
    "거래대금": "6,342",
    "전일거래량": "278,387",
    "시가": "9,360",
    "고가": "10,200",
    "저가": "9,350",
    "매수호가": "9,990",
    "매도호가": "10,000",
    "매수총잔량": "3,664",
    "매도총잔량": "36,862",
    "상장주식수": "8,179",
    "시가총액": "817",
    "매출액": "221",
    "자산총계": "409",
    "부채총계": "189",
    "영업이익": "2",
    "당기순이익": "3",
    "주당순이익": "-220",
    "보통주배당금": "N/A",
    "매출액증가율": "1.37",
    "영업이익증가율": "123.55",
    "외국인비율": "1.87",
    "PER": "-45.41",
    "ROE": "1.42",
    "ROA": "0.80",
    "PBR": "3.96",
    "유보율": "440.0",
    "code": "013720"
}