{
    "N": "549",
    "종목명": "스페코",
    "현재가": "11,450",
    "상태": "하락",
    "전일비": "450",
    "등락률": "-3.78%",
    "액면가": "500",
    "거래량": "1,034,631",
    "거래대금": "11,929",
    "전일거래량": "1,023,137",
    "시가": "12,100",
    "고가": "12,150",
    "저가": "11,200",
    "매수호가": "11,450",
    "매도호가": "11,550",
    "매수총잔량": "119,521",
    "매도총잔량": "73,678",
    "상장주식수": "14,655",
    "시가총액": "1,678",
    "매출액": "747",
    "자산총계": "878",
    "부채총계": "461",
    "영업이익": "66",
    "당기순이익": "99",
    "주당순이익": "642",
    "보통주배당금": "N/A",
    "매출액증가율": "40.46",
    "영업이익증가율": "334.41",
    "외국인비율": "1.34",
    "PER": "17.83",
    "ROE": "28.18",
    "ROA": "11.63",
    "PBR": "4.30",
    "유보율": "443.0",
    "code": "013810"
}