{
    "N": "748",
    "종목명": "아가방컴퍼니",
    "현재가": "3,525",
    "상태": "상승",
    "전일비": "60",
    "등락률": "+1.73%",
    "액면가": "500",
    "거래량": "1,012,277",
    "거래대금": "3,576",
    "전일거래량": "960,699",
    "시가": "3,535",
    "고가": "3,585",
    "저가": "3,455",
    "매수호가": "3,525",
    "매도호가": "3,530",
    "매수총잔량": "23,941",
    "매도총잔량": "64,331",
    "상장주식수": "32,888",
    "시가총액": "1,159",
    "매출액": "1,342",
    "자산총계": "1,878",
    "부채총계": "528",
    "영업이익": "-35",
    "당기순이익": "-158",
    "주당순이익": "-486",
    "보통주배당금": "N/A",
    "매출액증가율": "18.94",
    "영업이익증가율": "75.88",
    "외국인비율": "4.64",
    "PER": "-7.25",
    "ROE": "-11.05",
    "ROA": "-8.34",
    "PBR": "0.87",
    "유보율": "740.1",
    "code": "013990"
}