{
    "N": "1098",
    "종목명": "원익큐브",
    "현재가": "1,855",
    "상태": "하락",
    "전일비": "5",
    "등락률": "-0.27%",
    "액면가": "500",
    "거래량": "1,698,712",
    "거래대금": "3,181",
    "전일거래량": "2,474,440",
    "시가": "1,855",
    "고가": "1,915",
    "저가": "1,835",
    "매수호가": "1,855",
    "매도호가": "1,860",
    "매수총잔량": "93,533",
    "매도총잔량": "93,999",
    "상장주식수": "35,400",
    "시가총액": "657",
    "매출액": "2,039",
    "자산총계": "1,429",
    "부채총계": "623",
    "영업이익": "-18",
    "당기순이익": "38",
    "주당순이익": "230",
    "보통주배당금": "N/A",
    "매출액증가율": "-7.80",
    "영업이익증가율": "-20.44",
    "외국인비율": "3.39",
    "PER": "8.07",
    "ROE": "4.94",
    "ROA": "2.61",
    "PBR": "0.80",
    "유보율": "363.1",
    "code": "014190"
}