{
    "N": "897",
    "종목명": "광림",
    "현재가": "1,695",
    "상태": "하락",
    "전일비": "30",
    "등락률": "-1.74%",
    "액면가": "500",
    "거래량": "253,209",
    "거래대금": "434",
    "전일거래량": "371,454",
    "시가": "1,735",
    "고가": "1,740",
    "저가": "1,680",
    "매수호가": "1,695",
    "매도호가": "1,700",
    "매수총잔량": "20,940",
    "매도총잔량": "30,771",
    "상장주식수": "52,922",
    "시가총액": "897",
    "매출액": "1,459",
    "자산총계": "2,525",
    "부채총계": "1,617",
    "영업이익": "-110",
    "당기순이익": "-140",
    "주당순이익": "-235",
    "보통주배당금": "N/A",
    "매출액증가율": "6.79",
    "영업이익증가율": "-951.53",
    "외국인비율": "1.01",
    "PER": "-7.21",
    "ROE": "-7.84",
    "ROA": "-6.36",
    "PBR": "1.35",
    "유보율": "193.1",
    "code": "014200"
}