{
    "N": "563",
    "종목명": "부방",
    "현재가": "2,680",
    "상태": "상승",
    "전일비": "5",
    "등락률": "+0.19%",
    "액면가": "500",
    "거래량": "352,254",
    "거래대금": "946",
    "전일거래량": "422,230",
    "시가": "2,675",
    "고가": "2,715",
    "저가": "2,655",
    "매수호가": "2,680",
    "매도호가": "2,685",
    "매수총잔량": "120,175",
    "매도총잔량": "44,894",
    "상장주식수": "60,052",
    "시가총액": "1,609",
    "매출액": "3,303",
    "자산총계": "2,615",
    "부채총계": "789",
    "영업이익": "-42",
    "당기순이익": "-94",
    "주당순이익": "-196",
    "보통주배당금": "20",
    "매출액증가율": "-5.26",
    "영업이익증가율": "-205.96",
    "외국인비율": "0.29",
    "PER": "-13.67",
    "ROE": "-4.69",
    "ROA": "-3.63",
    "PBR": "0.79",
    "유보율": "580.7",
    "code": "014470"
}