{
    "N": "743",
    "종목명": "고려제약",
    "현재가": "10,600",
    "상태": "상승",
    "전일비": "450",
    "등락률": "+4.43%",
    "액면가": "500",
    "거래량": "511,877",
    "거래대금": "5,402",
    "전일거래량": "233,648",
    "시가": "10,200",
    "고가": "10,850",
    "저가": "10,150",
    "매수호가": "10,550",
    "매도호가": "10,600",
    "매수총잔량": "45,241",
    "매도총잔량": "82,740",
    "상장주식수": "11,000",
    "시가총액": "1,166",
    "매출액": "555",
    "자산총계": "758",
    "부채총계": "108",
    "영업이익": "34",
    "당기순이익": "39",
    "주당순이익": "840",
    "보통주배당금": "100",
    "매출액증가율": "6.73",
    "영업이익증가율": "-3.14",
    "외국인비율": "1.21",
    "PER": "12.62",
    "ROE": "6.09",
    "ROA": "5.24",
    "PBR": "1.66",
    "유보율": "1,091.8",
    "code": "014570"
}