{
    "N": "420",
    "종목명": "성광벤드",
    "현재가": "7,510",
    "상태": "하락",
    "전일비": "100",
    "등락률": "-1.31%",
    "액면가": "500",
    "거래량": "405,040",
    "거래대금": "3,069",
    "전일거래량": "632,588",
    "시가": "7,640",
    "고가": "7,740",
    "저가": "7,480",
    "매수호가": "7,510",
    "매도호가": "7,520",
    "매수총잔량": "47,588",
    "매도총잔량": "14,223",
    "상장주식수": "28,600",
    "시가총액": "2,148",
    "매출액": "2,024",
    "자산총계": "5,020",
    "부채총계": "628",
    "영업이익": "70",
    "당기순이익": "62",
    "주당순이익": "74",
    "보통주배당금": "100",
    "매출액증가율": "19.10",
    "영업이익증가율": "148.06",
    "외국인비율": "9.62",
    "PER": "101.49",
    "ROE": "1.41",
    "ROA": "1.23",
    "PBR": "0.48",
    "유보율": "3,066.7",
    "code": "014620"
}