{
    "N": "612",
    "종목명": "삼륭물산",
    "현재가": "9,740",
    "상태": "하락",
    "전일비": "130",
    "등락률": "-1.32%",
    "액면가": "500",
    "거래량": "137,668",
    "거래대금": "1,352",
    "전일거래량": "124,882",
    "시가": "10,000",
    "고가": "10,050",
    "저가": "9,730",
    "매수호가": "9,740",
    "매도호가": "9,780",
    "매수총잔량": "12,729",
    "매도총잔량": "3,234",
    "상장주식수": "15,125",
    "시가총액": "1,473",
    "매출액": "887",
    "자산총계": "1,256",
    "부채총계": "541",
    "영업이익": "16",
    "당기순이익": "6",
    "주당순이익": "12",
    "보통주배당금": "75",
    "매출액증가율": "4.41",
    "영업이익증가율": "40.56",
    "외국인비율": "0.32",
    "PER": "811.67",
    "ROE": "0.85",
    "ROA": "0.46",
    "PBR": "2.05",
    "유보율": "851.1",
    "code": "014970"
}