{
    "N": "731",
    "종목명": "오리엔탈정공",
    "현재가": "2,600",
    "상태": "상승",
    "전일비": "25",
    "등락률": "+0.97%",
    "액면가": "500",
    "거래량": "2,623,097",
    "거래대금": "6,933",
    "전일거래량": "850,184",
    "시가": "2,600",
    "고가": "2,790",
    "저가": "2,465",
    "매수호가": "2,595",
    "매도호가": "2,600",
    "매수총잔량": "29,387",
    "매도총잔량": "12,013",
    "상장주식수": "45,574",
    "시가총액": "1,185",
    "매출액": "1,301",
    "자산총계": "1,564",
    "부채총계": "1,250",
    "영업이익": "53",
    "당기순이익": "35",
    "주당순이익": "423",
    "보통주배당금": "N/A",
    "매출액증가율": "67.93",
    "영업이익증가율": "466.85",
    "외국인비율": "1.08",
    "PER": "6.15",
    "ROE": "15.92",
    "ROA": "2.43",
    "PBR": "2.48",
    "유보율": "-31.0",
    "code": "014940"
}