{
    "N": "700",
    "종목명": "코콤",
    "현재가": "7,140",
    "상태": "상승",
    "전일비": "210",
    "등락률": "+3.03%",
    "액면가": "500",
    "거래량": "397,399",
    "거래대금": "2,827",
    "전일거래량": "107,846",
    "시가": "6,930",
    "고가": "7,240",
    "저가": "6,900",
    "매수호가": "7,140",
    "매도호가": "7,150",
    "매수총잔량": "21,455",
    "매도총잔량": "23,640",
    "상장주식수": "17,530",
    "시가총액": "1,252",
    "매출액": "1,339",
    "자산총계": "1,474",
    "부채총계": "295",
    "영업이익": "133",
    "당기순이익": "82",
    "주당순이익": "391",
    "보통주배당금": "160",
    "매출액증가율": "-18.16",
    "영업이익증가율": "-22.41",
    "외국인비율": "2.00",
    "PER": "18.26",
    "ROE": "7.12",
    "ROA": "5.57",
    "PBR": "0.99",
    "유보율": "1,279.7",
    "code": "015710"
}