{
    "N": "156",
    "종목명": "성우하이텍",
    "현재가": "6,210",
    "상태": "하락",
    "전일비": "310",
    "등락률": "-4.75%",
    "액면가": "500",
    "거래량": "2,308,865",
    "거래대금": "14,741",
    "전일거래량": "1,821,723",
    "시가": "6,950",
    "고가": "6,950",
    "저가": "6,110",
    "매수호가": "6,210",
    "매도호가": "6,220",
    "매수총잔량": "86,273",
    "매도총잔량": "101,060",
    "상장주식수": "80,000",
    "시가총액": "4,968",
    "매출액": "33,895",
    "자산총계": "34,463",
    "부채총계": "21,301",
    "영업이익": "734",
    "당기순이익": "295",
    "주당순이익": "-366",
    "보통주배당금": "80",
    "매출액증가율": "-1.95",
    "영업이익증가율": "-2.70",
    "외국인비율": "13.45",
    "PER": "-16.97",
    "ROE": "3.69",
    "ROA": "0.87",
    "PBR": "0.48",
    "유보율": "2,747.8",
    "code": "015750"
}