{
    "N": "1083",
    "종목명": "리더스코스메틱",
    "현재가": "3,715",
    "상태": "상승",
    "전일비": "5",
    "등락률": "+0.13%",
    "액면가": "500",
    "거래량": "71,319",
    "거래대금": "262",
    "전일거래량": "28,078",
    "시가": "3,710",
    "고가": "3,720",
    "저가": "3,650",
    "매수호가": "3,700",
    "매도호가": "3,715",
    "매수총잔량": "26,696",
    "매도총잔량": "4,534",
    "상장주식수": "18,187",
    "시가총액": "676",
    "매출액": "956",
    "자산총계": "1,329",
    "부채총계": "839",
    "영업이익": "-278",
    "당기순이익": "-578",
    "주당순이익": "-1,978",
    "보통주배당금": "0",
    "매출액증가율": "-31.29",
    "영업이익증가율": "-104.14",
    "외국인비율": "0.96",
    "PER": "-1.88",
    "ROE": "-105.20",
    "ROA": "-38.90",
    "PBR": "1.75",
    "유보율": "47.3",
    "code": "016100"
}