{
    "N": "880",
    "종목명": "SGC이테크건설",
    "현재가": "58,300",
    "상태": "하락",
    "전일비": "900",
    "등락률": "-1.52%",
    "액면가": "5,000",
    "거래량": "16,504",
    "거래대금": "970",
    "전일거래량": "20,497",
    "시가": "59,200",
    "고가": "59,800",
    "저가": "58,300",
    "매수호가": "58,300",
    "매도호가": "58,800",
    "매수총잔량": "3,292",
    "매도총잔량": "2,151",
    "상장주식수": "1,581",
    "시가총액": "922",
    "매출액": "16,985",
    "자산총계": "20,344",
    "부채총계": "15,152",
    "영업이익": "770",
    "당기순이익": "315",
    "주당순이익": "4,635",
    "보통주배당금": "1,172",
    "매출액증가율": "14.15",
    "영업이익증가율": "-31.92",
    "외국인비율": "1.95",
    "PER": "12.58",
    "ROE": "6.68",
    "ROA": "1.60",
    "PBR": "-5.95",
    "유보율": "2,086.7",
    "code": "016250"
}