{
    "N": "946",
    "종목명": "포비스티앤씨",
    "현재가": "973",
    "전일비": "0",
    "등락률": "0.00%",
    "액면가": "500",
    "거래량": "0",
    "거래대금": "0",
    "전일거래량": "0",
    "시가": "0",
    "고가": "0",
    "저가": "0",
    "매수호가": "0",
    "매도호가": "0",
    "매수총잔량": "0",
    "매도총잔량": "0",
    "상장주식수": "86,559",
    "시가총액": "842",
    "매출액": "204",
    "자산총계": "1,024",
    "부채총계": "452",
    "영업이익": "78",
    "당기순이익": "-17",
    "주당순이익": "-93",
    "보통주배당금": "0",
    "매출액증가율": "30.64",
    "영업이익증가율": "310.20",
    "외국인비율": "1.71",
    "PER": "-10.46",
    "ROE": "-3.42",
    "ROA": "-1.78",
    "PBR": "0.83",
    "유보율": "232.1",
    "code": "016670"
}