{
    "N": "953",
    "종목명": "현대사료",
    "현재가": "13,550",
    "상태": "상승",
    "전일비": "250",
    "등락률": "+1.88%",
    "액면가": "500",
    "거래량": "19,170",
    "거래대금": "257",
    "전일거래량": "30,114",
    "시가": "13,300",
    "고가": "13,550",
    "저가": "13,200",
    "매수호가": "13,500",
    "매도호가": "13,550",
    "매수총잔량": "8,914",
    "매도총잔량": "10,963",
    "상장주식수": "6,150",
    "시가총액": "833",
    "매출액": "1,182",
    "자산총계": "974",
    "부채총계": "379",
    "영업이익": "61",
    "당기순이익": "32",
    "주당순이익": "19",
    "보통주배당금": "100",
    "매출액증가율": "12.73",
    "영업이익증가율": "378.51",
    "외국인비율": "0.46",
    "PER": "713.16",
    "ROE": "5.58",
    "ROA": "3.39",
    "PBR": "1.44",
    "유보율": "1,833.4",
    "code": "016790"
}