{
    "N": "1149",
    "종목명": "카스",
    "현재가": "2,470",
    "상태": "상승",
    "전일비": "150",
    "등락률": "+6.47%",
    "액면가": "500",
    "거래량": "2,872,384",
    "거래대금": "7,040",
    "전일거래량": "249,316",
    "시가": "2,300",
    "고가": "2,525",
    "저가": "2,295",
    "매수호가": "2,470",
    "매도호가": "2,475",
    "매수총잔량": "57,036",
    "매도총잔량": "133,981",
    "상장주식수": "23,945",
    "시가총액": "591",
    "매출액": "1,358",
    "자산총계": "1,293",
    "부채총계": "870",
    "영업이익": "37",
    "당기순이익": "30",
    "주당순이익": "19",
    "보통주배당금": "10",
    "매출액증가율": "-2.99",
    "영업이익증가율": "-50.27",
    "외국인비율": "1.07",
    "PER": "130.00",
    "ROE": "7.11",
    "ROA": "2.34",
    "PBR": "1.15",
    "유보율": "276.1",
    "code": "016920"
}