{
    "N": "1188",
    "종목명": "신원종합개발",
    "현재가": "5,440",
    "상태": "상승",
    "전일비": "250",
    "등락률": "+4.82%",
    "액면가": "5,000",
    "거래량": "2,894,012",
    "거래대금": "16,074",
    "전일거래량": "965,067",
    "시가": "5,190",
    "고가": "5,970",
    "저가": "5,110",
    "매수호가": "5,430",
    "매도호가": "5,440",
    "매수총잔량": "24,569",
    "매도총잔량": "12,844",
    "상장주식수": "10,068",
    "시가총액": "548",
    "매출액": "2,565",
    "자산총계": "1,916",
    "부채총계": "1,055",
    "영업이익": "69",
    "당기순이익": "127",
    "주당순이익": "299",
    "보통주배당금": "N/A",
    "매출액증가율": "16.24",
    "영업이익증가율": "-40.91",
    "외국인비율": "1.90",
    "PER": "18.19",
    "ROE": "16.55",
    "ROA": "6.74",
    "PBR": "0.58",
    "유보율": "67.0",
    "code": "017000"
}