{
    "N": "1364",
    "종목명": "인터엠",
    "현재가": "1,375",
    "상태": "상승",
    "전일비": "5",
    "등락률": "+0.36%",
    "액면가": "500",
    "거래량": "233,296",
    "거래대금": "318",
    "전일거래량": "84,556",
    "시가": "1,385",
    "고가": "1,385",
    "저가": "1,345",
    "매수호가": "1,370",
    "매도호가": "1,375",
    "매수총잔량": "57,594",
    "매도총잔량": "9,883",
    "상장주식수": "21,045",
    "시가총액": "289",
    "매출액": "634",
    "자산총계": "913",
    "부채총계": "448",
    "영업이익": "-155",
    "당기순이익": "-185",
    "주당순이익": "-880",
    "보통주배당금": "N/A",
    "매출액증가율": "-26.24",
    "영업이익증가율": "-300.23",
    "외국인비율": "0.00",
    "PER": "-1.56",
    "ROE": "-32.68",
    "ROA": "-18.19",
    "PBR": "0.60",
    "유보율": "278.4",
    "code": "017250"
}