{
    "N": "1094",
    "종목명": "삼현철강",
    "현재가": "4,210",
    "상태": "하락",
    "전일비": "100",
    "등락률": "-2.32%",
    "액면가": "500",
    "거래량": "132,018",
    "거래대금": "558",
    "전일거래량": "653,413",
    "시가": "4,310",
    "고가": "4,365",
    "저가": "4,180",
    "매수호가": "4,205",
    "매도호가": "4,210",
    "매수총잔량": "8,210",
    "매도총잔량": "2,851",
    "상장주식수": "15,703",
    "시가총액": "661",
    "매출액": "2,376",
    "자산총계": "1,712",
    "부채총계": "221",
    "영업이익": "79",
    "당기순이익": "65",
    "주당순이익": "401",
    "보통주배당금": "150",
    "매출액증가율": "4.22",
    "영업이익증가율": "-11.97",
    "외국인비율": "3.29",
    "PER": "10.50",
    "ROE": "4.45",
    "ROA": "3.87",
    "PBR": "0.43",
    "유보율": "1,653.9",
    "code": "017480"
}