{
    "N": "1114",
    "종목명": "세명전기",
    "현재가": "4,175",
    "상태": "하락",
    "전일비": "40",
    "등락률": "-0.95%",
    "액면가": "500",
    "거래량": "172,111",
    "거래대금": "718",
    "전일거래량": "471,036",
    "시가": "4,220",
    "고가": "4,225",
    "저가": "4,140",
    "매수호가": "4,175",
    "매도호가": "4,180",
    "매수총잔량": "18,879",
    "매도총잔량": "17,005",
    "상장주식수": "15,246",
    "시가총액": "637",
    "매출액": "185",
    "자산총계": "818",
    "부채총계": "104",
    "영업이익": "17",
    "당기순이익": "34",
    "주당순이익": "165",
    "보통주배당금": "80",
    "매출액증가율": "-2.96",
    "영업이익증가율": "-49.11",
    "외국인비율": "2.12",
    "PER": "25.30",
    "ROE": "4.87",
    "ROA": "4.25",
    "PBR": "0.88",
    "유보율": "838.6",
    "code": "017510"
}