{
    "N": "920",
    "종목명": "대림제지",
    "현재가": "9,690",
    "상태": "상승",
    "전일비": "90",
    "등락률": "+0.94%",
    "액면가": "500",
    "거래량": "133,935",
    "거래대금": "1,296",
    "전일거래량": "128,137",
    "시가": "9,600",
    "고가": "9,810",
    "저가": "9,550",
    "매수호가": "9,690",
    "매도호가": "9,710",
    "매수총잔량": "15,256",
    "매도총잔량": "11,833",
    "상장주식수": "9,000",
    "시가총액": "872",
    "매출액": "1,059",
    "자산총계": "2,294",
    "부채총계": "759",
    "영업이익": "59",
    "당기순이익": "25",
    "주당순이익": "433",
    "보통주배당금": "0",
    "매출액증가율": "18.23",
    "영업이익증가율": "-31.59",
    "외국인비율": "2.53",
    "PER": "22.38",
    "ROE": "1.64",
    "ROA": "1.03",
    "PBR": "0.53",
    "유보율": "2,483.5",
    "code": "017650"
}