{
    "N": "329",
    "종목명": "한국알콜",
    "현재가": "13,150",
    "상태": "상승",
    "전일비": "100",
    "등락률": "+0.77%",
    "액면가": "500",
    "거래량": "297,697",
    "거래대금": "3,898",
    "전일거래량": "392,973",
    "시가": "13,100",
    "고가": "13,150",
    "저가": "13,000",
    "매수호가": "13,100",
    "매도호가": "13,150",
    "매수총잔량": "89,425",
    "매도총잔량": "86,343",
    "상장주식수": "21,606",
    "시가총액": "2,841",
    "매출액": "2,914",
    "자산총계": "4,371",
    "부채총계": "1,026",
    "영업이익": "331",
    "당기순이익": "321",
    "주당순이익": "2,212",
    "보통주배당금": "100",
    "매출액증가율": "13.85",
    "영업이익증가율": "16.12",
    "외국인비율": "2.03",
    "PER": "5.94",
    "ROE": "10.23",
    "ROA": "7.88",
    "PBR": "0.73",
    "유보율": "2,862.6",
    "code": "017890"
}