{
    "N": "114",
    "종목명": "유니슨",
    "현재가": "5,120",
    "상태": "하락",
    "전일비": "80",
    "등락률": "-1.54%",
    "액면가": "500",
    "거래량": "3,369,245",
    "거래대금": "17,171",
    "전일거래량": "7,900,451",
    "시가": "5,200",
    "고가": "5,210",
    "저가": "5,020",
    "매수호가": "5,120",
    "매도호가": "5,130",
    "매수총잔량": "92,308",
    "매도총잔량": "142,190",
    "상장주식수": "121,145",
    "시가총액": "6,203",
    "매출액": "759",
    "자산총계": "2,364",
    "부채총계": "1,652",
    "영업이익": "-138",
    "당기순이익": "-41",
    "주당순이익": "-110",
    "보통주배당금": "0",
    "매출액증가율": "-54.05",
    "영업이익증가율": "-1,541.16",
    "외국인비율": "3.42",
    "PER": "-46.55",
    "ROE": "-5.71",
    "ROA": "-1.76",
    "PBR": "7.54",
    "유보율": "45.4",
    "code": "018000"
}