{
    "N": "447",
    "종목명": "진로발효",
    "현재가": "30,500",
    "상태": "상승",
    "전일비": "100",
    "등락률": "+0.33%",
    "액면가": "500",
    "거래량": "5,002",
    "거래대금": "152",
    "전일거래량": "4,612",
    "시가": "30,400",
    "고가": "30,550",
    "저가": "30,350",
    "매수호가": "30,500",
    "매도호가": "30,550",
    "매수총잔량": "5,685",
    "매도총잔량": "2,773",
    "상장주식수": "6,621",
    "시가총액": "2,019",
    "매출액": "884",
    "자산총계": "911",
    "부채총계": "117",
    "영업이익": "165",
    "당기순이익": "143",
    "주당순이익": "2,554",
    "보통주배당금": "1,350",
    "매출액증가율": "1.70",
    "영업이익증가율": "-0.20",
    "외국인비율": "10.23",
    "PER": "11.94",
    "ROE": "15.81",
    "ROA": "13.78",
    "PBR": "2.49",
    "유보율": "2,734.2",
    "code": "018120"
}