{
    "N": "306",
    "종목명": "브이티지엠피",
    "현재가": "8,810",
    "상태": "상승",
    "전일비": "50",
    "등락률": "+0.57%",
    "액면가": "500",
    "거래량": "613,076",
    "거래대금": "5,381",
    "전일거래량": "428,971",
    "시가": "8,830",
    "고가": "8,860",
    "저가": "8,650",
    "매수호가": "8,800",
    "매도호가": "8,810",
    "매수총잔량": "28,918",
    "매도총잔량": "48,362",
    "상장주식수": "34,160",
    "시가총액": "3,009",
    "매출액": "1,128",
    "자산총계": "1,359",
    "부채총계": "746",
    "영업이익": "103",
    "당기순이익": "34",
    "주당순이익": "73",
    "보통주배당금": "0",
    "매출액증가율": "3.00",
    "영업이익증가율": "-23.43",
    "외국인비율": "3.01",
    "PER": "120.68",
    "ROE": "4.98",
    "ROA": "2.63",
    "PBR": "3.97",
    "유보율": "524.5",
    "code": "018290"
}