{
    "N": "682",
    "종목명": "삼목에스폼",
    "현재가": "8,810",
    "상태": "하락",
    "전일비": "100",
    "등락률": "-1.12%",
    "액면가": "500",
    "거래량": "62,337",
    "거래대금": "556",
    "전일거래량": "127,930",
    "시가": "8,980",
    "고가": "9,110",
    "저가": "8,800",
    "매수호가": "8,810",
    "매도호가": "8,820",
    "매수총잔량": "3,181",
    "매도총잔량": "2,886",
    "상장주식수": "14,700",
    "시가총액": "1,295",
    "매출액": "1,442",
    "자산총계": "3,964",
    "부채총계": "541",
    "영업이익": "114",
    "당기순이익": "137",
    "주당순이익": "-210",
    "보통주배당금": "100",
    "매출액증가율": "-23.67",
    "영업이익증가율": "-74.02",
    "외국인비율": "3.45",
    "PER": "-41.95",
    "ROE": "4.07",
    "ROA": "3.56",
    "PBR": "0.32",
    "유보율": "4,966.4",
    "code": "018310"
}