{
    "N": "845",
    "종목명": "서울제약",
    "현재가": "11,350",
    "상태": "상승",
    "전일비": "150",
    "등락률": "+1.34%",
    "액면가": "500",
    "거래량": "125,847",
    "거래대금": "1,414",
    "전일거래량": "167,800",
    "시가": "11,100",
    "고가": "11,450",
    "저가": "10,950",
    "매수호가": "11,350",
    "매도호가": "11,400",
    "매수총잔량": "27,985",
    "매도총잔량": "30,084",
    "상장주식수": "8,525",
    "시가총액": "968",
    "매출액": "520",
    "자산총계": "928",
    "부채총계": "423",
    "영업이익": "40",
    "당기순이익": "2",
    "주당순이익": "517",
    "보통주배당금": "15",
    "매출액증가율": "17.91",
    "영업이익증가율": "205.83",
    "외국인비율": "1.42",
    "PER": "21.95",
    "ROE": "0.47",
    "ROA": "0.26",
    "PBR": "2.75",
    "유보율": "1,091.7",
    "code": "018680"
}