{
    "N": "989",
    "종목명": "우진비앤지",
    "현재가": "2,860",
    "상태": "하락",
    "전일비": "60",
    "등락률": "-2.05%",
    "액면가": "500",
    "거래량": "385,199",
    "거래대금": "1,109",
    "전일거래량": "974,968",
    "시가": "2,935",
    "고가": "2,935",
    "저가": "2,860",
    "매수호가": "2,860",
    "매도호가": "2,865",
    "매수총잔량": "66,388",
    "매도총잔량": "46,975",
    "상장주식수": "27,593",
    "시가총액": "789",
    "매출액": "336",
    "자산총계": "851",
    "부채총계": "464",
    "영업이익": "-16",
    "당기순이익": "-136",
    "주당순이익": "-382",
    "보통주배당금": "0",
    "매출액증가율": "9.79",
    "영업이익증가율": "67.63",
    "외국인비율": "1.60",
    "PER": "-7.49",
    "ROE": "-47.55",
    "ROA": "-18.67",
    "PBR": "2.51",
    "유보율": "110.1",
    "code": "018620"
}