{
    "N": "887",
    "종목명": "바른손",
    "현재가": "3,095",
    "상태": "하락",
    "전일비": "45",
    "등락률": "-1.43%",
    "액면가": "1,000",
    "거래량": "301,381",
    "거래대금": "926",
    "전일거래량": "174,965",
    "시가": "3,140",
    "고가": "3,165",
    "저가": "3,030",
    "매수호가": "3,095",
    "매도호가": "3,100",
    "매수총잔량": "14,400",
    "매도총잔량": "25,527",
    "상장주식수": "29,471",
    "시가총액": "912",
    "매출액": "58",
    "자산총계": "550",
    "부채총계": "72",
    "영업이익": "-27",
    "당기순이익": "-144",
    "주당순이익": "-540",
    "보통주배당금": "N/A",
    "매출액증가율": "-12.13",
    "영업이익증가율": "27.73",
    "외국인비율": "0.00",
    "PER": "-5.73",
    "ROE": "-31.81",
    "ROA": "-30.66",
    "PBR": "1.80",
    "유보율": "81.7",
    "code": "018700"
}