{
    "N": "899",
    "종목명": "베뉴지",
    "현재가": "1,860",
    "상태": "상승",
    "전일비": "5",
    "등락률": "+0.27%",
    "액면가": "500",
    "거래량": "562,332",
    "거래대금": "1,046",
    "전일거래량": "487,428",
    "시가": "1,930",
    "고가": "1,935",
    "저가": "1,840",
    "매수호가": "1,860",
    "매도호가": "1,865",
    "매수총잔량": "61,597",
    "매도총잔량": "67,757",
    "상장주식수": "48,200",
    "시가총액": "897",
    "매출액": "590",
    "자산총계": "5,784",
    "부채총계": "2,860",
    "영업이익": "60",
    "당기순이익": "23",
    "주당순이익": "149",
    "보통주배당금": "30",
    "매출액증가율": "12.56",
    "영업이익증가율": "194.94",
    "외국인비율": "0.80",
    "PER": "12.48",
    "ROE": "1.41",
    "ROA": "0.41",
    "PBR": "0.29",
    "유보율": "794.5",
    "code": "019010"
}