{
    "N": "461",
    "종목명": "와이지-원",
    "현재가": "6,500",
    "상태": "하락",
    "전일비": "30",
    "등락률": "-0.46%",
    "액면가": "500",
    "거래량": "183,463",
    "거래대금": "1,192",
    "전일거래량": "272,251",
    "시가": "6,580",
    "고가": "6,580",
    "저가": "6,440",
    "매수호가": "6,490",
    "매도호가": "6,500",
    "매수총잔량": "29,128",
    "매도총잔량": "15,375",
    "상장주식수": "30,574",
    "시가총액": "1,987",
    "매출액": "4,280",
    "자산총계": "8,470",
    "부채총계": "5,161",
    "영업이익": "132",
    "당기순이익": "6",
    "주당순이익": "-948",
    "보통주배당금": "120",
    "매출액증가율": "9.47",
    "영업이익증가율": "-71.19",
    "외국인비율": "11.27",
    "PER": "-6.86",
    "ROE": "0.42",
    "ROA": "0.07",
    "PBR": "0.67",
    "유보율": "1,995.5",
    "code": "019210"
}