{
    "N": "1172",
    "종목명": "일지테크",
    "현재가": "4,145",
    "상태": "하락",
    "전일비": "70",
    "등락률": "-1.66%",
    "액면가": "500",
    "거래량": "265,176",
    "거래대금": "1,107",
    "전일거래량": "554,192",
    "시가": "4,215",
    "고가": "4,280",
    "저가": "4,135",
    "매수호가": "4,140",
    "매도호가": "4,145",
    "매수총잔량": "33,053",
    "매도총잔량": "18,111",
    "상장주식수": "13,514",
    "시가총액": "560",
    "매출액": "1,911",
    "자산총계": "3,496",
    "부채총계": "2,307",
    "영업이익": "-146",
    "당기순이익": "-43",
    "주당순이익": "27",
    "보통주배당금": "N/A",
    "매출액증가율": "-16.36",
    "영업이익증가율": "-1,076.39",
    "외국인비율": "0.97",
    "PER": "153.52",
    "ROE": "-3.54",
    "ROA": "-1.23",
    "PBR": "0.50",
    "유보율": "1,723.1",
    "code": "019540"
}