{
    "N": "1224",
    "종목명": "리더스 기술투자",
    "현재가": "527",
    "상태": "상승",
    "전일비": "11",
    "등락률": "+2.13%",
    "액면가": "500",
    "거래량": "585,437",
    "거래대금": "307",
    "전일거래량": "316,025",
    "시가": "516",
    "고가": "528",
    "저가": "513",
    "매수호가": "526",
    "매도호가": "527",
    "매수총잔량": "128,971",
    "매도총잔량": "93,325",
    "상장주식수": "95,889",
    "시가총액": "505",
    "매출액": "89",
    "자산총계": "585",
    "부채총계": "364",
    "영업이익": "-110",
    "당기순이익": "-111",
    "주당순이익": "-66",
    "보통주배당금": "0",
    "매출액증가율": "103.26",
    "영업이익증가율": "-228.95",
    "외국인비율": "1.31",
    "PER": "-7.98",
    "ROE": "-52.68",
    "ROA": "-26.33",
    "PBR": "1.61",
    "유보율": "-41.5",
    "code": "019570"
}