{
    "N": "416",
    "종목명": "SBI인베스트먼트",
    "현재가": "1,335",
    "상태": "상승",
    "전일비": "30",
    "등락률": "+2.30%",
    "액면가": "500",
    "거래량": "12,163,509",
    "거래대금": "16,137",
    "전일거래량": "33,727,539",
    "시가": "1,320",
    "고가": "1,355",
    "저가": "1,295",
    "매수호가": "1,335",
    "매도호가": "1,340",
    "매수총잔량": "580,904",
    "매도총잔량": "1,025,664",
    "상장주식수": "162,067",
    "시가총액": "2,164",
    "매출액": "236",
    "자산총계": "1,107",
    "부채총계": "162",
    "영업이익": "115",
    "당기순이익": "114",
    "주당순이익": "107",
    "보통주배당금": "N/A",
    "매출액증가율": "39.77",
    "영업이익증가율": "297.88",
    "외국인비율": "4.85",
    "PER": "12.48",
    "ROE": "12.85",
    "ROA": "10.90",
    "PBR": "2.02",
    "유보율": "14.5",
    "code": "019550"
}