{
    "N": "1089",
    "종목명": "엠벤처투자",
    "현재가": "1,075",
    "상태": "하락",
    "전일비": "20",
    "등락률": "-1.83%",
    "액면가": "500",
    "거래량": "512,693",
    "거래대금": "557",
    "전일거래량": "743,808",
    "시가": "1,095",
    "고가": "1,105",
    "저가": "1,070",
    "매수호가": "1,075",
    "매도호가": "1,080",
    "매수총잔량": "89,648",
    "매도총잔량": "147,366",
    "상장주식수": "62,009",
    "시가총액": "667",
    "매출액": "152",
    "자산총계": "504",
    "부채총계": "120",
    "영업이익": "94",
    "당기순이익": "91",
    "주당순이익": "-14",
    "보통주배당금": "0",
    "매출액증가율": "57.15",
    "영업이익증가율": "294.14",
    "외국인비율": "2.83",
    "PER": "-76.79",
    "ROE": "24.26",
    "ROA": "21.17",
    "PBR": "1.80",
    "유보율": "27.7",
    "code": "019590"
}