{
    "N": "604",
    "종목명": "글로본",
    "현재가": "4,945",
    "상태": "상승",
    "전일비": "390",
    "등락률": "+8.56%",
    "액면가": "500",
    "거래량": "1,958,258",
    "거래대금": "9,426",
    "전일거래량": "2,545,128",
    "시가": "4,695",
    "고가": "5,000",
    "저가": "4,535",
    "매수호가": "4,945",
    "매도호가": "4,950",
    "매수총잔량": "40,588",
    "매도총잔량": "64,302",
    "상장주식수": "30,203",
    "시가총액": "1,494",
    "매출액": "103",
    "자산총계": "332",
    "부채총계": "125",
    "영업이익": "-47",
    "당기순이익": "-93",
    "주당순이익": "-175",
    "보통주배당금": "0",
    "매출액증가율": "-65.43",
    "영업이익증가율": "-393.16",
    "외국인비율": "0.00",
    "PER": "-28.26",
    "ROE": "-38.25",
    "ROA": "-23.09",
    "PBR": "9.44",
    "유보율": "42.5",
    "code": "019660"
}