{
    "N": "749",
    "종목명": "서연탑메탈",
    "현재가": "9,930",
    "상태": "상승",
    "전일비": "880",
    "등락률": "+9.72%",
    "액면가": "500",
    "거래량": "10,628,910",
    "거래대금": "107,267",
    "전일거래량": "885,096",
    "시가": "9,030",
    "고가": "10,900",
    "저가": "8,990",
    "매수호가": "9,920",
    "매도호가": "9,930",
    "매수총잔량": "83,299",
    "매도총잔량": "158,379",
    "상장주식수": "11,650",
    "시가총액": "1,157",
    "매출액": "1,597",
    "자산총계": "1,563",
    "부채총계": "893",
    "영업이익": "4",
    "당기순이익": "-32",
    "주당순이익": "52",
    "보통주배당금": "60",
    "매출액증가율": "8.66",
    "영업이익증가율": "129.59",
    "외국인비율": "0.32",
    "PER": "190.96",
    "ROE": "-4.46",
    "ROA": "-2.00",
    "PBR": "1.69",
    "유보율": "1,078.1",
    "code": "019770"
}