{
    "N": "1291",
    "종목명": "에너토크",
    "현재가": "4,330",
    "상태": "하락",
    "전일비": "10",
    "등락률": "-0.23%",
    "액면가": "500",
    "거래량": "48,931",
    "거래대금": "210",
    "전일거래량": "54,524",
    "시가": "4,360",
    "고가": "4,380",
    "저가": "4,260",
    "매수호가": "4,330",
    "매도호가": "4,335",
    "매수총잔량": "2,183",
    "매도총잔량": "6,529",
    "상장주식수": "9,756",
    "시가총액": "422",
    "매출액": "235",
    "자산총계": "429",
    "부채총계": "28",
    "영업이익": "2",
    "당기순이익": "5",
    "주당순이익": "125",
    "보통주배당금": "50",
    "매출액증가율": "1.86",
    "영업이익증가율": "-84.80",
    "외국인비율": "21.24",
    "PER": "34.64",
    "ROE": "1.20",
    "ROA": "1.13",
    "PBR": "1.02",
    "유보율": "749.9",
    "code": "019990"
}