{
    "N": "1034",
    "종목명": "대신정보통신",
    "현재가": "1,895",
    "상태": "하락",
    "전일비": "5",
    "등락률": "-0.26%",
    "액면가": "500",
    "거래량": "1,905,498",
    "거래대금": "3,638",
    "전일거래량": "816,077",
    "시가": "1,905",
    "고가": "1,960",
    "저가": "1,870",
    "매수호가": "1,895",
    "매도호가": "1,900",
    "매수총잔량": "266,934",
    "매도총잔량": "55,165",
    "상장주식수": "38,429",
    "시가총액": "728",
    "매출액": "1,759",
    "자산총계": "825",
    "부채총계": "564",
    "영업이익": "21",
    "당기순이익": "15",
    "주당순이익": "44",
    "보통주배당금": "10",
    "매출액증가율": "-15.25",
    "영업이익증가율": "18.23",
    "외국인비율": "1.40",
    "PER": "43.07",
    "ROE": "5.91",
    "ROA": "2.10",
    "PBR": "3.13",
    "유보율": "36.2",
    "code": "020180"
}