{
    "N": "1380",
    "종목명": "대동금속",
    "현재가": "9,330",
    "상태": "하락",
    "전일비": "170",
    "등락률": "-1.79%",
    "액면가": "1,000",
    "거래량": "17,190",
    "거래대금": "162",
    "전일거래량": "19,315",
    "시가": "9,530",
    "고가": "9,580",
    "저가": "9,330",
    "매수호가": "9,330",
    "매도호가": "9,410",
    "매수총잔량": "2,148",
    "매도총잔량": "2,213",
    "상장주식수": "2,608",
    "시가총액": "243",
    "매출액": "885",
    "자산총계": "1,065",
    "부채총계": "719",
    "영업이익": "33",
    "당기순이익": "0",
    "주당순이익": "270",
    "보통주배당금": "60",
    "매출액증가율": "9.48",
    "영업이익증가율": "71.20",
    "외국인비율": "0.08",
    "PER": "34.56",
    "ROE": "0.00",
    "ROA": "0.00",
    "PBR": "0.67",
    "유보율": "695.2",
    "code": "020400"
}