{
    "N": "812",
    "종목명": "시공테크",
    "현재가": "5,160",
    "상태": "하락",
    "전일비": "20",
    "등락률": "-0.39%",
    "액면가": "500",
    "거래량": "89,613",
    "거래대금": "464",
    "전일거래량": "74,398",
    "시가": "5,180",
    "고가": "5,230",
    "저가": "5,130",
    "매수호가": "5,160",
    "매도호가": "5,170",
    "매수총잔량": "13,494",
    "매도총잔량": "19,486",
    "상장주식수": "20,048",
    "시가총액": "1,034",
    "매출액": "1,198",
    "자산총계": "1,552",
    "부채총계": "469",
    "영업이익": "80",
    "당기순이익": "153",
    "주당순이익": "737",
    "보통주배당금": "80",
    "매출액증가율": "64.17",
    "영업이익증가율": "269.78",
    "외국인비율": "0.75",
    "PER": "7.00",
    "ROE": "15.13",
    "ROA": "11.06",
    "PBR": "0.86",
    "유보율": "980.6",
    "code": "020710"
}