{
    "N": "689",
    "종목명": "에이티넘인베스트",
    "현재가": "2,665",
    "상태": "상승",
    "전일비": "85",
    "등락률": "+3.29%",
    "액면가": "500",
    "거래량": "1,406,441",
    "거래대금": "3,714",
    "전일거래량": "777,380",
    "시가": "2,625",
    "고가": "2,685",
    "저가": "2,570",
    "매수호가": "2,660",
    "매도호가": "2,665",
    "매수총잔량": "34,756",
    "매도총잔량": "98,398",
    "상장주식수": "48,000",
    "시가총액": "1,279",
    "매출액": "214",
    "자산총계": "841",
    "부채총계": "44",
    "영업이익": "85",
    "당기순이익": "67",
    "주당순이익": "196",
    "보통주배당금": "50",
    "매출액증가율": "25.26",
    "영업이익증가율": "6.35",
    "외국인비율": "1.93",
    "PER": "13.60",
    "ROE": "8.70",
    "ROA": "8.30",
    "PBR": "1.53",
    "유보율": "232.2",
    "code": "021080"
}