{
    "N": "1112",
    "종목명": "대호피앤씨",
    "현재가": "873",
    "상태": "상승",
    "전일비": "11",
    "등락률": "+1.28%",
    "액면가": "500",
    "거래량": "312,021",
    "거래대금": "271",
    "전일거래량": "584,857",
    "시가": "862",
    "고가": "885",
    "저가": "854",
    "매수호가": "871",
    "매도호가": "873",
    "매수총잔량": "30,379",
    "매도총잔량": "12,808",
    "상장주식수": "73,113",
    "시가총액": "638",
    "매출액": "2,042",
    "자산총계": "1,480",
    "부채총계": "759",
    "영업이익": "46",
    "당기순이익": "7",
    "주당순이익": "-203",
    "보통주배당금": "0",
    "매출액증가율": "-2.71",
    "영업이익증가율": "-23.71",
    "외국인비율": "2.29",
    "PER": "-4.30",
    "ROE": "0.96",
    "ROA": "0.46",
    "PBR": "1.18",
    "유보율": "66.4",
    "code": "021040"
}