{
    "N": "1470",
    "종목명": "대호피앤씨우",
    "현재가": "1,395",
    "상태": "하락",
    "전일비": "25",
    "등락률": "-1.76%",
    "액면가": "500",
    "거래량": "13,517",
    "거래대금": "19",
    "전일거래량": "18,261",
    "시가": "1,405",
    "고가": "1,410",
    "저가": "1,395",
    "매수호가": "1,395",
    "매도호가": "1,400",
    "매수총잔량": "5,750",
    "매도총잔량": "15,490",
    "상장주식수": "4,242",
    "시가총액": "59",
    "매출액": "N/A",
    "자산총계": "N/A",
    "부채총계": "N/A",
    "영업이익": "N/A",
    "당기순이익": "N/A",
    "주당순이익": "-203",
    "보통주배당금": "N/A",
    "매출액증가율": "N/A",
    "영업이익증가율": "N/A",
    "외국인비율": "2.98",
    "PER": "-6.87",
    "ROE": "N/A",
    "ROA": "N/A",
    "PBR": "1.88",
    "유보율": "N/A",
    "code": "021045"
}