{
    "N": "465",
    "종목명": "KCC건설",
    "현재가": "9,210",
    "상태": "하락",
    "전일비": "190",
    "등락률": "-2.02%",
    "액면가": "5,000",
    "거래량": "135,754",
    "거래대금": "1,261",
    "전일거래량": "543,606",
    "시가": "9,340",
    "고가": "9,490",
    "저가": "9,150",
    "매수호가": "9,210",
    "매도호가": "9,220",
    "매수총잔량": "18,190",
    "매도총잔량": "1,995",
    "상장주식수": "21,400",
    "시가총액": "1,971",
    "매출액": "16,425",
    "자산총계": "10,392",
    "부채총계": "6,617",
    "영업이익": "588",
    "당기순이익": "282",
    "주당순이익": "1,496",
    "보통주배당금": "150",
    "매출액증가율": "54.43",
    "영업이익증가율": "23.09",
    "외국인비율": "4.68",
    "PER": "6.16",
    "ROE": "7.72",
    "ROA": "2.81",
    "PBR": "0.47",
    "유보율": "254.0",
    "code": "021320"
}