{
    "N": "1071",
    "종목명": "한국큐빅",
    "현재가": "4,195",
    "상태": "하락",
    "전일비": "55",
    "등락률": "-1.29%",
    "액면가": "500",
    "거래량": "428,433",
    "거래대금": "1,809",
    "전일거래량": "2,351,238",
    "시가": "4,350",
    "고가": "4,350",
    "저가": "4,170",
    "매수호가": "4,190",
    "매도호가": "4,195",
    "매수총잔량": "58,453",
    "매도총잔량": "6,448",
    "상장주식수": "16,351",
    "시가총액": "686",
    "매출액": "1,568",
    "자산총계": "1,311",
    "부채총계": "739",
    "영업이익": "60",
    "당기순이익": "33",
    "주당순이익": "474",
    "보통주배당금": "25",
    "매출액증가율": "-4.58",
    "영업이익증가율": "88.22",
    "외국인비율": "4.98",
    "PER": "8.85",
    "ROE": "5.99",
    "ROA": "2.46",
    "PBR": "1.04",
    "유보율": "601.6",
    "code": "021650"
}