{
    "N": "1275",
    "종목명": "메이슨캐피탈",
    "현재가": "441",
    "상태": "하락",
    "전일비": "9",
    "등락률": "-2.00%",
    "액면가": "500",
    "거래량": "794,181",
    "거래대금": "351",
    "전일거래량": "1,050,309",
    "시가": "460",
    "고가": "460",
    "저가": "434",
    "매수호가": "441",
    "매도호가": "447",
    "매수총잔량": "87,193",
    "매도총잔량": "84,976",
    "상장주식수": "99,184",
    "시가총액": "437",
    "매출액": "83",
    "자산총계": "490",
    "부채총계": "180",
    "영업이익": "-71",
    "당기순이익": "-69",
    "주당순이익": "-49",
    "보통주배당금": "N/A",
    "매출액증가율": "-39.57",
    "영업이익증가율": "-0.29",
    "외국인비율": "2.19",
    "PER": "-9.00",
    "ROE": "-20.06",
    "ROA": "-12.07",
    "PBR": "1.35",
    "유보율": "-37.5",
    "code": "021880"
}