{
    "N": "41",
    "종목명": "포스코 ICT",
    "현재가": "8,420",
    "상태": "하락",
    "전일비": "240",
    "등락률": "-2.77%",
    "액면가": "500",
    "거래량": "4,176,137",
    "거래대금": "35,556",
    "전일거래량": "9,238,294",
    "시가": "8,660",
    "고가": "8,760",
    "저가": "8,380",
    "매수호가": "8,420",
    "매도호가": "8,430",
    "매수총잔량": "119,839",
    "매도총잔량": "39,297",
    "상장주식수": "152,035",
    "시가총액": "12,801",
    "매출액": "9,698",
    "자산총계": "6,754",
    "부채총계": "3,092",
    "영업이익": "481",
    "당기순이익": "397",
    "주당순이익": "238",
    "보통주배당금": "50",
    "매출액증가율": "4.61",
    "영업이익증가율": "14.16",
    "외국인비율": "2.83",
    "PER": "35.38",
    "ROE": "11.13",
    "ROA": "6.17",
    "PBR": "3.35",
    "유보율": "385.6",
    "code": "022100"
}