{
    "N": "851",
    "종목명": "정산애강",
    "현재가": "1,845",
    "상태": "하락",
    "전일비": "25",
    "등락률": "-1.34%",
    "액면가": "500",
    "거래량": "178,737",
    "거래대금": "332",
    "전일거래량": "158,605",
    "시가": "1,865",
    "고가": "1,880",
    "저가": "1,840",
    "매수호가": "1,845",
    "매도호가": "1,855",
    "매수총잔량": "51,894",
    "매도총잔량": "51,725",
    "상장주식수": "51,795",
    "시가총액": "956",
    "매출액": "714",
    "자산총계": "943",
    "부채총계": "113",
    "영업이익": "102",
    "당기순이익": "115",
    "주당순이익": "83",
    "보통주배당금": "N/A",
    "매출액증가율": "9.89",
    "영업이익증가율": "1.75",
    "외국인비율": "2.32",
    "PER": "22.23",
    "ROE": "14.90",
    "ROA": "12.99",
    "PBR": "1.11",
    "유보율": "222.8",
    "code": "022220"
}