{
    "N": "451",
    "종목명": "태광",
    "현재가": "7,580",
    "상태": "하락",
    "전일비": "200",
    "등락률": "-2.57%",
    "액면가": "500",
    "거래량": "571,719",
    "거래대금": "4,370",
    "전일거래량": "510,380",
    "시가": "7,860",
    "고가": "7,880",
    "저가": "7,540",
    "매수호가": "7,580",
    "매도호가": "7,590",
    "매수총잔량": "39,004",
    "매도총잔량": "29,060",
    "상장주식수": "26,500",
    "시가총액": "2,009",
    "매출액": "1,898",
    "자산총계": "4,831",
    "부채총계": "457",
    "영업이익": "87",
    "당기순이익": "108",
    "주당순이익": "86",
    "보통주배당금": "100",
    "매출액증가율": "19.61",
    "영업이익증가율": "115.50",
    "외국인비율": "12.91",
    "PER": "88.14",
    "ROE": "2.53",
    "ROA": "2.29",
    "PBR": "0.45",
    "유보율": "3,264.9",
    "code": "023160"
}