{
    "N": "984",
    "종목명": "제일제강",
    "현재가": "2,690",
    "상태": "상승",
    "전일비": "45",
    "등락률": "+1.70%",
    "액면가": "500",
    "거래량": "486,611",
    "거래대금": "1,267",
    "전일거래량": "427,962",
    "시가": "2,645",
    "고가": "2,715",
    "저가": "2,510",
    "매수호가": "2,690",
    "매도호가": "2,705",
    "매수총잔량": "51,103",
    "매도총잔량": "41,061",
    "상장주식수": "29,492",
    "시가총액": "793",
    "매출액": "251",
    "자산총계": "839",
    "부채총계": "228",
    "영업이익": "-33",
    "당기순이익": "-35",
    "주당순이익": "-180",
    "보통주배당금": "0",
    "매출액증가율": "-17.77",
    "영업이익증가율": "-556.70",
    "외국인비율": "1.81",
    "PER": "-14.94",
    "ROE": "-5.83",
    "ROA": "-4.08",
    "PBR": "1.38",
    "유보율": "313.1",
    "code": "023440"
}