{
    "N": "902",
    "종목명": "CNH",
    "현재가": "2,400",
    "상태": "상승",
    "전일비": "15",
    "등락률": "+0.63%",
    "액면가": "2,500",
    "거래량": "137,466",
    "거래대금": "334",
    "전일거래량": "562,936",
    "시가": "2,410",
    "고가": "2,470",
    "저가": "2,400",
    "매수호가": "2,400",
    "매도호가": "2,415",
    "매수총잔량": "20,090",
    "매도총잔량": "7,579",
    "상장주식수": "37,200",
    "시가총액": "893",
    "매출액": "1,678",
    "자산총계": "4,653",
    "부채총계": "3,555",
    "영업이익": "211",
    "당기순이익": "159",
    "주당순이익": "477",
    "보통주배당금": "30",
    "매출액증가율": "168.05",
    "영업이익증가율": "1,113.66",
    "외국인비율": "0.71",
    "PER": "5.03",
    "ROE": "15.27",
    "ROA": "4.03",
    "PBR": "0.74",
    "유보율": "20.0",
    "code": "023460"
}