{
    "N": "229",
    "종목명": "유진기업",
    "현재가": "4,965",
    "상태": "하락",
    "전일비": "55",
    "등락률": "-1.10%",
    "액면가": "500",
    "거래량": "1,354,252",
    "거래대금": "6,750",
    "전일거래량": "4,263,056",
    "시가": "5,050",
    "고가": "5,100",
    "저가": "4,910",
    "매수호가": "4,960",
    "매도호가": "4,965",
    "매수총잔량": "119,762",
    "매도총잔량": "42,686",
    "상장주식수": "77,311",
    "시가총액": "3,838",
    "매출액": "14,578",
    "자산총계": "45,279",
    "부채총계": "37,365",
    "영업이익": "1,280",
    "당기순이익": "196",
    "주당순이익": "438",
    "보통주배당금": "150",
    "매출액증가율": "0.46",
    "영업이익증가율": "-2.18",
    "외국인비율": "9.53",
    "PER": "11.34",
    "ROE": "2.61",
    "ROA": "0.45",
    "PBR": "0.43",
    "유보율": "1,963.7",
    "code": "023410"
}