{
    "N": "988",
    "종목명": "플레이위드",
    "현재가": "9,070",
    "상태": "상승",
    "전일비": "30",
    "등락률": "+0.33%",
    "액면가": "500",
    "거래량": "59,005",
    "거래대금": "537",
    "전일거래량": "43,475",
    "시가": "9,110",
    "고가": "9,280",
    "저가": "9,010",
    "매수호가": "9,060",
    "매도호가": "9,070",
    "매수총잔량": "9,482",
    "매도총잔량": "3,372",
    "상장주식수": "8,704",
    "시가총액": "789",
    "매출액": "560",
    "자산총계": "1,227",
    "부채총계": "1,046",
    "영업이익": "136",
    "당기순이익": "91",
    "주당순이익": "2,349",
    "보통주배당금": "0",
    "매출액증가율": "374.23",
    "영업이익증가율": "810.34",
    "외국인비율": "1.91",
    "PER": "3.86",
    "ROE": "81.43",
    "ROA": "8.99",
    "PBR": "2.42",
    "유보율": "791.5",
    "code": "023770"
}