{
    "N": "497",
    "종목명": "한국캐피탈",
    "현재가": "585",
    "상태": "하락",
    "전일비": "9",
    "등락률": "-1.52%",
    "액면가": "500",
    "거래량": "463,640",
    "거래대금": "273",
    "전일거래량": "1,894,006",
    "시가": "594",
    "고가": "595",
    "저가": "580",
    "매수호가": "585",
    "매도호가": "586",
    "매수총잔량": "14,681",
    "매도총잔량": "54,274",
    "상장주식수": "315,610",
    "시가총액": "1,846",
    "매출액": "1,771",
    "자산총계": "22,634",
    "부채총계": "19,803",
    "영업이익": "269",
    "당기순이익": "210",
    "주당순이익": "99",
    "보통주배당금": "25",
    "매출액증가율": "25.86",
    "영업이익증가율": "28.99",
    "외국인비율": "0.44",
    "PER": "5.91",
    "ROE": "7.81",
    "ROA": "1.00",
    "PBR": "0.61",
    "유보율": "80.7",
    "code": "023760"
}