{
    "N": "1294",
    "종목명": "동일철강",
    "현재가": "5,710",
    "상태": "하락",
    "전일비": "190",
    "등락률": "-3.22%",
    "액면가": "500",
    "거래량": "149,461",
    "거래대금": "865",
    "전일거래량": "166,266",
    "시가": "5,920",
    "고가": "5,970",
    "저가": "5,700",
    "매수호가": "5,710",
    "매도호가": "5,740",
    "매수총잔량": "11,064",
    "매도총잔량": "6,145",
    "상장주식수": "7,345",
    "시가총액": "419",
    "매출액": "266",
    "자산총계": "901",
    "부채총계": "358",
    "영업이익": "-40",
    "당기순이익": "39",
    "주당순이익": "-809",
    "보통주배당금": "N/A",
    "매출액증가율": "9.66",
    "영업이익증가율": "-86.48",
    "외국인비율": "1.56",
    "PER": "-7.06",
    "ROE": "7.33",
    "ROA": "3.29",
    "PBR": "0.73",
    "유보율": "1,235.8",
    "code": "023790"
}