{
    "N": "143",
    "종목명": "한국아트라스비엑스",
    "현재가": "59,000",
    "상태": "상승",
    "전일비": "3,200",
    "등락률": "+5.73%",
    "액면가": "1,000",
    "거래량": "5,800",
    "거래대금": "330",
    "전일거래량": "1,543",
    "시가": "56,000",
    "고가": "59,000",
    "저가": "55,100",
    "매수호가": "59,000",
    "매도호가": "59,400",
    "매수총잔량": "919",
    "매도총잔량": "322",
    "상장주식수": "9,150",
    "시가총액": "5,398",
    "매출액": "6,480",
    "자산총계": "4,803",
    "부채총계": "1,132",
    "영업이익": "646",
    "당기순이익": "531",
    "주당순이익": "5,536",
    "보통주배당금": "400",
    "매출액증가율": "-0.66",
    "영업이익증가율": "0.57",
    "외국인비율": "2.64",
    "PER": "10.66",
    "ROE": "15.60",
    "ROA": "10.99",
    "PBR": "0.55",
    "유보율": "6,847.9",
    "code": "023890"
}