{
    "N": "343",
    "종목명": "풍국주정",
    "현재가": "21,250",
    "상태": "하락",
    "전일비": "200",
    "등락률": "-0.93%",
    "액면가": "500",
    "거래량": "117,192",
    "거래대금": "2,492",
    "전일거래량": "170,123",
    "시가": "21,550",
    "고가": "21,600",
    "저가": "21,100",
    "매수호가": "21,250",
    "매도호가": "21,300",
    "매수총잔량": "21,689",
    "매도총잔량": "14,708",
    "상장주식수": "12,600",
    "시가총액": "2,678",
    "매출액": "1,214",
    "자산총계": "1,801",
    "부채총계": "326",
    "영업이익": "105",
    "당기순이익": "91",
    "주당순이익": "612",
    "보통주배당금": "160",
    "매출액증가율": "0.81",
    "영업이익증가율": "-21.63",
    "외국인비율": "0.67",
    "PER": "34.72",
    "ROE": "5.95",
    "ROA": "5.14",
    "PBR": "1.91",
    "유보율": "1,966.6",
    "code": "023900"
}