{
    "N": "475",
    "종목명": "대한약품",
    "현재가": "32,050",
    "전일비": "0",
    "등락률": "0.00%",
    "액면가": "500",
    "거래량": "76,481",
    "거래대금": "2,448",
    "전일거래량": "58,554",
    "시가": "32,400",
    "고가": "32,400",
    "저가": "31,800",
    "매수호가": "32,050",
    "매도호가": "32,100",
    "매수총잔량": "19,437",
    "매도총잔량": "3,457",
    "상장주식수": "6,000",
    "시가총액": "1,923",
    "매출액": "1,688",
    "자산총계": "2,469",
    "부채총계": "801",
    "영업이익": "336",
    "당기순이익": "282",
    "주당순이익": "4,374",
    "보통주배당금": "400",
    "매출액증가율": "6.33",
    "영업이익증가율": "-7.12",
    "외국인비율": "12.59",
    "PER": "7.33",
    "ROE": "18.34",
    "ROA": "11.70",
    "PBR": "1.05",
    "유보율": "5,459.2",
    "code": "023910"
}