{
    "N": "774",
    "종목명": "흥구석유",
    "현재가": "7,330",
    "상태": "상승",
    "전일비": "40",
    "등락률": "+0.55%",
    "액면가": "100",
    "거래량": "5,554,968",
    "거래대금": "43,964",
    "전일거래량": "750,891",
    "시가": "7,900",
    "고가": "8,290",
    "저가": "7,330",
    "매수호가": "7,330",
    "매도호가": "7,350",
    "매수총잔량": "59,122",
    "매도총잔량": "6,533",
    "상장주식수": "15,000",
    "시가총액": "1,100",
    "매출액": "1,507",
    "자산총계": "837",
    "부채총계": "67",
    "영업이익": "5",
    "당기순이익": "83",
    "주당순이익": "110",
    "보통주배당금": "150",
    "매출액증가율": "-9.35",
    "영업이익증가율": "-54.16",
    "외국인비율": "0.43",
    "PER": "66.64",
    "ROE": "11.25",
    "ROA": "10.44",
    "PBR": "1.41",
    "유보율": "5,078.9",
    "code": "024060"
}