{
    "N": "900",
    "종목명": "KB오토시스",
    "현재가": "7,780",
    "상태": "상승",
    "전일비": "310",
    "등락률": "+4.15%",
    "액면가": "500",
    "거래량": "281,715",
    "거래대금": "2,213",
    "전일거래량": "81,603",
    "시가": "7,590",
    "고가": "8,150",
    "저가": "7,590",
    "매수호가": "7,780",
    "매도호가": "7,810",
    "매수총잔량": "10,445",
    "매도총잔량": "6,280",
    "상장주식수": "11,500",
    "시가총액": "895",
    "매출액": "1,478",
    "자산총계": "1,439",
    "부채총계": "414",
    "영업이익": "127",
    "당기순이익": "107",
    "주당순이익": "278",
    "보통주배당금": "230",
    "매출액증가율": "-2.68",
    "영업이익증가율": "-12.94",
    "외국인비율": "34.08",
    "PER": "27.99",
    "ROE": "10.84",
    "ROA": "7.39",
    "PBR": "0.88",
    "유보율": "1,707.2",
    "code": "024120"
}