{
    "N": "1161",
    "종목명": "한일단조",
    "현재가": "1,920",
    "상태": "하락",
    "전일비": "10",
    "등락률": "-0.52%",
    "액면가": "500",
    "거래량": "628,012",
    "거래대금": "1,204",
    "전일거래량": "605,642",
    "시가": "1,920",
    "고가": "1,955",
    "저가": "1,880",
    "매수호가": "1,915",
    "매도호가": "1,920",
    "매수총잔량": "65,265",
    "매도총잔량": "61,926",
    "상장주식수": "29,891",
    "시가총액": "574",
    "매출액": "1,412",
    "자산총계": "2,335",
    "부채총계": "1,191",
    "영업이익": "57",
    "당기순이익": "35",
    "주당순이익": "-216",
    "보통주배당금": "N/A",
    "매출액증가율": "-7.49",
    "영업이익증가율": "981.50",
    "외국인비율": "2.54",
    "PER": "-8.89",
    "ROE": "2.94",
    "ROA": "1.54",
    "PBR": "0.55",
    "유보율": "623.2",
    "code": "024740"
}