{
    "N": "1135",
    "종목명": "KBI메탈",
    "현재가": "1,855",
    "상태": "하락",
    "전일비": "20",
    "등락률": "-1.07%",
    "액면가": "500",
    "거래량": "526,622",
    "거래대금": "989",
    "전일거래량": "653,991",
    "시가": "1,905",
    "고가": "1,935",
    "저가": "1,845",
    "매수호가": "1,855",
    "매도호가": "1,860",
    "매수총잔량": "32,180",
    "매도총잔량": "36,698",
    "상장주식수": "32,951",
    "시가총액": "611",
    "매출액": "4,948",
    "자산총계": "2,194",
    "부채총계": "1,261",
    "영업이익": "103",
    "당기순이익": "68",
    "주당순이익": "346",
    "보통주배당금": "N/A",
    "매출액증가율": "6.69",
    "영업이익증가율": "95.20",
    "외국인비율": "2.96",
    "PER": "5.36",
    "ROE": "7.58",
    "ROA": "3.24",
    "PBR": "0.64",
    "유보율": "469.1",
    "code": "024840"
}