{
    "N": "954",
    "종목명": "유성티엔에스",
    "현재가": "3,060",
    "상태": "하락",
    "전일비": "40",
    "등락률": "-1.29%",
    "액면가": "500",
    "거래량": "416,088",
    "거래대금": "1,275",
    "전일거래량": "1,405,720",
    "시가": "3,120",
    "고가": "3,170",
    "저가": "3,010",
    "매수호가": "3,060",
    "매도호가": "3,065",
    "매수총잔량": "50,128",
    "매도총잔량": "31,468",
    "상장주식수": "27,214",
    "시가총액": "833",
    "매출액": "3,581",
    "자산총계": "3,972",
    "부채총계": "1,927",
    "영업이익": "74",
    "당기순이익": "217",
    "주당순이익": "1,132",
    "보통주배당금": "15",
    "매출액증가율": "-8.88",
    "영업이익증가율": "33.33",
    "외국인비율": "0.41",
    "PER": "2.70",
    "ROE": "11.61",
    "ROA": "5.68",
    "PBR": "0.32",
    "유보율": "1,364.3",
    "code": "024800"
}