{
    "N": "618",
    "종목명": "이화전기",
    "현재가": "203",
    "상태": "상승",
    "전일비": "1",
    "등락률": "+0.50%",
    "액면가": "200",
    "거래량": "23,909,237",
    "거래대금": "4,852",
    "전일거래량": "35,551,937",
    "시가": "202",
    "고가": "208",
    "저가": "200",
    "매수호가": "202",
    "매도호가": "203",
    "매수총잔량": "4,975,018",
    "매도총잔량": "3,305,822",
    "상장주식수": "718,312",
    "시가총액": "1,458",
    "매출액": "568",
    "자산총계": "2,261",
    "부채총계": "165",
    "영업이익": "6",
    "당기순이익": "1",
    "주당순이익": "-13",
    "보통주배당금": "N/A",
    "매출액증가율": "35.20",
    "영업이익증가율": "116.60",
    "외국인비율": "1.50",
    "PER": "-15.62",
    "ROE": "0.04",
    "ROA": "0.04",
    "PBR": "0.78",
    "유보율": "51.2",
    "code": "024810"
}