{
    "N": "854",
    "종목명": "케이피에프",
    "현재가": "5,380",
    "상태": "하락",
    "전일비": "60",
    "등락률": "-1.10%",
    "액면가": "500",
    "거래량": "375,334",
    "거래대금": "2,005",
    "전일거래량": "907,288",
    "시가": "5,430",
    "고가": "5,440",
    "저가": "5,280",
    "매수호가": "5,380",
    "매도호가": "5,390",
    "매수총잔량": "28,220",
    "매도총잔량": "15,335",
    "상장주식수": "17,718",
    "시가총액": "953",
    "매출액": "3,763",
    "자산총계": "4,158",
    "부채총계": "2,540",
    "영업이익": "163",
    "당기순이익": "76",
    "주당순이익": "-165",
    "보통주배당금": "160",
    "매출액증가율": "0.33",
    "영업이익증가율": "2.82",
    "외국인비율": "1.06",
    "PER": "-32.61",
    "ROE": "4.91",
    "ROA": "1.85",
    "PBR": "0.56",
    "유보율": "1,822.5",
    "code": "024880"
}