{
    "N": "1201",
    "종목명": "세원물산",
    "현재가": "6,280",
    "전일비": "0",
    "등락률": "0.00%",
    "액면가": "500",
    "거래량": "0",
    "거래대금": "0",
    "전일거래량": "0",
    "시가": "0",
    "고가": "0",
    "저가": "0",
    "매수호가": "0",
    "매도호가": "0",
    "매수총잔량": "0",
    "매도총잔량": "0",
    "상장주식수": "8,350",
    "시가총액": "524",
    "매출액": "1,153",
    "자산총계": "2,840",
    "부채총계": "950",
    "영업이익": "126",
    "당기순이익": "131",
    "주당순이익": "1,729",
    "보통주배당금": "25",
    "매출액증가율": "32.73",
    "영업이익증가율": "312.70",
    "외국인비율": "2.47",
    "PER": "3.63",
    "ROE": "7.20",
    "ROA": "4.98",
    "PBR": "0.26",
    "유보율": "3,773.7",
    "code": "024830"
}