{
    "N": "1084",
    "종목명": "피에스엠씨",
    "현재가": "1,685",
    "상태": "상승",
    "전일비": "255",
    "등락률": "+17.83%",
    "액면가": "500",
    "거래량": "11,299,266",
    "거래대금": "18,236",
    "전일거래량": "2,129,207",
    "시가": "1,450",
    "고가": "1,780",
    "저가": "1,450",
    "매수호가": "1,685",
    "매도호가": "1,690",
    "매수총잔량": "67,904",
    "매도총잔량": "123,779",
    "상장주식수": "40,017",
    "시가총액": "674",
    "매출액": "380",
    "자산총계": "355",
    "부채총계": "151",
    "영업이익": "-9",
    "당기순이익": "1",
    "주당순이익": "-33",
    "보통주배당금": "N/A",
    "매출액증가율": "-13.18",
    "영업이익증가율": "54.33",
    "외국인비율": "3.71",
    "PER": "-51.06",
    "ROE": "0.49",
    "ROA": "0.28",
    "PBR": "3.61",
    "유보율": "9.6",
    "code": "024850"
}