{
    "N": "822",
    "종목명": "경창산업",
    "현재가": "2,850",
    "상태": "하락",
    "전일비": "80",
    "등락률": "-2.73%",
    "액면가": "500",
    "거래량": "310,695",
    "거래대금": "891",
    "전일거래량": "875,944",
    "시가": "2,930",
    "고가": "2,990",
    "저가": "2,800",
    "매수호가": "2,850",
    "매도호가": "2,860",
    "매수총잔량": "26,058",
    "매도총잔량": "10,570",
    "상장주식수": "35,819",
    "시가총액": "1,021",
    "매출액": "5,313",
    "자산총계": "5,649",
    "부채총계": "4,725",
    "영업이익": "-152",
    "당기순이익": "-765",
    "주당순이익": "-1,616",
    "보통주배당금": "N/A",
    "매출액증가율": "-10.92",
    "영업이익증가율": "-191.99",
    "외국인비율": "3.01",
    "PER": "-1.76",
    "ROE": "-65.12",
    "ROA": "-12.72",
    "PBR": "1.40",
    "유보율": "32.7",
    "code": "024910"
}