{
    "N": "725",
    "종목명": "삼천리자전거",
    "현재가": "9,010",
    "상태": "상승",
    "전일비": "140",
    "등락률": "+1.58%",
    "액면가": "500",
    "거래량": "77,240",
    "거래대금": "690",
    "전일거래량": "66,605",
    "시가": "8,900",
    "고가": "9,020",
    "저가": "8,820",
    "매수호가": "9,000",
    "매도호가": "9,010",
    "매수총잔량": "7,273",
    "매도총잔량": "7,419",
    "상장주식수": "13,274",
    "시가총액": "1,196",
    "매출액": "871",
    "자산총계": "1,467",
    "부채총계": "672",
    "영업이익": "-82",
    "당기순이익": "-83",
    "주당순이익": "-918",
    "보통주배당금": "N/A",
    "매출액증가율": "9.41",
    "영업이익증가율": "51.47",
    "외국인비율": "3.01",
    "PER": "-9.81",
    "ROE": "-9.21",
    "ROA": "-5.40",
    "PBR": "1.55",
    "유보율": "1,216.5",
    "code": "024950"
}