{
    "N": "1297",
    "종목명": "PN풍년",
    "현재가": "4,155",
    "상태": "상승",
    "전일비": "160",
    "등락률": "+4.01%",
    "액면가": "500",
    "거래량": "175,386",
    "거래대금": "715",
    "전일거래량": "199,444",
    "시가": "3,995",
    "고가": "4,155",
    "저가": "3,970",
    "매수호가": "4,150",
    "매도호가": "4,155",
    "매수총잔량": "13,133",
    "매도총잔량": "15,905",
    "상장주식수": "10,000",
    "시가총액": "416",
    "매출액": "546",
    "자산총계": "524",
    "부채총계": "142",
    "영업이익": "-13",
    "당기순이익": "54",
    "주당순이익": "305",
    "보통주배당금": "25",
    "매출액증가율": "-11.72",
    "영업이익증가율": "-251.37",
    "외국인비율": "0.41",
    "PER": "13.62",
    "ROE": "15.19",
    "ROA": "10.74",
    "PBR": "0.93",
    "유보율": "669.2",
    "code": "024940"
}