{
    "N": "299",
    "종목명": "시노펙스",
    "현재가": "4,145",
    "상태": "상승",
    "전일비": "85",
    "등락률": "+2.09%",
    "액면가": "500",
    "거래량": "1,094,008",
    "거래대금": "4,509",
    "전일거래량": "1,335,289",
    "시가": "4,070",
    "고가": "4,170",
    "저가": "4,070",
    "매수호가": "4,140",
    "매도호가": "4,145",
    "매수총잔량": "25,077",
    "매도총잔량": "73,088",
    "상장주식수": "73,243",
    "시가총액": "3,036",
    "매출액": "2,171",
    "자산총계": "1,536",
    "부채총계": "709",
    "영업이익": "167",
    "당기순이익": "62",
    "주당순이익": "-105",
    "보통주배당금": "0",
    "매출액증가율": "31.23",
    "영업이익증가율": "394.30",
    "외국인비율": "5.15",
    "PER": "-39.48",
    "ROE": "8.27",
    "ROA": "3.97",
    "PBR": "3.62",
    "유보율": "146.6",
    "code": "025320"
}