{
    "N": "766",
    "종목명": "대성엘텍",
    "현재가": "1,120",
    "상태": "하락",
    "전일비": "20",
    "등락률": "-1.75%",
    "액면가": "500",
    "거래량": "20,762,244",
    "거래대금": "23,792",
    "전일거래량": "60,089,771",
    "시가": "1,150",
    "고가": "1,240",
    "저가": "1,050",
    "매수호가": "1,115",
    "매도호가": "1,120",
    "매수총잔량": "570,031",
    "매도총잔량": "339,769",
    "상장주식수": "99,661",
    "시가총액": "1,116",
    "매출액": "3,774",
    "자산총계": "1,105",
    "부채총계": "725",
    "영업이익": "-69",
    "당기순이익": "-99",
    "주당순이익": "-59",
    "보통주배당금": "N/A",
    "매출액증가율": "8.43",
    "영업이익증가율": "-388.63",
    "외국인비율": "38.39",
    "PER": "-18.98",
    "ROE": "-24.15",
    "ROA": "-9.03",
    "PBR": "2.93",
    "유보율": "-33.3",
    "code": "025440"
}