{
    "N": "259",
    "종목명": "한국정보통신",
    "현재가": "9,010",
    "상태": "하락",
    "전일비": "60",
    "등락률": "-0.66%",
    "액면가": "500",
    "거래량": "52,220",
    "거래대금": "470",
    "전일거래량": "49,087",
    "시가": "9,100",
    "고가": "9,110",
    "저가": "8,950",
    "매수호가": "9,000",
    "매도호가": "9,010",
    "매수총잔량": "7,268",
    "매도총잔량": "6,161",
    "상장주식수": "37,444",
    "시가총액": "3,374",
    "매출액": "4,988",
    "자산총계": "3,536",
    "부채총계": "1,513",
    "영업이익": "342",
    "당기순이익": "245",
    "주당순이익": "451",
    "보통주배당금": "N/A",
    "매출액증가율": "12.45",
    "영업이익증가율": "2.03",
    "외국인비율": "64.47",
    "PER": "19.98",
    "ROE": "12.70",
    "ROA": "7.64",
    "PBR": "1.57",
    "유보율": "1,015.1",
    "code": "025770"
}