{
    "N": "1301",
    "종목명": "케이씨피드",
    "현재가": "2,435",
    "상태": "상승",
    "전일비": "25",
    "등락률": "+1.04%",
    "액면가": "500",
    "거래량": "339,981",
    "거래대금": "824",
    "전일거래량": "311,381",
    "시가": "2,410",
    "고가": "2,470",
    "저가": "2,385",
    "매수호가": "2,430",
    "매도호가": "2,435",
    "매수총잔량": "34,371",
    "매도총잔량": "57,028",
    "상장주식수": "16,716",
    "시가총액": "407",
    "매출액": "643",
    "자산총계": "1,015",
    "부채총계": "490",
    "영업이익": "-17",
    "당기순이익": "-65",
    "주당순이익": "-358",
    "보통주배당금": "15",
    "매출액증가율": "0.90",
    "영업이익증가율": "-575.42",
    "외국인비율": "11.99",
    "PER": "-6.80",
    "ROE": "-11.61",
    "ROA": "-6.29",
    "PBR": "0.73",
    "유보율": "554.1",
    "code": "025880"
}