{
    "N": "1339",
    "종목명": "신라에스지",
    "현재가": "8,630",
    "상태": "하락",
    "전일비": "40",
    "등락률": "-0.46%",
    "액면가": "500",
    "거래량": "26,604",
    "거래대금": "230",
    "전일거래량": "43,301",
    "시가": "8,700",
    "고가": "8,730",
    "저가": "8,590",
    "매수호가": "8,630",
    "매도호가": "8,650",
    "매수총잔량": "7,391",
    "매도총잔량": "6,856",
    "상장주식수": "4,000",
    "시가총액": "345",
    "매출액": "894",
    "자산총계": "480",
    "부채총계": "322",
    "영업이익": "21",
    "당기순이익": "7",
    "주당순이익": "-398",
    "보통주배당금": "N/A",
    "매출액증가율": "23.30",
    "영업이익증가율": "144.82",
    "외국인비율": "1.20",
    "PER": "-21.68",
    "ROE": "4.79",
    "ROA": "1.52",
    "PBR": "2.43",
    "유보율": "692.7",
    "code": "025870"
}