{
    "N": "49",
    "종목명": "동화기업",
    "현재가": "55,300",
    "상태": "상승",
    "전일비": "200",
    "등락률": "+0.36%",
    "액면가": "500",
    "거래량": "269,744",
    "거래대금": "14,810",
    "전일거래량": "218,779",
    "시가": "54,700",
    "고가": "56,800",
    "저가": "53,600",
    "매수호가": "55,300",
    "매도호가": "55,400",
    "매수총잔량": "6,060",
    "매도총잔량": "4,526",
    "상장주식수": "20,198",
    "시가총액": "11,170",
    "매출액": "7,174",
    "자산총계": "14,406",
    "부채총계": "7,629",
    "영업이익": "585",
    "당기순이익": "434",
    "주당순이익": "1,465",
    "보통주배당금": "150",
    "매출액증가율": "-5.60",
    "영업이익증가율": "-30.47",
    "외국인비율": "42.28",
    "PER": "37.75",
    "ROE": "5.30",
    "ROA": "3.25",
    "PBR": "1.80",
    "유보율": "7,701.1",
    "code": "025900"
}