{
    "N": "94",
    "종목명": "아난티",
    "현재가": "8,480",
    "상태": "상승",
    "전일비": "200",
    "등락률": "+2.42%",
    "액면가": "100",
    "거래량": "4,312,082",
    "거래대금": "36,418",
    "전일거래량": "1,713,602",
    "시가": "8,260",
    "고가": "8,790",
    "저가": "8,160",
    "매수호가": "8,480",
    "매도호가": "8,490",
    "매수총잔량": "59,655",
    "매도총잔량": "81,889",
    "상장주식수": "85,179",
    "시가총액": "7,223",
    "매출액": "1,427",
    "자산총계": "8,460",
    "부채총계": "4,526",
    "영업이익": "47",
    "당기순이익": "-80",
    "주당순이익": "-629",
    "보통주배당금": "0",
    "매출액증가율": "-12.01",
    "영업이익증가율": "-62.91",
    "외국인비율": "5.31",
    "PER": "-13.48",
    "ROE": "-2.02",
    "ROA": "-0.98",
    "PBR": "2.12",
    "유보율": "3,408.7",
    "code": "025980"
}