{
    "N": "203",
    "종목명": "동신건설",
    "현재가": "49,600",
    "상태": "상승",
    "전일비": "3,100",
    "등락률": "+6.67%",
    "액면가": "500",
    "거래량": "5,099,042",
    "거래대금": "251,848",
    "전일거래량": "3,448,367",
    "시가": "48,150",
    "고가": "54,000",
    "저가": "43,350",
    "매수호가": "49,550",
    "매도호가": "49,600",
    "매수총잔량": "6,604",
    "매도총잔량": "7,909",
    "상장주식수": "8,400",
    "시가총액": "4,166",
    "매출액": "240",
    "자산총계": "1,020",
    "부채총계": "148",
    "영업이익": "-4",
    "당기순이익": "8",
    "주당순이익": "-85",
    "보통주배당금": "N/A",
    "매출액증가율": "-11.32",
    "영업이익증가율": "-134.83",
    "외국인비율": "0.17",
    "PER": "-583.53",
    "ROE": "0.96",
    "ROA": "0.84",
    "PBR": "4.71",
    "유보율": "1,977.5",
    "code": "025950"
}