{
    "N": "1337",
    "종목명": "제이에스티나",
    "현재가": "2,135",
    "상태": "상승",
    "전일비": "35",
    "등락률": "+1.67%",
    "액면가": "500",
    "거래량": "32,738",
    "거래대금": "69",
    "전일거래량": "91,252",
    "시가": "2,100",
    "고가": "2,150",
    "저가": "2,090",
    "매수호가": "2,130",
    "매도호가": "2,135",
    "매수총잔량": "10,470",
    "매도총잔량": "25,818",
    "상장주식수": "16,504",
    "시가총액": "352",
    "매출액": "961",
    "자산총계": "820",
    "부채총계": "367",
    "영업이익": "-285",
    "당기순이익": "-334",
    "주당순이익": "-2,027",
    "보통주배당금": "N/A",
    "매출액증가율": "-24.51",
    "영업이익증가율": "-3,232.25",
    "외국인비율": "0.78",
    "PER": "-1.05",
    "ROE": "-57.29",
    "ROA": "-33.91",
    "PBR": "0.93",
    "유보율": "482.0",
    "code": "026040"
}