{
    "N": "756",
    "종목명": "특수건설",
    "현재가": "7,320",
    "상태": "하락",
    "전일비": "80",
    "등락률": "-1.08%",
    "액면가": "500",
    "거래량": "794,160",
    "거래대금": "5,868",
    "전일거래량": "1,559,207",
    "시가": "7,550",
    "고가": "7,550",
    "저가": "7,260",
    "매수호가": "7,320",
    "매도호가": "7,330",
    "매수총잔량": "49,803",
    "매도총잔량": "21,298",
    "상장주식수": "15,626",
    "시가총액": "1,144",
    "매출액": "1,932",
    "자산총계": "1,722",
    "부채총계": "857",
    "영업이익": "9",
    "당기순이익": "8",
    "주당순이익": "93",
    "보통주배당금": "0",
    "매출액증가율": "3.76",
    "영업이익증가율": "-20.12",
    "외국인비율": "1.40",
    "PER": "78.71",
    "ROE": "0.91",
    "ROA": "0.49",
    "PBR": "1.28",
    "유보율": "1,065.3",
    "code": "026150"
}