{
    "N": "1362",
    "종목명": "광진실업",
    "현재가": "4,660",
    "상태": "하락",
    "전일비": "35",
    "등락률": "-0.75%",
    "액면가": "500",
    "거래량": "340,910",
    "거래대금": "1,583",
    "전일거래량": "1,126,100",
    "시가": "4,695",
    "고가": "4,785",
    "저가": "4,520",
    "매수호가": "4,655",
    "매도호가": "4,680",
    "매수총잔량": "24,405",
    "매도총잔량": "6,163",
    "상장주식수": "6,405",
    "시가총액": "298",
    "매출액": "430",
    "자산총계": "361",
    "부채총계": "80",
    "영업이익": "-12",
    "당기순이익": "-10",
    "주당순이익": "-486",
    "보통주배당금": "N/A",
    "매출액증가율": "-1.52",
    "영업이익증가율": "-509.53",
    "외국인비율": "4.69",
    "PER": "-9.59",
    "ROE": "-3.42",
    "ROA": "-2.71",
    "PBR": "1.17",
    "유보율": "776.7",
    "code": "026910"
}