{
    "N": "467",
    "종목명": "코리아나",
    "현재가": "4,890",
    "상태": "상승",
    "전일비": "10",
    "등락률": "+0.20%",
    "액면가": "500",
    "거래량": "395,634",
    "거래대금": "1,940",
    "전일거래량": "467,241",
    "시가": "4,880",
    "고가": "4,940",
    "저가": "4,875",
    "매수호가": "4,890",
    "매도호가": "4,900",
    "매수총잔량": "41,997",
    "매도총잔량": "21,994",
    "상장주식수": "40,000",
    "시가총액": "1,956",
    "매출액": "1,172",
    "자산총계": "1,223",
    "부채총계": "447",
    "영업이익": "31",
    "당기순이익": "5",
    "주당순이익": "-35",
    "보통주배당금": "N/A",
    "매출액증가율": "1.27",
    "영업이익증가율": "50.00",
    "외국인비율": "4.34",
    "PER": "-139.71",
    "ROE": "0.76",
    "ROA": "0.42",
    "PBR": "1.95",
    "유보율": "372.9",
    "code": "027050"
}