{
    "N": "1128",
    "종목명": "서울전자통신",
    "현재가": "888",
    "상태": "하락",
    "전일비": "25",
    "등락률": "-2.74%",
    "액면가": "500",
    "거래량": "496,533",
    "거래대금": "442",
    "전일거래량": "749,134",
    "시가": "914",
    "고가": "915",
    "저가": "878",
    "매수호가": "888",
    "매도호가": "889",
    "매수총잔량": "49,674",
    "매도총잔량": "9,063",
    "상장주식수": "69,589",
    "시가총액": "618",
    "매출액": "656",
    "자산총계": "1,374",
    "부채총계": "439",
    "영업이익": "-18",
    "당기순이익": "41",
    "주당순이익": "48",
    "보통주배당금": "N/A",
    "매출액증가율": "-22.49",
    "영업이익증가율": "-8.37",
    "외국인비율": "1.21",
    "PER": "18.50",
    "ROE": "6.35",
    "ROA": "3.71",
    "PBR": "0.53",
    "유보율": "22.7",
    "code": "027040"
}