{
    "N": "154",
    "종목명": "아주IB투자",
    "현재가": "4,190",
    "상태": "상승",
    "전일비": "35",
    "등락률": "+0.84%",
    "액면가": "500",
    "거래량": "3,711,829",
    "거래대금": "15,705",
    "전일거래량": "1,348,215",
    "시가": "4,160",
    "고가": "4,335",
    "저가": "4,120",
    "매수호가": "4,185",
    "매도호가": "4,190",
    "매수총잔량": "38,635",
    "매도총잔량": "42,311",
    "상장주식수": "119,015",
    "시가총액": "4,987",
    "매출액": "641",
    "자산총계": "3,139",
    "부채총계": "1,464",
    "영업이익": "217",
    "당기순이익": "163",
    "주당순이익": "250",
    "보통주배당금": "35",
    "매출액증가율": "-12.04",
    "영업이익증가율": "45.22",
    "외국인비율": "0.09",
    "PER": "16.76",
    "ROE": "10.07",
    "ROA": "4.99",
    "PBR": "2.65",
    "유보율": "185.3",
    "code": "027360"
}