{
    "N": "1142",
    "종목명": "상보",
    "현재가": "1,290",
    "상태": "하락",
    "전일비": "10",
    "등락률": "-0.77%",
    "액면가": "500",
    "거래량": "798,336",
    "거래대금": "1,030",
    "전일거래량": "871,244",
    "시가": "1,290",
    "고가": "1,320",
    "저가": "1,280",
    "매수호가": "1,290",
    "매도호가": "1,295",
    "매수총잔량": "265,445",
    "매도총잔량": "94,425",
    "상장주식수": "46,818",
    "시가총액": "604",
    "매출액": "489",
    "자산총계": "1,046",
    "부채총계": "751",
    "영업이익": "-50",
    "당기순이익": "-104",
    "주당순이익": "-11",
    "보통주배당금": "0",
    "매출액증가율": "-7.30",
    "영업이익증가율": "-362.21",
    "외국인비율": "2.07",
    "PER": "-117.27",
    "ROE": "-42.03",
    "ROA": "-9.30",
    "PBR": "1.68",
    "유보율": "45.4",
    "code": "027580"
}