{
    "N": "665",
    "종목명": "팜스토리",
    "현재가": "1,190",
    "상태": "하락",
    "전일비": "15",
    "등락률": "-1.24%",
    "액면가": "500",
    "거래량": "800,802",
    "거래대금": "955",
    "전일거래량": "1,863,003",
    "시가": "1,210",
    "고가": "1,215",
    "저가": "1,180",
    "매수호가": "1,185",
    "매도호가": "1,190",
    "매수총잔량": "257,328",
    "매도총잔량": "392,828",
    "상장주식수": "111,417",
    "시가총액": "1,326",
    "매출액": "9,708",
    "자산총계": "6,413",
    "부채총계": "4,724",
    "영업이익": "148",
    "당기순이익": "-138",
    "주당순이익": "-30",
    "보통주배당금": "25",
    "매출액증가율": "5.34",
    "영업이익증가율": "-23.14",
    "외국인비율": "1.17",
    "PER": "-39.67",
    "ROE": "-3.30",
    "ROA": "-2.12",
    "PBR": "0.66",
    "유보율": "152.5",
    "code": "027710"
}