{
    "N": "961",
    "종목명": "대성창투",
    "현재가": "2,060",
    "상태": "상승",
    "전일비": "80",
    "등락률": "+4.04%",
    "액면가": "500",
    "거래량": "1,149,445",
    "거래대금": "2,327",
    "전일거래량": "247,727",
    "시가": "1,985",
    "고가": "2,060",
    "저가": "1,955",
    "매수호가": "2,055",
    "매도호가": "2,060",
    "매수총잔량": "55,586",
    "매도총잔량": "251,508",
    "상장주식수": "40,000",
    "시가총액": "824",
    "매출액": "69",
    "자산총계": "509",
    "부채총계": "9",
    "영업이익": "-4",
    "당기순이익": "-2",
    "주당순이익": "130",
    "보통주배당금": "N/A",
    "매출액증가율": "-28.47",
    "영업이익증가율": "-121.48",
    "외국인비율": "0.83",
    "PER": "15.85",
    "ROE": "-0.35",
    "ROA": "-0.34",
    "PBR": "1.55",
    "유보율": "150.1",
    "code": "027830"
}