{
    "N": "1171",
    "종목명": "휴맥스홀딩스",
    "현재가": "4,455",
    "전일비": "0",
    "등락률": "0.00%",
    "액면가": "500",
    "거래량": "97,329",
    "거래대금": "430",
    "전일거래량": "73,255",
    "시가": "4,360",
    "고가": "4,530",
    "저가": "4,330",
    "매수호가": "4,455",
    "매도호가": "4,460",
    "매수총잔량": "4,596",
    "매도총잔량": "6,311",
    "상장주식수": "12,578",
    "시가총액": "560",
    "매출액": "93",
    "자산총계": "1,696",
    "부채총계": "165",
    "영업이익": "10",
    "당기순이익": "58",
    "주당순이익": "-1,912",
    "보통주배당금": "N/A",
    "매출액증가율": "N/A",
    "영업이익증가율": "N/A",
    "외국인비율": "0.64",
    "PER": "-2.33",
    "ROE": "N/A",
    "ROA": "N/A",
    "PBR": "0.38",
    "유보율": "2,715.8",
    "code": "028080"
}