{
    "N": "3",
    "종목명": "에이치엘비",
    "현재가": "97,100",
    "상태": "하락",
    "전일비": "8,600",
    "등락률": "-8.14%",
    "액면가": "500",
    "거래량": "2,021,159",
    "거래대금": "199,321",
    "전일거래량": "1,536,282",
    "시가": "99,000",
    "고가": "101,500",
    "저가": "96,500",
    "매수호가": "97,100",
    "매도호가": "97,200",
    "매수총잔량": "49,505",
    "매도총잔량": "6,927",
    "상장주식수": "52,970",
    "시가총액": "51,434",
    "매출액": "384",
    "자산총계": "3,626",
    "부채총계": "1,734",
    "영업이익": "-487",
    "당기순이익": "-597",
    "주당순이익": "-838",
    "보통주배당금": "0",
    "매출액증가율": "6.18",
    "영업이익증가율": "-66.23",
    "외국인비율": "12.53",
    "PER": "-115.87",
    "ROE": "-24.69",
    "ROA": "-17.90",
    "PBR": "10.72",
    "유보율": "1,770.6",
    "code": "028300"
}