{
    "N": "1242",
    "종목명": "릭스솔루션",
    "현재가": "600",
    "상태": "상승",
    "전일비": "34",
    "등락률": "+6.01%",
    "액면가": "100",
    "거래량": "2,841,325",
    "거래대금": "1,686",
    "전일거래량": "1,658,631",
    "시가": "568",
    "고가": "613",
    "저가": "567",
    "매수호가": "599",
    "매도호가": "600",
    "매수총잔량": "97,519",
    "매도총잔량": "77,200",
    "상장주식수": "79,666",
    "시가총액": "478",
    "매출액": "365",
    "자산총계": "631",
    "부채총계": "403",
    "영업이익": "-30",
    "당기순이익": "-64",
    "주당순이익": "-171",
    "보통주배당금": "0",
    "매출액증가율": "58.11",
    "영업이익증가율": "-125.62",
    "외국인비율": "2.77",
    "PER": "-3.51",
    "ROE": "-38.68",
    "ROA": "-14.02",
    "PBR": "2.78",
    "유보율": "273.8",
    "code": "029480"
}