{
    "N": "182",
    "종목명": "코엔텍",
    "현재가": "9,120",
    "상태": "하락",
    "전일비": "70",
    "등락률": "-0.76%",
    "액면가": "500",
    "거래량": "604,154",
    "거래대금": "5,517",
    "전일거래량": "788,525",
    "시가": "9,250",
    "고가": "9,250",
    "저가": "9,080",
    "매수호가": "9,120",
    "매도호가": "9,130",
    "매수총잔량": "89,794",
    "매도총잔량": "13,830",
    "상장주식수": "50,000",
    "시가총액": "4,560",
    "매출액": "711",
    "자산총계": "1,982",
    "부채총계": "454",
    "영업이익": "284",
    "당기순이익": "241",
    "주당순이익": "467",
    "보통주배당금": "540",
    "매출액증가율": "-1.56",
    "영업이익증가율": "-2.95",
    "외국인비율": "7.90",
    "PER": "19.53",
    "ROE": "16.01",
    "ROA": "12.23",
    "PBR": "3.12",
    "유보율": "511.6",
    "code": "029960"
}