{
    "N": "37",
    "종목명": "NICE평가정보",
    "현재가": "23,050",
    "상태": "하락",
    "전일비": "350",
    "등락률": "-1.50%",
    "액면가": "500",
    "거래량": "301,473",
    "거래대금": "7,036",
    "전일거래량": "414,135",
    "시가": "23,400",
    "고가": "23,850",
    "저가": "22,900",
    "매수호가": "23,000",
    "매도호가": "23,050",
    "매수총잔량": "20,625",
    "매도총잔량": "11,218",
    "상장주식수": "60,715",
    "시가총액": "13,995",
    "매출액": "4,109",
    "자산총계": "3,191",
    "부채총계": "949",
    "영업이익": "513",
    "당기순이익": "408",
    "주당순이익": "752",
    "보통주배당금": "230",
    "매출액증가율": "7.07",
    "영업이익증가율": "5.63",
    "외국인비율": "37.90",
    "PER": "30.65",
    "ROE": "19.30",
    "ROA": "13.89",
    "PBR": "5.55",
    "유보율": "676.4",
    "code": "030190"
}