{
    "N": "174",
    "종목명": "원익홀딩스",
    "현재가": "6,080",
    "상태": "하락",
    "전일비": "110",
    "등락률": "-1.78%",
    "액면가": "500",
    "거래량": "1,058,962",
    "거래대금": "6,483",
    "전일거래량": "1,396,031",
    "시가": "6,210",
    "고가": "6,280",
    "저가": "6,050",
    "매수호가": "6,080",
    "매도호가": "6,090",
    "매수총잔량": "93,443",
    "매도총잔량": "17,289",
    "상장주식수": "77,238",
    "시가총액": "4,696",
    "매출액": "4,508",
    "자산총계": "12,252",
    "부채총계": "2,866",
    "영업이익": "616",
    "당기순이익": "490",
    "주당순이익": "787",
    "보통주배당금": "N/A",
    "매출액증가율": "-9.88",
    "영업이익증가율": "-21.44",
    "외국인비율": "9.47",
    "PER": "7.73",
    "ROE": "4.42",
    "ROA": "4.02",
    "PBR": "0.53",
    "유보율": "1,918.1",
    "code": "030530"
}