{
    "N": "581",
    "종목명": "양지사",
    "현재가": "9,730",
    "상태": "하락",
    "전일비": "20",
    "등락률": "-0.21%",
    "액면가": "500",
    "거래량": "19,090",
    "거래대금": "185",
    "전일거래량": "21,584",
    "시가": "9,810",
    "고가": "9,830",
    "저가": "9,640",
    "매수호가": "9,720",
    "매도호가": "9,730",
    "매수총잔량": "3,000",
    "매도총잔량": "7,041",
    "상장주식수": "15,980",
    "시가총액": "1,555",
    "매출액": "489",
    "자산총계": "2,383",
    "부채총계": "495",
    "영업이익": "17",
    "당기순이익": "1,207",
    "주당순이익": "7,525",
    "보통주배당금": "50",
    "매출액증가율": "-7.27",
    "영업이익증가율": "-32.45",
    "외국인비율": "0.10",
    "PER": "1.29",
    "ROE": "93.94",
    "ROA": "73.70",
    "PBR": "0.71",
    "유보율": "2,292.2",
    "code": "030960"
}