{
    "N": "102",
    "종목명": "녹십자셀",
    "현재가": "54,200",
    "상태": "하락",
    "전일비": "1,800",
    "등락률": "-3.21%",
    "액면가": "500",
    "거래량": "1,504,264",
    "거래대금": "85,678",
    "전일거래량": "1,406,100",
    "시가": "54,900",
    "고가": "59,700",
    "저가": "54,200",
    "매수호가": "54,200",
    "매도호가": "54,300",
    "매수총잔량": "27,625",
    "매도총잔량": "6,897",
    "상장주식수": "12,504",
    "시가총액": "6,777",
    "매출액": "379",
    "자산총계": "1,537",
    "부채총계": "686",
    "영업이익": "57",
    "당기순이익": "111",
    "주당순이익": "181",
    "보통주배당금": "100",
    "매출액증가율": "28.02",
    "영업이익증가율": "50.81",
    "외국인비율": "6.26",
    "PER": "299.45",
    "ROE": "14.52",
    "ROA": "7.92",
    "PBR": "6.78",
    "유보율": "1,327.8",
    "code": "031390"
}