{
    "N": "1125",
    "종목명": "아이즈비전",
    "현재가": "3,960",
    "상태": "상승",
    "전일비": "40",
    "등락률": "+1.02%",
    "액면가": "500",
    "거래량": "152,460",
    "거래대금": "602",
    "전일거래량": "69,099",
    "시가": "3,920",
    "고가": "4,010",
    "저가": "3,885",
    "매수호가": "3,955",
    "매도호가": "3,960",
    "매수총잔량": "6,349",
    "매도총잔량": "18,532",
    "상장주식수": "15,773",
    "시가총액": "625",
    "매출액": "1,315",
    "자산총계": "1,549",
    "부채총계": "441",
    "영업이익": "-5",
    "당기순이익": "-3",
    "주당순이익": "453",
    "보통주배당금": "N/A",
    "매출액증가율": "-17.87",
    "영업이익증가율": "-103.68",
    "외국인비율": "0.75",
    "PER": "8.74",
    "ROE": "-1.12",
    "ROA": "-0.17",
    "PBR": "0.60",
    "유보율": "1,017.8",
    "code": "031310"
}