{
    "N": "969",
    "종목명": "오스템",
    "현재가": "2,905",
    "상태": "상승",
    "전일비": "10",
    "등락률": "+0.35%",
    "액면가": "500",
    "거래량": "201,136",
    "거래대금": "581",
    "전일거래량": "311,370",
    "시가": "2,895",
    "고가": "2,920",
    "저가": "2,860",
    "매수호가": "2,905",
    "매도호가": "2,910",
    "매수총잔량": "54,420",
    "매도총잔량": "38,139",
    "상장주식수": "28,000",
    "시가총액": "813",
    "매출액": "1,470",
    "자산총계": "2,214",
    "부채총계": "1,114",
    "영업이익": "-46",
    "당기순이익": "-139",
    "주당순이익": "-432",
    "보통주배당금": "20",
    "매출액증가율": "-3.49",
    "영업이익증가율": "-372.28",
    "외국인비율": "3.80",
    "PER": "-6.72",
    "ROE": "-11.97",
    "ROA": "-6.08",
    "PBR": "0.64",
    "유보율": "726.2",
    "code": "031510"
}