{
    "N": "1058",
    "종목명": "엔에스엔",
    "현재가": "1,360",
    "전일비": "0",
    "등락률": "0.00%",
    "액면가": "500",
    "거래량": "1,349,022",
    "거래대금": "1,809",
    "전일거래량": "692,558",
    "시가": "1,365",
    "고가": "1,370",
    "저가": "1,315",
    "매수호가": "1,360",
    "매도호가": "1,365",
    "매수총잔량": "128,307",
    "매도총잔량": "79,065",
    "상장주식수": "51,740",
    "시가총액": "704",
    "매출액": "154",
    "자산총계": "683",
    "부채총계": "455",
    "영업이익": "-79",
    "당기순이익": "-73",
    "주당순이익": "-312",
    "보통주배당금": "0",
    "매출액증가율": "49.12",
    "영업이익증가율": "-119.01",
    "외국인비율": "1.52",
    "PER": "-4.36",
    "ROE": "-29.57",
    "ROA": "-14.75",
    "PBR": "1.28",
    "유보율": "92.3",
    "code": "031860"
}