{
    "N": "503",
    "종목명": "피에스케이홀딩스",
    "현재가": "8,490",
    "상태": "하락",
    "전일비": "20",
    "등락률": "-0.24%",
    "액면가": "500",
    "거래량": "25,984",
    "거래대금": "220",
    "전일거래량": "28,230",
    "시가": "8,410",
    "고가": "8,540",
    "저가": "8,400",
    "매수호가": "8,470",
    "매도호가": "8,490",
    "매수총잔량": "5,485",
    "매도총잔량": "14,009",
    "상장주식수": "21,562",
    "시가총액": "1,831",
    "매출액": "421",
    "자산총계": "1,016",
    "부채총계": "128",
    "영업이익": "15",
    "당기순이익": "84",
    "주당순이익": "3,370",
    "보통주배당금": "150",
    "매출액증가율": "-26.05",
    "영업이익증가율": "-82.91",
    "외국인비율": "0.75",
    "PER": "2.52",
    "ROE": "4.66",
    "ROA": "3.98",
    "PBR": "0.85",
    "유보율": "8,605.7",
    "code": "031980"
}