{
    "N": "1300",
    "종목명": "아즈텍WB",
    "현재가": "1,895",
    "상태": "상승",
    "전일비": "70",
    "등락률": "+3.84%",
    "액면가": "500",
    "거래량": "393,793",
    "거래대금": "737",
    "전일거래량": "168,623",
    "시가": "1,835",
    "고가": "1,930",
    "저가": "1,820",
    "매수호가": "1,885",
    "매도호가": "1,895",
    "매수총잔량": "21,616",
    "매도총잔량": "50,174",
    "상장주식수": "21,491",
    "시가총액": "407",
    "매출액": "446",
    "자산총계": "1,174",
    "부채총계": "220",
    "영업이익": "29",
    "당기순이익": "48",
    "주당순이익": "134",
    "보통주배당금": "N/A",
    "매출액증가율": "-5.17",
    "영업이익증가율": "42.94",
    "외국인비율": "1.23",
    "PER": "14.14",
    "ROE": "5.12",
    "ROA": "4.27",
    "PBR": "0.41",
    "유보율": "796.2",
    "code": "032080"
}