{
    "N": "152",
    "종목명": "다우데이타",
    "현재가": "13,150",
    "상태": "상승",
    "전일비": "250",
    "등락률": "+1.94%",
    "액면가": "500",
    "거래량": "853,574",
    "거래대금": "11,416",
    "전일거래량": "283,285",
    "시가": "13,150",
    "고가": "13,700",
    "저가": "13,000",
    "매수호가": "13,150",
    "매도호가": "13,200",
    "매수총잔량": "58,317",
    "매도총잔량": "132,076",
    "상장주식수": "38,300",
    "시가총액": "5,036",
    "매출액": "36,056",
    "자산총계": "246,446",
    "부채총계": "218,677",
    "영업이익": "5,590",
    "당기순이익": "4,088",
    "주당순이익": "2,853",
    "보통주배당금": "180",
    "매출액증가율": "35.05",
    "영업이익증가율": "54.57",
    "외국인비율": "4.40",
    "PER": "4.61",
    "ROE": "13.08",
    "ROA": "1.86",
    "PBR": "0.68",
    "유보율": "2,901.8",
    "code": "032190"
}