{
    "N": "1347",
    "종목명": "삼일",
    "현재가": "2,050",
    "상태": "상승",
    "전일비": "5",
    "등락률": "+0.24%",
    "액면가": "1,000",
    "거래량": "150,188",
    "거래대금": "307",
    "전일거래량": "100,802",
    "시가": "2,045",
    "고가": "2,075",
    "저가": "2,025",
    "매수호가": "2,040",
    "매도호가": "2,050",
    "매수총잔량": "15,088",
    "매도총잔량": "89,022",
    "상장주식수": "16,214",
    "시가총액": "332",
    "매출액": "961",
    "자산총계": "987",
    "부채총계": "338",
    "영업이익": "25",
    "당기순이익": "33",
    "주당순이익": "-220",
    "보통주배당금": "50",
    "매출액증가율": "-1.49",
    "영업이익증가율": "-24.56",
    "외국인비율": "1.13",
    "PER": "-9.32",
    "ROE": "5.18",
    "ROA": "3.50",
    "PBR": "0.53",
    "유보율": "308.5",
    "code": "032280"
}