{
    "N": "363",
    "종목명": "한국파마",
    "현재가": "23,500",
    "상태": "상승",
    "전일비": "1,450",
    "등락률": "+6.58%",
    "액면가": "500",
    "거래량": "1,649,315",
    "거래대금": "39,267",
    "전일거래량": "263,810",
    "시가": "22,100",
    "고가": "25,250",
    "저가": "22,050",
    "매수호가": "23,450",
    "매도호가": "23,500",
    "매수총잔량": "27,666",
    "매도총잔량": "17,944",
    "상장주식수": "10,907",
    "시가총액": "2,563",
    "매출액": "661",
    "자산총계": "667",
    "부채총계": "401",
    "영업이익": "72",
    "당기순이익": "55",
    "주당순이익": "629",
    "보통주배당금": "50",
    "매출액증가율": "9.34",
    "영업이익증가율": "27.31",
    "외국인비율": "0.08",
    "PER": "37.36",
    "ROE": "22.64",
    "ROA": "8.57",
    "PBR": "5.62",
    "유보율": "401.0",
    "code": "032300"
}