{
    "N": "1285",
    "종목명": "피델릭스",
    "현재가": "1,340",
    "상태": "하락",
    "전일비": "25",
    "등락률": "-1.83%",
    "액면가": "500",
    "거래량": "322,451",
    "거래대금": "427",
    "전일거래량": "223,078",
    "시가": "1,355",
    "고가": "1,365",
    "저가": "1,300",
    "매수호가": "1,335",
    "매도호가": "1,340",
    "매수총잔량": "86,646",
    "매도총잔량": "67,366",
    "상장주식수": "31,808",
    "시가총액": "426",
    "매출액": "560",
    "자산총계": "687",
    "부채총계": "327",
    "영업이익": "-5",
    "당기순이익": "-12",
    "주당순이익": "-78",
    "보통주배당금": "0",
    "매출액증가율": "-25.72",
    "영업이익증가율": "-112.70",
    "외국인비율": "30.06",
    "PER": "-17.18",
    "ROE": "-3.72",
    "ROA": "-1.83",
    "PBR": "1.08",
    "유보율": "182.8",
    "code": "032580"
}