{
    "N": "1282",
    "종목명": "TJ미디어",
    "현재가": "3,080",
    "상태": "상승",
    "전일비": "20",
    "등락률": "+0.65%",
    "액면가": "500",
    "거래량": "49,608",
    "거래대금": "152",
    "전일거래량": "14,945",
    "시가": "3,060",
    "고가": "3,080",
    "저가": "3,030",
    "매수호가": "3,070",
    "매도호가": "3,080",
    "매수총잔량": "10,154",
    "매도총잔량": "9,928",
    "상장주식수": "13,932",
    "시가총액": "429",
    "매출액": "754",
    "자산총계": "1,059",
    "부채총계": "277",
    "영업이익": "5",
    "당기순이익": "9",
    "주당순이익": "86",
    "보통주배당금": "50",
    "매출액증가율": "10.06",
    "영업이익증가율": "125.51",
    "외국인비율": "0.18",
    "PER": "35.81",
    "ROE": "1.15",
    "ROA": "0.88",
    "PBR": "0.56",
    "유보율": "1,069.7",
    "code": "032540"
}