{
    "N": "11",
    "종목명": "케이엠더블유",
    "현재가": "79,500",
    "상태": "하락",
    "전일비": "1,700",
    "등락률": "-2.09%",
    "액면가": "500",
    "거래량": "731,786",
    "거래대금": "58,622",
    "전일거래량": "657,932",
    "시가": "81,200",
    "고가": "81,500",
    "저가": "79,400",
    "매수호가": "79,500",
    "매도호가": "79,600",
    "매수총잔량": "72,192",
    "매도총잔량": "14,219",
    "상장주식수": "39,821",
    "시가총액": "31,658",
    "매출액": "6,829",
    "자산총계": "4,270",
    "부채총계": "2,103",
    "영업이익": "1,367",
    "당기순이익": "1,027",
    "주당순이익": "334",
    "보통주배당금": "N/A",
    "매출액증가율": "130.49",
    "영업이익증가율": "621.14",
    "외국인비율": "8.84",
    "PER": "238.02",
    "ROE": "67.76",
    "ROA": "29.31",
    "PBR": "12.91",
    "유보율": "971.5",
    "code": "032500"
}