{
    "N": "1039",
    "종목명": "소프트센",
    "현재가": "2,020",
    "상태": "상승",
    "전일비": "60",
    "등락률": "+3.06%",
    "액면가": "500",
    "거래량": "965,854",
    "거래대금": "1,944",
    "전일거래량": "397,900",
    "시가": "1,960",
    "고가": "2,055",
    "저가": "1,945",
    "매수호가": "2,020",
    "매도호가": "2,025",
    "매수총잔량": "114,072",
    "매도총잔량": "71,091",
    "상장주식수": "35,776",
    "시가총액": "723",
    "매출액": "950",
    "자산총계": "594",
    "부채총계": "265",
    "영업이익": "2",
    "당기순이익": "-34",
    "주당순이익": "-209",
    "보통주배당금": "0",
    "매출액증가율": "-28.90",
    "영업이익증가율": "-82.27",
    "외국인비율": "5.69",
    "PER": "-9.67",
    "ROE": "-9.79",
    "ROA": "-4.80",
    "PBR": "1.99",
    "유보율": "95.7",
    "code": "032680"
}