{
    "N": "149",
    "종목명": "유비케어",
    "현재가": "9,780",
    "상태": "상승",
    "전일비": "140",
    "등락률": "+1.45%",
    "액면가": "500",
    "거래량": "480,888",
    "거래대금": "4,674",
    "전일거래량": "680,925",
    "시가": "9,670",
    "고가": "9,870",
    "저가": "9,590",
    "매수호가": "9,780",
    "매도호가": "9,790",
    "매수총잔량": "16,629",
    "매도총잔량": "16,579",
    "상장주식수": "52,197",
    "시가총액": "5,105",
    "매출액": "1,109",
    "자산총계": "1,367",
    "부채총계": "309",
    "영업이익": "124",
    "당기순이익": "73",
    "주당순이익": "166",
    "보통주배당금": "40",
    "매출액증가율": "10.97",
    "영업이익증가율": "29.23",
    "외국인비율": "1.50",
    "PER": "58.92",
    "ROE": "6.66",
    "ROA": "5.50",
    "PBR": "4.53",
    "유보율": "320.6",
    "code": "032620"
}