{
    "N": "978",
    "종목명": "엠젠플러스",
    "현재가": "4,075",
    "전일비": "0",
    "등락률": "0.00%",
    "액면가": "500",
    "거래량": "0",
    "거래대금": "0",
    "전일거래량": "0",
    "시가": "0",
    "고가": "0",
    "저가": "0",
    "매수호가": "0",
    "매도호가": "0",
    "매수총잔량": "0",
    "매도총잔량": "0",
    "상장주식수": "19,829",
    "시가총액": "808",
    "매출액": "519",
    "자산총계": "418",
    "부채총계": "193",
    "영업이익": "-31",
    "당기순이익": "-185",
    "주당순이익": "-577",
    "보통주배당금": "0",
    "매출액증가율": "5.26",
    "영업이익증가율": "32.31",
    "외국인비율": "1.20",
    "PER": "-7.06",
    "ROE": "-90.56",
    "ROA": "-39.45",
    "PBR": "3.60",
    "유보율": "233.5",
    "code": "032790"
}