{
    "N": "1096",
    "종목명": "삼진",
    "현재가": "11,000",
    "상태": "하락",
    "전일비": "250",
    "등락률": "-2.22%",
    "액면가": "500",
    "거래량": "74,844",
    "거래대금": "826",
    "전일거래량": "49,080",
    "시가": "11,300",
    "고가": "11,350",
    "저가": "10,900",
    "매수호가": "10,950",
    "매도호가": "11,000",
    "매수총잔량": "12,169",
    "매도총잔량": "17,529",
    "상장주식수": "6,000",
    "시가총액": "660",
    "매출액": "1,352",
    "자산총계": "964",
    "부채총계": "197",
    "영업이익": "117",
    "당기순이익": "121",
    "주당순이익": "1,376",
    "보통주배당금": "200",
    "매출액증가율": "54.21",
    "영업이익증가율": "1,081.41",
    "외국인비율": "2.40",
    "PER": "7.99",
    "ROE": "17.15",
    "ROA": "13.83",
    "PBR": "0.80",
    "유보율": "2,432.5",
    "code": "032750"
}