{
    "N": "500",
    "종목명": "비트컴퓨터",
    "현재가": "11,050",
    "상태": "상승",
    "전일비": "200",
    "등락률": "+1.84%",
    "액면가": "500",
    "거래량": "639,286",
    "거래대금": "7,042",
    "전일거래량": "417,997",
    "시가": "10,950",
    "고가": "11,200",
    "저가": "10,800",
    "매수호가": "11,000",
    "매도호가": "11,050",
    "매수총잔량": "78,600",
    "매도총잔량": "106,511",
    "상장주식수": "16,623",
    "시가총액": "1,837",
    "매출액": "374",
    "자산총계": "625",
    "부채총계": "134",
    "영업이익": "61",
    "당기순이익": "71",
    "주당순이익": "359",
    "보통주배당금": "61",
    "매출액증가율": "14.06",
    "영업이익증가율": "379.88",
    "외국인비율": "1.79",
    "PER": "30.78",
    "ROE": "15.57",
    "ROA": "11.97",
    "PBR": "3.51",
    "유보율": "505.4",
    "code": "032850"
}