{
    "N": "798",
    "종목명": "글로스퍼랩스",
    "현재가": "12,050",
    "상태": "상승",
    "전일비": "650",
    "등락률": "+5.70%",
    "액면가": "500",
    "거래량": "690,286",
    "거래대금": "8,178",
    "전일거래량": "1,022,690",
    "시가": "11,500",
    "고가": "12,300",
    "저가": "11,100",
    "매수호가": "12,050",
    "매도호가": "12,100",
    "매수총잔량": "29,108",
    "매도총잔량": "26,766",
    "상장주식수": "8,801",
    "시가총액": "1,061",
    "매출액": "707",
    "자산총계": "412",
    "부채총계": "203",
    "영업이익": "-18",
    "당기순이익": "-35",
    "주당순이익": "-761",
    "보통주배당금": "0",
    "매출액증가율": "-32.71",
    "영업이익증가율": "73.75",
    "외국인비율": "4.09",
    "PER": "-15.83",
    "ROE": "-18.24",
    "ROA": "-8.22",
    "PBR": "4.70",
    "유보율": "-37.9",
    "code": "032860"
}