{
    "N": "1131",
    "종목명": "판타지오",
    "현재가": "845",
    "상태": "상승",
    "전일비": "5",
    "등락률": "+0.60%",
    "액면가": "500",
    "거래량": "1,447,034",
    "거래대금": "1,225",
    "전일거래량": "2,138,459",
    "시가": "840",
    "고가": "856",
    "저가": "821",
    "매수호가": "845",
    "매도호가": "846",
    "매수총잔량": "64,971",
    "매도총잔량": "50,672",
    "상장주식수": "72,704",
    "시가총액": "614",
    "매출액": "185",
    "자산총계": "331",
    "부채총계": "113",
    "영업이익": "5",
    "당기순이익": "-158",
    "주당순이익": "-140",
    "보통주배당금": "0",
    "매출액증가율": "35.98",
    "영업이익증가율": "40.74",
    "외국인비율": "1.05",
    "PER": "-6.04",
    "ROE": "-50.53",
    "ROA": "-39.75",
    "PBR": "2.66",
    "유보율": "-25.2",
    "code": "032800"
}