{
    "N": "528",
    "종목명": "우리기술",
    "현재가": "1,365",
    "상태": "상승",
    "전일비": "5",
    "등락률": "+0.37%",
    "액면가": "500",
    "거래량": "2,343,865",
    "거래대금": "3,179",
    "전일거래량": "3,821,999",
    "시가": "1,380",
    "고가": "1,380",
    "저가": "1,335",
    "매수호가": "1,360",
    "매도호가": "1,365",
    "매수총잔량": "297,401",
    "매도총잔량": "656,844",
    "상장주식수": "127,508",
    "시가총액": "1,740",
    "매출액": "326",
    "자산총계": "1,040",
    "부채총계": "708",
    "영업이익": "-90",
    "당기순이익": "-114",
    "주당순이익": "-13",
    "보통주배당금": "0",
    "매출액증가율": "15.61",
    "영업이익증가율": "-213.90",
    "외국인비율": "2.25",
    "PER": "-105.00",
    "ROE": "-33.29",
    "ROA": "-11.61",
    "PBR": "3.34",
    "유보율": "-50.7",
    "code": "032820"
}