{
    "N": "905",
    "종목명": "원익",
    "현재가": "4,870",
    "상태": "상승",
    "전일비": "60",
    "등락률": "+1.25%",
    "액면가": "500",
    "거래량": "175,725",
    "거래대금": "853",
    "전일거래량": "575,415",
    "시가": "4,875",
    "고가": "4,945",
    "저가": "4,775",
    "매수호가": "4,870",
    "매도호가": "4,880",
    "매수총잔량": "10,707",
    "매도총잔량": "6,154",
    "상장주식수": "18,193",
    "시가총액": "886",
    "매출액": "904",
    "자산총계": "1,795",
    "부채총계": "642",
    "영업이익": "42",
    "당기순이익": "465",
    "주당순이익": "134",
    "보통주배당금": "N/A",
    "매출액증가율": "12.57",
    "영업이익증가율": "49.25",
    "외국인비율": "5.31",
    "PER": "36.34",
    "ROE": "50.98",
    "ROA": "29.65",
    "PBR": "0.97",
    "유보율": "1,129.9",
    "code": "032940"
}