{
    "N": "1283",
    "종목명": "동일기연",
    "현재가": "12,550",
    "상태": "하락",
    "전일비": "450",
    "등락률": "-3.46%",
    "액면가": "500",
    "거래량": "55,775",
    "거래대금": "703",
    "전일거래량": "63,485",
    "시가": "13,000",
    "고가": "13,100",
    "저가": "12,050",
    "매수호가": "12,550",
    "매도호가": "12,650",
    "매수총잔량": "8,727",
    "매도총잔량": "6,136",
    "상장주식수": "3,407",
    "시가총액": "428",
    "매출액": "290",
    "자산총계": "584",
    "부채총계": "61",
    "영업이익": "9",
    "당기순이익": "21",
    "주당순이익": "397",
    "보통주배당금": "56",
    "매출액증가율": "7.51",
    "영업이익증가율": "167.42",
    "외국인비율": "1.38",
    "PER": "31.61",
    "ROE": "5.30",
    "ROA": "3.48",
    "PBR": "0.78",
    "유보율": "1,025.5",
    "code": "032960"
}