{
    "N": "882",
    "종목명": "바이온",
    "현재가": "1,460",
    "상태": "상승",
    "전일비": "45",
    "등락률": "+3.18%",
    "액면가": "500",
    "거래량": "888,168",
    "거래대금": "1,285",
    "전일거래량": "482,860",
    "시가": "1,410",
    "고가": "1,475",
    "저가": "1,410",
    "매수호가": "1,455",
    "매도호가": "1,460",
    "매수총잔량": "59,073",
    "매도총잔량": "140,299",
    "상장주식수": "62,786",
    "시가총액": "917",
    "매출액": "196",
    "자산총계": "618",
    "부채총계": "271",
    "영업이익": "-100",
    "당기순이익": "-213",
    "주당순이익": "-290",
    "보통주배당금": "0",
    "매출액증가율": "-44.01",
    "영업이익증가율": "-449.45",
    "외국인비율": "1.72",
    "PER": "-5.03",
    "ROE": "-52.99",
    "ROA": "-30.45",
    "PBR": "2.36",
    "유보율": "31.9",
    "code": "032980"
}