{
    "N": "1330",
    "종목명": "제이엠아이",
    "현재가": "1,120",
    "상태": "상승",
    "전일비": "5",
    "등락률": "+0.45%",
    "액면가": "1,000",
    "거래량": "311,744",
    "거래대금": "350",
    "전일거래량": "561,429",
    "시가": "1,150",
    "고가": "1,150",
    "저가": "1,115",
    "매수호가": "1,120",
    "매도호가": "1,125",
    "매수총잔량": "168,616",
    "매도총잔량": "93,595",
    "상장주식수": "32,579",
    "시가총액": "365",
    "매출액": "701",
    "자산총계": "833",
    "부채총계": "477",
    "영업이익": "-49",
    "당기순이익": "-80",
    "주당순이익": "-127",
    "보통주배당금": "N/A",
    "매출액증가율": "-43.79",
    "영업이익증가율": "33.96",
    "외국인비율": "1.75",
    "PER": "-8.82",
    "ROE": "-20.42",
    "ROA": "-8.54",
    "PBR": "1.09",
    "유보율": "11.9",
    "code": "033050"
}