{
    "N": "906",
    "종목명": "제룡전기",
    "현재가": "5,510",
    "상태": "하락",
    "전일비": "30",
    "등락률": "-0.54%",
    "액면가": "500",
    "거래량": "300,941",
    "거래대금": "1,658",
    "전일거래량": "454,955",
    "시가": "5,580",
    "고가": "5,600",
    "저가": "5,430",
    "매수호가": "5,510",
    "매도호가": "5,520",
    "매수총잔량": "15,959",
    "매도총잔량": "12,390",
    "상장주식수": "16,062",
    "시가총액": "885",
    "매출액": "452",
    "자산총계": "643",
    "부채총계": "82",
    "영업이익": "57",
    "당기순이익": "56",
    "주당순이익": "355",
    "보통주배당금": "50",
    "매출액증가율": "6.40",
    "영업이익증가율": "107.05",
    "외국인비율": "1.33",
    "PER": "15.52",
    "ROE": "10.40",
    "ROA": "9.06",
    "PBR": "1.53",
    "유보율": "759.5",
    "code": "033100"
}