{
    "N": "1020",
    "종목명": "시그네틱스",
    "현재가": "867",
    "전일비": "0",
    "등락률": "0.00%",
    "액면가": "500",
    "거래량": "1,170,388",
    "거래대금": "1,023",
    "전일거래량": "1,188,773",
    "시가": "870",
    "고가": "892",
    "저가": "860",
    "매수호가": "867",
    "매도호가": "868",
    "매수총잔량": "95,703",
    "매도총잔량": "32,641",
    "상장주식수": "85,728",
    "시가총액": "743",
    "매출액": "2,188",
    "자산총계": "1,859",
    "부채총계": "464",
    "영업이익": "-196",
    "당기순이익": "-200",
    "주당순이익": "-281",
    "보통주배당금": "N/A",
    "매출액증가율": "-12.57",
    "영업이익증가율": "-173.31",
    "외국인비율": "3.26",
    "PER": "-3.09",
    "ROE": "-13.91",
    "ROA": "-10.33",
    "PBR": "0.59",
    "유보율": "212.7",
    "code": "033170"
}