{
    "N": "719",
    "종목명": "디지틀조선",
    "현재가": "3,250",
    "상태": "상승",
    "전일비": "110",
    "등락률": "+3.50%",
    "액면가": "500",
    "거래량": "3,485,682",
    "거래대금": "11,267",
    "전일거래량": "825,592",
    "시가": "3,105",
    "고가": "3,340",
    "저가": "3,100",
    "매수호가": "3,245",
    "매도호가": "3,250",
    "매수총잔량": "109,319",
    "매도총잔량": "41,461",
    "상장주식수": "37,115",
    "시가총액": "1,206",
    "매출액": "338",
    "자산총계": "859",
    "부채총계": "86",
    "영업이익": "29",
    "당기순이익": "35",
    "주당순이익": "78",
    "보통주배당금": "30",
    "매출액증가율": "-14.71",
    "영업이익증가율": "-53.85",
    "외국인비율": "1.92",
    "PER": "41.67",
    "ROE": "4.54",
    "ROA": "4.16",
    "PBR": "1.55",
    "유보율": "306.9",
    "code": "033130"
}