{
    "N": "392",
    "종목명": "엠케이전자",
    "현재가": "10,900",
    "상태": "하락",
    "전일비": "350",
    "등락률": "-3.11%",
    "액면가": "500",
    "거래량": "660,515",
    "거래대금": "7,359",
    "전일거래량": "889,689",
    "시가": "11,350",
    "고가": "11,500",
    "저가": "10,900",
    "매수호가": "10,900",
    "매도호가": "10,950",
    "매수총잔량": "53,561",
    "매도총잔량": "46,763",
    "상장주식수": "21,808",
    "시가총액": "2,377",
    "매출액": "7,316",
    "자산총계": "18,314",
    "부채총계": "9,577",
    "영업이익": "1,267",
    "당기순이익": "769",
    "주당순이익": "206",
    "보통주배당금": "40",
    "매출액증가율": "3.56",
    "영업이익증가율": "-27.06",
    "외국인비율": "3.69",
    "PER": "52.91",
    "ROE": "2.34",
    "ROA": "4.26",
    "PBR": "0.68",
    "유보율": "2,941.6",
    "code": "033160"
}