{
    "N": "509",
    "종목명": "모아텍",
    "현재가": "12,550",
    "상태": "하락",
    "전일비": "100",
    "등락률": "-0.79%",
    "액면가": "500",
    "거래량": "550,312",
    "거래대금": "7,025",
    "전일거래량": "2,009,655",
    "시가": "13,050",
    "고가": "13,300",
    "저가": "12,300",
    "매수호가": "12,550",
    "매도호가": "12,650",
    "매수총잔량": "19,557",
    "매도총잔량": "20,984",
    "상장주식수": "14,331",
    "시가총액": "1,799",
    "매출액": "275",
    "자산총계": "799",
    "부채총계": "49",
    "영업이익": "-28",
    "당기순이익": "-24",
    "주당순이익": "-236",
    "보통주배당금": "N/A",
    "매출액증가율": "-28.79",
    "영업이익증가율": "-394.82",
    "외국인비율": "50.88",
    "PER": "-53.18",
    "ROE": "-3.36",
    "ROA": "-3.03",
    "PBR": "1.58",
    "유보율": "1,206.9",
    "code": "033200"
}