{
    "N": "163",
    "종목명": "코웰패션",
    "현재가": "5,510",
    "상태": "하락",
    "전일비": "40",
    "등락률": "-0.72%",
    "액면가": "500",
    "거래량": "497,877",
    "거래대금": "2,754",
    "전일거래량": "370,736",
    "시가": "5,560",
    "고가": "5,620",
    "저가": "5,480",
    "매수호가": "5,510",
    "매도호가": "5,520",
    "매수총잔량": "63,541",
    "매도총잔량": "29,963",
    "상장주식수": "88,500",
    "시가총액": "4,876",
    "매출액": "3,947",
    "자산총계": "3,644",
    "부채총계": "1,080",
    "영업이익": "761",
    "당기순이익": "544",
    "주당순이익": "662",
    "보통주배당금": "100",
    "매출액증가율": "16.29",
    "영업이익증가율": "7.15",
    "외국인비율": "4.66",
    "PER": "8.32",
    "ROE": "22.72",
    "ROA": "15.86",
    "PBR": "1.68",
    "유보율": "445.6",
    "code": "033290"
}