{
    "N": "283",
    "종목명": "엠투엔",
    "현재가": "14,300",
    "상태": "하락",
    "전일비": "600",
    "등락률": "-4.03%",
    "액면가": "500",
    "거래량": "293,666",
    "거래대금": "4,254",
    "전일거래량": "238,400",
    "시가": "14,800",
    "고가": "15,050",
    "저가": "14,200",
    "매수호가": "14,250",
    "매도호가": "14,300",
    "매수총잔량": "23,512",
    "매도총잔량": "11,584",
    "상장주식수": "22,190",
    "시가총액": "3,173",
    "매출액": "465",
    "자산총계": "991",
    "부채총계": "387",
    "영업이익": "4",
    "당기순이익": "43",
    "주당순이익": "114",
    "보통주배당금": "0",
    "매출액증가율": "-12.75",
    "영업이익증가율": "-75.20",
    "외국인비율": "0.75",
    "PER": "125.44",
    "ROE": "7.75",
    "ROA": "4.38",
    "PBR": "4.18",
    "유보율": "588.3",
    "code": "033310"
}