{
    "N": "1031",
    "종목명": "좋은사람들",
    "현재가": "1,470",
    "상태": "상승",
    "전일비": "50",
    "등락률": "+3.52%",
    "액면가": "500",
    "거래량": "772,178",
    "거래대금": "1,107",
    "전일거래량": "346,905",
    "시가": "1,420",
    "고가": "1,470",
    "저가": "1,405",
    "매수호가": "1,465",
    "매도호가": "1,470",
    "매수총잔량": "67,309",
    "매도총잔량": "130,109",
    "상장주식수": "49,908",
    "시가총액": "734",
    "매출액": "1,267",
    "자산총계": "1,102",
    "부채총계": "332",
    "영업이익": "-92",
    "당기순이익": "-104",
    "주당순이익": "-452",
    "보통주배당금": "0",
    "매출액증가율": "-1.31",
    "영업이익증가율": "-462.98",
    "외국인비율": "1.80",
    "PER": "-3.25",
    "ROE": "-12.65",
    "ROA": "-9.74",
    "PBR": "0.75",
    "유보율": "412.2",
    "code": "033340"
}