{
    "N": "538",
    "종목명": "제이씨현시스템",
    "현재가": "8,930",
    "상태": "상승",
    "전일비": "300",
    "등락률": "+3.48%",
    "액면가": "500",
    "거래량": "1,527,392",
    "거래대금": "13,556",
    "전일거래량": "427,725",
    "시가": "8,650",
    "고가": "9,020",
    "저가": "8,620",
    "매수호가": "8,920",
    "매도호가": "8,930",
    "매수총잔량": "19,658",
    "매도총잔량": "62,256",
    "상장주식수": "19,114",
    "시가총액": "1,707",
    "매출액": "2,092",
    "자산총계": "1,303",
    "부채총계": "419",
    "영업이익": "25",
    "당기순이익": "10",
    "주당순이익": "341",
    "보통주배당금": "N/A",
    "매출액증가율": "-23.84",
    "영업이익증가율": "-81.44",
    "외국인비율": "2.16",
    "PER": "26.19",
    "ROE": "0.83",
    "ROA": "0.73",
    "PBR": "1.85",
    "유보율": "792.6",
    "code": "033320"
}