{
    "N": "387",
    "종목명": "파라텍",
    "현재가": "14,150",
    "상태": "상승",
    "전일비": "400",
    "등락률": "+2.91%",
    "액면가": "500",
    "거래량": "545,778",
    "거래대금": "7,528",
    "전일거래량": "513,309",
    "시가": "14,000",
    "고가": "14,150",
    "저가": "13,200",
    "매수호가": "14,150",
    "매도호가": "14,200",
    "매수총잔량": "25,923",
    "매도총잔량": "55,458",
    "상장주식수": "16,984",
    "시가총액": "2,403",
    "매출액": "1,266",
    "자산총계": "1,236",
    "부채총계": "705",
    "영업이익": "-370",
    "당기순이익": "-296",
    "주당순이익": "536",
    "보통주배당금": "N/A",
    "매출액증가율": "-33.77",
    "영업이익증가율": "-26,620.88",
    "외국인비율": "0.47",
    "PER": "26.40",
    "ROE": "-42.65",
    "ROA": "-21.87",
    "PBR": "3.44",
    "유보율": "567.2",
    "code": "033540"
}