{
    "N": "258",
    "종목명": "동성화인텍",
    "현재가": "12,300",
    "상태": "하락",
    "전일비": "100",
    "등락률": "-0.81%",
    "액면가": "500",
    "거래량": "820,810",
    "거래대금": "10,284",
    "전일거래량": "824,271",
    "시가": "12,750",
    "고가": "12,800",
    "저가": "12,200",
    "매수호가": "12,300",
    "매도호가": "12,350",
    "매수총잔량": "66,166",
    "매도총잔량": "161,647",
    "상장주식수": "27,494",
    "시가총액": "3,382",
    "매출액": "2,533",
    "자산총계": "2,631",
    "부채총계": "1,682",
    "영업이익": "269",
    "당기순이익": "169",
    "주당순이익": "1,260",
    "보통주배당금": "220",
    "매출액증가율": "34.63",
    "영업이익증가율": "415.83",
    "외국인비율": "4.81",
    "PER": "9.76",
    "ROE": "19.99",
    "ROA": "7.21",
    "PBR": "2.92",
    "유보율": "606.2",
    "code": "033500"
}