{
    "N": "827",
    "종목명": "블루콤",
    "현재가": "5,560",
    "상태": "상승",
    "전일비": "70",
    "등락률": "+1.28%",
    "액면가": "500",
    "거래량": "154,925",
    "거래대금": "851",
    "전일거래량": "159,494",
    "시가": "5,490",
    "고가": "5,620",
    "저가": "5,360",
    "매수호가": "5,560",
    "매도호가": "5,570",
    "매수총잔량": "43,242",
    "매도총잔량": "11,287",
    "상장주식수": "18,088",
    "시가총액": "1,006",
    "매출액": "286",
    "자산총계": "1,739",
    "부채총계": "71",
    "영업이익": "-121",
    "당기순이익": "18",
    "주당순이익": "324",
    "보통주배당금": "N/A",
    "매출액증가율": "-61.33",
    "영업이익증가율": "-14,737.30",
    "외국인비율": "3.62",
    "PER": "17.16",
    "ROE": "1.09",
    "ROA": "1.05",
    "PBR": "0.61",
    "유보율": "1,637.4",
    "code": "033560"
}