{
    "N": "1458",
    "종목명": "럭슬",
    "현재가": "179",
    "전일비": "0",
    "등락률": "0.00%",
    "액면가": "500",
    "거래량": "0",
    "거래대금": "0",
    "전일거래량": "0",
    "시가": "0",
    "고가": "0",
    "저가": "0",
    "매수호가": "0",
    "매도호가": "0",
    "매수총잔량": "0",
    "매도총잔량": "0",
    "상장주식수": "40,828",
    "시가총액": "73",
    "매출액": "199",
    "자산총계": "661",
    "부채총계": "519",
    "영업이익": "-55",
    "당기순이익": "-97",
    "주당순이익": "-773",
    "보통주배당금": "0",
    "매출액증가율": "-21.80",
    "영업이익증가율": "-8.93",
    "외국인비율": "6.12",
    "PER": "-0.23",
    "ROE": "-62.70",
    "ROA": "-16.13",
    "PBR": "1.84",
    "유보율": "97.4",
    "code": "033600"
}