{
    "N": "60",
    "종목명": "네패스",
    "현재가": "43,450",
    "상태": "상승",
    "전일비": "1,250",
    "등락률": "+2.96%",
    "액면가": "500",
    "거래량": "3,581,767",
    "거래대금": "158,357",
    "전일거래량": "1,927,426",
    "시가": "42,450",
    "고가": "46,100",
    "저가": "42,400",
    "매수호가": "43,450",
    "매도호가": "43,500",
    "매수총잔량": "40,094",
    "매도총잔량": "9,280",
    "상장주식수": "23,059",
    "시가총액": "10,019",
    "매출액": "3,516",
    "자산총계": "5,198",
    "부채총계": "3,306",
    "영업이익": "600",
    "당기순이익": "298",
    "주당순이익": "-722",
    "보통주배당금": "270",
    "매출액증가율": "29.92",
    "영업이익증가율": "175.73",
    "외국인비율": "7.74",
    "PER": "-60.18",
    "ROE": "16.52",
    "ROA": "7.44",
    "PBR": "5.47",
    "유보율": "1,699.7",
    "code": "033640"
}