{
    "N": "1407",
    "종목명": "스카이문스테크놀로지",
    "현재가": "829",
    "전일비": "0",
    "등락률": "0.00%",
    "액면가": "500",
    "거래량": "0",
    "거래대금": "0",
    "전일거래량": "0",
    "시가": "0",
    "고가": "0",
    "저가": "0",
    "매수호가": "0",
    "매도호가": "0",
    "매수총잔량": "0",
    "매도총잔량": "0",
    "상장주식수": "17,117",
    "시가총액": "142",
    "매출액": "57",
    "자산총계": "269",
    "부채총계": "69",
    "영업이익": "-105",
    "당기순이익": "-123",
    "주당순이익": "-247",
    "보통주배당금": "N/A",
    "매출액증가율": "-60.10",
    "영업이익증가율": "-94.12",
    "외국인비율": "37.73",
    "PER": "-3.36",
    "ROE": "-47.47",
    "ROA": "-30.27",
    "PBR": "0.74",
    "유보율": "137.4",
    "code": "033790"
}