{
    "N": "758",
    "종목명": "티비씨",
    "현재가": "1,135",
    "전일비": "0",
    "등락률": "0.00%",
    "액면가": "500",
    "거래량": "858,292",
    "거래대금": "963",
    "전일거래량": "1,127,720",
    "시가": "1,135",
    "고가": "1,145",
    "저가": "1,110",
    "매수호가": "1,135",
    "매도호가": "1,140",
    "매수총잔량": "202,629",
    "매도총잔량": "206,932",
    "상장주식수": "100,000",
    "시가총액": "1,135",
    "매출액": "493",
    "자산총계": "1,217",
    "부채총계": "111",
    "영업이익": "52",
    "당기순이익": "56",
    "주당순이익": "54",
    "보통주배당금": "16",
    "매출액증가율": "21.36",
    "영업이익증가율": "104.07",
    "외국인비율": "0.00",
    "PER": "21.02",
    "ROE": "5.13",
    "ROA": "4.67",
    "PBR": "0.97",
    "유보율": "129.4",
    "code": "033830"
}