{
    "N": "34",
    "종목명": "파라다이스",
    "현재가": "15,500",
    "상태": "상승",
    "전일비": "300",
    "등락률": "+1.97%",
    "액면가": "500",
    "거래량": "1,166,759",
    "거래대금": "18,070",
    "전일거래량": "564,107",
    "시가": "15,250",
    "고가": "15,800",
    "저가": "15,150",
    "매수호가": "15,450",
    "매도호가": "15,500",
    "매수총잔량": "143,825",
    "매도총잔량": "160,550",
    "상장주식수": "90,943",
    "시가총액": "14,096",
    "매출액": "9,794",
    "자산총계": "34,704",
    "부채총계": "18,662",
    "영업이익": "519",
    "당기순이익": "67",
    "주당순이익": "-661",
    "보통주배당금": "100",
    "매출액증가율": "24.35",
    "영업이익증가율": "2,054.20",
    "외국인비율": "8.72",
    "PER": "-23.45",
    "ROE": "1.19",
    "ROA": "0.20",
    "PBR": "1.10",
    "유보율": "1,997.1",
    "code": "034230"
}