{
    "N": "559",
    "종목명": "조아제약",
    "현재가": "5,270",
    "상태": "상승",
    "전일비": "220",
    "등락률": "+4.36%",
    "액면가": "500",
    "거래량": "4,652,082",
    "거래대금": "24,788",
    "전일거래량": "873,936",
    "시가": "5,100",
    "고가": "5,580",
    "저가": "4,950",
    "매수호가": "5,270",
    "매도호가": "5,280",
    "매수총잔량": "126,237",
    "매도총잔량": "29,403",
    "상장주식수": "30,980",
    "시가총액": "1,633",
    "매출액": "675",
    "자산총계": "867",
    "부채총계": "350",
    "영업이익": "-4",
    "당기순이익": "-11",
    "주당순이익": "-23",
    "보통주배당금": "0",
    "매출액증가율": "7.05",
    "영업이익증가율": "-127.65",
    "외국인비율": "1.23",
    "PER": "-229.13",
    "ROE": "-1.69",
    "ROA": "-1.31",
    "PBR": "2.73",
    "유보율": "275.6",
    "code": "034940"
}