{
    "N": "191",
    "종목명": "한국기업평가",
    "현재가": "96,500",
    "상태": "상승",
    "전일비": "2,300",
    "등락률": "+2.44%",
    "액면가": "5,000",
    "거래량": "28,392",
    "거래대금": "2,740",
    "전일거래량": "37,676",
    "시가": "94,100",
    "고가": "98,000",
    "저가": "93,900",
    "매수호가": "96,400",
    "매도호가": "96,500",
    "매수총잔량": "895",
    "매도총잔량": "607",
    "상장주식수": "4,541",
    "시가총액": "4,382",
    "매출액": "927",
    "자산총계": "1,603",
    "부채총계": "359",
    "영업이익": "316",
    "당기순이익": "248",
    "주당순이익": "4,314",
    "보통주배당금": "8,618",
    "매출액증가율": "10.21",
    "영업이익증가율": "24.71",
    "외국인비율": "76.29",
    "PER": "22.37",
    "ROE": "20.96",
    "ROA": "17.01",
    "PBR": "4.93",
    "유보율": "375.8",
    "code": "034950"
}