{
    "N": "496",
    "종목명": "인터파크",
    "현재가": "2,280",
    "상태": "상승",
    "전일비": "100",
    "등락률": "+4.59%",
    "액면가": "500",
    "거래량": "2,496,194",
    "거래대금": "5,659",
    "전일거래량": "294,435",
    "시가": "2,180",
    "고가": "2,315",
    "저가": "2,170",
    "매수호가": "2,275",
    "매도호가": "2,280",
    "매수총잔량": "111,990",
    "매도총잔량": "165,322",
    "상장주식수": "81,189",
    "시가총액": "1,851",
    "매출액": "34,123",
    "자산총계": "17,801",
    "부채총계": "11,105",
    "영업이익": "452",
    "당기순이익": "65",
    "주당순이익": "-595",
    "보통주배당금": "70",
    "매출액증가율": "-0.83",
    "영업이익증가율": "126.23",
    "외국인비율": "8.44",
    "PER": "-3.83",
    "ROE": "-1.60",
    "ROA": "0.36",
    "PBR": "0.57",
    "유보율": "931.7",
    "code": "035080"
}