{
    "N": "1360",
    "종목명": "더블유에프엠",
    "현재가": "11,750",
    "전일비": "0",
    "등락률": "0.00%",
    "액면가": "500",
    "거래량": "0",
    "거래대금": "0",
    "전일거래량": "0",
    "시가": "0",
    "고가": "0",
    "저가": "0",
    "매수호가": "0",
    "매도호가": "0",
    "매수총잔량": "0",
    "매도총잔량": "0",
    "상장주식수": "2,570",
    "시가총액": "302",
    "매출액": "81",
    "자산총계": "221",
    "부채총계": "209",
    "영업이익": "-59",
    "당기순이익": "-198",
    "주당순이익": "-6,011",
    "보통주배당금": "0",
    "매출액증가율": "-6.41",
    "영업이익증가율": "-26.69",
    "외국인비율": "0.69",
    "PER": "-1.95",
    "ROE": "-264.62",
    "ROA": "-61.24",
    "PBR": "-8.26",
    "유보율": "-35.1",
    "code": "035290"
}