{
    "N": "1259",
    "종목명": "프럼파스트",
    "현재가": "4,695",
    "상태": "상승",
    "전일비": "5",
    "등락률": "+0.11%",
    "액면가": "500",
    "거래량": "68,670",
    "거래대금": "320",
    "전일거래량": "85,755",
    "시가": "4,690",
    "고가": "4,760",
    "저가": "4,630",
    "매수호가": "4,695",
    "매도호가": "4,700",
    "매수총잔량": "5,789",
    "매도총잔량": "3,905",
    "상장주식수": "9,731",
    "시가총액": "457",
    "매출액": "294",
    "자산총계": "382",
    "부채총계": "30",
    "영업이익": "15",
    "당기순이익": "12",
    "주당순이익": "140",
    "보통주배당금": "0",
    "매출액증가율": "-10.12",
    "영업이익증가율": "-38.55",
    "외국인비율": "1.29",
    "PER": "33.54",
    "ROE": "3.34",
    "ROA": "3.02",
    "PBR": "1.17",
    "유보율": "645.0",
    "code": "035200"
}