{
    "N": "1313",
    "종목명": "기산텔레콤",
    "현재가": "2,670",
    "전일비": "0",
    "등락률": "0.00%",
    "액면가": "500",
    "거래량": "106,939",
    "거래대금": "285",
    "전일거래량": "146,424",
    "시가": "2,690",
    "고가": "2,695",
    "저가": "2,635",
    "매수호가": "2,665",
    "매도호가": "2,670",
    "매수총잔량": "44,175",
    "매도총잔량": "15,069",
    "상장주식수": "14,577",
    "시가총액": "389",
    "매출액": "671",
    "자산총계": "668",
    "부채총계": "321",
    "영업이익": "40",
    "당기순이익": "35",
    "주당순이익": "166",
    "보통주배당금": "N/A",
    "매출액증가율": "18.80",
    "영업이익증가율": "236.50",
    "외국인비율": "3.01",
    "PER": "16.08",
    "ROE": "10.87",
    "ROA": "5.69",
    "PBR": "1.21",
    "유보율": "403.4",
    "code": "035460"
}