{
    "N": "771",
    "종목명": "바른손이앤에이",
    "현재가": "1,500",
    "상태": "하락",
    "전일비": "5",
    "등락률": "-0.33%",
    "액면가": "500",
    "거래량": "542,117",
    "거래대금": "811",
    "전일거래량": "862,213",
    "시가": "1,520",
    "고가": "1,520",
    "저가": "1,480",
    "매수호가": "1,495",
    "매도호가": "1,500",
    "매수총잔량": "163,162",
    "매도총잔량": "231,422",
    "상장주식수": "73,489",
    "시가총액": "1,102",
    "매출액": "170",
    "자산총계": "1,032",
    "부채총계": "322",
    "영업이익": "-177",
    "당기순이익": "-241",
    "주당순이익": "-64",
    "보통주배당금": "0",
    "매출액증가율": "-43.50",
    "영업이익증가율": "22.83",
    "외국인비율": "1.46",
    "PER": "-23.44",
    "ROE": "-22.31",
    "ROA": "-22.15",
    "PBR": "1.38",
    "유보율": "148.3",
    "code": "035620"
}