{
    "N": "533",
    "종목명": "솔본",
    "현재가": "6,300",
    "상태": "상승",
    "전일비": "170",
    "등락률": "+2.77%",
    "액면가": "500",
    "거래량": "3,225,235",
    "거래대금": "20,561",
    "전일거래량": "632,402",
    "시가": "6,160",
    "고가": "6,700",
    "저가": "6,050",
    "매수호가": "6,300",
    "매도호가": "6,310",
    "매수총잔량": "31,483",
    "매도총잔량": "31,785",
    "상장주식수": "27,346",
    "시가총액": "1,723",
    "매출액": "803",
    "자산총계": "2,081",
    "부채총계": "251",
    "영업이익": "3",
    "당기순이익": "58",
    "주당순이익": "-191",
    "보통주배당금": "N/A",
    "매출액증가율": "-4.89",
    "영업이익증가율": "-97.95",
    "외국인비율": "1.16",
    "PER": "-32.98",
    "ROE": "1.28",
    "ROA": "2.85",
    "PBR": "1.16",
    "유보율": "1,031.2",
    "code": "035610"
}