{
    "N": "10",
    "종목명": "CJ ENM",
    "현재가": "146,500",
    "상태": "하락",
    "전일비": "1,100",
    "등락률": "-0.75%",
    "액면가": "5,000",
    "거래량": "304,919",
    "거래대금": "45,677",
    "전일거래량": "316,304",
    "시가": "149,600",
    "고가": "153,800",
    "저가": "146,400",
    "매수호가": "146,500",
    "매도호가": "146,600",
    "매수총잔량": "6,540",
    "매도총잔량": "1,721",
    "상장주식수": "21,929",
    "시가총액": "32,126",
    "매출액": "37,897",
    "자산총계": "54,349",
    "부채총계": "22,830",
    "영업이익": "2,694",
    "당기순이익": "586",
    "주당순이익": "2,688",
    "보통주배당금": "1,400",
    "매출액증가율": "60.56",
    "영업이익증가율": "47.96",
    "외국인비율": "21.28",
    "PER": "54.50",
    "ROE": "3.65",
    "ROA": "0.96",
    "PBR": "0.91",
    "유보율": "3,142.7",
    "code": "035760"
}