{
    "N": "222",
    "종목명": "서희건설",
    "현재가": "1,705",
    "상태": "상승",
    "전일비": "5",
    "등락률": "+0.29%",
    "액면가": "500",
    "거래량": "5,352,546",
    "거래대금": "9,283",
    "전일거래량": "6,825,806",
    "시가": "1,725",
    "고가": "1,790",
    "저가": "1,670",
    "매수호가": "1,700",
    "매도호가": "1,705",
    "매수총잔량": "267,089",
    "매도총잔량": "152,302",
    "상장주식수": "229,808",
    "시가총액": "3,918",
    "매출액": "12,430",
    "자산총계": "9,761",
    "부채총계": "5,817",
    "영업이익": "1,182",
    "당기순이익": "618",
    "주당순이익": "582",
    "보통주배당금": "30",
    "매출액증가율": "9.15",
    "영업이익증가율": "42.33",
    "외국인비율": "7.26",
    "PER": "2.93",
    "ROE": "18.62",
    "ROA": "6.76",
    "PBR": "0.74",
    "유보율": "282.2",
    "code": "035890"
}