{
    "N": "374",
    "종목명": "이지홀딩스",
    "현재가": "4,395",
    "상태": "상승",
    "전일비": "200",
    "등락률": "+4.77%",
    "액면가": "500",
    "거래량": "2,228,689",
    "거래대금": "9,603",
    "전일거래량": "979,476",
    "시가": "4,260",
    "고가": "4,435",
    "저가": "4,180",
    "매수호가": "4,395",
    "매도호가": "4,400",
    "매수총잔량": "49,704",
    "매도총잔량": "92,961",
    "상장주식수": "55,641",
    "시가총액": "2,445",
    "매출액": "16,149",
    "자산총계": "17,827",
    "부채총계": "10,524",
    "영업이익": "416",
    "당기순이익": "-130",
    "주당순이익": "1,141",
    "보통주배당금": "50",
    "매출액증가율": "6.99",
    "영업이익증가율": "-55.22",
    "외국인비율": "4.15",
    "PER": "3.85",
    "ROE": "1.45",
    "ROA": "-0.75",
    "PBR": "0.54",
    "유보율": "1,248.4",
    "code": "035810"
}