{
    "N": "39",
    "종목명": "JYP Ent.",
    "현재가": "36,700",
    "상태": "하락",
    "전일비": "550",
    "등락률": "-1.48%",
    "액면가": "500",
    "거래량": "568,957",
    "거래대금": "21,113",
    "전일거래량": "757,871",
    "시가": "37,400",
    "고가": "37,850",
    "저가": "36,650",
    "매수호가": "36,700",
    "매도호가": "36,750",
    "매수총잔량": "86,559",
    "매도총잔량": "9,436",
    "상장주식수": "35,497",
    "시가총액": "13,028",
    "매출액": "1,554",
    "자산총계": "2,078",
    "부채총계": "455",
    "영업이익": "435",
    "당기순이익": "312",
    "주당순이익": "847",
    "보통주배당금": "155",
    "매출액증가율": "24.53",
    "영업이익증가율": "51.17",
    "외국인비율": "21.82",
    "PER": "43.33",
    "ROE": "21.91",
    "ROA": "17.01",
    "PBR": "6.84",
    "유보율": "849.5",
    "code": "035900"
}