{
    "N": "1085",
    "종목명": "예림당",
    "현재가": "2,920",
    "상태": "하락",
    "전일비": "45",
    "등락률": "-1.52%",
    "액면가": "500",
    "거래량": "153,223",
    "거래대금": "447",
    "전일거래량": "167,257",
    "시가": "2,975",
    "고가": "2,985",
    "저가": "2,880",
    "매수호가": "2,920",
    "매도호가": "2,925",
    "매수총잔량": "28,294",
    "매도총잔량": "12,268",
    "상장주식수": "23,034",
    "시가총액": "673",
    "매출액": "8,359",
    "자산총계": "9,629",
    "부채총계": "6,305",
    "영업이익": "-247",
    "당기순이익": "-490",
    "주당순이익": "-1,670",
    "보통주배당금": "N/A",
    "매출액증가율": "9.83",
    "영업이익증가율": "-158.67",
    "외국인비율": "0.58",
    "PER": "-1.75",
    "ROE": "-7.39",
    "ROA": "-6.28",
    "PBR": "0.50",
    "유보율": "1,750.2",
    "code": "036000"
}