{
    "N": "540",
    "종목명": "위지트",
    "현재가": "1,985",
    "상태": "상승",
    "전일비": "355",
    "등락률": "+21.78%",
    "액면가": "500",
    "거래량": "159,993,874",
    "거래대금": "295,542",
    "전일거래량": "21,166,004",
    "시가": "1,700",
    "고가": "2,065",
    "저가": "1,630",
    "매수호가": "1,980",
    "매도호가": "1,985",
    "매수총잔량": "1,551,756",
    "매도총잔량": "630,475",
    "상장주식수": "85,811",
    "시가총액": "1,703",
    "매출액": "317",
    "자산총계": "1,085",
    "부채총계": "321",
    "영업이익": "-11",
    "당기순이익": "22",
    "주당순이익": "13",
    "보통주배당금": "0",
    "매출액증가율": "-29.27",
    "영업이익증가율": "-121.65",
    "외국인비율": "1.34",
    "PER": "152.69",
    "ROE": "4.20",
    "ROA": "2.14",
    "PBR": "2.13",
    "유보율": "92.4",
    "code": "036090"
}