{
    "N": "775",
    "종목명": "아비코전자",
    "현재가": "8,270",
    "상태": "하락",
    "전일비": "160",
    "등락률": "-1.90%",
    "액면가": "500",
    "거래량": "238,331",
    "거래대금": "1,983",
    "전일거래량": "264,939",
    "시가": "8,570",
    "고가": "8,570",
    "저가": "8,210",
    "매수호가": "8,270",
    "매도호가": "8,300",
    "매수총잔량": "9,523",
    "매도총잔량": "5,051",
    "상장주식수": "13,293",
    "시가총액": "1,099",
    "매출액": "1,233",
    "자산총계": "1,211",
    "부채총계": "186",
    "영업이익": "-23",
    "당기순이익": "-51",
    "주당순이익": "-263",
    "보통주배당금": "70",
    "매출액증가율": "23.51",
    "영업이익증가율": "-135.40",
    "외국인비율": "16.49",
    "PER": "-31.44",
    "ROE": "-4.76",
    "ROA": "-4.10",
    "PBR": "1.08",
    "유보율": "1,375.1",
    "code": "036010"
}