{
    "N": "895",
    "종목명": "라이브파이낸셜",
    "현재가": "1,990",
    "상태": "상승",
    "전일비": "50",
    "등락률": "+2.58%",
    "액면가": "1,000",
    "거래량": "4,380,252",
    "거래대금": "8,659",
    "전일거래량": "1,549,637",
    "시가": "1,950",
    "고가": "2,055",
    "저가": "1,860",
    "매수호가": "1,990",
    "매도호가": "1,995",
    "매수총잔량": "138,227",
    "매도총잔량": "199,989",
    "상장주식수": "45,121",
    "시가총액": "898",
    "매출액": "135",
    "자산총계": "1,022",
    "부채총계": "139",
    "영업이익": "0",
    "당기순이익": "-138",
    "주당순이익": "-316",
    "보통주배당금": "0",
    "매출액증가율": "-6.41",
    "영업이익증가율": "-101.33",
    "외국인비율": "1.42",
    "PER": "-6.30",
    "ROE": "-16.79",
    "ROA": "-12.89",
    "PBR": "0.95",
    "유보율": "125.1",
    "code": "036170"
}