{
    "N": "532",
    "종목명": "금화피에스시",
    "현재가": "28,800",
    "상태": "상승",
    "전일비": "650",
    "등락률": "+2.31%",
    "액면가": "500",
    "거래량": "5,263",
    "거래대금": "149",
    "전일거래량": "5,166",
    "시가": "28,400",
    "고가": "28,800",
    "저가": "28,150",
    "매수호가": "28,450",
    "매도호가": "28,800",
    "매수총잔량": "973",
    "매도총잔량": "1,779",
    "상장주식수": "6,000",
    "시가총액": "1,728",
    "매출액": "2,094",
    "자산총계": "2,817",
    "부채총계": "423",
    "영업이익": "343",
    "당기순이익": "277",
    "주당순이익": "5,248",
    "보통주배당금": "1,300",
    "매출액증가율": "-10.24",
    "영업이익증가율": "-17.05",
    "외국인비율": "28.84",
    "PER": "5.49",
    "ROE": "12.04",
    "ROA": "10.17",
    "PBR": "0.68",
    "유보율": "7,886.1",
    "code": "036190"
}