{
    "N": "577",
    "종목명": "SCI평가정보",
    "현재가": "4,425",
    "상태": "상승",
    "전일비": "35",
    "등락률": "+0.80%",
    "액면가": "500",
    "거래량": "521,567",
    "거래대금": "2,301",
    "전일거래량": "522,845",
    "시가": "4,450",
    "고가": "4,490",
    "저가": "4,360",
    "매수호가": "4,410",
    "매도호가": "4,425",
    "매수총잔량": "35,418",
    "매도총잔량": "24,031",
    "상장주식수": "35,500",
    "시가총액": "1,571",
    "매출액": "526",
    "자산총계": "322",
    "부채총계": "78",
    "영업이익": "69",
    "당기순이익": "51",
    "주당순이익": "171",
    "보통주배당금": "69",
    "매출액증가율": "5.43",
    "영업이익증가율": "423.30",
    "외국인비율": "0.10",
    "PER": "25.88",
    "ROE": "25.42",
    "ROA": "18.16",
    "PBR": "5.96",
    "유보율": "15.6",
    "code": "036120"
}