{
    "N": "346",
    "종목명": "유니셈",
    "현재가": "8,710",
    "상태": "상승",
    "전일비": "10",
    "등락률": "+0.11%",
    "액면가": "500",
    "거래량": "1,635,831",
    "거래대금": "14,497",
    "전일거래량": "1,086,808",
    "시가": "9,060",
    "고가": "9,060",
    "저가": "8,690",
    "매수호가": "8,710",
    "매도호가": "8,720",
    "매수총잔량": "36,176",
    "매도총잔량": "7,912",
    "상장주식수": "30,664",
    "시가총액": "2,671",
    "매출액": "1,790",
    "자산총계": "1,677",
    "부채총계": "439",
    "영업이익": "240",
    "당기순이익": "213",
    "주당순이익": "961",
    "보통주배당금": "50",
    "매출액증가율": "-16.46",
    "영업이익증가율": "-8.10",
    "외국인비율": "6.79",
    "PER": "9.06",
    "ROE": "18.57",
    "ROA": "13.76",
    "PBR": "1.75",
    "유보율": "723.4",
    "code": "036200"
}