{
    "N": "843",
    "종목명": "이매진아시아",
    "현재가": "2,220",
    "전일비": "0",
    "등락률": "0.00%",
    "액면가": "500",
    "거래량": "0",
    "거래대금": "0",
    "전일거래량": "0",
    "시가": "0",
    "고가": "0",
    "저가": "0",
    "매수호가": "0",
    "매도호가": "0",
    "매수총잔량": "0",
    "매도총잔량": "0",
    "상장주식수": "43,778",
    "시가총액": "972",
    "매출액": "127",
    "자산총계": "179",
    "부채총계": "60",
    "영업이익": "-38",
    "당기순이익": "-198",
    "주당순이익": "-271",
    "보통주배당금": "N/A",
    "매출액증가율": "-51.54",
    "영업이익증가율": "4.17",
    "외국인비율": "0.34",
    "PER": "-8.19",
    "ROE": "-102.33",
    "ROA": "-79.62",
    "PBR": "23.72",
    "유보율": "-44.2",
    "code": "036260"
}