{
    "N": "7",
    "종목명": "SK머티리얼즈",
    "현재가": "338,300",
    "상태": "하락",
    "전일비": "8,700",
    "등락률": "-2.51%",
    "액면가": "500",
    "거래량": "61,736",
    "거래대금": "21,076",
    "전일거래량": "58,638",
    "시가": "348,500",
    "고가": "348,900",
    "저가": "337,500",
    "매수호가": "338,300",
    "매도호가": "338,400",
    "매수총잔량": "332",
    "매도총잔량": "285",
    "상장주식수": "10,548",
    "시가총액": "35,683",
    "매출액": "7,722",
    "자산총계": "16,158",
    "부채총계": "10,955",
    "영업이익": "2,148",
    "당기순이익": "1,433",
    "주당순이익": "11,583",
    "보통주배당금": "3,850",
    "매출액증가율": "12.36",
    "영업이익증가율": "17.42",
    "외국인비율": "15.74",
    "PER": "29.21",
    "ROE": "30.22",
    "ROA": "9.51",
    "PBR": "7.45",
    "유보율": "12,004.2",
    "code": "036490"
}