{
    "N": "1116",
    "종목명": "대성미생물",
    "현재가": "16,700",
    "상태": "하락",
    "전일비": "50",
    "등락률": "-0.30%",
    "액면가": "500",
    "거래량": "37,401",
    "거래대금": "621",
    "전일거래량": "146,934",
    "시가": "16,750",
    "고가": "17,000",
    "저가": "16,400",
    "매수호가": "16,600",
    "매도호가": "16,700",
    "매수총잔량": "9,168",
    "매도총잔량": "9,190",
    "상장주식수": "3,800",
    "시가총액": "635",
    "매출액": "251",
    "자산총계": "508",
    "부채총계": "157",
    "영업이익": "34",
    "당기순이익": "28",
    "주당순이익": "641",
    "보통주배당금": "85",
    "매출액증가율": "0.15",
    "영업이익증가율": "-0.85",
    "외국인비율": "2.14",
    "PER": "26.05",
    "ROE": "8.37",
    "ROA": "6.41",
    "PBR": "1.73",
    "유보율": "1,746.9",
    "code": "036480"
}