{
    "N": "62",
    "종목명": "SFA반도체",
    "현재가": "5,800",
    "상태": "상승",
    "전일비": "30",
    "등락률": "+0.52%",
    "액면가": "500",
    "거래량": "10,488,379",
    "거래대금": "62,684",
    "전일거래량": "4,587,121",
    "시가": "5,860",
    "고가": "6,100",
    "저가": "5,790",
    "매수호가": "5,800",
    "매도호가": "5,810",
    "매수총잔량": "215,210",
    "매도총잔량": "106,483",
    "상장주식수": "164,460",
    "시가총액": "9,539",
    "매출액": "5,889",
    "자산총계": "6,612",
    "부채총계": "3,454",
    "영업이익": "391",
    "당기순이익": "208",
    "주당순이익": "95",
    "보통주배당금": "0",
    "매출액증가율": "28.63",
    "영업이익증가율": "15.99",
    "외국인비율": "5.32",
    "PER": "61.05",
    "ROE": "7.34",
    "ROA": "3.23",
    "PBR": "2.80",
    "유보율": "315.6",
    "code": "036540"
}