{
    "N": "687",
    "종목명": "영풍정밀",
    "현재가": "8,150",
    "상태": "상승",
    "전일비": "50",
    "등락률": "+0.62%",
    "액면가": "500",
    "거래량": "119,650",
    "거래대금": "972",
    "전일거래량": "122,395",
    "시가": "8,150",
    "고가": "8,180",
    "저가": "8,050",
    "매수호가": "8,140",
    "매도호가": "8,150",
    "매수총잔량": "13,837",
    "매도총잔량": "27,047",
    "상장주식수": "15,750",
    "시가총액": "1,284",
    "매출액": "750",
    "자산총계": "3,350",
    "부채총계": "506",
    "영업이익": "101",
    "당기순이익": "126",
    "주당순이익": "863",
    "보통주배당금": "300",
    "매출액증가율": "13.77",
    "영업이익증가율": "10.98",
    "외국인비율": "6.10",
    "PER": "9.44",
    "ROE": "4.42",
    "ROA": "3.75",
    "PBR": "0.47",
    "유보율": "1,891.2",
    "code": "036560"
}