{
    "N": "765",
    "종목명": "KCI",
    "현재가": "9,910",
    "상태": "하락",
    "전일비": "50",
    "등락률": "-0.50%",
    "액면가": "500",
    "거래량": "109,037",
    "거래대금": "1,082",
    "전일거래량": "66,793",
    "시가": "10,000",
    "고가": "10,000",
    "저가": "9,890",
    "매수호가": "9,910",
    "매도호가": "9,920",
    "매수총잔량": "28,961",
    "매도총잔량": "21,593",
    "상장주식수": "11,270",
    "시가총액": "1,117",
    "매출액": "696",
    "자산총계": "783",
    "부채총계": "132",
    "영업이익": "145",
    "당기순이익": "114",
    "주당순이익": "1,083",
    "보통주배당금": "200",
    "매출액증가율": "14.94",
    "영업이익증가율": "27.20",
    "외국인비율": "1.99",
    "PER": "9.15",
    "ROE": "18.92",
    "ROA": "15.84",
    "PBR": "1.47",
    "유보율": "1,140.5",
    "code": "036670"
}