{
    "N": "891",
    "종목명": "HRS",
    "현재가": "5,540",
    "상태": "상승",
    "전일비": "70",
    "등락률": "+1.28%",
    "액면가": "500",
    "거래량": "177,784",
    "거래대금": "976",
    "전일거래량": "244,778",
    "시가": "5,490",
    "고가": "5,610",
    "저가": "5,390",
    "매수호가": "5,530",
    "매도호가": "5,540",
    "매수총잔량": "14,493",
    "매도총잔량": "13,262",
    "상장주식수": "16,355",
    "시가총액": "906",
    "매출액": "667",
    "자산총계": "901",
    "부채총계": "169",
    "영업이익": "16",
    "당기순이익": "10",
    "주당순이익": "425",
    "보통주배당금": "N/A",
    "매출액증가율": "-10.58",
    "영업이익증가율": "-55.69",
    "외국인비율": "4.77",
    "PER": "13.04",
    "ROE": "1.36",
    "ROA": "1.01",
    "PBR": "1.13",
    "유보율": "796.2",
    "code": "036640"
}