{
    "N": "1237",
    "종목명": "버추얼텍",
    "현재가": "714",
    "상태": "상승",
    "전일비": "1",
    "등락률": "+0.14%",
    "액면가": "500",
    "거래량": "316,945",
    "거래대금": "225",
    "전일거래량": "356,130",
    "시가": "720",
    "고가": "723",
    "저가": "706",
    "매수호가": "713",
    "매도호가": "714",
    "매수총잔량": "98,607",
    "매도총잔량": "24,883",
    "상장주식수": "69,111",
    "시가총액": "493",
    "매출액": "74",
    "자산총계": "392",
    "부채총계": "229",
    "영업이익": "-14",
    "당기순이익": "-60",
    "주당순이익": "-132",
    "보통주배당금": "0",
    "매출액증가율": "-17.13",
    "영업이익증가율": "24.06",
    "외국인비율": "5.97",
    "PER": "-5.41",
    "ROE": "-44.39",
    "ROA": "-21.38",
    "PBR": "2.17",
    "유보율": "44.8",
    "code": "036620"
}