{
    "N": "889",
    "종목명": "코맥스",
    "현재가": "6,070",
    "상태": "상승",
    "전일비": "150",
    "등락률": "+2.53%",
    "액면가": "500",
    "거래량": "2,404,467",
    "거래대금": "14,956",
    "전일거래량": "382,407",
    "시가": "6,000",
    "고가": "6,460",
    "저가": "5,920",
    "매수호가": "6,070",
    "매도호가": "6,080",
    "매수총잔량": "34,873",
    "매도총잔량": "27,825",
    "상장주식수": "14,992",
    "시가총액": "910",
    "매출액": "1,431",
    "자산총계": "1,102",
    "부채총계": "406",
    "영업이익": "64",
    "당기순이익": "39",
    "주당순이익": "188",
    "보통주배당금": "62",
    "매출액증가율": "-0.90",
    "영업이익증가율": "16.84",
    "외국인비율": "3.11",
    "PER": "32.29",
    "ROE": "5.68",
    "ROA": "3.62",
    "PBR": "1.31",
    "유보율": "742.6",
    "code": "036690"
}