{
    "N": "320",
    "종목명": "세종텔레콤",
    "현재가": "483",
    "상태": "하락",
    "전일비": "10",
    "등락률": "-2.03%",
    "액면가": "500",
    "거래량": "4,560,824",
    "거래대금": "2,218",
    "전일거래량": "5,123,186",
    "시가": "495",
    "고가": "501",
    "저가": "481",
    "매수호가": "482",
    "매도호가": "483",
    "매수총잔량": "703,649",
    "매도총잔량": "201,307",
    "상장주식수": "600,326",
    "시가총액": "2,900",
    "매출액": "2,696",
    "자산총계": "4,483",
    "부채총계": "1,115",
    "영업이익": "-98",
    "당기순이익": "22",
    "주당순이익": "3",
    "보통주배당금": "N/A",
    "매출액증가율": "27.66",
    "영업이익증가율": "-9,818.19",
    "외국인비율": "1.93",
    "PER": "161.00",
    "ROE": "0.79",
    "ROA": "0.51",
    "PBR": "0.89",
    "유보율": "11.3",
    "code": "036630"
}