{
    "N": "785",
    "종목명": "심텍홀딩스",
    "현재가": "2,665",
    "상태": "상승",
    "전일비": "5",
    "등락률": "+0.19%",
    "액면가": "500",
    "거래량": "866,607",
    "거래대금": "2,338",
    "전일거래량": "836,895",
    "시가": "2,665",
    "고가": "2,755",
    "저가": "2,650",
    "매수호가": "2,665",
    "매도호가": "2,670",
    "매수총잔량": "25,620",
    "매도총잔량": "15,608",
    "상장주식수": "40,664",
    "시가총액": "1,084",
    "매출액": "10,003",
    "자산총계": "8,653",
    "부채총계": "6,801",
    "영업이익": "-171",
    "당기순이익": "-386",
    "주당순이익": "624",
    "보통주배당금": "10",
    "매출액증가율": "-0.67",
    "영업이익증가율": "-157.59",
    "외국인비율": "2.38",
    "PER": "4.27",
    "ROE": "-12.11",
    "ROA": "-4.53",
    "PBR": "0.75",
    "유보율": "485.4",
    "code": "036710"
}