{
    "N": "309",
    "종목명": "나이스정보통신",
    "현재가": "29,900",
    "상태": "하락",
    "전일비": "200",
    "등락률": "-0.66%",
    "액면가": "500",
    "거래량": "138,143",
    "거래대금": "4,144",
    "전일거래량": "111,939",
    "시가": "30,100",
    "고가": "30,500",
    "저가": "29,750",
    "매수호가": "29,850",
    "매도호가": "29,900",
    "매수총잔량": "14,280",
    "매도총잔량": "9,552",
    "상장주식수": "10,000",
    "시가총액": "2,990",
    "매출액": "4,529",
    "자산총계": "6,419",
    "부채총계": "4,109",
    "영업이익": "350",
    "당기순이익": "295",
    "주당순이익": "2,580",
    "보통주배당금": "460",
    "매출액증가율": "9.14",
    "영업이익증가율": "-0.66",
    "외국인비율": "21.45",
    "PER": "11.59",
    "ROE": "13.88",
    "ROA": "4.97",
    "PBR": "1.13",
    "유보율": "4,614.7",
    "code": "036800"
}