{
    "N": "318",
    "종목명": "진성티이씨",
    "현재가": "12,950",
    "상태": "상승",
    "전일비": "600",
    "등락률": "+4.86%",
    "액면가": "500",
    "거래량": "2,524,153",
    "거래대금": "32,476",
    "전일거래량": "1,186,785",
    "시가": "12,450",
    "고가": "13,400",
    "저가": "12,150",
    "매수호가": "12,950",
    "매도호가": "13,000",
    "매수총잔량": "59,230",
    "매도총잔량": "128,066",
    "상장주식수": "22,482",
    "시가총액": "2,911",
    "매출액": "3,556",
    "자산총계": "2,755",
    "부채총계": "1,359",
    "영업이익": "299",
    "당기순이익": "220",
    "주당순이익": "618",
    "보통주배당금": "200",
    "매출액증가율": "0.25",
    "영업이익증가율": "6.96",
    "외국인비율": "1.26",
    "PER": "20.95",
    "ROE": "16.91",
    "ROA": "8.38",
    "PBR": "1.74",
    "유보율": "1,282.1",
    "code": "036890"
}