{
    "N": "63",
    "종목명": "솔브레인홀딩스",
    "현재가": "44,850",
    "상태": "하락",
    "전일비": "1,200",
    "등락률": "-2.61%",
    "액면가": "500",
    "거래량": "128,050",
    "거래대금": "5,802",
    "전일거래량": "163,985",
    "시가": "46,550",
    "고가": "46,550",
    "저가": "44,850",
    "매수호가": "44,850",
    "매도호가": "44,900",
    "매수총잔량": "11,348",
    "매도총잔량": "3,297",
    "상장주식수": "20,964",
    "시가총액": "9,402",
    "매출액": "10,213",
    "자산총계": "11,595",
    "부채총계": "3,178",
    "영업이익": "1,742",
    "당기순이익": "1,193",
    "주당순이익": "91,522",
    "보통주배당금": "850",
    "매출액증가율": "6.00",
    "영업이익증가율": "6.16",
    "외국인비율": "9.38",
    "PER": "0.49",
    "ROE": "15.06",
    "ROA": "11.02",
    "PBR": "0.77",
    "유보율": "9,645.0",
    "code": "036830"
}