{
    "N": "110",
    "종목명": "에프에스티",
    "현재가": "32,000",
    "상태": "하락",
    "전일비": "350",
    "등락률": "-1.08%",
    "액면가": "500",
    "거래량": "1,255,532",
    "거래대금": "40,555",
    "전일거래량": "2,864,396",
    "시가": "33,350",
    "고가": "33,750",
    "저가": "31,150",
    "매수호가": "32,000",
    "매도호가": "32,050",
    "매수총잔량": "17,967",
    "매도총잔량": "12,044",
    "상장주식수": "20,234",
    "시가총액": "6,475",
    "매출액": "1,257",
    "자산총계": "1,811",
    "부채총계": "680",
    "영업이익": "189",
    "당기순이익": "183",
    "주당순이익": "1,038",
    "보통주배당금": "80",
    "매출액증가율": "-23.83",
    "영업이익증가율": "-5.64",
    "외국인비율": "2.69",
    "PER": "30.83",
    "ROE": "17.52",
    "ROA": "11.32",
    "PBR": "4.49",
    "유보율": "1,075.8",
    "code": "036810"
}