{
    "N": "231",
    "종목명": "주성엔지니어링",
    "현재가": "7,930",
    "상태": "하락",
    "전일비": "150",
    "등락률": "-1.86%",
    "액면가": "500",
    "거래량": "1,255,227",
    "거래대금": "10,028",
    "전일거래량": "1,266,315",
    "시가": "8,120",
    "고가": "8,130",
    "저가": "7,900",
    "매수호가": "7,920",
    "매도호가": "7,930",
    "매수총잔량": "144,719",
    "매도총잔량": "22,269",
    "상장주식수": "48,249",
    "시가총액": "3,826",
    "매출액": "2,591",
    "자산총계": "4,500",
    "부채총계": "2,022",
    "영업이익": "309",
    "당기순이익": "266",
    "주당순이익": "-436",
    "보통주배당금": "70",
    "매출액증가율": "-1.88",
    "영업이익증가율": "-25.24",
    "외국인비율": "4.89",
    "PER": "-18.19",
    "ROE": "11.50",
    "ROA": "6.53",
    "PBR": "1.73",
    "유보율": "798.8",
    "code": "036930"
}