{
    "N": "477",
    "종목명": "파세코",
    "현재가": "13,700",
    "상태": "하락",
    "전일비": "100",
    "등락률": "-0.72%",
    "액면가": "500",
    "거래량": "220,186",
    "거래대금": "3,025",
    "전일거래량": "230,718",
    "시가": "14,050",
    "고가": "14,050",
    "저가": "13,600",
    "매수호가": "13,650",
    "매도호가": "13,700",
    "매수총잔량": "31,081",
    "매도총잔량": "57,675",
    "상장주식수": "14,000",
    "시가총액": "1,918",
    "매출액": "1,804",
    "자산총계": "1,114",
    "부채총계": "356",
    "영업이익": "108",
    "당기순이익": "86",
    "주당순이익": "967",
    "보통주배당금": "250",
    "매출액증가율": "20.75",
    "영업이익증가율": "103.01",
    "외국인비율": "0.66",
    "PER": "14.17",
    "ROE": "11.86",
    "ROA": "8.12",
    "PBR": "2.27",
    "유보율": "984.8",
    "code": "037070"
}