{
    "N": "869",
    "종목명": "파워넷",
    "현재가": "5,830",
    "상태": "하락",
    "전일비": "190",
    "등락률": "-3.16%",
    "액면가": "1,000",
    "거래량": "905,936",
    "거래대금": "5,429",
    "전일거래량": "1,843,143",
    "시가": "6,030",
    "고가": "6,190",
    "저가": "5,800",
    "매수호가": "5,820",
    "매도호가": "5,830",
    "매수총잔량": "38,863",
    "매도총잔량": "13,628",
    "상장주식수": "15,987",
    "시가총액": "932",
    "매출액": "1,286",
    "자산총계": "1,063",
    "부채총계": "532",
    "영업이익": "52",
    "당기순이익": "54",
    "주당순이익": "281",
    "보통주배당금": "0",
    "매출액증가율": "10.00",
    "영업이익증가율": "85.91",
    "외국인비율": "0.34",
    "PER": "20.75",
    "ROE": "10.78",
    "ROA": "5.74",
    "PBR": "1.28",
    "유보율": "344.3",
    "code": "037030"
}