{
    "N": "592",
    "종목명": "한국팩키지",
    "현재가": "6,110",
    "전일비": "0",
    "등락률": "0.00%",
    "액면가": "500",
    "거래량": "1,084,875",
    "거래대금": "6,688",
    "전일거래량": "1,511,728",
    "시가": "6,200",
    "고가": "6,350",
    "저가": "6,060",
    "매수호가": "6,110",
    "매도호가": "6,120",
    "매수총잔량": "72,380",
    "매도총잔량": "29,238",
    "상장주식수": "25,000",
    "시가총액": "1,528",
    "매출액": "584",
    "자산총계": "706",
    "부채총계": "308",
    "영업이익": "26",
    "당기순이익": "18",
    "주당순이익": "90",
    "보통주배당금": "35",
    "매출액증가율": "2.68",
    "영업이익증가율": "10.71",
    "외국인비율": "0.24",
    "PER": "67.89",
    "ROE": "4.38",
    "ROA": "2.93",
    "PBR": "3.74",
    "유보율": "248.2",
    "code": "037230"
}