{
    "N": "980",
    "종목명": "EG",
    "현재가": "10,700",
    "상태": "상승",
    "전일비": "300",
    "등락률": "+2.88%",
    "액면가": "1,000",
    "거래량": "221,639",
    "거래대금": "2,343",
    "전일거래량": "69,962",
    "시가": "10,400",
    "고가": "11,000",
    "저가": "10,000",
    "매수호가": "10,650",
    "매도호가": "10,700",
    "매수총잔량": "7,257",
    "매도총잔량": "14,528",
    "상장주식수": "7,500",
    "시가총액": "802",
    "매출액": "672",
    "자산총계": "772",
    "부채총계": "436",
    "영업이익": "15",
    "당기순이익": "-6",
    "주당순이익": "-386",
    "보통주배당금": "N/A",
    "매출액증가율": "-40.28",
    "영업이익증가율": "116.71",
    "외국인비율": "2.31",
    "PER": "-27.72",
    "ROE": "-2.22",
    "ROA": "-0.86",
    "PBR": "2.67",
    "유보율": "342.3",
    "code": "037370"
}