{
    "N": "999",
    "종목명": "성도이엔지",
    "현재가": "5,000",
    "상태": "상승",
    "전일비": "230",
    "등락률": "+4.82%",
    "액면가": "500",
    "거래량": "439,083",
    "거래대금": "2,217",
    "전일거래량": "103,939",
    "시가": "4,800",
    "고가": "5,170",
    "저가": "4,800",
    "매수호가": "5,000",
    "매도호가": "5,020",
    "매수총잔량": "16,948",
    "매도총잔량": "10,473",
    "상장주식수": "15,470",
    "시가총액": "774",
    "매출액": "6,957",
    "자산총계": "5,195",
    "부채총계": "3,804",
    "영업이익": "190",
    "당기순이익": "-656",
    "주당순이익": "-3,604",
    "보통주배당금": "50",
    "매출액증가율": "31.47",
    "영업이익증가율": "-7.57",
    "외국인비율": "7.02",
    "PER": "-1.39",
    "ROE": "-37.95",
    "ROA": "-13.45",
    "PBR": "0.45",
    "유보율": "1,723.7",
    "code": "037350"
}