{
    "N": "608",
    "종목명": "인지디스플레",
    "현재가": "3,390",
    "상태": "하락",
    "전일비": "60",
    "등락률": "-1.74%",
    "액면가": "500",
    "거래량": "710,865",
    "거래대금": "2,425",
    "전일거래량": "895,604",
    "시가": "3,450",
    "고가": "3,490",
    "저가": "3,365",
    "매수호가": "3,385",
    "매도호가": "3,390",
    "매수총잔량": "74,448",
    "매도총잔량": "33,903",
    "상장주식수": "43,885",
    "시가총액": "1,488",
    "매출액": "5,578",
    "자산총계": "4,416",
    "부채총계": "2,531",
    "영업이익": "238",
    "당기순이익": "86",
    "주당순이익": "221",
    "보통주배당금": "75",
    "매출액증가율": "8.44",
    "영업이익증가율": "7.66",
    "외국인비율": "4.28",
    "PER": "15.34",
    "ROE": "2.70",
    "ROA": "2.40",
    "PBR": "0.81",
    "유보율": "661.7",
    "code": "037330"
}