{
    "N": "1190",
    "종목명": "희림",
    "현재가": "3,925",
    "상태": "상승",
    "전일비": "15",
    "등락률": "+0.38%",
    "액면가": "500",
    "거래량": "26,882",
    "거래대금": "105",
    "전일거래량": "28,255",
    "시가": "3,950",
    "고가": "3,950",
    "저가": "3,890",
    "매수호가": "3,920",
    "매도호가": "3,925",
    "매수총잔량": "8,950",
    "매도총잔량": "13,842",
    "상장주식수": "13,922",
    "시가총액": "546",
    "매출액": "1,786",
    "자산총계": "1,616",
    "부채총계": "1,068",
    "영업이익": "72",
    "당기순이익": "36",
    "주당순이익": "264",
    "보통주배당금": "150",
    "매출액증가율": "5.36",
    "영업이익증가율": "6.39",
    "외국인비율": "0.80",
    "PER": "14.87",
    "ROE": "7.01",
    "ROA": "2.41",
    "PBR": "0.94",
    "유보율": "802.1",
    "code": "037440"
}