{
    "N": "443",
    "종목명": "삼지전자",
    "현재가": "12,450",
    "상태": "하락",
    "전일비": "100",
    "등락률": "-0.80%",
    "액면가": "500",
    "거래량": "230,772",
    "거래대금": "2,870",
    "전일거래량": "436,129",
    "시가": "12,600",
    "고가": "12,650",
    "저가": "12,300",
    "매수호가": "12,400",
    "매도호가": "12,450",
    "매수총잔량": "40,694",
    "매도총잔량": "144,272",
    "상장주식수": "16,319",
    "시가총액": "2,032",
    "매출액": "14,950",
    "자산총계": "5,595",
    "부채총계": "2,280",
    "영업이익": "362",
    "당기순이익": "339",
    "주당순이익": "1,515",
    "보통주배당금": "140",
    "매출액증가율": "3.85",
    "영업이익증가율": "11.51",
    "외국인비율": "1.93",
    "PER": "8.22",
    "ROE": "7.12",
    "ROA": "6.02",
    "PBR": "0.88",
    "유보율": "1,941.9",
    "code": "037460"
}