{
    "N": "1168",
    "종목명": "우리조명",
    "현재가": "2,265",
    "상태": "상승",
    "전일비": "200",
    "등락률": "+9.69%",
    "액면가": "500",
    "거래량": "6,389,913",
    "거래대금": "14,701",
    "전일거래량": "238,100",
    "시가": "2,065",
    "고가": "2,465",
    "저가": "2,060",
    "매수호가": "2,260",
    "매도호가": "2,265",
    "매수총잔량": "20,009",
    "매도총잔량": "56,623",
    "상장주식수": "24,923",
    "시가총액": "565",
    "매출액": "16,977",
    "자산총계": "6,750",
    "부채총계": "5,099",
    "영업이익": "271",
    "당기순이익": "54",
    "주당순이익": "312",
    "보통주배당금": "N/A",
    "매출액증가율": "30.37",
    "영업이익증가율": "328.54",
    "외국인비율": "2.08",
    "PER": "7.26",
    "ROE": "1.69",
    "ROA": "0.80",
    "PBR": "0.68",
    "유보율": "-191.6",
    "code": "037400"
}