{
    "N": "1151",
    "종목명": "쎄니트",
    "현재가": "1,740",
    "상태": "상승",
    "전일비": "5",
    "등락률": "+0.29%",
    "액면가": "500",
    "거래량": "225,059",
    "거래대금": "393",
    "전일거래량": "100,630",
    "시가": "1,745",
    "고가": "1,775",
    "저가": "1,715",
    "매수호가": "1,725",
    "매도호가": "1,740",
    "매수총잔량": "27,900",
    "매도총잔량": "46,952",
    "상장주식수": "33,833",
    "시가총액": "589",
    "매출액": "1,097",
    "자산총계": "1,572",
    "부채총계": "781",
    "영업이익": "57",
    "당기순이익": "19",
    "주당순이익": "203",
    "보통주배당금": "30",
    "매출액증가율": "-3.51",
    "영업이익증가율": "-7.53",
    "외국인비율": "0.91",
    "PER": "8.57",
    "ROE": "2.95",
    "ROA": "1.27",
    "PBR": "0.73",
    "유보율": "374.1",
    "code": "037760"
}