{
    "N": "655",
    "종목명": "엘컴텍",
    "현재가": "1,600",
    "상태": "상승",
    "전일비": "80",
    "등락률": "+5.26%",
    "액면가": "500",
    "거래량": "2,728,701",
    "거래대금": "4,308",
    "전일거래량": "767,273",
    "시가": "1,540",
    "고가": "1,615",
    "저가": "1,525",
    "매수호가": "1,595",
    "매도호가": "1,600",
    "매수총잔량": "274,449",
    "매도총잔량": "351,019",
    "상장주식수": "84,448",
    "시가총액": "1,351",
    "매출액": "462",
    "자산총계": "835",
    "부채총계": "101",
    "영업이익": "35",
    "당기순이익": "-6",
    "주당순이익": "-116",
    "보통주배당금": "35",
    "매출액증가율": "14.95",
    "영업이익증가율": "239.12",
    "외국인비율": "1.34",
    "PER": "-13.79",
    "ROE": "1.51",
    "ROA": "-0.68",
    "PBR": "2.10",
    "유보율": "115.3",
    "code": "037950"
}