{
    "N": "1088",
    "종목명": "제일테크노스",
    "현재가": "7,410",
    "상태": "상승",
    "전일비": "280",
    "등락률": "+3.93%",
    "액면가": "500",
    "거래량": "812,795",
    "거래대금": "6,042",
    "전일거래량": "185,189",
    "시가": "7,260",
    "고가": "7,600",
    "저가": "7,020",
    "매수호가": "7,410",
    "매도호가": "7,430",
    "매수총잔량": "15,949",
    "매도총잔량": "6,706",
    "상장주식수": "9,000",
    "시가총액": "667",
    "매출액": "1,670",
    "자산총계": "1,591",
    "부채총계": "828",
    "영업이익": "49",
    "당기순이익": "43",
    "주당순이익": "-91",
    "보통주배당금": "90",
    "매출액증가율": "3.89",
    "영업이익증가율": "-45.10",
    "외국인비율": "1.17",
    "PER": "-81.43",
    "ROE": "5.58",
    "ROA": "2.69",
    "PBR": "0.83",
    "유보율": "1,391.5",
    "code": "038010"
}