{
    "N": "637",
    "종목명": "루멘스",
    "현재가": "2,940",
    "상태": "하락",
    "전일비": "130",
    "등락률": "-4.23%",
    "액면가": "500",
    "거래량": "882,830",
    "거래대금": "2,638",
    "전일거래량": "943,146",
    "시가": "3,075",
    "고가": "3,080",
    "저가": "2,940",
    "매수호가": "2,940",
    "매도호가": "2,975",
    "매수총잔량": "70,199",
    "매도총잔량": "42,914",
    "상장주식수": "47,719",
    "시가총액": "1,403",
    "매출액": "3,236",
    "자산총계": "2,785",
    "부채총계": "1,479",
    "영업이익": "-392",
    "당기순이익": "-611",
    "주당순이익": "-1,106",
    "보통주배당금": "N/A",
    "매출액증가율": "-0.69",
    "영업이익증가율": "-92.40",
    "외국인비율": "7.71",
    "PER": "-2.66",
    "ROE": "-41.78",
    "ROA": "-19.99",
    "PBR": "1.10",
    "유보율": "466.5",
    "code": "038060"
}