{
    "N": "632",
    "종목명": "서린바이오",
    "현재가": "17,850",
    "상태": "",
    "전일비": "4,100",
    "등락률": "+29.82%",
    "액면가": "500",
    "거래량": "10,073,775",
    "거래대금": "168,831",
    "전일거래량": "258,004",
    "시가": "13,800",
    "고가": "17,850",
    "저가": "13,550",
    "매수호가": "17,850",
    "매도호가": "0",
    "매수총잔량": "167,211",
    "매도총잔량": "0",
    "상장주식수": "8,001",
    "시가총액": "1,428",
    "매출액": "544",
    "자산총계": "807",
    "부채총계": "194",
    "영업이익": "18",
    "당기순이익": "89",
    "주당순이익": "512",
    "보통주배당금": "122",
    "매출액증가율": "9.09",
    "영업이익증가율": "2.83",
    "외국인비율": "1.68",
    "PER": "34.86",
    "ROE": "15.67",
    "ROA": "11.71",
    "PBR": "2.30",
    "유보율": "1,567.1",
    "code": "038070"
}