{
    "N": "1428",
    "종목명": "팍스넷",
    "현재가": "862",
    "전일비": "0",
    "등락률": "0.00%",
    "액면가": "500",
    "거래량": "0",
    "거래대금": "0",
    "전일거래량": "0",
    "시가": "0",
    "고가": "0",
    "저가": "0",
    "매수호가": "0",
    "매도호가": "0",
    "매수총잔량": "0",
    "매도총잔량": "0",
    "상장주식수": "12,240",
    "시가총액": "106",
    "매출액": "107",
    "자산총계": "790",
    "부채총계": "657",
    "영업이익": "-162",
    "당기순이익": "-300",
    "주당순이익": "-428",
    "보통주배당금": "0",
    "매출액증가율": "-40.28",
    "영업이익증가율": "-45,448.99",
    "외국인비율": "5.26",
    "PER": "-2.01",
    "ROE": "-108.24",
    "ROA": "-42.30",
    "PBR": "0.75",
    "유보율": "180.1",
    "code": "038160"
}