{
    "N": "1175",
    "종목명": "에코플라스틱",
    "현재가": "2,180",
    "상태": "상승",
    "전일비": "5",
    "등락률": "+0.23%",
    "액면가": "500",
    "거래량": "1,359,166",
    "거래대금": "2,994",
    "전일거래량": "788,623",
    "시가": "2,155",
    "고가": "2,290",
    "저가": "2,120",
    "매수호가": "2,175",
    "매도호가": "2,180",
    "매수총잔량": "47,225",
    "매도총잔량": "24,406",
    "상장주식수": "25,669",
    "시가총액": "560",
    "매출액": "12,163",
    "자산총계": "6,281",
    "부채총계": "5,106",
    "영업이익": "109",
    "당기순이익": "-5",
    "주당순이익": "-294",
    "보통주배당금": "30",
    "매출액증가율": "12.18",
    "영업이익증가율": "393.95",
    "외국인비율": "2.16",
    "PER": "-7.41",
    "ROE": "-0.73",
    "ROA": "-0.09",
    "PBR": "0.53",
    "유보율": "764.7",
    "code": "038110"
}