{
    "N": "313",
    "종목명": "마크로젠",
    "현재가": "27,850",
    "상태": "하락",
    "전일비": "750",
    "등락률": "-2.62%",
    "액면가": "500",
    "거래량": "137,457",
    "거래대금": "3,846",
    "전일거래량": "292,456",
    "시가": "28,700",
    "고가": "28,950",
    "저가": "27,500",
    "매수호가": "27,850",
    "매도호가": "27,900",
    "매수총잔량": "18,352",
    "매도총잔량": "5,889",
    "상장주식수": "10,632",
    "시가총액": "2,961",
    "매출액": "1,223",
    "자산총계": "2,255",
    "부채총계": "1,177",
    "영업이익": "7",
    "당기순이익": "-134",
    "주당순이익": "-2,033",
    "보통주배당금": "0",
    "매출액증가율": "8.35",
    "영업이익증가율": "-22.47",
    "외국인비율": "1.69",
    "PER": "-13.70",
    "ROE": "-3.03",
    "ROA": "-6.61",
    "PBR": "2.59",
    "유보율": "2,354.6",
    "code": "038290"
}