{
    "N": "923",
    "종목명": "UCI",
    "현재가": "2,315",
    "상태": "상승",
    "전일비": "105",
    "등락률": "+4.75%",
    "액면가": "500",
    "거래량": "1,358,418",
    "거래대금": "3,129",
    "전일거래량": "992,951",
    "시가": "2,290",
    "고가": "2,400",
    "저가": "2,215",
    "매수호가": "2,315",
    "매도호가": "2,320",
    "매수총잔량": "50,062",
    "매도총잔량": "81,624",
    "상장주식수": "37,397",
    "시가총액": "866",
    "매출액": "187",
    "자산총계": "546",
    "부채총계": "174",
    "영업이익": "-46",
    "당기순이익": "-86",
    "주당순이익": "-409",
    "보통주배당금": "0",
    "매출액증가율": "-5.65",
    "영업이익증가율": "-1,710.23",
    "외국인비율": "0.00",
    "PER": "-5.66",
    "ROE": "-37.16",
    "ROA": "-23.72",
    "PBR": "2.17",
    "유보율": "116.9",
    "code": "038340"
}