{
    "N": "573",
    "종목명": "바이오스마트",
    "현재가": "7,880",
    "상태": "하락",
    "전일비": "120",
    "등락률": "-1.50%",
    "액면가": "500",
    "거래량": "275,494",
    "거래대금": "2,180",
    "전일거래량": "378,882",
    "시가": "8,060",
    "고가": "8,060",
    "저가": "7,820",
    "매수호가": "7,880",
    "매도호가": "7,890",
    "매수총잔량": "52,132",
    "매도총잔량": "8,217",
    "상장주식수": "20,088",
    "시가총액": "1,583",
    "매출액": "1,590",
    "자산총계": "1,835",
    "부채총계": "775",
    "영업이익": "31",
    "당기순이익": "199",
    "주당순이익": "162",
    "보통주배당금": "63",
    "매출액증가율": "35.02",
    "영업이익증가율": "-67.27",
    "외국인비율": "1.72",
    "PER": "48.64",
    "ROE": "23.82",
    "ROA": "12.24",
    "PBR": "1.43",
    "유보율": "942.6",
    "code": "038460"
}