{
    "N": "838",
    "종목명": "골드퍼시픽",
    "현재가": "1,485",
    "상태": "상승",
    "전일비": "50",
    "등락률": "+3.48%",
    "액면가": "500",
    "거래량": "3,823,791",
    "거래대금": "5,630",
    "전일거래량": "1,127,365",
    "시가": "1,435",
    "고가": "1,510",
    "저가": "1,410",
    "매수호가": "1,485",
    "매도호가": "1,490",
    "매수총잔량": "222,709",
    "매도총잔량": "249,657",
    "상장주식수": "66,197",
    "시가총액": "983",
    "매출액": "113",
    "자산총계": "729",
    "부채총계": "519",
    "영업이익": "-34",
    "당기순이익": "-316",
    "주당순이익": "-994",
    "보통주배당금": "0",
    "매출액증가율": "98.36",
    "영업이익증가율": "-278.43",
    "외국인비율": "1.65",
    "PER": "-1.49",
    "ROE": "-153.58",
    "ROA": "-57.06",
    "PBR": "2.35",
    "유보율": "25.4",
    "code": "038530"
}