{
    "N": "197",
    "종목명": "삼표시멘트",
    "현재가": "3,970",
    "상태": "하락",
    "전일비": "65",
    "등락률": "-1.61%",
    "액면가": "500",
    "거래량": "646,243",
    "거래대금": "2,574",
    "전일거래량": "868,821",
    "시가": "4,060",
    "고가": "4,060",
    "저가": "3,950",
    "매수호가": "3,970",
    "매도호가": "3,975",
    "매수총잔량": "91,703",
    "매도총잔량": "18,395",
    "상장주식수": "107,357",
    "시가총액": "4,262",
    "매출액": "5,955",
    "자산총계": "13,470",
    "부채총계": "7,118",
    "영업이익": "481",
    "당기순이익": "186",
    "주당순이익": "141",
    "보통주배당금": "50",
    "매출액증가율": "3.38",
    "영업이익증가율": "6,348.81",
    "외국인비율": "2.25",
    "PER": "28.16",
    "ROE": "2.96",
    "ROA": "1.40",
    "PBR": "0.67",
    "유보율": "1,095.0",
    "code": "038500"
}