{
    "N": "238",
    "종목명": "상상인",
    "현재가": "6,740",
    "상태": "상승",
    "전일비": "370",
    "등락률": "+5.81%",
    "액면가": "1,000",
    "거래량": "1,219,976",
    "거래대금": "8,140",
    "전일거래량": "344,971",
    "시가": "6,380",
    "고가": "6,850",
    "저가": "6,370",
    "매수호가": "6,730",
    "매도호가": "6,740",
    "매수총잔량": "20,859",
    "매도총잔량": "59,359",
    "상장주식수": "55,328",
    "시가총액": "3,729",
    "매출액": "5,413",
    "자산총계": "36,272",
    "부채총계": "30,085",
    "영업이익": "1,824",
    "당기순이익": "1,204",
    "주당순이익": "1,248",
    "보통주배당금": "200",
    "매출액증가율": "11.76",
    "영업이익증가율": "3.74",
    "외국인비율": "7.38",
    "PER": "5.40",
    "ROE": "26.51",
    "ROA": "3.72",
    "PBR": "0.65",
    "유보율": "848.0",
    "code": "038540"
}