{
    "N": "1179",
    "종목명": "위즈코프",
    "현재가": "1,435",
    "상태": "하락",
    "전일비": "10",
    "등락률": "-0.69%",
    "액면가": "500",
    "거래량": "673,086",
    "거래대금": "976",
    "전일거래량": "878,431",
    "시가": "1,445",
    "고가": "1,480",
    "저가": "1,435",
    "매수호가": "1,435",
    "매도호가": "1,440",
    "매수총잔량": "111,196",
    "매도총잔량": "45,278",
    "상장주식수": "38,831",
    "시가총액": "557",
    "매출액": "368",
    "자산총계": "417",
    "부채총계": "17",
    "영업이익": "10",
    "당기순이익": "0",
    "주당순이익": "80",
    "보통주배당금": "0",
    "매출액증가율": "-7.19",
    "영업이익증가율": "63.19",
    "외국인비율": "2.97",
    "PER": "17.94",
    "ROE": "0.13",
    "ROA": "0.06",
    "PBR": "1.20",
    "유보율": "128.9",
    "code": "038620"
}