{
    "N": "740",
    "종목명": "에스넷",
    "현재가": "7,280",
    "상태": "상승",
    "전일비": "160",
    "등락률": "+2.25%",
    "액면가": "500",
    "거래량": "648,503",
    "거래대금": "4,683",
    "전일거래량": "239,699",
    "시가": "7,130",
    "고가": "7,330",
    "저가": "7,090",
    "매수호가": "7,270",
    "매도호가": "7,280",
    "매수총잔량": "45,846",
    "매도총잔량": "53,219",
    "상장주식수": "16,075",
    "시가총액": "1,170",
    "매출액": "3,168",
    "자산총계": "1,721",
    "부채총계": "937",
    "영업이익": "78",
    "당기순이익": "69",
    "주당순이익": "-46",
    "보통주배당금": "120",
    "매출액증가율": "16.98",
    "영업이익증가율": "-12.96",
    "외국인비율": "1.40",
    "PER": "-158.26",
    "ROE": "8.59",
    "ROA": "4.31",
    "PBR": "1.59",
    "유보율": "917.6",
    "code": "038680"
}