{
    "N": "738",
    "종목명": "에코바이오",
    "현재가": "10,100",
    "상태": "상승",
    "전일비": "260",
    "등락률": "+2.64%",
    "액면가": "500",
    "거래량": "1,377,581",
    "거래대금": "14,037",
    "전일거래량": "220,703",
    "시가": "9,920",
    "고가": "10,650",
    "저가": "9,730",
    "매수호가": "10,100",
    "매도호가": "10,150",
    "매수총잔량": "33,722",
    "매도총잔량": "115,294",
    "상장주식수": "11,611",
    "시가총액": "1,173",
    "매출액": "173",
    "자산총계": "746",
    "부채총계": "129",
    "영업이익": "10",
    "당기순이익": "71",
    "주당순이익": "552",
    "보통주배당금": "N/A",
    "매출액증가율": "-21.44",
    "영업이익증가율": "-48.76",
    "외국인비율": "1.41",
    "PER": "18.30",
    "ROE": "12.12",
    "ROA": "7.16",
    "PBR": "1.74",
    "유보율": "991.5",
    "code": "038870"
}