{
    "N": "295",
    "종목명": "아이에이",
    "현재가": "1,115",
    "상태": "상승",
    "전일비": "5",
    "등락률": "+0.45%",
    "액면가": "100",
    "거래량": "13,309,311",
    "거래대금": "14,616",
    "전일거래량": "22,061,617",
    "시가": "1,070",
    "고가": "1,130",
    "저가": "1,055",
    "매수호가": "1,110",
    "매도호가": "1,115",
    "매수총잔량": "1,697,744",
    "매도총잔량": "1,326,937",
    "상장주식수": "275,455",
    "시가총액": "3,071",
    "매출액": "678",
    "자산총계": "1,093",
    "부채총계": "495",
    "영업이익": "27",
    "당기순이익": "12",
    "주당순이익": "28",
    "보통주배당금": "0",
    "매출액증가율": "0.85",
    "영업이익증가율": "364.89",
    "외국인비율": "1.32",
    "PER": "39.82",
    "ROE": "3.34",
    "ROA": "1.15",
    "PBR": "3.79",
    "유보율": "134.7",
    "code": "038880"
}