{
    "N": "1041",
    "종목명": "파인디지털",
    "현재가": "7,050",
    "상태": "하락",
    "전일비": "140",
    "등락률": "-1.95%",
    "액면가": "500",
    "거래량": "245,197",
    "거래대금": "1,743",
    "전일거래량": "580,786",
    "시가": "7,250",
    "고가": "7,290",
    "저가": "7,000",
    "매수호가": "7,050",
    "매도호가": "7,070",
    "매수총잔량": "9,476",
    "매도총잔량": "14,173",
    "상장주식수": "10,211",
    "시가총액": "720",
    "매출액": "961",
    "자산총계": "1,066",
    "부채총계": "172",
    "영업이익": "-2",
    "당기순이익": "-1",
    "주당순이익": "770",
    "보통주배당금": "50",
    "매출액증가율": "11.65",
    "영업이익증가율": "-115.18",
    "외국인비율": "0.80",
    "PER": "9.16",
    "ROE": "-0.14",
    "ROA": "-0.10",
    "PBR": "0.64",
    "유보율": "1,748.9",
    "code": "038950"
}