{
    "N": "35",
    "종목명": "이오테크닉스",
    "현재가": "114,000",
    "상태": "하락",
    "전일비": "2,500",
    "등락률": "-2.15%",
    "액면가": "500",
    "거래량": "194,772",
    "거래대금": "22,280",
    "전일거래량": "185,180",
    "시가": "117,000",
    "고가": "117,700",
    "저가": "113,100",
    "매수호가": "113,900",
    "매도호가": "114,000",
    "매수총잔량": "7,206",
    "매도총잔량": "1,350",
    "상장주식수": "12,320",
    "시가총액": "14,044",
    "매출액": "2,065",
    "자산총계": "4,464",
    "부채총계": "526",
    "영업이익": "71",
    "당기순이익": "118",
    "주당순이익": "2,585",
    "보통주배당금": "150",
    "매출액증가율": "-29.80",
    "영업이익증가율": "-60.24",
    "외국인비율": "15.51",
    "PER": "44.10",
    "ROE": "3.17",
    "ROA": "2.71",
    "PBR": "3.32",
    "유보율": "6,225.4",
    "code": "039030"
}