{
    "N": "1006",
    "종목명": "현대통신",
    "현재가": "8,830",
    "상태": "상승",
    "전일비": "560",
    "등락률": "+6.77%",
    "액면가": "500",
    "거래량": "237,371",
    "거래대금": "2,075",
    "전일거래량": "21,816",
    "시가": "8,350",
    "고가": "9,090",
    "저가": "8,300",
    "매수호가": "8,820",
    "매도호가": "8,830",
    "매수총잔량": "4,875",
    "매도총잔량": "5,018",
    "상장주식수": "8,625",
    "시가총액": "762",
    "매출액": "1,046",
    "자산총계": "1,092",
    "부채총계": "277",
    "영업이익": "105",
    "당기순이익": "107",
    "주당순이익": "1,026",
    "보통주배당금": "300",
    "매출액증가율": "-17.89",
    "영업이익증가율": "-47.76",
    "외국인비율": "6.04",
    "PER": "8.61",
    "ROE": "13.60",
    "ROA": "9.67",
    "PBR": "0.85",
    "유보율": "1,852.0",
    "code": "039010"
}