{
    "N": "1099",
    "종목명": "이건홀딩스",
    "현재가": "2,895",
    "상태": "하락",
    "전일비": "75",
    "등락률": "-2.53%",
    "액면가": "1,000",
    "거래량": "275,554",
    "거래대금": "805",
    "전일거래량": "187,752",
    "시가": "2,985",
    "고가": "2,985",
    "저가": "2,885",
    "매수호가": "2,895",
    "매도호가": "2,900",
    "매수총잔량": "25,428",
    "매도총잔량": "22,942",
    "상장주식수": "22,585",
    "시가총액": "654",
    "매출액": "4,703",
    "자산총계": "6,803",
    "부채총계": "3,954",
    "영업이익": "166",
    "당기순이익": "49",
    "주당순이익": "-59",
    "보통주배당금": "70",
    "매출액증가율": "52.83",
    "영업이익증가율": "26.37",
    "외국인비율": "0.61",
    "PER": "-49.07",
    "ROE": "2.80",
    "ROA": "0.72",
    "PBR": "0.42",
    "유보율": "540.3",
    "code": "039020"
}