{
    "N": "643",
    "종목명": "인포뱅크",
    "현재가": "15,900",
    "상태": "상승",
    "전일비": "50",
    "등락률": "+0.32%",
    "액면가": "500",
    "거래량": "8,086,584",
    "거래대금": "138,516",
    "전일거래량": "17,061,434",
    "시가": "16,250",
    "고가": "18,850",
    "저가": "15,400",
    "매수호가": "15,900",
    "매도호가": "15,950",
    "매수총잔량": "116,329",
    "매도총잔량": "35,350",
    "상장주식수": "8,694",
    "시가총액": "1,382",
    "매출액": "1,195",
    "자산총계": "730",
    "부채총계": "174",
    "영업이익": "8",
    "당기순이익": "12",
    "주당순이익": "104",
    "보통주배당금": "10",
    "매출액증가율": "-2.10",
    "영업이익증가율": "-66.63",
    "외국인비율": "0.23",
    "PER": "152.88",
    "ROE": "1.59",
    "ROA": "1.59",
    "PBR": "2.51",
    "유보율": "1,201.1",
    "code": "039290"
}