{
    "N": "22",
    "종목명": "오스코텍",
    "현재가": "64,900",
    "상태": "하락",
    "전일비": "3,500",
    "등락률": "-5.12%",
    "액면가": "500",
    "거래량": "701,002",
    "거래대금": "46,423",
    "전일거래량": "558,620",
    "시가": "68,300",
    "고가": "69,000",
    "저가": "64,600",
    "매수호가": "64,800",
    "매도호가": "64,900",
    "매수총잔량": "24,815",
    "매도총잔량": "6,644",
    "상장주식수": "29,200",
    "시가총액": "18,951",
    "매출액": "44",
    "자산총계": "724",
    "부채총계": "180",
    "영업이익": "-199",
    "당기순이익": "-250",
    "주당순이익": "-518",
    "보통주배당금": "N/A",
    "매출액증가율": "-76.64",
    "영업이익증가율": "-421.42",
    "외국인비율": "10.60",
    "PER": "-125.29",
    "ROE": "-45.99",
    "ROA": "-35.00",
    "PBR": "43.13",
    "유보율": "206.0",
    "code": "039200"
}