{
    "N": "1397",
    "종목명": "에이아이비트",
    "현재가": "181",
    "전일비": "0",
    "등락률": "0.00%",
    "액면가": "500",
    "거래량": "0",
    "거래대금": "0",
    "전일거래량": "0",
    "시가": "0",
    "고가": "0",
    "저가": "0",
    "매수호가": "0",
    "매도호가": "0",
    "매수총잔량": "0",
    "매도총잔량": "0",
    "상장주식수": "110,363",
    "시가총액": "200",
    "매출액": "374",
    "자산총계": "680",
    "부채총계": "176",
    "영업이익": "31",
    "당기순이익": "-112",
    "주당순이익": "-83",
    "보통주배당금": "0",
    "매출액증가율": "-0.97",
    "영업이익증가율": "19.24",
    "외국인비율": "0.34",
    "PER": "-2.18",
    "ROE": "-28.25",
    "ROA": "-15.68",
    "PBR": "0.38",
    "유보율": "15.7",
    "code": "039230"
}