{
    "N": "662",
    "종목명": "한국경제TV",
    "현재가": "5,800",
    "상태": "하락",
    "전일비": "30",
    "등락률": "-0.51%",
    "액면가": "500",
    "거래량": "66,486",
    "거래대금": "389",
    "전일거래량": "106,613",
    "시가": "5,850",
    "고가": "5,950",
    "저가": "5,780",
    "매수호가": "5,800",
    "매도호가": "5,810",
    "매수총잔량": "10,082",
    "매도총잔량": "11,922",
    "상장주식수": "23,000",
    "시가총액": "1,334",
    "매출액": "778",
    "자산총계": "1,464",
    "부채총계": "245",
    "영업이익": "137",
    "당기순이익": "150",
    "주당순이익": "747",
    "보통주배당금": "90",
    "매출액증가율": "-7.97",
    "영업이익증가율": "-11.93",
    "외국인비율": "2.52",
    "PER": "7.76",
    "ROE": "13.01",
    "ROA": "10.92",
    "PBR": "0.96",
    "유보율": "977.8",
    "code": "039340"
}