{
    "N": "1217",
    "종목명": "세중",
    "현재가": "2,830",
    "상태": "상승",
    "전일비": "5",
    "등락률": "+0.18%",
    "액면가": "500",
    "거래량": "140,854",
    "거래대금": "397",
    "전일거래량": "103,028",
    "시가": "2,825",
    "고가": "2,855",
    "저가": "2,750",
    "매수호가": "2,825",
    "매도호가": "2,830",
    "매수총잔량": "2,931",
    "매도총잔량": "10,552",
    "상장주식수": "18,122",
    "시가총액": "513",
    "매출액": "1,532",
    "자산총계": "1,248",
    "부채총계": "389",
    "영업이익": "39",
    "당기순이익": "23",
    "주당순이익": "126",
    "보통주배당금": "N/A",
    "매출액증가율": "19.85",
    "영업이익증가율": "496.43",
    "외국인비율": "1.59",
    "PER": "22.46",
    "ROE": "2.73",
    "ROA": "1.95",
    "PBR": "0.61",
    "유보율": "870.1",
    "code": "039310"
}