{
    "N": "337",
    "종목명": "에스티아이",
    "현재가": "17,500",
    "상태": "하락",
    "전일비": "200",
    "등락률": "-1.13%",
    "액면가": "500",
    "거래량": "368,693",
    "거래대금": "6,511",
    "전일거래량": "487,723",
    "시가": "17,650",
    "고가": "18,000",
    "저가": "17,400",
    "매수호가": "17,500",
    "매도호가": "17,550",
    "매수총잔량": "29,954",
    "매도총잔량": "47,462",
    "상장주식수": "15,830",
    "시가총액": "2,770",
    "매출액": "3,189",
    "자산총계": "2,657",
    "부채총계": "978",
    "영업이익": "271",
    "당기순이익": "230",
    "주당순이익": "965",
    "보통주배당금": "250",
    "매출액증가율": "11.25",
    "영업이익증가율": "22.89",
    "외국인비율": "5.61",
    "PER": "18.13",
    "ROE": "14.59",
    "ROA": "8.83",
    "PBR": "1.50",
    "유보율": "2,131.8",
    "code": "039440"
}