{
    "N": "1078",
    "종목명": "케이엘넷",
    "현재가": "2,810",
    "상태": "상승",
    "전일비": "15",
    "등락률": "+0.54%",
    "액면가": "500",
    "거래량": "1,556,869",
    "거래대금": "4,465",
    "전일거래량": "332,173",
    "시가": "2,810",
    "고가": "2,960",
    "저가": "2,780",
    "매수호가": "2,810",
    "매도호가": "2,820",
    "매수총잔량": "60,769",
    "매도총잔량": "13,964",
    "상장주식수": "24,155",
    "시가총액": "679",
    "매출액": "385",
    "자산총계": "449",
    "부채총계": "84",
    "영업이익": "41",
    "당기순이익": "38",
    "주당순이익": "151",
    "보통주배당금": "60",
    "매출액증가율": "-8.59",
    "영업이익증가율": "1.16",
    "외국인비율": "1.60",
    "PER": "18.61",
    "ROE": "10.41",
    "ROA": "8.78",
    "PBR": "1.64",
    "유보율": "251.5",
    "code": "039420"
}