{
    "N": "181",
    "종목명": "다산네트웍스",
    "현재가": "13,100",
    "상태": "하락",
    "전일비": "350",
    "등락률": "-2.60%",
    "액면가": "500",
    "거래량": "892,692",
    "거래대금": "11,787",
    "전일거래량": "856,301",
    "시가": "13,400",
    "고가": "13,500",
    "저가": "13,050",
    "매수호가": "13,100",
    "매도호가": "13,150",
    "매수총잔량": "133,902",
    "매도총잔량": "102,511",
    "상장주식수": "35,090",
    "시가총액": "4,597",
    "매출액": "4,466",
    "자산총계": "4,535",
    "부채총계": "2,212",
    "영업이익": "-2",
    "당기순이익": "-95",
    "주당순이익": "-97",
    "보통주배당금": "0",
    "매출액증가율": "25.17",
    "영업이익증가율": "-101.59",
    "외국인비율": "1.76",
    "PER": "-135.05",
    "ROE": "1.11",
    "ROA": "-2.33",
    "PBR": "2.43",
    "유보율": "1,003.1",
    "code": "039560"
}