{
    "N": "1124",
    "종목명": "화성밸브",
    "현재가": "6,000",
    "전일비": "0",
    "등락률": "0.00%",
    "액면가": "500",
    "거래량": "93,018",
    "거래대금": "554",
    "전일거래량": "225,850",
    "시가": "6,060",
    "고가": "6,060",
    "저가": "5,850",
    "매수호가": "5,980",
    "매도호가": "6,000",
    "매수총잔량": "15,005",
    "매도총잔량": "7,707",
    "상장주식수": "10,410",
    "시가총액": "625",
    "매출액": "681",
    "자산총계": "959",
    "부채총계": "232",
    "영업이익": "34",
    "당기순이익": "29",
    "주당순이익": "146",
    "보통주배당금": "N/A",
    "매출액증가율": "2.85",
    "영업이익증가율": "-8.96",
    "외국인비율": "2.06",
    "PER": "41.10",
    "ROE": "4.33",
    "ROA": "3.21",
    "PBR": "0.85",
    "유보율": "1,297.1",
    "code": "039610"
}