{
    "N": "1353",
    "종목명": "한국정보공학",
    "현재가": "3,985",
    "상태": "하락",
    "전일비": "175",
    "등락률": "-4.21%",
    "액면가": "500",
    "거래량": "251,745",
    "거래대금": "1,043",
    "전일거래량": "186,179",
    "시가": "4,290",
    "고가": "4,320",
    "저가": "3,965",
    "매수호가": "3,970",
    "매도호가": "3,985",
    "매수총잔량": "4,922",
    "매도총잔량": "12,941",
    "상장주식수": "8,018",
    "시가총액": "320",
    "매출액": "1,617",
    "자산총계": "851",
    "부채총계": "444",
    "영업이익": "10",
    "당기순이익": "17",
    "주당순이익": "-59",
    "보통주배당금": "N/A",
    "매출액증가율": "-8.18",
    "영업이익증가율": "161.67",
    "외국인비율": "0.96",
    "PER": "-67.54",
    "ROE": "4.53",
    "ROA": "2.31",
    "PBR": "0.85",
    "유보율": "939.4",
    "code": "039740"
}