{
    "N": "399",
    "종목명": "나노엔텍",
    "현재가": "8,620",
    "상태": "하락",
    "전일비": "60",
    "등락률": "-0.69%",
    "액면가": "500",
    "거래량": "271,451",
    "거래대금": "2,345",
    "전일거래량": "301,373",
    "시가": "8,650",
    "고가": "8,720",
    "저가": "8,560",
    "매수호가": "8,620",
    "매도호가": "8,630",
    "매수총잔량": "47,276",
    "매도총잔량": "19,471",
    "상장주식수": "26,796",
    "시가총액": "2,310",
    "매출액": "263",
    "자산총계": "466",
    "부채총계": "56",
    "영업이익": "31",
    "당기순이익": "57",
    "주당순이익": "146",
    "보통주배당금": "0",
    "매출액증가율": "1.78",
    "영업이익증가율": "7.97",
    "외국인비율": "0.91",
    "PER": "59.04",
    "ROE": "15.10",
    "ROA": "12.95",
    "PBR": "5.21",
    "유보율": "276.9",
    "code": "039860"
}