{
    "N": "825",
    "종목명": "오로라",
    "현재가": "9,410",
    "상태": "하락",
    "전일비": "90",
    "등락률": "-0.95%",
    "액면가": "500",
    "거래량": "68,403",
    "거래대금": "646",
    "전일거래량": "77,524",
    "시가": "9,540",
    "고가": "9,540",
    "저가": "9,400",
    "매수호가": "9,410",
    "매도호가": "9,420",
    "매수총잔량": "17,057",
    "매도총잔량": "6,842",
    "상장주식수": "10,763",
    "시가총액": "1,013",
    "매출액": "1,571",
    "자산총계": "2,509",
    "부채총계": "1,447",
    "영업이익": "126",
    "당기순이익": "38",
    "주당순이익": "41",
    "보통주배당금": "200",
    "매출액증가율": "6.98",
    "영업이익증가율": "-3.82",
    "외국인비율": "1.34",
    "PER": "229.51",
    "ROE": "3.62",
    "ROA": "1.57",
    "PBR": "0.88",
    "유보율": "2,012.9",
    "code": "039830"
}