{
    "N": "157",
    "종목명": "디오",
    "현재가": "31,900",
    "상태": "상승",
    "전일비": "600",
    "등락률": "+1.92%",
    "액면가": "500",
    "거래량": "143,874",
    "거래대금": "4,562",
    "전일거래량": "83,463",
    "시가": "31,300",
    "고가": "32,150",
    "저가": "31,100",
    "매수호가": "31,850",
    "매도호가": "31,900",
    "매수총잔량": "6,363",
    "매도총잔량": "16,981",
    "상장주식수": "15,524",
    "시가총액": "4,952",
    "매출액": "1,272",
    "자산총계": "2,732",
    "부채총계": "1,295",
    "영업이익": "348",
    "당기순이익": "256",
    "주당순이익": "647",
    "보통주배당금": "N/A",
    "매출액증가율": "39.68",
    "영업이익증가율": "330.04",
    "외국인비율": "19.78",
    "PER": "49.30",
    "ROE": "16.97",
    "ROA": "10.27",
    "PBR": "2.92",
    "유보율": "1,824.7",
    "code": "039840"
}