{
    "N": "1215",
    "종목명": "리노스",
    "현재가": "1,235",
    "상태": "하락",
    "전일비": "10",
    "등락률": "-0.80%",
    "액면가": "500",
    "거래량": "712,615",
    "거래대금": "896",
    "전일거래량": "3,503,296",
    "시가": "1,285",
    "고가": "1,285",
    "저가": "1,235",
    "매수호가": "1,235",
    "매도호가": "1,240",
    "매수총잔량": "154,149",
    "매도총잔량": "124,329",
    "상장주식수": "41,541",
    "시가총액": "513",
    "매출액": "813",
    "자산총계": "1,119",
    "부채총계": "370",
    "영업이익": "-3",
    "당기순이익": "-4",
    "주당순이익": "-75",
    "보통주배당금": "23",
    "매출액증가율": "13.46",
    "영업이익증가율": "-119.83",
    "외국인비율": "1.75",
    "PER": "-16.47",
    "ROE": "-0.59",
    "ROA": "-0.43",
    "PBR": "0.73",
    "유보율": "287.4",
    "code": "039980"
}