{
    "N": "789",
    "종목명": "누리텔레콤",
    "현재가": "8,930",
    "상태": "상승",
    "전일비": "160",
    "등락률": "+1.82%",
    "액면가": "500",
    "거래량": "944,440",
    "거래대금": "8,548",
    "전일거래량": "590,813",
    "시가": "8,860",
    "고가": "9,340",
    "저가": "8,680",
    "매수호가": "8,930",
    "매도호가": "8,940",
    "매수총잔량": "15,659",
    "매도총잔량": "6,651",
    "상장주식수": "12,056",
    "시가총액": "1,077",
    "매출액": "1,479",
    "자산총계": "1,286",
    "부채총계": "602",
    "영업이익": "116",
    "당기순이익": "89",
    "주당순이익": "1,093",
    "보통주배당금": "50",
    "매출액증가율": "-22.29",
    "영업이익증가율": "-33.00",
    "외국인비율": "32.34",
    "PER": "8.17",
    "ROE": "13.73",
    "ROA": "6.89",
    "PBR": "1.38",
    "유보율": "1,087.0",
    "code": "040160"
}