{
    "N": "589",
    "종목명": "YTN",
    "현재가": "3,660",
    "상태": "상승",
    "전일비": "20",
    "등락률": "+0.55%",
    "액면가": "1,000",
    "거래량": "330,327",
    "거래대금": "1,200",
    "전일거래량": "2,254,430",
    "시가": "3,565",
    "고가": "3,725",
    "저가": "3,555",
    "매수호가": "3,655",
    "매도호가": "3,660",
    "매수총잔량": "34,722",
    "매도총잔량": "16,421",
    "상장주식수": "42,000",
    "시가총액": "1,537",
    "매출액": "1,308",
    "자산총계": "2,839",
    "부채총계": "967",
    "영업이익": "5",
    "당기순이익": "-15",
    "주당순이익": "136",
    "보통주배당금": "10",
    "매출액증가율": "-1.18",
    "영업이익증가율": "-42.95",
    "외국인비율": "0.72",
    "PER": "26.91",
    "ROE": "-0.78",
    "ROA": "-0.53",
    "PBR": "0.83",
    "유보율": "343.3",
    "code": "040300"
}