{
    "N": "393",
    "종목명": "큐로컴",
    "현재가": "1,980",
    "상태": "하락",
    "전일비": "10",
    "등락률": "-0.50%",
    "액면가": "500",
    "거래량": "584,983",
    "거래대금": "1,166",
    "전일거래량": "672,435",
    "시가": "1,980",
    "고가": "2,030",
    "저가": "1,950",
    "매수호가": "1,980",
    "매도호가": "1,985",
    "매수총잔량": "61,437",
    "매도총잔량": "62,770",
    "상장주식수": "119,467",
    "시가총액": "2,365",
    "매출액": "151",
    "자산총계": "966",
    "부채총계": "590",
    "영업이익": "-118",
    "당기순이익": "-247",
    "주당순이익": "-182",
    "보통주배당금": "0",
    "매출액증가율": "8.17",
    "영업이익증가율": "-12.27",
    "외국인비율": "1.92",
    "PER": "-10.88",
    "ROE": "-33.26",
    "ROA": "-25.91",
    "PBR": "4.56",
    "유보율": "-14.7",
    "code": "040350"
}