{
    "N": "1165",
    "종목명": "SG&G",
    "현재가": "1,665",
    "상태": "상승",
    "전일비": "75",
    "등락률": "+4.72%",
    "액면가": "500",
    "거래량": "498,428",
    "거래대금": "810",
    "전일거래량": "209,960",
    "시가": "1,590",
    "고가": "1,665",
    "저가": "1,580",
    "매수호가": "1,655",
    "매도호가": "1,665",
    "매수총잔량": "66,619",
    "매도총잔량": "63,790",
    "상장주식수": "34,087",
    "시가총액": "568",
    "매출액": "9,389",
    "자산총계": "11,215",
    "부채총계": "4,972",
    "영업이익": "117",
    "당기순이익": "34",
    "주당순이익": "294",
    "보통주배당금": "N/A",
    "매출액증가율": "-13.77",
    "영업이익증가율": "31.94",
    "외국인비율": "2.31",
    "PER": "5.66",
    "ROE": "0.56",
    "ROA": "0.29",
    "PBR": "0.21",
    "유보율": "1,391.8",
    "code": "040610"
}