{
    "N": "279",
    "종목명": "아이씨디",
    "현재가": "17,850",
    "상태": "하락",
    "전일비": "300",
    "등락률": "-1.65%",
    "액면가": "500",
    "거래량": "678,306",
    "거래대금": "12,136",
    "전일거래량": "652,455",
    "시가": "18,200",
    "고가": "18,350",
    "저가": "17,600",
    "매수호가": "17,850",
    "매도호가": "17,900",
    "매수총잔량": "83,278",
    "매도총잔량": "54,035",
    "상장주식수": "17,948",
    "시가총액": "3,204",
    "매출액": "1,216",
    "자산총계": "2,038",
    "부채총계": "567",
    "영업이익": "143",
    "당기순이익": "112",
    "주당순이익": "2,641",
    "보통주배당금": "150",
    "매출액증가율": "-48.03",
    "영업이익증가율": "-63.99",
    "외국인비율": "5.26",
    "PER": "6.76",
    "ROE": "8.01",
    "ROA": "5.65",
    "PBR": "1.60",
    "유보율": "1,691.6",
    "code": "040910"
}