{
    "N": "966",
    "종목명": "인프라웨어",
    "현재가": "2,180",
    "상태": "상승",
    "전일비": "30",
    "등락률": "+1.40%",
    "액면가": "500",
    "거래량": "931,367",
    "거래대금": "2,039",
    "전일거래량": "693,083",
    "시가": "2,235",
    "고가": "2,270",
    "저가": "2,160",
    "매수호가": "2,175",
    "매도호가": "2,180",
    "매수총잔량": "68,320",
    "매도총잔량": "46,524",
    "상장주식수": "37,463",
    "시가총액": "817",
    "매출액": "210",
    "자산총계": "352",
    "부채총계": "71",
    "영업이익": "-59",
    "당기순이익": "-78",
    "주당순이익": "-116",
    "보통주배당금": "N/A",
    "매출액증가율": "-6.63",
    "영업이익증가율": "-1,051.23",
    "외국인비율": "2.37",
    "PER": "-18.79",
    "ROE": "-20.96",
    "ROA": "-19.85",
    "PBR": "2.36",
    "유보율": "82.8",
    "code": "041020"
}