{
    "N": "170",
    "종목명": "넥슨지티",
    "현재가": "13,450",
    "상태": "하락",
    "전일비": "150",
    "등락률": "-1.10%",
    "액면가": "500",
    "거래량": "328,787",
    "거래대금": "4,427",
    "전일거래량": "1,498,033",
    "시가": "13,600",
    "고가": "13,800",
    "저가": "13,200",
    "매수호가": "13,400",
    "매도호가": "13,450",
    "매수총잔량": "45,698",
    "매도총잔량": "32,506",
    "상장주식수": "35,373",
    "시가총액": "4,758",
    "매출액": "302",
    "자산총계": "1,446",
    "부채총계": "370",
    "영업이익": "-287",
    "당기순이익": "29",
    "주당순이익": "734",
    "보통주배당금": "N/A",
    "매출액증가율": "-6.92",
    "영업이익증가율": "-13.98",
    "외국인비율": "3.07",
    "PER": "18.32",
    "ROE": "2.78",
    "ROA": "1.86",
    "PBR": "4.16",
    "유보율": "564.6",
    "code": "041140"
}