{
    "N": "190",
    "종목명": "우리기술투자",
    "현재가": "5,240",
    "상태": "상승",
    "전일비": "350",
    "등락률": "+7.16%",
    "액면가": "500",
    "거래량": "33,842,782",
    "거래대금": "177,240",
    "전일거래량": "5,861,613",
    "시가": "5,010",
    "고가": "5,420",
    "저가": "4,950",
    "매수호가": "5,240",
    "매도호가": "5,250",
    "매수총잔량": "369,224",
    "매도총잔량": "172,442",
    "상장주식수": "84,000",
    "시가총액": "4,402",
    "매출액": "229",
    "자산총계": "831",
    "부채총계": "76",
    "영업이익": "133",
    "당기순이익": "106",
    "주당순이익": "253",
    "보통주배당금": "N/A",
    "매출액증가율": "22.48",
    "영업이익증가율": "3.41",
    "외국인비율": "2.57",
    "PER": "20.71",
    "ROE": "15.11",
    "ROA": "13.76",
    "PBR": "4.59",
    "유보율": "89.0",
    "code": "041190"
}