{
    "N": "648",
    "종목명": "한국전자인증",
    "현재가": "6,400",
    "상태": "하락",
    "전일비": "10",
    "등락률": "-0.16%",
    "액면가": "500",
    "거래량": "229,519",
    "거래대금": "1,459",
    "전일거래량": "187,872",
    "시가": "6,460",
    "고가": "6,480",
    "저가": "6,320",
    "매수호가": "6,390",
    "매도호가": "6,400",
    "매수총잔량": "22,257",
    "매도총잔량": "60,528",
    "상장주식수": "21,459",
    "시가총액": "1,373",
    "매출액": "287",
    "자산총계": "576",
    "부채총계": "169",
    "영업이익": "23",
    "당기순이익": "16",
    "주당순이익": "67",
    "보통주배당금": "46",
    "매출액증가율": "7.91",
    "영업이익증가율": "-35.45",
    "외국인비율": "1.45",
    "PER": "95.52",
    "ROE": "4.42",
    "ROA": "2.87",
    "PBR": "2.99",
    "유보율": "315.1",
    "code": "041460"
}