{
    "N": "1007",
    "종목명": "에버다임",
    "현재가": "4,240",
    "상태": "하락",
    "전일비": "60",
    "등락률": "-1.40%",
    "액면가": "500",
    "거래량": "64,711",
    "거래대금": "275",
    "전일거래량": "48,806",
    "시가": "4,310",
    "고가": "4,310",
    "저가": "4,225",
    "매수호가": "4,240",
    "매도호가": "4,250",
    "매수총잔량": "41,728",
    "매도총잔량": "5,815",
    "상장주식수": "17,916",
    "시가총액": "760",
    "매출액": "2,486",
    "자산총계": "2,804",
    "부채총계": "905",
    "영업이익": "31",
    "당기순이익": "12",
    "주당순이익": "9",
    "보통주배당금": "40",
    "매출액증가율": "-20.10",
    "영업이익증가율": "-78.37",
    "외국인비율": "1.00",
    "PER": "471.11",
    "ROE": "0.61",
    "ROA": "0.42",
    "PBR": "0.39",
    "유보율": "1,987.5",
    "code": "041440"
}