{
    "N": "1107",
    "종목명": "젬백스지오",
    "현재가": "831",
    "상태": "하락",
    "전일비": "16",
    "등락률": "-1.89%",
    "액면가": "500",
    "거래량": "7,790,516",
    "거래대금": "6,778",
    "전일거래량": "20,660,368",
    "시가": "857",
    "고가": "917",
    "저가": "827",
    "매수호가": "831",
    "매도호가": "834",
    "매수총잔량": "95,984",
    "매도총잔량": "16,405",
    "상장주식수": "77,426",
    "시가총액": "643",
    "매출액": "189",
    "자산총계": "1,467",
    "부채총계": "700",
    "영업이익": "-40",
    "당기순이익": "-592",
    "주당순이익": "-446",
    "보통주배당금": "0",
    "매출액증가율": "-25.71",
    "영업이익증가율": "-1,264.99",
    "외국인비율": "1.06",
    "PER": "-1.86",
    "ROE": "-68.98",
    "ROA": "-39.55",
    "PBR": "0.78",
    "유보율": "90.7",
    "code": "041590"
}