{
    "N": "512",
    "종목명": "이라이콤",
    "현재가": "14,700",
    "상태": "하락",
    "전일비": "700",
    "등락률": "-4.55%",
    "액면가": "500",
    "거래량": "503,028",
    "거래대금": "7,715",
    "전일거래량": "486,651",
    "시가": "15,500",
    "고가": "16,050",
    "저가": "14,650",
    "매수호가": "14,700",
    "매도호가": "14,800",
    "매수총잔량": "12,508",
    "매도총잔량": "6,268",
    "상장주식수": "12,189",
    "시가총액": "1,792",
    "매출액": "2,771",
    "자산총계": "2,373",
    "부채총계": "322",
    "영업이익": "-55",
    "당기순이익": "-6",
    "주당순이익": "1,214",
    "보통주배당금": "100",
    "매출액증가율": "-24.52",
    "영업이익증가율": "-164.26",
    "외국인비율": "4.88",
    "PER": "12.11",
    "ROE": "-0.28",
    "ROA": "-0.21",
    "PBR": "0.81",
    "유보율": "3,163.0",
    "code": "041520"
}