{
    "N": "101",
    "종목명": "에스엠",
    "현재가": "29,000",
    "상태": "하락",
    "전일비": "250",
    "등락률": "-0.85%",
    "액면가": "500",
    "거래량": "291,732",
    "거래대금": "8,482",
    "전일거래량": "285,710",
    "시가": "29,350",
    "고가": "29,400",
    "저가": "28,900",
    "매수호가": "28,950",
    "매도호가": "29,000",
    "매수총잔량": "93,164",
    "매도총잔량": "17,818",
    "상장주식수": "23,453",
    "시가총액": "6,801",
    "매출액": "6,578",
    "자산총계": "11,156",
    "부채총계": "4,829",
    "영업이익": "404",
    "당기순이익": "-162",
    "주당순이익": "-1,560",
    "보통주배당금": "0",
    "매출액증가율": "7.45",
    "영업이익증가율": "-15.39",
    "외국인비율": "16.07",
    "PER": "-18.59",
    "ROE": "-2.10",
    "ROA": "-1.53",
    "PBR": "1.52",
    "유보율": "3,495.5",
    "code": "041510"
}