{
    "N": "368",
    "종목명": "인바디",
    "현재가": "18,500",
    "상태": "상승",
    "전일비": "550",
    "등락률": "+3.06%",
    "액면가": "500",
    "거래량": "339,036",
    "거래대금": "6,253",
    "전일거래량": "150,146",
    "시가": "18,200",
    "고가": "18,750",
    "저가": "18,150",
    "매수호가": "18,500",
    "매도호가": "18,550",
    "매수총잔량": "34,142",
    "매도총잔량": "39,070",
    "상장주식수": "13,684",
    "시가총액": "2,531",
    "매출액": "1,171",
    "자산총계": "1,549",
    "부채총계": "151",
    "영업이익": "276",
    "당기순이익": "204",
    "주당순이익": "1,059",
    "보통주배당금": "140",
    "매출액증가율": "17.49",
    "영업이익증가율": "16.68",
    "외국인비율": "18.66",
    "PER": "17.47",
    "ROE": "15.47",
    "ROA": "14.24",
    "PBR": "1.67",
    "유보율": "2,053.8",
    "code": "041830"
}