{
    "N": "548",
    "종목명": "동아화성",
    "현재가": "10,650",
    "상태": "하락",
    "전일비": "350",
    "등락률": "-3.18%",
    "액면가": "500",
    "거래량": "581,879",
    "거래대금": "6,258",
    "전일거래량": "1,017,678",
    "시가": "11,100",
    "고가": "11,100",
    "저가": "10,600",
    "매수호가": "10,650",
    "매도호가": "10,700",
    "매수총잔량": "101,138",
    "매도총잔량": "58,290",
    "상장주식수": "15,800",
    "시가총액": "1,683",
    "매출액": "2,885",
    "자산총계": "2,384",
    "부채총계": "1,275",
    "영업이익": "107",
    "당기순이익": "102",
    "주당순이익": "252",
    "보통주배당금": "50",
    "매출액증가율": "13.87",
    "영업이익증가율": "-18.60",
    "외국인비율": "0.55",
    "PER": "42.26",
    "ROE": "9.72",
    "ROA": "4.59",
    "PBR": "1.40",
    "유보율": "1,257.7",
    "code": "041930"
}