{
    "N": "641",
    "종목명": "메디아나",
    "현재가": "16,100",
    "상태": "하락",
    "전일비": "500",
    "등락률": "-3.01%",
    "액면가": "500",
    "거래량": "124,416",
    "거래대금": "2,023",
    "전일거래량": "222,179",
    "시가": "16,700",
    "고가": "16,700",
    "저가": "16,100",
    "매수호가": "16,100",
    "매도호가": "16,150",
    "매수총잔량": "29,401",
    "매도총잔량": "9,364",
    "상장주식수": "8,650",
    "시가총액": "1,393",
    "매출액": "484",
    "자산총계": "648",
    "부채총계": "78",
    "영업이익": "77",
    "당기순이익": "67",
    "주당순이익": "1,370",
    "보통주배당금": "N/A",
    "매출액증가율": "3.36",
    "영업이익증가율": "121.65",
    "외국인비율": "0.70",
    "PER": "11.75",
    "ROE": "12.68",
    "ROA": "11.10",
    "PBR": "2.02",
    "유보율": "1,142.7",
    "code": "041920"
}