{
    "N": "594",
    "종목명": "에스텍파마",
    "현재가": "12,800",
    "상태": "상승",
    "전일비": "350",
    "등락률": "+2.81%",
    "액면가": "500",
    "거래량": "238,661",
    "거래대금": "3,026",
    "전일거래량": "179,296",
    "시가": "12,600",
    "고가": "12,900",
    "저가": "12,450",
    "매수호가": "12,750",
    "매도호가": "12,800",
    "매수총잔량": "52,802",
    "매도총잔량": "41,975",
    "상장주식수": "11,898",
    "시가총액": "1,523",
    "매출액": "465",
    "자산총계": "1,164",
    "부채총계": "137",
    "영업이익": "38",
    "당기순이익": "152",
    "주당순이익": "947",
    "보통주배당금": "100",
    "매출액증가율": "15.26",
    "영업이익증가율": "148.87",
    "외국인비율": "1.12",
    "PER": "13.52",
    "ROE": "15.87",
    "ROA": "14.18",
    "PBR": "1.35",
    "유보율": "1,668.7",
    "code": "041910"
}