{
    "N": "71",
    "종목명": "코미팜",
    "현재가": "13,350",
    "상태": "상승",
    "전일비": "200",
    "등락률": "+1.52%",
    "액면가": "100",
    "거래량": "570,219",
    "거래대금": "7,595",
    "전일거래량": "501,134",
    "시가": "13,200",
    "고가": "13,550",
    "저가": "13,100",
    "매수호가": "13,300",
    "매도호가": "13,350",
    "매수총잔량": "175,218",
    "매도총잔량": "93,362",
    "상장주식수": "64,186",
    "시가총액": "8,569",
    "매출액": "355",
    "자산총계": "1,256",
    "부채총계": "495",
    "영업이익": "-54",
    "당기순이익": "-233",
    "주당순이익": "-333",
    "보통주배당금": "0",
    "매출액증가율": "1.42",
    "영업이익증가율": "12.54",
    "외국인비율": "3.69",
    "PER": "-40.09",
    "ROE": "-25.64",
    "ROA": "-17.52",
    "PBR": "10.91",
    "유보율": "1,071.2",
    "code": "041960"
}