{
    "N": "122",
    "종목명": "카페24",
    "현재가": "63,900",
    "상태": "하락",
    "전일비": "1,600",
    "등락률": "-2.44%",
    "액면가": "500",
    "거래량": "167,041",
    "거래대금": "10,763",
    "전일거래량": "362,304",
    "시가": "65,600",
    "고가": "65,700",
    "저가": "63,900",
    "매수호가": "63,900",
    "매도호가": "64,000",
    "매수총잔량": "12,658",
    "매도총잔량": "5,758",
    "상장주식수": "9,431",
    "시가총액": "6,026",
    "매출액": "2,172",
    "자산총계": "2,314",
    "부채총계": "792",
    "영업이익": "98",
    "당기순이익": "78",
    "주당순이익": "498",
    "보통주배당금": "N/A",
    "매출액증가율": "31.36",
    "영업이익증가율": "-36.89",
    "외국인비율": "23.30",
    "PER": "128.31",
    "ROE": "5.91",
    "ROA": "4.10",
    "PBR": "5.04",
    "유보율": "2,374.0",
    "code": "042000"
}