{
    "N": "206",
    "종목명": "케이피엠테크",
    "현재가": "2,995",
    "상태": "하락",
    "전일비": "15",
    "등락률": "-0.50%",
    "액면가": "100",
    "거래량": "2,380,459",
    "거래대금": "7,144",
    "전일거래량": "8,106,336",
    "시가": "3,010",
    "고가": "3,055",
    "저가": "2,975",
    "매수호가": "2,995",
    "매도호가": "3,000",
    "매수총잔량": "349,960",
    "매도총잔량": "88,605",
    "상장주식수": "138,127",
    "시가총액": "4,137",
    "매출액": "177",
    "자산총계": "1,621",
    "부채총계": "553",
    "영업이익": "-102",
    "당기순이익": "-353",
    "주당순이익": "-228",
    "보통주배당금": "0",
    "매출액증가율": "-39.99",
    "영업이익증가율": "-1,010.09",
    "외국인비율": "1.81",
    "PER": "-13.14",
    "ROE": "-28.53",
    "ROA": "-19.57",
    "PBR": "3.25",
    "유보율": "1,041.5",
    "code": "042040"
}