{
    "N": "973",
    "종목명": "에스씨디",
    "현재가": "1,680",
    "상태": "상승",
    "전일비": "10",
    "등락률": "+0.60%",
    "액면가": "500",
    "거래량": "2,726,426",
    "거래대금": "4,630",
    "전일거래량": "925,921",
    "시가": "1,670",
    "고가": "1,765",
    "저가": "1,635",
    "매수호가": "1,680",
    "매도호가": "1,685",
    "매수총잔량": "80,681",
    "매도총잔량": "33,877",
    "상장주식수": "48,330",
    "시가총액": "812",
    "매출액": "1,749",
    "자산총계": "1,392",
    "부채총계": "385",
    "영업이익": "35",
    "당기순이익": "-10",
    "주당순이익": "53",
    "보통주배당금": "15",
    "매출액증가율": "9.84",
    "영업이익증가율": "-29.56",
    "외국인비율": "54.62",
    "PER": "31.70",
    "ROE": "-0.98",
    "ROA": "-0.74",
    "PBR": "0.80",
    "유보율": "319.9",
    "code": "042110"
}