{
    "N": "430",
    "종목명": "비츠로테크",
    "현재가": "9,350",
    "상태": "하락",
    "전일비": "10",
    "등락률": "-0.11%",
    "액면가": "500",
    "거래량": "622,023",
    "거래대금": "5,881",
    "전일거래량": "483,120",
    "시가": "9,370",
    "고가": "9,690",
    "저가": "9,300",
    "매수호가": "9,340",
    "매도호가": "9,350",
    "매수총잔량": "19,910",
    "매도총잔량": "27,610",
    "상장주식수": "22,354",
    "시가총액": "2,090",
    "매출액": "3,130",
    "자산총계": "3,675",
    "부채총계": "1,205",
    "영업이익": "374",
    "당기순이익": "298",
    "주당순이익": "869",
    "보통주배당금": "50",
    "매출액증가율": "115.95",
    "영업이익증가율": "82.54",
    "외국인비율": "2.22",
    "PER": "10.76",
    "ROE": "11.37",
    "ROA": "8.45",
    "PBR": "1.23",
    "유보율": "1,287.6",
    "code": "042370"
}