{
    "N": "691",
    "종목명": "한스바이오메드",
    "현재가": "12,650",
    "상태": "하락",
    "전일비": "400",
    "등락률": "-3.07%",
    "액면가": "500",
    "거래량": "238,714",
    "거래대금": "3,041",
    "전일거래량": "399,738",
    "시가": "13,000",
    "고가": "13,000",
    "저가": "12,600",
    "매수호가": "12,600",
    "매도호가": "12,650",
    "매수총잔량": "81,071",
    "매도총잔량": "34,762",
    "상장주식수": "10,103",
    "시가총액": "1,278",
    "매출액": "801",
    "자산총계": "1,318",
    "부채총계": "625",
    "영업이익": "-34",
    "당기순이익": "-182",
    "주당순이익": "-1,796",
    "보통주배당금": "N/A",
    "매출액증가율": "19.57",
    "영업이익증가율": "-127.06",
    "외국인비율": "5.24",
    "PER": "-7.04",
    "ROE": "-26.39",
    "ROA": "-13.67",
    "PBR": "2.10",
    "유보율": "1,134.9",
    "code": "042520"
}