{
    "N": "762",
    "종목명": "링네트",
    "현재가": "7,400",
    "상태": "상승",
    "전일비": "80",
    "등락률": "+1.09%",
    "액면가": "500",
    "거래량": "618,708",
    "거래대금": "4,537",
    "전일거래량": "780,537",
    "시가": "7,320",
    "고가": "7,420",
    "저가": "7,250",
    "매수호가": "7,400",
    "매도호가": "7,410",
    "매수총잔량": "34,702",
    "매도총잔량": "39,079",
    "상장주식수": "15,217",
    "시가총액": "1,126",
    "매출액": "1,319",
    "자산총계": "944",
    "부채총계": "364",
    "영업이익": "70",
    "당기순이익": "70",
    "주당순이익": "396",
    "보통주배당금": "0",
    "매출액증가율": "-4.10",
    "영업이익증가율": "72.57",
    "외국인비율": "0.45",
    "PER": "18.69",
    "ROE": "12.73",
    "ROA": "7.51",
    "PBR": "1.46",
    "유보율": "787.8",
    "code": "042500"
}