{
    "N": "710",
    "종목명": "라온시큐어",
    "현재가": "3,475",
    "상태": "하락",
    "전일비": "35",
    "등락률": "-1.00%",
    "액면가": "500",
    "거래량": "389,984",
    "거래대금": "1,361",
    "전일거래량": "490,141",
    "시가": "3,580",
    "고가": "3,580",
    "저가": "3,465",
    "매수호가": "3,475",
    "매도호가": "3,485",
    "매수총잔량": "49,144",
    "매도총잔량": "36,579",
    "상장주식수": "35,295",
    "시가총액": "1,227",
    "매출액": "304",
    "자산총계": "511",
    "부채총계": "283",
    "영업이익": "21",
    "당기순이익": "25",
    "주당순이익": "-148",
    "보통주배당금": "0",
    "매출액증가율": "23.70",
    "영업이익증가율": "-47.28",
    "외국인비율": "0.83",
    "PER": "-23.48",
    "ROE": "10.15",
    "ROA": "6.45",
    "PBR": "6.70",
    "유보율": "76.7",
    "code": "042510"
}