{
    "N": "525",
    "종목명": "새로닉스",
    "현재가": "14,100",
    "상태": "상승",
    "전일비": "650",
    "등락률": "+4.83%",
    "액면가": "500",
    "거래량": "596,513",
    "거래대금": "8,304",
    "전일거래량": "507,922",
    "시가": "13,700",
    "고가": "14,400",
    "저가": "13,500",
    "매수호가": "14,050",
    "매도호가": "14,100",
    "매수총잔량": "22,864",
    "매도총잔량": "43,081",
    "상장주식수": "12,424",
    "시가총액": "1,752",
    "매출액": "1,638",
    "자산총계": "1,346",
    "부채총계": "529",
    "영업이익": "1",
    "당기순이익": "-19",
    "주당순이익": "227",
    "보통주배당금": "40",
    "매출액증가율": "15.26",
    "영업이익증가율": "-98.20",
    "외국인비율": "0.46",
    "PER": "62.11",
    "ROE": "-2.43",
    "ROA": "-1.42",
    "PBR": "2.09",
    "유보율": "1,131.1",
    "code": "042600"
}