{
    "N": "1076",
    "종목명": "상지카일룸",
    "현재가": "1,180",
    "상태": "하락",
    "전일비": "15",
    "등락률": "-1.26%",
    "액면가": "500",
    "거래량": "604,068",
    "거래대금": "712",
    "전일거래량": "466,550",
    "시가": "1,185",
    "고가": "1,210",
    "저가": "1,165",
    "매수호가": "1,175",
    "매도호가": "1,180",
    "매수총잔량": "220,424",
    "매도총잔량": "80,223",
    "상장주식수": "57,609",
    "시가총액": "680",
    "매출액": "1,049",
    "자산총계": "1,544",
    "부채총계": "1,095",
    "영업이익": "6",
    "당기순이익": "-51",
    "주당순이익": "-305",
    "보통주배당금": "0",
    "매출액증가율": "238.28",
    "영업이익증가율": "-67.84",
    "외국인비율": "0.61",
    "PER": "-3.87",
    "ROE": "-11.48",
    "ROA": "-3.64",
    "PBR": "1.22",
    "유보율": "114.0",
    "code": "042940"
}