{
    "N": "1261",
    "종목명": "큐브앤컴퍼니",
    "현재가": "1,400",
    "상태": "상승",
    "전일비": "25",
    "등락률": "+1.82%",
    "액면가": "500",
    "거래량": "391,023",
    "거래대금": "536",
    "전일거래량": "539,560",
    "시가": "1,390",
    "고가": "1,400",
    "저가": "1,340",
    "매수호가": "1,390",
    "매도호가": "1,400",
    "매수총잔량": "25,864",
    "매도총잔량": "50,368",
    "상장주식수": "32,590",
    "시가총액": "456",
    "매출액": "74",
    "자산총계": "281",
    "부채총계": "59",
    "영업이익": "-42",
    "당기순이익": "-80",
    "주당순이익": "-201",
    "보통주배당금": "0",
    "매출액증가율": "-34.38",
    "영업이익증가율": "-10.69",
    "외국인비율": "0.64",
    "PER": "-6.97",
    "ROE": "-39.36",
    "ROA": "-30.03",
    "PBR": "1.82",
    "유보율": "144.1",
    "code": "043090"
}