{
    "N": "1386",
    "종목명": "솔고바이오",
    "현재가": "392",
    "전일비": "0",
    "등락률": "0.00%",
    "액면가": "500",
    "거래량": "0",
    "거래대금": "0",
    "전일거래량": "0",
    "시가": "0",
    "고가": "0",
    "저가": "0",
    "매수호가": "0",
    "매도호가": "0",
    "매수총잔량": "0",
    "매도총잔량": "0",
    "상장주식수": "57,759",
    "시가총액": "226",
    "매출액": "214",
    "자산총계": "565",
    "부채총계": "233",
    "영업이익": "-59",
    "당기순이익": "-188",
    "주당순이익": "-195",
    "보통주배당금": "0",
    "매출액증가율": "-4.88",
    "영업이익증가율": "51.83",
    "외국인비율": "1.30",
    "PER": "-2.01",
    "ROE": "-44.62",
    "ROA": "-28.56",
    "PBR": "0.66",
    "유보율": "-59.6",
    "code": "043100"
}