{
    "N": "244",
    "종목명": "바텍",
    "현재가": "24,400",
    "상태": "하락",
    "전일비": "200",
    "등락률": "-0.81%",
    "액면가": "500",
    "거래량": "201,270",
    "거래대금": "4,908",
    "전일거래량": "566,207",
    "시가": "24,350",
    "고가": "24,750",
    "저가": "24,100",
    "매수호가": "24,400",
    "매도호가": "24,450",
    "매수총잔량": "22,028",
    "매도총잔량": "19,296",
    "상장주식수": "14,854",
    "시가총액": "3,624",
    "매출액": "2,717",
    "자산총계": "3,870",
    "부채총계": "1,332",
    "영업이익": "429",
    "당기순이익": "356",
    "주당순이익": "1,007",
    "보통주배당금": "100",
    "매출액증가율": "15.92",
    "영업이익증가율": "8.93",
    "외국인비율": "20.04",
    "PER": "24.23",
    "ROE": "14.49",
    "ROA": "9.66",
    "PBR": "1.40",
    "유보율": "3,238.4",
    "code": "043150"
}