{
    "N": "833",
    "종목명": "케이맥",
    "현재가": "2,660",
    "상태": "상승",
    "전일비": "370",
    "등락률": "+16.16%",
    "액면가": "100",
    "거래량": "4,065,205",
    "거래대금": "9,982",
    "전일거래량": "1,117,701",
    "시가": "2,290",
    "고가": "2,725",
    "저가": "2,245",
    "매수호가": "2,660",
    "매도호가": "2,665",
    "매수총잔량": "33,015",
    "매도총잔량": "18,306",
    "상장주식수": "37,161",
    "시가총액": "988",
    "매출액": "630",
    "자산총계": "864",
    "부채총계": "424",
    "영업이익": "-63",
    "당기순이익": "-111",
    "주당순이익": "-217",
    "보통주배당금": "0",
    "매출액증가율": "-41.04",
    "영업이익증가율": "-178.64",
    "외국인비율": "2.68",
    "PER": "-12.26",
    "ROE": "-21.99",
    "ROA": "-12.78",
    "PBR": "2.26",
    "유보율": "1,107.0",
    "code": "043290"
}