{
    "N": "800",
    "종목명": "파루",
    "현재가": "2,725",
    "상태": "하락",
    "전일비": "70",
    "등락률": "-2.50%",
    "액면가": "500",
    "거래량": "803,781",
    "거래대금": "2,206",
    "전일거래량": "1,345,750",
    "시가": "2,790",
    "고가": "2,790",
    "저가": "2,720",
    "매수호가": "2,725",
    "매도호가": "2,730",
    "매수총잔량": "130,192",
    "매도총잔량": "57,247",
    "상장주식수": "38,785",
    "시가총액": "1,057",
    "매출액": "531",
    "자산총계": "677",
    "부채총계": "221",
    "영업이익": "2",
    "당기순이익": "2",
    "주당순이익": "-289",
    "보통주배당금": "0",
    "매출액증가율": "46.19",
    "영업이익증가율": "100.62",
    "외국인비율": "0.90",
    "PER": "-9.43",
    "ROE": "1.12",
    "ROA": "0.37",
    "PBR": "2.39",
    "유보율": "157.4",
    "code": "043200"
}