{
    "N": "945",
    "종목명": "성호전자",
    "현재가": "1,600",
    "상태": "하락",
    "전일비": "35",
    "등락률": "-2.14%",
    "액면가": "500",
    "거래량": "2,193,618",
    "거래대금": "3,485",
    "전일거래량": "2,948,329",
    "시가": "1,635",
    "고가": "1,665",
    "저가": "1,555",
    "매수호가": "1,595",
    "매도호가": "1,600",
    "매수총잔량": "141,557",
    "매도총잔량": "80,173",
    "상장주식수": "52,696",
    "시가총액": "843",
    "매출액": "993",
    "자산총계": "957",
    "부채총계": "545",
    "영업이익": "-31",
    "당기순이익": "-51",
    "주당순이익": "81",
    "보통주배당금": "0",
    "매출액증가율": "8.68",
    "영업이익증가율": "-2,167.90",
    "외국인비율": "1.53",
    "PER": "19.75",
    "ROE": "-12.14",
    "ROA": "-5.25",
    "PBR": "1.20",
    "유보율": "29.7",
    "code": "043260"
}