{
    "N": "732",
    "종목명": "에이치엘비파워",
    "현재가": "1,300",
    "상태": "하락",
    "전일비": "50",
    "등락률": "-3.70%",
    "액면가": "500",
    "거래량": "2,120,265",
    "거래대금": "2,796",
    "전일거래량": "2,568,426",
    "시가": "1,345",
    "고가": "1,350",
    "저가": "1,300",
    "매수호가": "1,300",
    "매도호가": "1,305",
    "매수총잔량": "236,931",
    "매도총잔량": "182,282",
    "상장주식수": "91,115",
    "시가총액": "1,184",
    "매출액": "427",
    "자산총계": "634",
    "부채총계": "288",
    "영업이익": "34",
    "당기순이익": "9",
    "주당순이익": "11",
    "보통주배당금": "N/A",
    "매출액증가율": "7.93",
    "영업이익증가율": "127.13",
    "외국인비율": "0.49",
    "PER": "118.18",
    "ROE": "3.56",
    "ROA": "1.55",
    "PBR": "2.80",
    "유보율": "19.1",
    "code": "043220"
}