{
    "N": "454",
    "종목명": "평화정공",
    "현재가": "9,530",
    "상태": "상승",
    "전일비": "50",
    "등락률": "+0.53%",
    "액면가": "500",
    "거래량": "412,809",
    "거래대금": "3,882",
    "전일거래량": "669,764",
    "시가": "9,550",
    "고가": "9,590",
    "저가": "9,300",
    "매수호가": "9,480",
    "매도호가": "9,530",
    "매수총잔량": "20,790",
    "매도총잔량": "9,795",
    "상장주식수": "21,000",
    "시가총액": "2,001",
    "매출액": "10,884",
    "자산총계": "9,206",
    "부채총계": "3,441",
    "영업이익": "156",
    "당기순이익": "316",
    "주당순이익": "265",
    "보통주배당금": "180",
    "매출액증가율": "2.05",
    "영업이익증가율": "-19.41",
    "외국인비율": "9.42",
    "PER": "35.96",
    "ROE": "5.65",
    "ROA": "3.46",
    "PBR": "0.34",
    "유보율": "5,536.7",
    "code": "043370"
}