{
    "N": "1387",
    "종목명": "디지아이",
    "현재가": "2,495",
    "상태": "하락",
    "전일비": "65",
    "등락률": "-2.54%",
    "액면가": "500",
    "거래량": "53,462",
    "거래대금": "137",
    "전일거래량": "66,429",
    "시가": "2,560",
    "고가": "2,595",
    "저가": "2,495",
    "매수호가": "2,495",
    "매도호가": "2,535",
    "매수총잔량": "5,435",
    "매도총잔량": "18,649",
    "상장주식수": "9,000",
    "시가총액": "225",
    "매출액": "154",
    "자산총계": "488",
    "부채총계": "32",
    "영업이익": "-33",
    "당기순이익": "-34",
    "주당순이익": "-198",
    "보통주배당금": "N/A",
    "매출액증가율": "-27.04",
    "영업이익증가율": "-119.94",
    "외국인비율": "0.22",
    "PER": "-12.60",
    "ROE": "-7.24",
    "ROA": "-6.72",
    "PBR": "0.48",
    "유보율": "926.3",
    "code": "043360"
}