{
    "N": "1338",
    "종목명": "크로바하이텍",
    "현재가": "1,490",
    "전일비": "0",
    "등락률": "0.00%",
    "액면가": "500",
    "거래량": "0",
    "거래대금": "0",
    "전일거래량": "0",
    "시가": "0",
    "고가": "0",
    "저가": "0",
    "매수호가": "0",
    "매도호가": "0",
    "매수총잔량": "0",
    "매도총잔량": "0",
    "상장주식수": "23,300",
    "시가총액": "347",
    "매출액": "355",
    "자산총계": "270",
    "부채총계": "110",
    "영업이익": "-42",
    "당기순이익": "-75",
    "주당순이익": "-187",
    "보통주배당금": "0",
    "매출액증가율": "-32.15",
    "영업이익증가율": "59.60",
    "외국인비율": "1.13",
    "PER": "-7.97",
    "ROE": "-37.34",
    "ROA": "-15.47",
    "PBR": "1.69",
    "유보율": "54.2",
    "code": "043590"
}