{
    "N": "834",
    "종목명": "국순당",
    "현재가": "5,530",
    "상태": "상승",
    "전일비": "30",
    "등락률": "+0.55%",
    "액면가": "500",
    "거래량": "35,891",
    "거래대금": "197",
    "전일거래량": "19,289",
    "시가": "5,490",
    "고가": "5,550",
    "저가": "5,450",
    "매수호가": "5,530",
    "매도호가": "5,540",
    "매수총잔량": "7,590",
    "매도총잔량": "33,129",
    "상장주식수": "17,858",
    "시가총액": "988",
    "매출액": "1,021",
    "자산총계": "2,525",
    "부채총계": "475",
    "영업이익": "-60",
    "당기순이익": "-83",
    "주당순이익": "312",
    "보통주배당금": "100",
    "매출액증가율": "66.02",
    "영업이익증가율": "-99.27",
    "외국인비율": "0.16",
    "PER": "17.72",
    "ROE": "-2.47",
    "ROA": "-3.37",
    "PBR": "0.42",
    "유보율": "2,198.0",
    "code": "043650"
}