{
    "N": "407",
    "종목명": "지니뮤직",
    "현재가": "3,810",
    "상태": "하락",
    "전일비": "25",
    "등락률": "-0.65%",
    "액면가": "500",
    "거래량": "181,516",
    "거래대금": "694",
    "전일거래량": "266,564",
    "시가": "3,870",
    "고가": "3,870",
    "저가": "3,795",
    "매수호가": "3,810",
    "매도호가": "3,820",
    "매수총잔량": "29,696",
    "매도총잔량": "16,659",
    "상장주식수": "58,115",
    "시가총액": "2,214",
    "매출액": "2,305",
    "자산총계": "2,339",
    "부채총계": "812",
    "영업이익": "81",
    "당기순이익": "73",
    "주당순이익": "170",
    "보통주배당금": "N/A",
    "매출액증가율": "34.59",
    "영업이익증가율": "17.97",
    "외국인비율": "0.89",
    "PER": "22.41",
    "ROE": "4.91",
    "ROA": "3.21",
    "PBR": "1.37",
    "유보율": "431.2",
    "code": "043610"
}