{
    "N": "1331",
    "종목명": "서울리거",
    "현재가": "993",
    "상태": "하락",
    "전일비": "4",
    "등락률": "-0.40%",
    "액면가": "500",
    "거래량": "195,112",
    "거래대금": "195",
    "전일거래량": "176,196",
    "시가": "990",
    "고가": "1,010",
    "저가": "988",
    "매수호가": "993",
    "매도호가": "1,005",
    "매수총잔량": "56,662",
    "매도총잔량": "73,065",
    "상장주식수": "36,458",
    "시가총액": "362",
    "매출액": "784",
    "자산총계": "1,191",
    "부채총계": "533",
    "영업이익": "-87",
    "당기순이익": "-80",
    "주당순이익": "-621",
    "보통주배당금": "0",
    "매출액증가율": "347.54",
    "영업이익증가율": "-3,917.15",
    "외국인비율": "0.99",
    "PER": "-1.60",
    "ROE": "-14.44",
    "ROA": "-8.83",
    "PBR": "0.89",
    "유보율": "269.5",
    "code": "043710"
}