{
    "N": "1016",
    "종목명": "자연과환경",
    "현재가": "1,405",
    "상태": "상승",
    "전일비": "5",
    "등락률": "+0.36%",
    "액면가": "500",
    "거래량": "1,381,805",
    "거래대금": "1,949",
    "전일거래량": "1,063,141",
    "시가": "1,400",
    "고가": "1,435",
    "저가": "1,385",
    "매수호가": "1,405",
    "매도호가": "1,410",
    "매수총잔량": "263,773",
    "매도총잔량": "315,834",
    "상장주식수": "53,149",
    "시가총액": "747",
    "매출액": "317",
    "자산총계": "720",
    "부채총계": "268",
    "영업이익": "8",
    "당기순이익": "-15",
    "주당순이익": "-108",
    "보통주배당금": "N/A",
    "매출액증가율": "27.72",
    "영업이익증가율": "45.67",
    "외국인비율": "1.67",
    "PER": "-13.01",
    "ROE": "-3.23",
    "ROA": "-2.42",
    "PBR": "1.81",
    "유보율": "105.2",
    "code": "043910"
}