{
    "N": "675",
    "종목명": "조광ILI",
    "현재가": "10,500",
    "상태": "상승",
    "전일비": "1,120",
    "등락률": "+11.94%",
    "액면가": "500",
    "거래량": "1,115,255",
    "거래대금": "11,435",
    "전일거래량": "181,075",
    "시가": "9,490",
    "고가": "10,650",
    "저가": "9,380",
    "매수호가": "10,450",
    "매도호가": "10,500",
    "매수총잔량": "28,618",
    "매도총잔량": "136,980",
    "상장주식수": "12,452",
    "시가총액": "1,307",
    "매출액": "245",
    "자산총계": "934",
    "부채총계": "367",
    "영업이익": "42",
    "당기순이익": "36",
    "주당순이익": "419",
    "보통주배당금": "0",
    "매출액증가율": "-0.28",
    "영업이익증가율": "-26.13",
    "외국인비율": "3.41",
    "PER": "25.06",
    "ROE": "6.40",
    "ROA": "4.52",
    "PBR": "1.72",
    "유보율": "911.2",
    "code": "044060"
}