{
    "N": "1395",
    "종목명": "KD",
    "현재가": "1,270",
    "상태": "상승",
    "전일비": "20",
    "등락률": "+1.60%",
    "액면가": "500",
    "거래량": "1,100,727",
    "거래대금": "1,450",
    "전일거래량": "228,385",
    "시가": "1,240",
    "고가": "1,395",
    "저가": "1,235",
    "매수호가": "1,270",
    "매도호가": "1,275",
    "매수총잔량": "51,725",
    "매도총잔량": "17,066",
    "상장주식수": "16,525",
    "시가총액": "210",
    "매출액": "843",
    "자산총계": "1,383",
    "부채총계": "1,055",
    "영업이익": "53",
    "당기순이익": "93",
    "주당순이익": "163",
    "보통주배당금": "0",
    "매출액증가율": "170.19",
    "영업이익증가율": "185.10",
    "외국인비율": "2.75",
    "PER": "7.79",
    "ROE": "35.12",
    "ROA": "6.45",
    "PBR": "0.79",
    "유보율": "-18.3",
    "code": "044180"
}