{
    "N": "221",
    "종목명": "위닉스",
    "현재가": "22,000",
    "상태": "하락",
    "전일비": "150",
    "등락률": "-0.68%",
    "액면가": "500",
    "거래량": "206,731",
    "거래대금": "4,573",
    "전일거래량": "383,390",
    "시가": "22,200",
    "고가": "22,450",
    "저가": "21,900",
    "매수호가": "22,000",
    "매도호가": "22,050",
    "매수총잔량": "36,028",
    "매도총잔량": "53,943",
    "상장주식수": "17,873",
    "시가총액": "3,932",
    "매출액": "3,862",
    "자산총계": "2,763",
    "부채총계": "1,230",
    "영업이익": "514",
    "당기순이익": "399",
    "주당순이익": "2,204",
    "보통주배당금": "500",
    "매출액증가율": "16.84",
    "영업이익증가율": "149.83",
    "외국인비율": "4.79",
    "PER": "9.98",
    "ROE": "29.85",
    "ROA": "16.05",
    "PBR": "1.90",
    "유보율": "1,859.5",
    "code": "044340"
}