{
    "N": "288",
    "종목명": "태웅",
    "현재가": "15,700",
    "상태": "하락",
    "전일비": "550",
    "등락률": "-3.38%",
    "액면가": "500",
    "거래량": "481,991",
    "거래대금": "7,559",
    "전일거래량": "635,087",
    "시가": "16,250",
    "고가": "16,350",
    "저가": "15,200",
    "매수호가": "15,700",
    "매도호가": "15,750",
    "매수총잔량": "26,244",
    "매도총잔량": "29,154",
    "상장주식수": "20,007",
    "시가총액": "3,141",
    "매출액": "3,740",
    "자산총계": "9,933",
    "부채총계": "4,251",
    "영업이익": "-300",
    "당기순이익": "-338",
    "주당순이익": "-508",
    "보통주배당금": "N/A",
    "매출액증가율": "29.18",
    "영업이익증가율": "6.30",
    "외국인비율": "2.58",
    "PER": "-30.91",
    "ROE": "-5.77",
    "ROA": "-3.34",
    "PBR": "0.55",
    "유보율": "4,930.0",
    "code": "044490"
}