{
    "N": "1163",
    "종목명": "경남바이오파마",
    "현재가": "3,470",
    "상태": "상승",
    "전일비": "30",
    "등락률": "+0.87%",
    "액면가": "500",
    "거래량": "115,533",
    "거래대금": "401",
    "전일거래량": "205,223",
    "시가": "3,450",
    "고가": "3,545",
    "저가": "3,420",
    "매수호가": "3,465",
    "매도호가": "3,470",
    "매수총잔량": "10,930",
    "매도총잔량": "7,494",
    "상장주식수": "16,475",
    "시가총액": "572",
    "매출액": "375",
    "자산총계": "1,401",
    "부채총계": "487",
    "영업이익": "-37",
    "당기순이익": "-36",
    "주당순이익": "-1,706",
    "보통주배당금": "0",
    "매출액증가율": "144.20",
    "영업이익증가율": "-389.04",
    "외국인비율": "1.17",
    "PER": "-2.03",
    "ROE": "-1.00",
    "ROA": "-3.77",
    "PBR": "1.71",
    "유보율": "581.2",
    "code": "044480"
}