{
    "N": "695",
    "종목명": "이글벳",
    "현재가": "10,000",
    "상태": "하락",
    "전일비": "350",
    "등락률": "-3.38%",
    "액면가": "500",
    "거래량": "802,249",
    "거래대금": "8,096",
    "전일거래량": "5,169,908",
    "시가": "10,100",
    "고가": "10,350",
    "저가": "10,000",
    "매수호가": "10,000",
    "매도호가": "10,050",
    "매수총잔량": "44,323",
    "매도총잔량": "85,562",
    "상장주식수": "12,642",
    "시가총액": "1,264",
    "매출액": "344",
    "자산총계": "459",
    "부채총계": "104",
    "영업이익": "19",
    "당기순이익": "12",
    "주당순이익": "149",
    "보통주배당금": "20",
    "매출액증가율": "13.75",
    "영업이익증가율": "69.81",
    "외국인비율": "0.53",
    "PER": "67.11",
    "ROE": "3.52",
    "ROA": "2.68",
    "PBR": "3.31",
    "유보율": "495.3",
    "code": "044960"
}