{
    "N": "943",
    "종목명": "오공",
    "현재가": "5,000",
    "상태": "상승",
    "전일비": "60",
    "등락률": "+1.21%",
    "액면가": "500",
    "거래량": "317,022",
    "거래대금": "1,587",
    "전일거래량": "236,044",
    "시가": "4,945",
    "고가": "5,060",
    "저가": "4,915",
    "매수호가": "5,000",
    "매도호가": "5,010",
    "매수총잔량": "18,453",
    "매도총잔량": "39,053",
    "상장주식수": "16,942",
    "시가총액": "847",
    "매출액": "1,519",
    "자산총계": "1,269",
    "부채총계": "462",
    "영업이익": "89",
    "당기순이익": "76",
    "주당순이익": "461",
    "보통주배당금": "50",
    "매출액증가율": "0.84",
    "영업이익증가율": "18.85",
    "외국인비율": "1.75",
    "PER": "10.85",
    "ROE": "9.79",
    "ROA": "5.98",
    "PBR": "1.01",
    "유보율": "843.6",
    "code": "045060"
}