{
    "N": "303",
    "종목명": "한양이엔지",
    "현재가": "16,800",
    "상태": "하락",
    "전일비": "400",
    "등락률": "-2.33%",
    "액면가": "500",
    "거래량": "263,177",
    "거래대금": "4,444",
    "전일거래량": "309,588",
    "시가": "17,250",
    "고가": "17,400",
    "저가": "16,650",
    "매수호가": "16,750",
    "매도호가": "16,800",
    "매수총잔량": "28,856",
    "매도총잔량": "31,545",
    "상장주식수": "18,000",
    "시가총액": "3,024",
    "매출액": "7,721",
    "자산총계": "5,291",
    "부채총계": "2,017",
    "영업이익": "334",
    "당기순이익": "295",
    "주당순이익": "2,506",
    "보통주배당금": "450",
    "매출액증가율": "-2.12",
    "영업이익증가율": "-65.60",
    "외국인비율": "7.15",
    "PER": "6.70",
    "ROE": "9.34",
    "ROA": "5.85",
    "PBR": "0.79",
    "유보율": "3,624.1",
    "code": "045100"
}