{
    "N": "839",
    "종목명": "토탈소프트",
    "현재가": "11,450",
    "상태": "",
    "전일비": "2,620",
    "등락률": "+29.67%",
    "액면가": "500",
    "거래량": "672,561",
    "거래대금": "7,409",
    "전일거래량": "3,303,923",
    "시가": "8,670",
    "고가": "11,450",
    "저가": "8,670",
    "매수호가": "11,450",
    "매도호가": "0",
    "매수총잔량": "1,700,554",
    "매도총잔량": "0",
    "상장주식수": "8,558",
    "시가총액": "980",
    "매출액": "118",
    "자산총계": "214",
    "부채총계": "101",
    "영업이익": "24",
    "당기순이익": "26",
    "주당순이익": "323",
    "보통주배당금": "N/A",
    "매출액증가율": "1.61",
    "영업이익증가율": "24.41",
    "외국인비율": "0.17",
    "PER": "35.45",
    "ROE": "25.64",
    "ROA": "12.35",
    "PBR": "7.25",
    "유보율": "162.6",
    "code": "045340"
}