{
    "N": "189",
    "종목명": "대아티아이",
    "현재가": "6,270",
    "상태": "상승",
    "전일비": "290",
    "등락률": "+4.85%",
    "액면가": "100",
    "거래량": "11,891,742",
    "거래대금": "73,321",
    "전일거래량": "17,916,578",
    "시가": "5,990",
    "고가": "6,430",
    "저가": "5,870",
    "매수호가": "6,260",
    "매도호가": "6,270",
    "매수총잔량": "90,171",
    "매도총잔량": "238,043",
    "상장주식수": "71,152",
    "시가총액": "4,461",
    "매출액": "1,142",
    "자산총계": "1,483",
    "부채총계": "516",
    "영업이익": "90",
    "당기순이익": "23",
    "주당순이익": "10",
    "보통주배당금": "20",
    "매출액증가율": "11.22",
    "영업이익증가율": "15.70",
    "외국인비율": "7.41",
    "PER": "627.00",
    "ROE": "2.32",
    "ROA": "1.71",
    "PBR": "4.49",
    "유보율": "1,207.7",
    "code": "045390"
}