{
    "N": "1250",
    "종목명": "성우테크론",
    "현재가": "4,925",
    "상태": "상승",
    "전일비": "25",
    "등락률": "+0.51%",
    "액면가": "500",
    "거래량": "123,027",
    "거래대금": "604",
    "전일거래량": "170,318",
    "시가": "4,905",
    "고가": "4,985",
    "저가": "4,865",
    "매수호가": "4,920",
    "매도호가": "4,925",
    "매수총잔량": "4,636",
    "매도총잔량": "19,387",
    "상장주식수": "9,406",
    "시가총액": "463",
    "매출액": "330",
    "자산총계": "752",
    "부채총계": "245",
    "영업이익": "22",
    "당기순이익": "45",
    "주당순이익": "329",
    "보통주배당금": "48",
    "매출액증가율": "-16.60",
    "영업이익증가율": "-69.38",
    "외국인비율": "3.30",
    "PER": "14.97",
    "ROE": "9.37",
    "ROA": "6.26",
    "PBR": "0.88",
    "유보율": "795.1",
    "code": "045300"
}