{
    "N": "1136",
    "종목명": "정원엔시스",
    "현재가": "1,890",
    "전일비": "0",
    "등락률": "0.00%",
    "액면가": "500",
    "거래량": "31,886",
    "거래대금": "60",
    "전일거래량": "143,116",
    "시가": "1,900",
    "고가": "1,900",
    "저가": "1,865",
    "매수호가": "1,880",
    "매도호가": "1,890",
    "매수총잔량": "36,093",
    "매도총잔량": "7,542",
    "상장주식수": "32,209",
    "시가총액": "609",
    "매출액": "1,692",
    "자산총계": "911",
    "부채총계": "523",
    "영업이익": "18",
    "당기순이익": "8",
    "주당순이익": "-9",
    "보통주배당금": "N/A",
    "매출액증가율": "14.47",
    "영업이익증가율": "-29.25",
    "외국인비율": "0.72",
    "PER": "-210.00",
    "ROE": "2.08",
    "ROA": "0.94",
    "PBR": "1.56",
    "유보율": "138.2",
    "code": "045510"
}