{
    "N": "488",
    "종목명": "크린앤사이언스",
    "현재가": "28,900",
    "상태": "하락",
    "전일비": "100",
    "등락률": "-0.34%",
    "액면가": "500",
    "거래량": "77,958",
    "거래대금": "2,256",
    "전일거래량": "103,052",
    "시가": "29,050",
    "고가": "29,200",
    "저가": "28,800",
    "매수호가": "28,900",
    "매도호가": "28,950",
    "매수총잔량": "25,340",
    "매도총잔량": "8,535",
    "상장주식수": "6,500",
    "시가총액": "1,878",
    "매출액": "1,183",
    "자산총계": "1,159",
    "부채총계": "737",
    "영업이익": "109",
    "당기순이익": "81",
    "주당순이익": "2,414",
    "보통주배당금": "300",
    "매출액증가율": "24.23",
    "영업이익증가율": "34.07",
    "외국인비율": "2.63",
    "PER": "11.97",
    "ROE": "20.57",
    "ROA": "8.23",
    "PBR": "3.27",
    "유보율": "1,031.2",
    "code": "045520"
}