{
    "N": "289",
    "종목명": "에이텍",
    "현재가": "37,800",
    "상태": "상승",
    "전일비": "2,900",
    "등락률": "+8.31%",
    "액면가": "500",
    "거래량": "4,920,912",
    "거래대금": "190,738",
    "전일거래량": "956,443",
    "시가": "34,500",
    "고가": "41,650",
    "저가": "33,800",
    "매수호가": "37,750",
    "매도호가": "37,800",
    "매수총잔량": "13,790",
    "매도총잔량": "14,777",
    "상장주식수": "8,260",
    "시가총액": "3,122",
    "매출액": "993",
    "자산총계": "912",
    "부채총계": "157",
    "영업이익": "44",
    "당기순이익": "64",
    "주당순이익": "967",
    "보통주배당금": "100",
    "매출액증가율": "2.00",
    "영업이익증가율": "16.47",
    "외국인비율": "1.02",
    "PER": "39.09",
    "ROE": "8.83",
    "ROA": "7.23",
    "PBR": "3.73",
    "유보율": "2,249.9",
    "code": "045660"
}