{
    "N": "1350",
    "종목명": "GV",
    "현재가": "430",
    "전일비": "0",
    "등락률": "0.00%",
    "액면가": "500",
    "거래량": "0",
    "거래대금": "0",
    "전일거래량": "0",
    "시가": "0",
    "고가": "0",
    "저가": "0",
    "매수호가": "0",
    "매도호가": "0",
    "매수총잔량": "0",
    "매도총잔량": "0",
    "상장주식수": "75,067",
    "시가총액": "323",
    "매출액": "587",
    "자산총계": "1,028",
    "부채총계": "718",
    "영업이익": "-161",
    "당기순이익": "-368",
    "주당순이익": "-632",
    "보통주배당금": "0",
    "매출액증가율": "10.33",
    "영업이익증가율": "4.51",
    "외국인비율": "0.34",
    "PER": "-0.68",
    "ROE": "-91.08",
    "ROA": "-35.85",
    "PBR": "0.50",
    "유보율": "43.4",
    "code": "045890"
}