{
    "N": "364",
    "종목명": "코아시아",
    "현재가": "9,740",
    "상태": "하락",
    "전일비": "360",
    "등락률": "-3.56%",
    "액면가": "500",
    "거래량": "619,186",
    "거래대금": "6,117",
    "전일거래량": "1,103,204",
    "시가": "10,200",
    "고가": "10,250",
    "저가": "9,730",
    "매수호가": "9,740",
    "매도호가": "9,750",
    "매수총잔량": "32,374",
    "매도총잔량": "14,777",
    "상장주식수": "26,315",
    "시가총액": "2,563",
    "매출액": "4,389",
    "자산총계": "3,263",
    "부채총계": "1,840",
    "영업이익": "205",
    "당기순이익": "123",
    "주당순이익": "-22",
    "보통주배당금": "77",
    "매출액증가율": "21.34",
    "영업이익증가율": "365.67",
    "외국인비율": "1.00",
    "PER": "-442.73",
    "ROE": "5.82",
    "ROA": "3.76",
    "PBR": "1.72",
    "유보율": "967.5",
    "code": "045970"
}