{
    "N": "1193",
    "종목명": "코다코",
    "현재가": "1,370",
    "상태": "하락",
    "전일비": "20",
    "등락률": "-1.44%",
    "액면가": "500",
    "거래량": "617,548",
    "거래대금": "835",
    "전일거래량": "1,840,458",
    "시가": "1,380",
    "고가": "1,395",
    "저가": "1,330",
    "매수호가": "1,365",
    "매도호가": "1,370",
    "매수총잔량": "50,394",
    "매도총잔량": "79,694",
    "상장주식수": "39,064",
    "시가총액": "535",
    "매출액": "2,234",
    "자산총계": "3,302",
    "부채총계": "2,998",
    "영업이익": "-108",
    "당기순이익": "-234",
    "주당순이익": "-766",
    "보통주배당금": "N/A",
    "매출액증가율": "-6.70",
    "영업이익증가율": "32.92",
    "외국인비율": "1.75",
    "PER": "-1.79",
    "ROE": "-55.81",
    "ROA": "-6.84",
    "PBR": "2.22",
    "유보율": "61.8",
    "code": "046070"
}