{
    "N": "646",
    "종목명": "SBS콘텐츠허브",
    "현재가": "6,420",
    "상태": "하락",
    "전일비": "40",
    "등락률": "-0.62%",
    "액면가": "500",
    "거래량": "49,981",
    "거래대금": "320",
    "전일거래량": "111,169",
    "시가": "6,480",
    "고가": "6,480",
    "저가": "6,350",
    "매수호가": "6,400",
    "매도호가": "6,420",
    "매수총잔량": "17,720",
    "매도총잔량": "9,934",
    "상장주식수": "21,464",
    "시가총액": "1,378",
    "매출액": "1,621",
    "자산총계": "1,971",
    "부채총계": "418",
    "영업이익": "19",
    "당기순이익": "6",
    "주당순이익": "195",
    "보통주배당금": "N/A",
    "매출액증가율": "1.44",
    "영업이익증가율": "-40.31",
    "외국인비율": "1.28",
    "PER": "32.92",
    "ROE": "0.36",
    "ROA": "0.27",
    "PBR": "0.82",
    "유보율": "1,326.1",
    "code": "046140"
}