{
    "N": "1159",
    "종목명": "한일네트웍스",
    "현재가": "4,805",
    "상태": "하락",
    "전일비": "25",
    "등락률": "-0.52%",
    "액면가": "500",
    "거래량": "56,800",
    "거래대금": "274",
    "전일거래량": "182,652",
    "시가": "4,830",
    "고가": "4,875",
    "저가": "4,790",
    "매수호가": "4,805",
    "매도호가": "4,810",
    "매수총잔량": "12,832",
    "매도총잔량": "10,378",
    "상장주식수": "11,954",
    "시가총액": "574",
    "매출액": "1,216",
    "자산총계": "1,249",
    "부채총계": "575",
    "영업이익": "87",
    "당기순이익": "70",
    "주당순이익": "640",
    "보통주배당금": "230",
    "매출액증가율": "-3.92",
    "영업이익증가율": "46.93",
    "외국인비율": "2.23",
    "PER": "7.51",
    "ROE": "10.85",
    "ROA": "6.77",
    "PBR": "0.82",
    "유보율": "1,022.0",
    "code": "046110"
}