{
    "N": "730",
    "종목명": "오르비텍",
    "현재가": "4,990",
    "상태": "하락",
    "전일비": "230",
    "등락률": "-4.41%",
    "액면가": "500",
    "거래량": "1,857,808",
    "거래대금": "9,285",
    "전일거래량": "5,010,222",
    "시가": "5,120",
    "고가": "5,120",
    "저가": "4,935",
    "매수호가": "4,965",
    "매도호가": "4,990",
    "매수총잔량": "69,692",
    "매도총잔량": "35,043",
    "상장주식수": "23,791",
    "시가총액": "1,187",
    "매출액": "749",
    "자산총계": "1,267",
    "부채총계": "579",
    "영업이익": "41",
    "당기순이익": "10",
    "주당순이익": "-135",
    "보통주배당금": "0",
    "매출액증가율": "8.28",
    "영업이익증가율": "-1.66",
    "외국인비율": "4.05",
    "PER": "-36.96",
    "ROE": "1.47",
    "ROA": "0.77",
    "PBR": "1.81",
    "유보율": "488.7",
    "code": "046120"
}