{
    "N": "567",
    "종목명": "파나진",
    "현재가": "4,965",
    "상태": "하락",
    "전일비": "45",
    "등락률": "-0.90%",
    "액면가": "500",
    "거래량": "156,036",
    "거래대금": "785",
    "전일거래량": "315,375",
    "시가": "5,120",
    "고가": "5,160",
    "저가": "4,850",
    "매수호가": "4,965",
    "매도호가": "4,995",
    "매수총잔량": "3,585",
    "매도총잔량": "5,289",
    "상장주식수": "32,137",
    "시가총액": "1,596",
    "매출액": "80",
    "자산총계": "218",
    "부채총계": "16",
    "영업이익": "-6",
    "당기순이익": "35",
    "주당순이익": "125",
    "보통주배당금": "N/A",
    "매출액증가율": "3.20",
    "영업이익증가율": "54.66",
    "외국인비율": "0.55",
    "PER": "39.72",
    "ROE": "19.20",
    "ROA": "15.28",
    "PBR": "6.65",
    "유보율": "24.5",
    "code": "046210"
}