{
    "N": "847",
    "종목명": "삼화네트웍스",
    "현재가": "2,235",
    "상태": "상승",
    "전일비": "5",
    "등락률": "+0.22%",
    "액면가": "200",
    "거래량": "1,274,078",
    "거래대금": "2,846",
    "전일거래량": "1,771,610",
    "시가": "2,275",
    "고가": "2,275",
    "저가": "2,200",
    "매수호가": "2,230",
    "매도호가": "2,235",
    "매수총잔량": "98,044",
    "매도총잔량": "189,257",
    "상장주식수": "43,173",
    "시가총액": "965",
    "매출액": "542",
    "자산총계": "433",
    "부채총계": "84",
    "영업이익": "2",
    "당기순이익": "7",
    "주당순이익": "48",
    "보통주배당금": "0",
    "매출액증가율": "331.55",
    "영업이익증가율": "104.62",
    "외국인비율": "1.02",
    "PER": "46.56",
    "ROE": "2.08",
    "ROA": "1.47",
    "PBR": "2.66",
    "유보율": "352.9",
    "code": "046390"
}