{
    "N": "1228",
    "종목명": "백금T&A",
    "현재가": "3,050",
    "상태": "하락",
    "전일비": "65",
    "등락률": "-2.09%",
    "액면가": "500",
    "거래량": "503,239",
    "거래대금": "1,542",
    "전일거래량": "1,875,649",
    "시가": "3,110",
    "고가": "3,125",
    "저가": "3,015",
    "매수호가": "3,045",
    "매도호가": "3,050",
    "매수총잔량": "61,408",
    "매도총잔량": "22,325",
    "상장주식수": "16,419",
    "시가총액": "501",
    "매출액": "1,556",
    "자산총계": "933",
    "부채총계": "407",
    "영업이익": "185",
    "당기순이익": "88",
    "주당순이익": "-74",
    "보통주배당금": "50",
    "매출액증가율": "38.69",
    "영업이익증가율": "182.23",
    "외국인비율": "0.87",
    "PER": "-41.22",
    "ROE": "4.52",
    "ROA": "10.34",
    "PBR": "1.17",
    "유보율": "448.4",
    "code": "046310"
}