{
    "N": "220",
    "종목명": "KG모빌리언스",
    "현재가": "10,150",
    "상태": "하락",
    "전일비": "150",
    "등락률": "-1.46%",
    "액면가": "500",
    "거래량": "348,726",
    "거래대금": "3,575",
    "전일거래량": "434,860",
    "시가": "10,300",
    "고가": "10,450",
    "저가": "10,100",
    "매수호가": "10,100",
    "매도호가": "10,150",
    "매수총잔량": "122,876",
    "매도총잔량": "142,389",
    "상장주식수": "38,826",
    "시가총액": "3,941",
    "매출액": "1,922",
    "자산총계": "4,507",
    "부채총계": "2,132",
    "영업이익": "348",
    "당기순이익": "176",
    "주당순이익": "483",
    "보통주배당금": "200",
    "매출액증가율": "-5.30",
    "영업이익증가율": "57.38",
    "외국인비율": "3.15",
    "PER": "21.01",
    "ROE": "8.18",
    "ROA": "3.80",
    "PBR": "1.48",
    "유보율": "1,486.0",
    "code": "046440"
}