{
    "N": "46",
    "종목명": "서울반도체",
    "현재가": "21,000",
    "상태": "하락",
    "전일비": "200",
    "등락률": "-0.94%",
    "액면가": "500",
    "거래량": "1,745,967",
    "거래대금": "37,324",
    "전일거래량": "1,405,755",
    "시가": "21,700",
    "고가": "22,000",
    "저가": "20,850",
    "매수호가": "21,000",
    "매도호가": "21,050",
    "매수총잔량": "202,503",
    "매도총잔량": "70,621",
    "상장주식수": "58,305",
    "시가총액": "12,244",
    "매출액": "11,299",
    "자산총계": "13,221",
    "부채총계": "5,764",
    "영업이익": "495",
    "당기순이익": "358",
    "주당순이익": "390",
    "보통주배당금": "156",
    "매출액증가율": "-5.38",
    "영업이익증가율": "-47.79",
    "외국인비율": "11.73",
    "PER": "53.85",
    "ROE": "5.27",
    "ROA": "2.74",
    "PBR": "1.70",
    "유보율": "2,370.6",
    "code": "046890"
}