{
    "N": "1245",
    "종목명": "우리로",
    "현재가": "1,670",
    "전일비": "0",
    "등락률": "0.00%",
    "액면가": "500",
    "거래량": "174,332",
    "거래대금": "290",
    "전일거래량": "189,999",
    "시가": "1,660",
    "고가": "1,675",
    "저가": "1,655",
    "매수호가": "1,670",
    "매도호가": "1,675",
    "매수총잔량": "244,064",
    "매도총잔량": "75,163",
    "상장주식수": "28,163",
    "시가총액": "470",
    "매출액": "1,154",
    "자산총계": "782",
    "부채총계": "504",
    "영업이익": "-20",
    "당기순이익": "-97",
    "주당순이익": "-155",
    "보통주배당금": "0",
    "매출액증가율": "106.55",
    "영업이익증가율": "-174.20",
    "외국인비율": "2.39",
    "PER": "-10.77",
    "ROE": "-26.37",
    "ROA": "-12.30",
    "PBR": "1.33",
    "유보율": "137.2",
    "code": "046970"
}