{
    "N": "715",
    "종목명": "우원개발",
    "현재가": "6,730",
    "상태": "상승",
    "전일비": "20",
    "등락률": "+0.30%",
    "액면가": "500",
    "거래량": "578,911",
    "거래대금": "3,865",
    "전일거래량": "1,249,699",
    "시가": "6,770",
    "고가": "6,780",
    "저가": "6,590",
    "매수호가": "6,730",
    "매도호가": "6,740",
    "매수총잔량": "32,836",
    "매도총잔량": "27,485",
    "상장주식수": "18,074",
    "시가총액": "1,216",
    "매출액": "2,902",
    "자산총계": "2,019",
    "부채총계": "1,188",
    "영업이익": "226",
    "당기순이익": "141",
    "주당순이익": "1,101",
    "보통주배당금": "N/A",
    "매출액증가율": "32.73",
    "영업이익증가율": "1,470.84",
    "외국인비율": "1.71",
    "PER": "6.11",
    "ROE": "19.50",
    "ROA": "7.28",
    "PBR": "1.16",
    "유보율": "843.8",
    "code": "046940"
}