{
    "N": "934",
    "종목명": "한빛소프트",
    "현재가": "3,445",
    "상태": "상승",
    "전일비": "35",
    "등락률": "+1.03%",
    "액면가": "500",
    "거래량": "138,268",
    "거래대금": "476",
    "전일거래량": "140,105",
    "시가": "3,460",
    "고가": "3,480",
    "저가": "3,410",
    "매수호가": "3,440",
    "매도호가": "3,445",
    "매수총잔량": "23,080",
    "매도총잔량": "22,336",
    "상장주식수": "24,780",
    "시가총액": "854",
    "매출액": "435",
    "자산총계": "431",
    "부채총계": "268",
    "영업이익": "-3",
    "당기순이익": "23",
    "주당순이익": "285",
    "보통주배당금": "N/A",
    "매출액증가율": "17.12",
    "영업이익증가율": "-146.43",
    "외국인비율": "1.64",
    "PER": "12.09",
    "ROE": "17.52",
    "ROA": "5.41",
    "PBR": "3.99",
    "유보율": "42.4",
    "code": "047080"
}