{
    "N": "284",
    "종목명": "파워로직스",
    "현재가": "9,210",
    "상태": "상승",
    "전일비": "30",
    "등락률": "+0.33%",
    "액면가": "500",
    "거래량": "2,124,882",
    "거래대금": "19,571",
    "전일거래량": "2,441,091",
    "시가": "9,320",
    "고가": "9,450",
    "저가": "9,080",
    "매수호가": "9,200",
    "매도호가": "9,210",
    "매수총잔량": "12,356",
    "매도총잔량": "59,901",
    "상장주식수": "34,421",
    "시가총액": "3,170",
    "매출액": "11,079",
    "자산총계": "4,114",
    "부채총계": "1,710",
    "영업이익": "506",
    "당기순이익": "550",
    "주당순이익": "-106",
    "보통주배당금": "50",
    "매출액증가율": "46.96",
    "영업이익증가율": "92.91",
    "외국인비율": "3.43",
    "PER": "-86.89",
    "ROE": "26.19",
    "ROA": "14.54",
    "PBR": "1.38",
    "유보율": "1,289.7",
    "code": "047310"
}