{
    "N": "898",
    "종목명": "이스트소프트",
    "현재가": "9,060",
    "상태": "상승",
    "전일비": "10",
    "등락률": "+0.11%",
    "액면가": "500",
    "거래량": "24,919",
    "거래대금": "226",
    "전일거래량": "22,731",
    "시가": "9,070",
    "고가": "9,210",
    "저가": "8,900",
    "매수호가": "9,050",
    "매도호가": "9,060",
    "매수총잔량": "2,148",
    "매도총잔량": "4,546",
    "상장주식수": "9,899",
    "시가총액": "897",
    "매출액": "689",
    "자산총계": "1,346",
    "부채총계": "801",
    "영업이익": "-28",
    "당기순이익": "-161",
    "주당순이익": "228",
    "보통주배당금": "N/A",
    "매출액증가율": "6.52",
    "영업이익증가율": "-239.38",
    "외국인비율": "1.39",
    "PER": "39.74",
    "ROE": "-36.66",
    "ROA": "-14.14",
    "PBR": "2.21",
    "유보율": "132.6",
    "code": "047560"
}