{
    "N": "830",
    "종목명": "코데즈컴바인",
    "현재가": "2,630",
    "상태": "상승",
    "전일비": "40",
    "등락률": "+1.54%",
    "액면가": "500",
    "거래량": "122,901",
    "거래대금": "319",
    "전일거래량": "148,244",
    "시가": "2,600",
    "고가": "2,630",
    "저가": "2,570",
    "매수호가": "2,620",
    "매도호가": "2,630",
    "매수총잔량": "22,460",
    "매도총잔량": "38,459",
    "상장주식수": "37,843",
    "시가총액": "995",
    "매출액": "358",
    "자산총계": "716",
    "부채총계": "292",
    "영업이익": "45",
    "당기순이익": "69",
    "주당순이익": "116",
    "보통주배당금": "N/A",
    "매출액증가율": "22.06",
    "영업이익증가율": "-6.08",
    "외국인비율": "1.67",
    "PER": "22.67",
    "ROE": "17.88",
    "ROA": "10.15",
    "PBR": "2.24",
    "유보율": "118.7",
    "code": "047770"
}