{
    "N": "358",
    "종목명": "초록뱀",
    "현재가": "2,040",
    "상태": "상승",
    "전일비": "30",
    "등락률": "+1.49%",
    "액면가": "500",
    "거래량": "10,506,116",
    "거래대금": "21,612",
    "전일거래량": "6,414,211",
    "시가": "2,055",
    "고가": "2,150",
    "저가": "2,000",
    "매수호가": "2,040",
    "매도호가": "2,045",
    "매수총잔량": "756,555",
    "매도총잔량": "277,560",
    "상장주식수": "126,571",
    "시가총액": "2,582",
    "매출액": "485",
    "자산총계": "1,865",
    "부채총계": "783",
    "영업이익": "14",
    "당기순이익": "89",
    "주당순이익": "-360",
    "보통주배당금": "0",
    "매출액증가율": "-24.04",
    "영업이익증가율": "9.25",
    "외국인비율": "3.01",
    "PER": "-5.67",
    "ROE": "8.35",
    "ROA": "5.01",
    "PBR": "3.16",
    "유보율": "162.9",
    "code": "047820"
}