{
    "N": "250",
    "종목명": "에이치엘비제약",
    "현재가": "16,700",
    "상태": "하락",
    "전일비": "900",
    "등락률": "-5.11%",
    "액면가": "500",
    "거래량": "519,928",
    "거래대금": "8,812",
    "전일거래량": "723,475",
    "시가": "17,550",
    "고가": "17,550",
    "저가": "16,700",
    "매수호가": "16,700",
    "매도호가": "16,750",
    "매수총잔량": "41,993",
    "매도총잔량": "43,322",
    "상장주식수": "20,877",
    "시가총액": "3,486",
    "매출액": "361",
    "자산총계": "458",
    "부채총계": "279",
    "영업이익": "14",
    "당기순이익": "5",
    "주당순이익": "-661",
    "보통주배당금": "0",
    "매출액증가율": "75.75",
    "영업이익증가율": "124.73",
    "외국인비율": "0.64",
    "PER": "-25.26",
    "ROE": "2.71",
    "ROA": "1.15",
    "PBR": "10.66",
    "유보율": "139.4",
    "code": "047920"
}