{
    "N": "93",
    "종목명": "오스템임플란트",
    "현재가": "50,700",
    "상태": "상승",
    "전일비": "600",
    "등락률": "+1.20%",
    "액면가": "500",
    "거래량": "297,031",
    "거래대금": "14,904",
    "전일거래량": "186,356",
    "시가": "50,200",
    "고가": "51,400",
    "저가": "49,500",
    "매수호가": "50,700",
    "매도호가": "50,800",
    "매수총잔량": "7,592",
    "매도총잔량": "13,798",
    "상장주식수": "14,286",
    "시가총액": "7,243",
    "매출액": "5,650",
    "자산총계": "7,974",
    "부채총계": "7,150",
    "영업이익": "429",
    "당기순이익": "-220",
    "주당순이익": "4,799",
    "보통주배당금": "N/A",
    "매출액증가율": "22.80",
    "영업이익증가율": "38.50",
    "외국인비율": "37.23",
    "PER": "10.56",
    "ROE": "-17.24",
    "ROA": "-3.06",
    "PBR": "4.70",
    "유보율": "1,706.8",
    "code": "048260"
}