{
    "N": "1209",
    "종목명": "대동스틸",
    "현재가": "5,190",
    "상태": "하락",
    "전일비": "50",
    "등락률": "-0.95%",
    "액면가": "500",
    "거래량": "162,426",
    "거래대금": "834",
    "전일거래량": "868,858",
    "시가": "5,230",
    "고가": "5,240",
    "저가": "5,100",
    "매수호가": "5,180",
    "매도호가": "5,190",
    "매수총잔량": "34,508",
    "매도총잔량": "8,870",
    "상장주식수": "10,000",
    "시가총액": "519",
    "매출액": "1,133",
    "자산총계": "783",
    "부채총계": "172",
    "영업이익": "-5",
    "당기순이익": "3",
    "주당순이익": "-77",
    "보통주배당금": "30",
    "매출액증가율": "11.57",
    "영업이익증가율": "-24.11",
    "외국인비율": "1.81",
    "PER": "-67.40",
    "ROE": "0.51",
    "ROA": "0.41",
    "PBR": "0.87",
    "유보율": "1,158.4",
    "code": "048470"
}