{
    "N": "633",
    "종목명": "유라테크",
    "현재가": "12,350",
    "상태": "하락",
    "전일비": "100",
    "등락률": "-0.80%",
    "액면가": "500",
    "거래량": "114,152",
    "거래대금": "1,407",
    "전일거래량": "163,295",
    "시가": "12,450",
    "고가": "12,450",
    "저가": "12,200",
    "매수호가": "12,300",
    "매도호가": "12,350",
    "매수총잔량": "26,789",
    "매도총잔량": "35,931",
    "상장주식수": "11,520",
    "시가총액": "1,423",
    "매출액": "2,035",
    "자산총계": "1,329",
    "부채총계": "252",
    "영업이익": "22",
    "당기순이익": "23",
    "주당순이익": "332",
    "보통주배당금": "100",
    "매출액증가율": "2.67",
    "영업이익증가율": "414.10",
    "외국인비율": "0.52",
    "PER": "37.20",
    "ROE": "2.15",
    "ROA": "1.76",
    "PBR": "1.28",
    "유보율": "1,727.2",
    "code": "048430"
}