{
    "N": "50",
    "종목명": "현대바이오",
    "현재가": "30,500",
    "상태": "하락",
    "전일비": "400",
    "등락률": "-1.29%",
    "액면가": "500",
    "거래량": "5,475,025",
    "거래대금": "170,876",
    "전일거래량": "13,539,902",
    "시가": "30,650",
    "고가": "32,950",
    "저가": "29,550",
    "매수호가": "30,500",
    "매도호가": "30,550",
    "매수총잔량": "36,078",
    "매도총잔량": "35,431",
    "상장주식수": "35,916",
    "시가총액": "10,954",
    "매출액": "301",
    "자산총계": "632",
    "부채총계": "162",
    "영업이익": "26",
    "당기순이익": "8",
    "주당순이익": "-73",
    "보통주배당금": "N/A",
    "매출액증가율": "-3.68",
    "영업이익증가율": "22.89",
    "외국인비율": "6.94",
    "PER": "-417.81",
    "ROE": "1.75",
    "ROA": "1.31",
    "PBR": "18.64",
    "유보율": "232.8",
    "code": "048410"
}