{
    "N": "55",
    "종목명": "인트론바이오",
    "현재가": "32,200",
    "상태": "하락",
    "전일비": "850",
    "등락률": "-2.57%",
    "액면가": "500",
    "거래량": "906,451",
    "거래대금": "29,180",
    "전일거래량": "3,025,493",
    "시가": "32,450",
    "고가": "33,150",
    "저가": "31,300",
    "매수호가": "32,200",
    "매도호가": "32,250",
    "매수총잔량": "75,642",
    "매도총잔량": "14,414",
    "상장주식수": "32,923",
    "시가총액": "10,601",
    "매출액": "83",
    "자산총계": "890",
    "부채총계": "240",
    "영업이익": "-44",
    "당기순이익": "-32",
    "주당순이익": "238",
    "보통주배당금": "0",
    "매출액증가율": "-59.45",
    "영업이익증가율": "-184.56",
    "외국인비율": "11.41",
    "PER": "135.29",
    "ROE": "-6.13",
    "ROA": "-4.43",
    "PBR": "13.02",
    "유보율": "318.6",
    "code": "048530"
}