{
    "N": "591",
    "종목명": "SM C&C",
    "현재가": "1,620",
    "상태": "하락",
    "전일비": "25",
    "등락률": "-1.52%",
    "액면가": "500",
    "거래량": "361,531",
    "거래대금": "592",
    "전일거래량": "510,708",
    "시가": "1,645",
    "고가": "1,665",
    "저가": "1,620",
    "매수호가": "1,620",
    "매도호가": "1,630",
    "매수총잔량": "54,090",
    "매도총잔량": "66,164",
    "상장주식수": "94,610",
    "시가총액": "1,533",
    "매출액": "1,667",
    "자산총계": "3,507",
    "부채총계": "2,342",
    "영업이익": "48",
    "당기순이익": "38",
    "주당순이익": "-37",
    "보통주배당금": "0",
    "매출액증가율": "-15.42",
    "영업이익증가율": "331.58",
    "외국인비율": "2.81",
    "PER": "-43.78",
    "ROE": "3.24",
    "ROA": "1.16",
    "PBR": "1.37",
    "유보율": "153.6",
    "code": "048550"
}