{
    "N": "1183",
    "종목명": "TPC",
    "현재가": "4,105",
    "상태": "상승",
    "전일비": "20",
    "등락률": "+0.49%",
    "액면가": "500",
    "거래량": "49,106",
    "거래대금": "200",
    "전일거래량": "80,329",
    "시가": "4,130",
    "고가": "4,130",
    "저가": "4,020",
    "매수호가": "4,095",
    "매도호가": "4,105",
    "매수총잔량": "2,029",
    "매도총잔량": "20,257",
    "상장주식수": "13,480",
    "시가총액": "553",
    "매출액": "1,011",
    "자산총계": "1,082",
    "부채총계": "804",
    "영업이익": "2",
    "당기순이익": "-41",
    "주당순이익": "23",
    "보통주배당금": "15",
    "매출액증가율": "-3.38",
    "영업이익증가율": "-94.48",
    "외국인비율": "4.39",
    "PER": "178.48",
    "ROE": "-14.31",
    "ROA": "-3.68",
    "PBR": "1.96",
    "유보율": "209.3",
    "code": "048770"
}