{
    "N": "1323",
    "종목명": "엔피케이",
    "현재가": "2,010",
    "상태": "하락",
    "전일비": "40",
    "등락률": "-1.95%",
    "액면가": "500",
    "거래량": "187,096",
    "거래대금": "380",
    "전일거래량": "194,755",
    "시가": "2,055",
    "고가": "2,065",
    "저가": "2,005",
    "매수호가": "2,010",
    "매도호가": "2,025",
    "매수총잔량": "37,284",
    "매도총잔량": "33,957",
    "상장주식수": "18,724",
    "시가총액": "376",
    "매출액": "650",
    "자산총계": "765",
    "부채총계": "362",
    "영업이익": "-3",
    "당기순이익": "-8",
    "주당순이익": "-90",
    "보통주배당금": "30",
    "매출액증가율": "-3.33",
    "영업이익증가율": "-442.35",
    "외국인비율": "39.33",
    "PER": "-22.33",
    "ROE": "-2.05",
    "ROA": "-1.09",
    "PBR": "0.94",
    "유보율": "333.9",
    "code": "048830"
}