{
    "N": "357",
    "종목명": "시너지이노베이션",
    "현재가": "3,545",
    "상태": "상승",
    "전일비": "30",
    "등락률": "+0.85%",
    "액면가": "500",
    "거래량": "479,260",
    "거래대금": "1,711",
    "전일거래량": "579,867",
    "시가": "3,535",
    "고가": "3,670",
    "저가": "3,480",
    "매수호가": "3,545",
    "매도호가": "3,560",
    "매수총잔량": "35,192",
    "매도총잔량": "35,080",
    "상장주식수": "73,220",
    "시가총액": "2,596",
    "매출액": "546",
    "자산총계": "1,473",
    "부채총계": "546",
    "영업이익": "12",
    "당기순이익": "42",
    "주당순이익": "-253",
    "보통주배당금": "0",
    "매출액증가율": "29.81",
    "영업이익증가율": "-66.84",
    "외국인비율": "13.62",
    "PER": "-14.01",
    "ROE": "5.20",
    "ROA": "3.14",
    "PBR": "2.93",
    "유보율": "141.4",
    "code": "048870"
}