{
    "N": "751",
    "종목명": "대원미디어",
    "현재가": "9,180",
    "상태": "하락",
    "전일비": "110",
    "등락률": "-1.18%",
    "액면가": "500",
    "거래량": "235,245",
    "거래대금": "2,171",
    "전일거래량": "342,980",
    "시가": "9,400",
    "고가": "9,450",
    "저가": "9,100",
    "매수호가": "9,180",
    "매도호가": "9,230",
    "매수총잔량": "14,213",
    "매도총잔량": "4,487",
    "상장주식수": "12,579",
    "시가총액": "1,155",
    "매출액": "1,915",
    "자산총계": "1,361",
    "부채총계": "349",
    "영업이익": "37",
    "당기순이익": "32",
    "주당순이익": "223",
    "보통주배당금": "N/A",
    "매출액증가율": "17.24",
    "영업이익증가율": "-42.87",
    "외국인비율": "3.35",
    "PER": "41.17",
    "ROE": "1.38",
    "ROA": "2.43",
    "PBR": "1.36",
    "유보율": "998.0",
    "code": "048910"
}