{
    "N": "150",
    "종목명": "인탑스",
    "현재가": "29,350",
    "상태": "상승",
    "전일비": "150",
    "등락률": "+0.51%",
    "액면가": "500",
    "거래량": "279,044",
    "거래대금": "8,155",
    "전일거래량": "302,823",
    "시가": "28,950",
    "고가": "29,800",
    "저가": "28,600",
    "매수호가": "29,350",
    "매도호가": "29,400",
    "매수총잔량": "12,919",
    "매도총잔량": "16,351",
    "상장주식수": "17,200",
    "시가총액": "5,048",
    "매출액": "9,105",
    "자산총계": "6,922",
    "부채총계": "1,713",
    "영업이익": "707",
    "당기순이익": "604",
    "주당순이익": "1,485",
    "보통주배당금": "250",
    "매출액증가율": "27.24",
    "영업이익증가율": "106.69",
    "외국인비율": "36.32",
    "PER": "19.76",
    "ROE": "8.50",
    "ROA": "9.09",
    "PBR": "1.11",
    "유보율": "4,979.3",
    "code": "049070"
}