{
    "N": "498",
    "종목명": "기가레인",
    "현재가": "2,935",
    "상태": "하락",
    "전일비": "135",
    "등락률": "-4.40%",
    "액면가": "500",
    "거래량": "1,943,178",
    "거래대금": "5,781",
    "전일거래량": "1,629,326",
    "시가": "3,085",
    "고가": "3,090",
    "저가": "2,900",
    "매수호가": "2,935",
    "매도호가": "2,940",
    "매수총잔량": "66,021",
    "매도총잔량": "44,086",
    "상장주식수": "62,851",
    "시가총액": "1,845",
    "매출액": "728",
    "자산총계": "1,178",
    "부채총계": "897",
    "영업이익": "-296",
    "당기순이익": "-461",
    "주당순이익": "-771",
    "보통주배당금": "0",
    "매출액증가율": "-41.68",
    "영업이익증가율": "-1,085.14",
    "외국인비율": "4.25",
    "PER": "-3.81",
    "ROE": "-95.33",
    "ROA": "-31.03",
    "PBR": "6.90",
    "유보율": "5.1",
    "code": "049080"
}