{
    "N": "437",
    "종목명": "셀루메드",
    "현재가": "5,980",
    "전일비": "0",
    "등락률": "0.00%",
    "액면가": "500",
    "거래량": "0",
    "거래대금": "0",
    "전일거래량": "0",
    "시가": "0",
    "고가": "0",
    "저가": "0",
    "매수호가": "0",
    "매도호가": "0",
    "매수총잔량": "0",
    "매도총잔량": "0",
    "상장주식수": "34,521",
    "시가총액": "2,064",
    "매출액": "179",
    "자산총계": "650",
    "부채총계": "493",
    "영업이익": "-80",
    "당기순이익": "-373",
    "주당순이익": "-1,211",
    "보통주배당금": "0",
    "매출액증가율": "80.74",
    "영업이익증가율": "26.30",
    "외국인비율": "2.05",
    "PER": "-4.94",
    "ROE": "-236.04",
    "ROA": "-65.11",
    "PBR": "9.93",
    "유보율": "133.4",
    "code": "049180"
}