{
    "N": "1255",
    "종목명": "파인디앤씨",
    "현재가": "1,740",
    "상태": "상승",
    "전일비": "10",
    "등락률": "+0.58%",
    "액면가": "500",
    "거래량": "121,262",
    "거래대금": "210",
    "전일거래량": "40,092",
    "시가": "1,730",
    "고가": "1,750",
    "저가": "1,700",
    "매수호가": "1,740",
    "매도호가": "1,745",
    "매수총잔량": "26,543",
    "매도총잔량": "18,720",
    "상장주식수": "26,360",
    "시가총액": "459",
    "매출액": "775",
    "자산총계": "1,036",
    "부채총계": "583",
    "영업이익": "-4",
    "당기순이익": "-37",
    "주당순이익": "-156",
    "보통주배당금": "25",
    "매출액증가율": "0.25",
    "영업이익증가율": "-120.81",
    "외국인비율": "0.87",
    "PER": "-11.15",
    "ROE": "-8.43",
    "ROA": "-3.76",
    "PBR": "1.06",
    "유보율": "437.0",
    "code": "049120"
}