{
    "N": "1287",
    "종목명": "SGA",
    "현재가": "872",
    "상태": "하락",
    "전일비": "25",
    "등락률": "-2.79%",
    "액면가": "1,000",
    "거래량": "1,074,393",
    "거래대금": "942",
    "전일거래량": "2,241,813",
    "시가": "897",
    "고가": "902",
    "저가": "861",
    "매수호가": "872",
    "매도호가": "880",
    "매수총잔량": "60,340",
    "매도총잔량": "36,422",
    "상장주식수": "48,812",
    "시가총액": "426",
    "매출액": "815",
    "자산총계": "1,004",
    "부채총계": "622",
    "영업이익": "-110",
    "당기순이익": "-304",
    "주당순이익": "-232",
    "보통주배당금": "0",
    "매출액증가율": "-8.34",
    "영업이익증가율": "-36.90",
    "외국인비율": "3.13",
    "PER": "-3.76",
    "ROE": "-48.41",
    "ROA": "-26.02",
    "PBR": "1.53",
    "유보율": "-26.8",
    "code": "049470"
}