{
    "N": "967",
    "종목명": "코메론",
    "현재가": "9,020",
    "상태": "상승",
    "전일비": "110",
    "등락률": "+1.23%",
    "액면가": "500",
    "거래량": "144,202",
    "거래대금": "1,304",
    "전일거래량": "32,567",
    "시가": "9,050",
    "고가": "9,170",
    "저가": "8,940",
    "매수호가": "9,010",
    "매도호가": "9,020",
    "매수총잔량": "8,569",
    "매도총잔량": "2,014",
    "상장주식수": "9,048",
    "시가총액": "816",
    "매출액": "666",
    "자산총계": "1,538",
    "부채총계": "133",
    "영업이익": "139",
    "당기순이익": "143",
    "주당순이익": "1,269",
    "보통주배당금": "200",
    "매출액증가율": "-3.08",
    "영업이익증가율": "11.99",
    "외국인비율": "15.41",
    "PER": "7.11",
    "ROE": "10.64",
    "ROA": "9.65",
    "PBR": "0.51",
    "유보율": "3,089.9",
    "code": "049430"
}