{
    "N": "805",
    "종목명": "오픈베이스",
    "현재가": "3,355",
    "상태": "상승",
    "전일비": "115",
    "등락률": "+3.55%",
    "액면가": "500",
    "거래량": "2,027,631",
    "거래대금": "6,696",
    "전일거래량": "447,698",
    "시가": "3,245",
    "고가": "3,360",
    "저가": "3,205",
    "매수호가": "3,350",
    "매도호가": "3,355",
    "매수총잔량": "115,869",
    "매도총잔량": "118,801",
    "상장주식수": "31,422",
    "시가총액": "1,054",
    "매출액": "1,574",
    "자산총계": "1,345",
    "부채총계": "613",
    "영업이익": "26",
    "당기순이익": "14",
    "주당순이익": "33",
    "보통주배당금": "15",
    "매출액증가율": "7.29",
    "영업이익증가율": "284.48",
    "외국인비율": "1.05",
    "PER": "101.67",
    "ROE": "2.46",
    "ROA": "1.05",
    "PBR": "1.67",
    "유보율": "305.8",
    "code": "049480"
}