{
    "N": "1043",
    "종목명": "잉크테크",
    "현재가": "4,490",
    "상태": "상승",
    "전일비": "25",
    "등락률": "+0.56%",
    "액면가": "500",
    "거래량": "132,929",
    "거래대금": "599",
    "전일거래량": "48,282",
    "시가": "4,430",
    "고가": "4,575",
    "저가": "4,430",
    "매수호가": "4,480",
    "매도호가": "4,490",
    "매수총잔량": "13,734",
    "매도총잔량": "33,904",
    "상장주식수": "16,020",
    "시가총액": "719",
    "매출액": "591",
    "자산총계": "1,081",
    "부채총계": "722",
    "영업이익": "-13",
    "당기순이익": "-28",
    "주당순이익": "-171",
    "보통주배당금": "N/A",
    "매출액증가율": "6.74",
    "영업이익증가율": "-40.51",
    "외국인비율": "0.59",
    "PER": "-26.26",
    "ROE": "-7.52",
    "ROA": "-2.60",
    "PBR": "1.96",
    "유보율": "108.7",
    "code": "049550"
}