{
    "N": "922",
    "종목명": "유아이엘",
    "현재가": "3,980",
    "상태": "상승",
    "전일비": "15",
    "등락률": "+0.38%",
    "액면가": "500",
    "거래량": "221,170",
    "거래대금": "887",
    "전일거래량": "121,240",
    "시가": "3,985",
    "고가": "4,060",
    "저가": "3,965",
    "매수호가": "3,980",
    "매도호가": "3,990",
    "매수총잔량": "24,760",
    "매도총잔량": "15,483",
    "상장주식수": "21,785",
    "시가총액": "867",
    "매출액": "4,085",
    "자산총계": "2,116",
    "부채총계": "419",
    "영업이익": "89",
    "당기순이익": "82",
    "주당순이익": "-295",
    "보통주배당금": "400",
    "매출액증가율": "-3.57",
    "영업이익증가율": "5.88",
    "외국인비율": "8.16",
    "PER": "-13.49",
    "ROE": "4.92",
    "ROA": "3.81",
    "PBR": "0.52",
    "유보율": "1,482.0",
    "code": "049520"
}