{
    "N": "952",
    "종목명": "고려신용정보",
    "현재가": "5,830",
    "상태": "상승",
    "전일비": "30",
    "등락률": "+0.52%",
    "액면가": "500",
    "거래량": "87,020",
    "거래대금": "507",
    "전일거래량": "68,038",
    "시가": "5,830",
    "고가": "5,870",
    "저가": "5,800",
    "매수호가": "5,820",
    "매도호가": "5,830",
    "매수총잔량": "23,964",
    "매도총잔량": "14,935",
    "상장주식수": "14,300",
    "시가총액": "834",
    "매출액": "1,165",
    "자산총계": "487",
    "부채총계": "262",
    "영업이익": "81",
    "당기순이익": "66",
    "주당순이익": "563",
    "보통주배당금": "250",
    "매출액증가율": "N/A",
    "영업이익증가율": "N/A",
    "외국인비율": "1.62",
    "PER": "10.36",
    "ROE": "N/A",
    "ROA": "N/A",
    "PBR": "3.24",
    "유보율": "217.8",
    "code": "049720"
}