{
    "N": "1225",
    "종목명": "승일",
    "현재가": "8,230",
    "상태": "상승",
    "전일비": "30",
    "등락률": "+0.37%",
    "액면가": "500",
    "거래량": "8,113",
    "거래대금": "66",
    "전일거래량": "5,134",
    "시가": "8,170",
    "고가": "8,250",
    "저가": "8,160",
    "매수호가": "8,220",
    "매도호가": "8,230",
    "매수총잔량": "5,063",
    "매도총잔량": "4,224",
    "상장주식수": "6,132",
    "시가총액": "505",
    "매출액": "1,366",
    "자산총계": "1,710",
    "부채총계": "305",
    "영업이익": "-14",
    "당기순이익": "-6",
    "주당순이익": "144",
    "보통주배당금": "N/A",
    "매출액증가율": "-9.53",
    "영업이익증가율": "-162.07",
    "외국인비율": "1.30",
    "PER": "57.15",
    "ROE": "-0.42",
    "ROA": "-0.34",
    "PBR": "0.34",
    "유보율": "4,563.9",
    "code": "049830"
}