{
    "N": "265",
    "종목명": "미래컴퍼니",
    "현재가": "39,850",
    "상태": "하락",
    "전일비": "1,350",
    "등락률": "-3.28%",
    "액면가": "500",
    "거래량": "71,431",
    "거래대금": "2,876",
    "전일거래량": "127,540",
    "시가": "41,550",
    "고가": "41,700",
    "저가": "39,700",
    "매수호가": "39,850",
    "매도호가": "39,950",
    "매수총잔량": "4,919",
    "매도총잔량": "2,517",
    "상장주식수": "8,362",
    "시가총액": "3,332",
    "매출액": "974",
    "자산총계": "1,338",
    "부채총계": "209",
    "영업이익": "37",
    "당기순이익": "120",
    "주당순이익": "-1,120",
    "보통주배당금": "229",
    "매출액증가율": "-54.34",
    "영업이익증가율": "-86.08",
    "외국인비율": "1.07",
    "PER": "-35.58",
    "ROE": "11.06",
    "ROA": "8.68",
    "PBR": "2.88",
    "유보율": "2,885.4",
    "code": "049950"
}