{
    "N": "418",
    "종목명": "쎌바이오텍",
    "현재가": "22,950",
    "상태": "하락",
    "전일비": "400",
    "등락률": "-1.71%",
    "액면가": "500",
    "거래량": "91,529",
    "거래대금": "2,101",
    "전일거래량": "163,551",
    "시가": "23,400",
    "고가": "23,600",
    "저가": "22,650",
    "매수호가": "22,800",
    "매도호가": "22,950",
    "매수총잔량": "14,215",
    "매도총잔량": "4,333",
    "상장주식수": "9,400",
    "시가총액": "2,157",
    "매출액": "460",
    "자산총계": "1,083",
    "부채총계": "47",
    "영업이익": "58",
    "당기순이익": "72",
    "주당순이익": "628",
    "보통주배당금": "600",
    "매출액증가율": "-26.52",
    "영업이익증가율": "-73.27",
    "외국인비율": "13.24",
    "PER": "36.54",
    "ROE": "6.91",
    "ROA": "6.56",
    "PBR": "1.61",
    "유보율": "2,481.0",
    "code": "049960"
}