{
    "N": "872",
    "종목명": "휘닉스소재",
    "현재가": "1,175",
    "상태": "하락",
    "전일비": "5",
    "등락률": "-0.42%",
    "액면가": "500",
    "거래량": "9,400,978",
    "거래대금": "11,223",
    "전일거래량": "5,743,487",
    "시가": "1,160",
    "고가": "1,245",
    "저가": "1,155",
    "매수호가": "1,175",
    "매도호가": "1,180",
    "매수총잔량": "793,169",
    "매도총잔량": "462,834",
    "상장주식수": "79,139",
    "시가총액": "930",
    "매출액": "130",
    "자산총계": "443",
    "부채총계": "170",
    "영업이익": "0",
    "당기순이익": "-20",
    "주당순이익": "-27",
    "보통주배당금": "N/A",
    "매출액증가율": "19.14",
    "영업이익증가율": "96.84",
    "외국인비율": "0.54",
    "PER": "-43.52",
    "ROE": "-7.12",
    "ROA": "-5.05",
    "PBR": "2.98",
    "유보율": "-17.8",
    "code": "050090"
}