{
    "N": "468",
    "종목명": "캠시스",
    "현재가": "2,840",
    "상태": "상승",
    "전일비": "10",
    "등락률": "+0.35%",
    "액면가": "500",
    "거래량": "3,447,239",
    "거래대금": "9,881",
    "전일거래량": "1,472,200",
    "시가": "2,840",
    "고가": "2,915",
    "저가": "2,810",
    "매수호가": "2,835",
    "매도호가": "2,840",
    "매수총잔량": "337,706",
    "매도총잔량": "200,402",
    "상장주식수": "68,761",
    "시가총액": "1,953",
    "매출액": "6,848",
    "자산총계": "4,326",
    "부채총계": "3,004",
    "영업이익": "160",
    "당기순이익": "42",
    "주당순이익": "-116",
    "보통주배당금": "0",
    "매출액증가율": "25.77",
    "영업이익증가율": "-0.02",
    "외국인비율": "3.05",
    "PER": "-24.48",
    "ROE": "2.10",
    "ROA": "1.11",
    "PBR": "1.70",
    "유보율": "184.6",
    "code": "050110"
}