{
    "N": "1010",
    "종목명": "라이브플렉스",
    "현재가": "559",
    "상태": "상승",
    "전일비": "4",
    "등락률": "+0.72%",
    "액면가": "500",
    "거래량": "1,444,384",
    "거래대금": "811",
    "전일거래량": "833,685",
    "시가": "551",
    "고가": "570",
    "저가": "551",
    "매수호가": "558",
    "매도호가": "559",
    "매수총잔량": "256,001",
    "매도총잔량": "179,981",
    "상장주식수": "135,641",
    "시가총액": "758",
    "매출액": "437",
    "자산총계": "4,640",
    "부채총계": "3,899",
    "영업이익": "-26",
    "당기순이익": "-138",
    "주당순이익": "-272",
    "보통주배당금": "0",
    "매출액증가율": "29.45",
    "영업이익증가율": "-116.09",
    "외국인비율": "1.10",
    "PER": "-2.06",
    "ROE": "-21.76",
    "ROA": "-4.78",
    "PBR": "0.93",
    "유보율": "33.4",
    "code": "050120"
}