{
    "N": "1267",
    "종목명": "아래스",
    "현재가": "990",
    "전일비": "0",
    "등락률": "0.00%",
    "액면가": "100",
    "거래량": "0",
    "거래대금": "0",
    "전일거래량": "0",
    "시가": "0",
    "고가": "0",
    "저가": "0",
    "매수호가": "0",
    "매도호가": "0",
    "매수총잔량": "0",
    "매도총잔량": "0",
    "상장주식수": "45,662",
    "시가총액": "452",
    "매출액": "1",
    "자산총계": "52",
    "부채총계": "7",
    "영업이익": "-11",
    "당기순이익": "-25",
    "주당순이익": "75",
    "보통주배당금": "0",
    "매출액증가율": "-86.95",
    "영업이익증가율": "-328.04",
    "외국인비율": "0.36",
    "PER": "13.20",
    "ROE": "-47.91",
    "ROA": "-34.38",
    "PBR": "5.23",
    "유보율": "66.4",
    "code": "050320"
}