{
    "N": "1406",
    "종목명": "한국코퍼레이션",
    "현재가": "282",
    "전일비": "0",
    "등락률": "0.00%",
    "액면가": "500",
    "거래량": "0",
    "거래대금": "0",
    "전일거래량": "0",
    "시가": "0",
    "고가": "0",
    "저가": "0",
    "매수호가": "0",
    "매도호가": "0",
    "매수총잔량": "0",
    "매도총잔량": "0",
    "상장주식수": "50,786",
    "시가총액": "143",
    "매출액": "1,215",
    "자산총계": "1,129",
    "부채총계": "743",
    "영업이익": "-92",
    "당기순이익": "-106",
    "주당순이익": "60",
    "보통주배당금": "0",
    "매출액증가율": "-5.35",
    "영업이익증가율": "1.37",
    "외국인비율": "1.76",
    "PER": "4.70",
    "ROE": "-25.48",
    "ROA": "-10.81",
    "PBR": "0.42",
    "유보율": "96.9",
    "code": "050540"
}