{
    "N": "890",
    "종목명": "에스폴리텍",
    "현재가": "5,550",
    "상태": "하락",
    "전일비": "20",
    "등락률": "-0.36%",
    "액면가": "500",
    "거래량": "136,309",
    "거래대금": "760",
    "전일거래량": "201,326",
    "시가": "5,580",
    "고가": "5,660",
    "저가": "5,520",
    "매수호가": "5,550",
    "매도호가": "5,560",
    "매수총잔량": "24,536",
    "매도총잔량": "14,056",
    "상장주식수": "16,335",
    "시가총액": "907",
    "매출액": "1,350",
    "자산총계": "1,095",
    "부채총계": "531",
    "영업이익": "149",
    "당기순이익": "107",
    "주당순이익": "719",
    "보통주배당금": "50",
    "매출액증가율": "-1.36",
    "영업이익증가율": "288.91",
    "외국인비율": "0.68",
    "PER": "7.72",
    "ROE": "21.06",
    "ROA": "10.09",
    "PBR": "1.31",
    "유보율": "586.4",
    "code": "050760"
}