{
    "N": "130",
    "종목명": "쏠리드",
    "현재가": "11,100",
    "상태": "하락",
    "전일비": "200",
    "등락률": "-1.77%",
    "액면가": "500",
    "거래량": "1,668,809",
    "거래대금": "18,715",
    "전일거래량": "1,339,690",
    "시가": "11,300",
    "고가": "11,400",
    "저가": "11,050",
    "매수호가": "11,100",
    "매도호가": "11,150",
    "매수총잔량": "198,640",
    "매도총잔량": "387,013",
    "상장주식수": "52,185",
    "시가총액": "5,793",
    "매출액": "2,293",
    "자산총계": "2,838",
    "부채총계": "1,601",
    "영업이익": "-35",
    "당기순이익": "54",
    "주당순이익": "58",
    "보통주배당금": "N/A",
    "매출액증가율": "3.01",
    "영업이익증가율": "-432.40",
    "외국인비율": "4.13",
    "PER": "191.38",
    "ROE": "4.97",
    "ROA": "1.96",
    "PBR": "5.05",
    "유보율": "359.0",
    "code": "050890"
}