{
    "N": "1170",
    "종목명": "아세아텍",
    "현재가": "3,205",
    "상태": "상승",
    "전일비": "30",
    "등락률": "+0.94%",
    "액면가": "500",
    "거래량": "273,272",
    "거래대금": "869",
    "전일거래량": "162,446",
    "시가": "3,200",
    "고가": "3,225",
    "저가": "3,140",
    "매수호가": "3,200",
    "매도호가": "3,205",
    "매수총잔량": "27,889",
    "매도총잔량": "20,554",
    "상장주식수": "17,500",
    "시가총액": "561",
    "매출액": "1,130",
    "자산총계": "1,361",
    "부채총계": "375",
    "영업이익": "52",
    "당기순이익": "10",
    "주당순이익": "51",
    "보통주배당금": "50",
    "매출액증가율": "9.91",
    "영업이익증가율": "108.74",
    "외국인비율": "3.43",
    "PER": "62.84",
    "ROE": "1.00",
    "ROA": "0.76",
    "PBR": "0.54",
    "유보율": "912.9",
    "code": "050860"
}