{
    "N": "726",
    "종목명": "수산아이앤티",
    "현재가": "17,650",
    "상태": "",
    "전일비": "4,050",
    "등락률": "+29.78%",
    "액면가": "500",
    "거래량": "354,373",
    "거래대금": "6,166",
    "전일거래량": "263,997",
    "시가": "13,600",
    "고가": "17,650",
    "저가": "13,600",
    "매수호가": "17,650",
    "매도호가": "0",
    "매수총잔량": "1,444,632",
    "매도총잔량": "0",
    "상장주식수": "6,751",
    "시가총액": "1,192",
    "매출액": "160",
    "자산총계": "795",
    "부채총계": "34",
    "영업이익": "28",
    "당기순이익": "29",
    "주당순이익": "540",
    "보통주배당금": "75",
    "매출액증가율": "-1.65",
    "영업이익증가율": "5.27",
    "외국인비율": "0.29",
    "PER": "32.69",
    "ROE": "3.90",
    "ROA": "3.76",
    "PBR": "1.56",
    "유보율": "2,105.0",
    "code": "050960"
}