{
    "N": "478",
    "종목명": "지어소프트",
    "현재가": "13,150",
    "상태": "하락",
    "전일비": "400",
    "등락률": "-2.95%",
    "액면가": "500",
    "거래량": "366,266",
    "거래대금": "4,847",
    "전일거래량": "503,230",
    "시가": "13,550",
    "고가": "13,650",
    "저가": "13,000",
    "매수호가": "13,100",
    "매도호가": "13,150",
    "매수총잔량": "78,928",
    "매도총잔량": "30,174",
    "상장주식수": "14,575",
    "시가총액": "1,917",
    "매출액": "1,596",
    "자산총계": "431",
    "부채총계": "336",
    "영업이익": "-1",
    "당기순이익": "-15",
    "주당순이익": "301",
    "보통주배당금": "N/A",
    "매출액증가율": "21.29",
    "영업이익증가율": "-111.05",
    "외국인비율": "5.16",
    "PER": "43.69",
    "ROE": "-19.38",
    "ROA": "-4.14",
    "PBR": "13.27",
    "유보율": "32.6",
    "code": "051160"
}