{
    "N": "657",
    "종목명": "토비스",
    "현재가": "8,070",
    "상태": "상승",
    "전일비": "500",
    "등락률": "+6.61%",
    "액면가": "500",
    "거래량": "983,370",
    "거래대금": "7,707",
    "전일거래량": "183,168",
    "시가": "7,590",
    "고가": "8,120",
    "저가": "7,590",
    "매수호가": "8,070",
    "매도호가": "8,080",
    "매수총잔량": "2,879",
    "매도총잔량": "24,726",
    "상장주식수": "16,717",
    "시가총액": "1,349",
    "매출액": "4,189",
    "자산총계": "2,812",
    "부채총계": "871",
    "영업이익": "307",
    "당기순이익": "221",
    "주당순이익": "41",
    "보통주배당금": "240",
    "매출액증가율": "-2.63",
    "영업이익증가율": "7.55",
    "외국인비율": "8.61",
    "PER": "196.83",
    "ROE": "11.88",
    "ROA": "7.69",
    "PBR": "0.64",
    "유보율": "2,360.2",
    "code": "051360"
}