{
    "N": "1265",
    "종목명": "YW",
    "현재가": "3,995",
    "상태": "하락",
    "전일비": "85",
    "등락률": "-2.08%",
    "액면가": "500",
    "거래량": "121,677",
    "거래대금": "483",
    "전일거래량": "476,623",
    "시가": "4,090",
    "고가": "4,120",
    "저가": "3,910",
    "매수호가": "3,995",
    "매도호가": "4,000",
    "매수총잔량": "10,288",
    "매도총잔량": "2,401",
    "상장주식수": "11,355",
    "시가총액": "454",
    "매출액": "192",
    "자산총계": "1,124",
    "부채총계": "412",
    "영업이익": "28",
    "당기순이익": "20",
    "주당순이익": "169",
    "보통주배당금": "50",
    "매출액증가율": "-34.57",
    "영업이익증가율": "-15.94",
    "외국인비율": "0.17",
    "PER": "23.64",
    "ROE": "2.79",
    "ROA": "1.79",
    "PBR": "0.48",
    "유보율": "1,304.8",
    "code": "051390"
}