{
    "N": "232",
    "종목명": "인터플렉스",
    "현재가": "16,400",
    "상태": "하락",
    "전일비": "550",
    "등락률": "-3.24%",
    "액면가": "500",
    "거래량": "453,249",
    "거래대금": "7,544",
    "전일거래량": "373,315",
    "시가": "16,950",
    "고가": "17,150",
    "저가": "16,350",
    "매수호가": "16,400",
    "매도호가": "16,450",
    "매수총잔량": "61,884",
    "매도총잔량": "19,806",
    "상장주식수": "23,327",
    "시가총액": "3,826",
    "매출액": "4,392",
    "자산총계": "3,514",
    "부채총계": "1,336",
    "영업이익": "-168",
    "당기순이익": "-283",
    "주당순이익": "-1,898",
    "보통주배당금": "N/A",
    "매출액증가율": "39.89",
    "영업이익증가율": "74.67",
    "외국인비율": "3.11",
    "PER": "-8.64",
    "ROE": "-12.24",
    "ROA": "-7.86",
    "PBR": "1.86",
    "유보율": "1,773.0",
    "code": "051370"
}