{
    "N": "491",
    "종목명": "나라엠앤디",
    "현재가": "13,150",
    "상태": "하락",
    "전일비": "600",
    "등락률": "-4.36%",
    "액면가": "500",
    "거래량": "1,634,222",
    "거래대금": "22,106",
    "전일거래량": "5,628,965",
    "시가": "13,750",
    "고가": "14,100",
    "저가": "13,050",
    "매수호가": "13,100",
    "매도호가": "13,150",
    "매수총잔량": "51,166",
    "매도총잔량": "40,224",
    "상장주식수": "14,200",
    "시가총액": "1,867",
    "매출액": "1,560",
    "자산총계": "2,172",
    "부채총계": "1,365",
    "영업이익": "21",
    "당기순이익": "11",
    "주당순이익": "146",
    "보통주배당금": "60",
    "매출액증가율": "10.04",
    "영업이익증가율": "-55.24",
    "외국인비율": "0.53",
    "PER": "90.07",
    "ROE": "1.37",
    "ROA": "0.55",
    "PBR": "2.24",
    "유보율": "1,041.9",
    "code": "051490"
}