{
    "N": "404",
    "종목명": "CJ프레시웨이",
    "현재가": "18,900",
    "상태": "하락",
    "전일비": "200",
    "등락률": "-1.05%",
    "액면가": "1,000",
    "거래량": "106,196",
    "거래대금": "2,016",
    "전일거래량": "88,294",
    "시가": "19,200",
    "고가": "19,300",
    "저가": "18,850",
    "매수호가": "18,900",
    "매도호가": "18,950",
    "매수총잔량": "41,950",
    "매도총잔량": "18,475",
    "상장주식수": "11,872",
    "시가총액": "2,244",
    "매출액": "30,551",
    "자산총계": "11,817",
    "부채총계": "8,925",
    "영업이익": "581",
    "당기순이익": "96",
    "주당순이익": "-2,263",
    "보통주배당금": "250",
    "매출액증가율": "8.03",
    "영업이익증가율": "14.64",
    "외국인비율": "14.03",
    "PER": "-8.35",
    "ROE": "2.59",
    "ROA": "0.91",
    "PBR": "1.31",
    "유보율": "1,045.9",
    "code": "051500"
}