{
    "N": "1008",
    "종목명": "큐로홀딩스",
    "현재가": "629",
    "상태": "하락",
    "전일비": "3",
    "등락률": "-0.47%",
    "액면가": "500",
    "거래량": "154,579",
    "거래대금": "97",
    "전일거래량": "146,179",
    "시가": "630",
    "고가": "630",
    "저가": "617",
    "매수호가": "628",
    "매도호가": "629",
    "매수총잔량": "50,003",
    "매도총잔량": "51,108",
    "상장주식수": "120,601",
    "시가총액": "759",
    "매출액": "258",
    "자산총계": "492",
    "부채총계": "240",
    "영업이익": "8",
    "당기순이익": "-91",
    "주당순이익": "-86",
    "보통주배당금": "0",
    "매출액증가율": "2.12",
    "영업이익증가율": "237.46",
    "외국인비율": "0.70",
    "PER": "-7.31",
    "ROE": "-34.12",
    "ROA": "-18.09",
    "PBR": "2.31",
    "유보율": "-21.0",
    "code": "051780"
}