{
    "N": "529",
    "종목명": "센트럴바이오",
    "현재가": "2,900",
    "상태": "하락",
    "전일비": "240",
    "등락률": "-7.64%",
    "액면가": "500",
    "거래량": "7,491,050",
    "거래대금": "22,222",
    "전일거래량": "5,333,683",
    "시가": "3,190",
    "고가": "3,290",
    "저가": "2,720",
    "매수호가": "2,900",
    "매도호가": "2,910",
    "매수총잔량": "137,027",
    "매도총잔량": "29,686",
    "상장주식수": "59,885",
    "시가총액": "1,737",
    "매출액": "98",
    "자산총계": "350",
    "부채총계": "105",
    "영업이익": "-85",
    "당기순이익": "-80",
    "주당순이익": "-144",
    "보통주배당금": "0",
    "매출액증가율": "-12.95",
    "영업이익증가율": "-264.10",
    "외국인비율": "2.81",
    "PER": "-20.14",
    "ROE": "-41.23",
    "ROA": "-27.80",
    "PBR": "8.53",
    "유보율": "13.1",
    "code": "051980"
}