{
    "N": "282",
    "종목명": "에스티큐브",
    "현재가": "10,450",
    "상태": "상승",
    "전일비": "150",
    "등락률": "+1.46%",
    "액면가": "500",
    "거래량": "453,369",
    "거래대금": "4,622",
    "전일거래량": "435,153",
    "시가": "10,250",
    "고가": "10,450",
    "저가": "10,000",
    "매수호가": "10,400",
    "매도호가": "10,450",
    "매수총잔량": "58,937",
    "매도총잔량": "104,412",
    "상장주식수": "30,385",
    "시가총액": "3,175",
    "매출액": "174",
    "자산총계": "524",
    "부채총계": "236",
    "영업이익": "-31",
    "당기순이익": "-120",
    "주당순이익": "-509",
    "보통주배당금": "0",
    "매출액증가율": "66.08",
    "영업이익증가율": "70.29",
    "외국인비율": "3.07",
    "PER": "-20.53",
    "ROE": "-35.69",
    "ROA": "-21.71",
    "PBR": "10.39",
    "유보율": "47.4",
    "code": "052020"
}