{
    "N": "1410",
    "종목명": "이에스에이",
    "현재가": "295",
    "전일비": "0",
    "등락률": "0.00%",
    "액면가": "500",
    "거래량": "0",
    "거래대금": "0",
    "전일거래량": "0",
    "시가": "0",
    "고가": "0",
    "저가": "0",
    "매수호가": "0",
    "매도호가": "0",
    "매수총잔량": "0",
    "매도총잔량": "0",
    "상장주식수": "45,802",
    "시가총액": "135",
    "매출액": "27",
    "자산총계": "374",
    "부채총계": "26",
    "영업이익": "-91",
    "당기순이익": "-253",
    "주당순이익": "-296",
    "보통주배당금": "0",
    "매출액증가율": "-55.75",
    "영업이익증가율": "-8.41",
    "외국인비율": "8.63",
    "PER": "-1.00",
    "ROE": "-69.15",
    "ROA": "-43.48",
    "PBR": "0.41",
    "유보율": "52.6",
    "code": "052190"
}