{
    "N": "241",
    "종목명": "현대바이오랜드",
    "현재가": "24,400",
    "상태": "하락",
    "전일비": "400",
    "등락률": "-1.61%",
    "액면가": "500",
    "거래량": "194,817",
    "거래대금": "4,757",
    "전일거래량": "257,625",
    "시가": "24,950",
    "고가": "24,950",
    "저가": "24,200",
    "매수호가": "24,350",
    "매도호가": "24,400",
    "매수총잔량": "40,506",
    "매도총잔량": "10,940",
    "상장주식수": "15,000",
    "시가총액": "3,660",
    "매출액": "1,063",
    "자산총계": "2,091",
    "부채총계": "533",
    "영업이익": "145",
    "당기순이익": "108",
    "주당순이익": "368",
    "보통주배당금": "350",
    "매출액증가율": "5.69",
    "영업이익증가율": "-15.22",
    "외국인비율": "5.30",
    "PER": "66.30",
    "ROE": "7.12",
    "ROA": "5.39",
    "PBR": "2.38",
    "유보율": "1,979.1",
    "code": "052260"
}