{
    "N": "767",
    "종목명": "iMBC",
    "현재가": "4,835",
    "상태": "상승",
    "전일비": "115",
    "등락률": "+2.44%",
    "액면가": "500",
    "거래량": "861,616",
    "거래대금": "4,129",
    "전일거래량": "1,223,114",
    "시가": "4,720",
    "고가": "5,000",
    "저가": "4,605",
    "매수호가": "4,835",
    "매도호가": "4,840",
    "매수총잔량": "12,774",
    "매도총잔량": "30,459",
    "상장주식수": "23,000",
    "시가총액": "1,112",
    "매출액": "516",
    "자산총계": "666",
    "부채총계": "132",
    "영업이익": "17",
    "당기순이익": "23",
    "주당순이익": "44",
    "보통주배당금": "N/A",
    "매출액증가율": "-11.23",
    "영업이익증가율": "84.14",
    "외국인비율": "1.20",
    "PER": "109.89",
    "ROE": "4.17",
    "ROA": "3.52",
    "PBR": "2.10",
    "유보율": "352.9",
    "code": "052220"
}