{
    "N": "626",
    "종목명": "코텍",
    "현재가": "9,230",
    "상태": "상승",
    "전일비": "220",
    "등락률": "+2.44%",
    "액면가": "500",
    "거래량": "96,780",
    "거래대금": "883",
    "전일거래량": "66,200",
    "시가": "9,060",
    "고가": "9,260",
    "저가": "9,020",
    "매수호가": "9,180",
    "매도호가": "9,230",
    "매수총잔량": "9,523",
    "매도총잔량": "5,738",
    "상장주식수": "15,575",
    "시가총액": "1,438",
    "매출액": "2,853",
    "자산총계": "3,531",
    "부채총계": "352",
    "영업이익": "331",
    "당기순이익": "308",
    "주당순이익": "183",
    "보통주배당금": "400",
    "매출액증가율": "N/A",
    "영업이익증가율": "N/A",
    "외국인비율": "24.74",
    "PER": "50.44",
    "ROE": "N/A",
    "ROA": "N/A",
    "PBR": "0.43",
    "유보율": "3,884.7",
    "code": "052330"
}