{
    "N": "1046",
    "종목명": "W홀딩컴퍼니",
    "현재가": "309",
    "상태": "하락",
    "전일비": "2",
    "등락률": "-0.64%",
    "액면가": "100",
    "거래량": "2,504,838",
    "거래대금": "782",
    "전일거래량": "1,813,227",
    "시가": "311",
    "고가": "324",
    "저가": "307",
    "매수호가": "309",
    "매도호가": "310",
    "매수총잔량": "417,474",
    "매도총잔량": "177,522",
    "상장주식수": "232,418",
    "시가총액": "718",
    "매출액": "180",
    "자산총계": "1,424",
    "부채총계": "555",
    "영업이익": "-38",
    "당기순이익": "-177",
    "주당순이익": "46",
    "보통주배당금": "0",
    "매출액증가율": "-65.34",
    "영업이익증가율": "-4.41",
    "외국인비율": "1.74",
    "PER": "6.72",
    "ROE": "-20.04",
    "ROA": "-11.96",
    "PBR": "0.74",
    "유보율": "387.1",
    "code": "052300"
}