{
    "N": "1129",
    "종목명": "아이크래프트",
    "현재가": "4,225",
    "상태": "상승",
    "전일비": "40",
    "등락률": "+0.96%",
    "액면가": "500",
    "거래량": "286,864",
    "거래대금": "1,213",
    "전일거래량": "234,528",
    "시가": "4,185",
    "고가": "4,315",
    "저가": "4,160",
    "매수호가": "4,220",
    "매도호가": "4,225",
    "매수총잔량": "17,964",
    "매도총잔량": "10,728",
    "상장주식수": "14,608",
    "시가총액": "617",
    "매출액": "738",
    "자산총계": "534",
    "부채총계": "211",
    "영업이익": "0",
    "당기순이익": "-3",
    "주당순이익": "17",
    "보통주배당금": "N/A",
    "매출액증가율": "0.83",
    "영업이익증가율": "-83.41",
    "외국인비율": "0.36",
    "PER": "248.53",
    "ROE": "-0.69",
    "ROA": "-0.51",
    "PBR": "1.85",
    "유보율": "417.3",
    "code": "052460"
}