{
    "N": "211",
    "종목명": "코나아이",
    "현재가": "26,400",
    "상태": "하락",
    "전일비": "350",
    "등락률": "-1.31%",
    "액면가": "500",
    "거래량": "128,763",
    "거래대금": "3,412",
    "전일거래량": "129,903",
    "시가": "26,950",
    "고가": "27,050",
    "저가": "26,000",
    "매수호가": "26,400",
    "매도호가": "26,450",
    "매수총잔량": "20,000",
    "매도총잔량": "8,448",
    "상장주식수": "15,559",
    "시가총액": "4,108",
    "매출액": "1,245",
    "자산총계": "2,908",
    "부채총계": "2,010",
    "영업이익": "-14",
    "당기순이익": "-58",
    "주당순이익": "87",
    "보통주배당금": "N/A",
    "매출액증가율": "38.41",
    "영업이익증가율": "95.50",
    "외국인비율": "1.88",
    "PER": "303.45",
    "ROE": "-5.96",
    "ROA": "-2.60",
    "PBR": "4.10",
    "유보율": "1,285.4",
    "code": "052400"
}