{
    "N": "274",
    "종목명": "오성첨단소재",
    "현재가": "4,800",
    "상태": "상승",
    "전일비": "110",
    "등락률": "+2.35%",
    "액면가": "500",
    "거래량": "20,367,753",
    "거래대금": "97,246",
    "전일거래량": "12,849,192",
    "시가": "4,705",
    "고가": "5,080",
    "저가": "4,510",
    "매수호가": "4,800",
    "매도호가": "4,805",
    "매수총잔량": "151,799",
    "매도총잔량": "122,932",
    "상장주식수": "67,735",
    "시가총액": "3,251",
    "매출액": "666",
    "자산총계": "2,281",
    "부채총계": "538",
    "영업이익": "19",
    "당기순이익": "146",
    "주당순이익": "345",
    "보통주배당금": "0",
    "매출액증가율": "51.02",
    "영업이익증가율": "166.31",
    "외국인비율": "0.71",
    "PER": "13.91",
    "ROE": "9.68",
    "ROA": "7.77",
    "PBR": "1.63",
    "유보율": "473.7",
    "code": "052420"
}