{
    "N": "1015",
    "종목명": "한네트",
    "현재가": "6,460",
    "상태": "상승",
    "전일비": "10",
    "등락률": "+0.16%",
    "액면가": "500",
    "거래량": "336,456",
    "거래대금": "2,186",
    "전일거래량": "222,582",
    "시가": "6,450",
    "고가": "6,700",
    "저가": "6,400",
    "매수호가": "6,460",
    "매도호가": "6,470",
    "매수총잔량": "21,537",
    "매도총잔량": "12,432",
    "상장주식수": "11,564",
    "시가총액": "747",
    "매출액": "259",
    "자산총계": "638",
    "부채총계": "287",
    "영업이익": "19",
    "당기순이익": "11",
    "주당순이익": "110",
    "보통주배당금": "100",
    "매출액증가율": "-4.50",
    "영업이익증가율": "-8.36",
    "외국인비율": "1.07",
    "PER": "58.73",
    "ROE": "3.20",
    "ROA": "1.73",
    "PBR": "2.14",
    "유보율": "552.1",
    "code": "052600"
}