{
    "N": "720",
    "종목명": "제일바이오",
    "현재가": "8,030",
    "상태": "하락",
    "전일비": "450",
    "등락률": "-5.31%",
    "액면가": "500",
    "거래량": "2,184,942",
    "거래대금": "17,667",
    "전일거래량": "16,397,715",
    "시가": "8,200",
    "고가": "8,240",
    "저가": "7,990",
    "매수호가": "8,030",
    "매도호가": "8,040",
    "매수총잔량": "110,596",
    "매도총잔량": "19,341",
    "상장주식수": "15,000",
    "시가총액": "1,204",
    "매출액": "230",
    "자산총계": "346",
    "부채총계": "30",
    "영업이익": "5",
    "당기순이익": "20",
    "주당순이익": "23",
    "보통주배당금": "N/A",
    "매출액증가율": "-17.35",
    "영업이익증가율": "-62.93",
    "외국인비율": "0.53",
    "PER": "349.13",
    "ROE": "6.67",
    "ROA": "6.10",
    "PBR": "2.98",
    "유보율": "407.9",
    "code": "052670"
}