{
    "N": "790",
    "종목명": "액토즈소프트",
    "현재가": "9,470",
    "상태": "상승",
    "전일비": "50",
    "등락률": "+0.53%",
    "액면가": "500",
    "거래량": "76,209",
    "거래대금": "730",
    "전일거래량": "54,153",
    "시가": "9,540",
    "고가": "9,710",
    "저가": "9,400",
    "매수호가": "9,470",
    "매도호가": "9,490",
    "매수총잔량": "3,722",
    "매도총잔량": "2,853",
    "상장주식수": "11,331",
    "시가총액": "1,073",
    "매출액": "627",
    "자산총계": "1,754",
    "부채총계": "573",
    "영업이익": "257",
    "당기순이익": "208",
    "주당순이익": "1,661",
    "보통주배당금": "N/A",
    "매출액증가율": "66.43",
    "영업이익증가율": "2,485.36",
    "외국인비율": "50.41",
    "PER": "5.70",
    "ROE": "19.76",
    "ROA": "13.73",
    "PBR": "0.65",
    "유보율": "1,924.5",
    "code": "052790"
}