{
    "N": "230",
    "종목명": "아모텍",
    "현재가": "39,300",
    "상태": "상승",
    "전일비": "300",
    "등락률": "+0.77%",
    "액면가": "500",
    "거래량": "290,500",
    "거래대금": "11,579",
    "전일거래량": "876,771",
    "시가": "39,400",
    "고가": "40,900",
    "저가": "39,100",
    "매수호가": "39,200",
    "매도호가": "39,300",
    "매수총잔량": "9,318",
    "매도총잔량": "2,086",
    "상장주식수": "9,743",
    "시가총액": "3,829",
    "매출액": "2,486",
    "자산총계": "4,305",
    "부채총계": "2,317",
    "영업이익": "70",
    "당기순이익": "4",
    "주당순이익": "-1,538",
    "보통주배당금": "N/A",
    "매출액증가율": "-1.92",
    "영업이익증가율": "-38.13",
    "외국인비율": "5.03",
    "PER": "-25.55",
    "ROE": "0.18",
    "ROA": "0.09",
    "PBR": "1.99",
    "유보율": "3,585.5",
    "code": "052710"
}