{
    "N": "1005",
    "종목명": "KMH하이텍",
    "현재가": "1,625",
    "상태": "상승",
    "전일비": "15",
    "등락률": "+0.93%",
    "액면가": "500",
    "거래량": "4,752,296",
    "거래대금": "7,911",
    "전일거래량": "1,118,967",
    "시가": "1,630",
    "고가": "1,725",
    "저가": "1,620",
    "매수호가": "1,625",
    "매도호가": "1,630",
    "매수총잔량": "243,236",
    "매도총잔량": "76,587",
    "상장주식수": "46,885",
    "시가총액": "762",
    "매출액": "590",
    "자산총계": "754",
    "부채총계": "118",
    "영업이익": "52",
    "당기순이익": "22",
    "주당순이익": "62",
    "보통주배당금": "N/A",
    "매출액증가율": "-3.42",
    "영업이익증가율": "25.25",
    "외국인비율": "3.20",
    "PER": "26.21",
    "ROE": "3.45",
    "ROA": "2.91",
    "PBR": "1.08",
    "유보율": "169.4",
    "code": "052900"
}