{
    "N": "1381",
    "종목명": "세동",
    "현재가": "2,080",
    "상태": "상승",
    "전일비": "120",
    "등락률": "+6.12%",
    "액면가": "500",
    "거래량": "454,429",
    "거래대금": "947",
    "전일거래량": "385,098",
    "시가": "1,960",
    "고가": "2,285",
    "저가": "1,935",
    "매수호가": "2,075",
    "매도호가": "2,080",
    "매수총잔량": "27,227",
    "매도총잔량": "8,675",
    "상장주식수": "11,595",
    "시가총액": "241",
    "매출액": "1,473",
    "자산총계": "1,221",
    "부채총계": "1,031",
    "영업이익": "-12",
    "당기순이익": "-22",
    "주당순이익": "-1,059",
    "보통주배당금": "0",
    "매출액증가율": "4.67",
    "영업이익증가율": "49.25",
    "외국인비율": "3.93",
    "PER": "-1.96",
    "ROE": "-11.05",
    "ROA": "-1.82",
    "PBR": "11.16",
    "유보율": "-1.2",
    "code": "053060"
}