{
    "N": "1213",
    "종목명": "지에스이",
    "현재가": "1,715",
    "상태": "상승",
    "전일비": "50",
    "등락률": "+3.00%",
    "액면가": "500",
    "거래량": "774,927",
    "거래대금": "1,315",
    "전일거래량": "290,468",
    "시가": "1,670",
    "고가": "1,735",
    "저가": "1,650",
    "매수호가": "1,715",
    "매도호가": "1,720",
    "매수총잔량": "42,914",
    "매도총잔량": "162,580",
    "상장주식수": "29,988",
    "시가총액": "514",
    "매출액": "1,364",
    "자산총계": "1,593",
    "부채총계": "901",
    "영업이익": "56",
    "당기순이익": "43",
    "주당순이익": "118",
    "보통주배당금": "40",
    "매출액증가율": "2.11",
    "영업이익증가율": "-23.90",
    "외국인비율": "2.02",
    "PER": "14.53",
    "ROE": "6.34",
    "ROA": "2.75",
    "PBR": "0.67",
    "유보율": "383.2",
    "code": "053050"
}