{
    "N": "433",
    "종목명": "원방테크",
    "현재가": "48,300",
    "전일비": "0",
    "등락률": "0.00%",
    "액면가": "500",
    "거래량": "103,270",
    "거래대금": "5,006",
    "전일거래량": "145,602",
    "시가": "48,850",
    "고가": "49,050",
    "저가": "47,900",
    "매수호가": "48,300",
    "매도호가": "48,350",
    "매수총잔량": "10,977",
    "매도총잔량": "3,677",
    "상장주식수": "4,294",
    "시가총액": "2,074",
    "매출액": "2,284",
    "자산총계": "1,967",
    "부채총계": "965",
    "영업이익": "193",
    "당기순이익": "143",
    "주당순이익": "3,545",
    "보통주배당금": "0",
    "매출액증가율": "42.49",
    "영업이익증가율": "1.07",
    "외국인비율": "0.39",
    "PER": "13.62",
    "ROE": "13.00",
    "ROA": "8.15",
    "PBR": "1.54",
    "유보율": "6,162.4",
    "code": "053080"
}