{
    "N": "78",
    "종목명": "바이넥스",
    "현재가": "25,600",
    "상태": "상승",
    "전일비": "150",
    "등락률": "+0.59%",
    "액면가": "500",
    "거래량": "1,139,995",
    "거래대금": "29,640",
    "전일거래량": "897,820",
    "시가": "25,100",
    "고가": "26,700",
    "저가": "25,100",
    "매수호가": "25,600",
    "매도호가": "25,650",
    "매수총잔량": "81,776",
    "매도총잔량": "12,057",
    "상장주식수": "31,751",
    "시가총액": "8,128",
    "매출액": "1,253",
    "자산총계": "2,028",
    "부채총계": "414",
    "영업이익": "113",
    "당기순이익": "84",
    "주당순이익": "440",
    "보통주배당금": "0",
    "매출액증가율": "20.39",
    "영업이익증가율": "63.91",
    "외국인비율": "6.72",
    "PER": "58.18",
    "ROE": "5.49",
    "ROA": "4.26",
    "PBR": "4.49",
    "유보율": "880.3",
    "code": "053030"
}