{
    "N": "670",
    "종목명": "프리엠스",
    "현재가": "22,000",
    "상태": "하락",
    "전일비": "1,350",
    "등락률": "-5.78%",
    "액면가": "500",
    "거래량": "1,836,530",
    "거래대금": "42,537",
    "전일거래량": "2,819,709",
    "시가": "22,250",
    "고가": "25,000",
    "저가": "20,600",
    "매수호가": "21,950",
    "매도호가": "22,000",
    "매수총잔량": "12,307",
    "매도총잔량": "10,489",
    "상장주식수": "6,000",
    "시가총액": "1,320",
    "매출액": "184",
    "자산총계": "483",
    "부채총계": "28",
    "영업이익": "-4",
    "당기순이익": "5",
    "주당순이익": "-68",
    "보통주배당금": "50",
    "매출액증가율": "-32.38",
    "영업이익증가율": "-129.26",
    "외국인비율": "0.14",
    "PER": "-323.53",
    "ROE": "1.19",
    "ROA": "1.12",
    "PBR": "2.51",
    "유보율": "1,367.3",
    "code": "053160"
}