{
    "N": "1344",
    "종목명": "소리바다",
    "현재가": "341",
    "상태": "상승",
    "전일비": "3",
    "등락률": "+0.89%",
    "액면가": "500",
    "거래량": "1,042,660",
    "거래대금": "351",
    "전일거래량": "1,110,121",
    "시가": "338",
    "고가": "342",
    "저가": "332",
    "매수호가": "340",
    "매도호가": "341",
    "매수총잔량": "180,425",
    "매도총잔량": "80,364",
    "상장주식수": "98,807",
    "시가총액": "337",
    "매출액": "458",
    "자산총계": "558",
    "부채총계": "332",
    "영업이익": "-75",
    "당기순이익": "-129",
    "주당순이익": "-282",
    "보통주배당금": "0",
    "매출액증가율": "15.33",
    "영업이익증가율": "-28.56",
    "외국인비율": "1.09",
    "PER": "-1.21",
    "ROE": "-53.13",
    "ROA": "-21.75",
    "PBR": "1.16",
    "유보율": "-13.9",
    "code": "053110"
}