{
    "N": "353",
    "종목명": "예스24",
    "현재가": "15,300",
    "상태": "하락",
    "전일비": "150",
    "등락률": "-0.97%",
    "액면가": "500",
    "거래량": "216,123",
    "거래대금": "3,334",
    "전일거래량": "142,884",
    "시가": "15,650",
    "고가": "15,800",
    "저가": "15,200",
    "매수호가": "15,250",
    "매도호가": "15,300",
    "매수총잔량": "30,572",
    "매도총잔량": "34,777",
    "상장주식수": "17,200",
    "시가총액": "2,632",
    "매출액": "5,330",
    "자산총계": "2,399",
    "부채총계": "1,755",
    "영업이익": "63",
    "당기순이익": "-2",
    "주당순이익": "-533",
    "보통주배당금": "200",
    "매출액증가율": "5.25",
    "영업이익증가율": "441.56",
    "외국인비율": "0.53",
    "PER": "-28.71",
    "ROE": "0.01",
    "ROA": "-0.08",
    "PBR": "4.54",
    "유보율": "652.6",
    "code": "053280"
}