{
    "N": "1248",
    "종목명": "NE능률",
    "현재가": "2,830",
    "상태": "하락",
    "전일비": "10",
    "등락률": "-0.35%",
    "액면가": "500",
    "거래량": "66,812",
    "거래대금": "189",
    "전일거래량": "75,904",
    "시가": "2,840",
    "고가": "2,860",
    "저가": "2,815",
    "매수호가": "2,830",
    "매도호가": "2,835",
    "매수총잔량": "24,785",
    "매도총잔량": "13,025",
    "상장주식수": "16,526",
    "시가총액": "468",
    "매출액": "846",
    "자산총계": "923",
    "부채총계": "348",
    "영업이익": "29",
    "당기순이익": "7",
    "주당순이익": "-201",
    "보통주배당금": "0",
    "매출액증가율": "-1.58",
    "영업이익증가율": "232.51",
    "외국인비율": "0.98",
    "PER": "-14.08",
    "ROE": "1.26",
    "ROA": "0.77",
    "PBR": "0.77",
    "유보율": "785.4",
    "code": "053290"
}