{
    "N": "856",
    "종목명": "이니텍",
    "현재가": "4,790",
    "상태": "상승",
    "전일비": "45",
    "등락률": "+0.95%",
    "액면가": "500",
    "거래량": "41,603",
    "거래대금": "197",
    "전일거래량": "36,990",
    "시가": "4,745",
    "고가": "4,850",
    "저가": "4,690",
    "매수호가": "4,790",
    "매도호가": "4,795",
    "매수총잔량": "2,650",
    "매도총잔량": "6,672",
    "상장주식수": "19,791",
    "시가총액": "948",
    "매출액": "2,880",
    "자산총계": "2,600",
    "부채총계": "591",
    "영업이익": "58",
    "당기순이익": "-76",
    "주당순이익": "-542",
    "보통주배당금": "20",
    "매출액증가율": "9.74",
    "영업이익증가율": "-34.23",
    "외국인비율": "1.65",
    "PER": "-8.84",
    "ROE": "-7.31",
    "ROA": "-3.09",
    "PBR": "0.80",
    "유보율": "1,108.4",
    "code": "053350"
}