{
    "N": "836",
    "종목명": "세코닉스",
    "현재가": "7,730",
    "상태": "하락",
    "전일비": "130",
    "등락률": "-1.65%",
    "액면가": "500",
    "거래량": "616,228",
    "거래대금": "4,900",
    "전일거래량": "678,750",
    "시가": "7,860",
    "고가": "8,300",
    "저가": "7,700",
    "매수호가": "7,730",
    "매도호가": "7,740",
    "매수총잔량": "17,338",
    "매도총잔량": "4,382",
    "상장주식수": "12,742",
    "시가총액": "985",
    "매출액": "4,622",
    "자산총계": "3,575",
    "부채총계": "2,482",
    "영업이익": "11",
    "당기순이익": "-175",
    "주당순이익": "-4,059",
    "보통주배당금": "50",
    "매출액증가율": "10.54",
    "영업이익증가율": "-87.12",
    "외국인비율": "5.27",
    "PER": "-1.90",
    "ROE": "-14.76",
    "ROA": "-4.63",
    "PBR": "0.96",
    "유보율": "1,856.6",
    "code": "053450"
}