{
    "N": "786",
    "종목명": "한국테크놀로지",
    "현재가": "1,020",
    "상태": "하락",
    "전일비": "30",
    "등락률": "-2.86%",
    "액면가": "500",
    "거래량": "3,015,069",
    "거래대금": "3,082",
    "전일거래량": "1,899,971",
    "시가": "1,055",
    "고가": "1,070",
    "저가": "999",
    "매수호가": "1,015",
    "매도호가": "1,020",
    "매수총잔량": "236,766",
    "매도총잔량": "200,000",
    "상장주식수": "106,023",
    "시가총액": "1,081",
    "매출액": "2,162",
    "자산총계": "1,672",
    "부채총계": "1,324",
    "영업이익": "-42",
    "당기순이익": "-174",
    "주당순이익": "-122",
    "보통주배당금": "0",
    "매출액증가율": "N/A",
    "영업이익증가율": "N/A",
    "외국인비율": "0.41",
    "PER": "-8.36",
    "ROE": "N/A",
    "ROA": "N/A",
    "PBR": "2.92",
    "유보율": "-31.0",
    "code": "053590"
}