{
    "N": "169",
    "종목명": "웹케시",
    "현재가": "70,700",
    "상태": "상승",
    "전일비": "300",
    "등락률": "+0.43%",
    "액면가": "500",
    "거래량": "22,122",
    "거래대금": "1,568",
    "전일거래량": "53,266",
    "시가": "70,400",
    "고가": "71,300",
    "저가": "70,400",
    "매수호가": "70,700",
    "매도호가": "70,800",
    "매수총잔량": "5,786",
    "매도총잔량": "1,595",
    "상장주식수": "6,764",
    "시가총액": "4,782",
    "매출액": "612",
    "자산총계": "633",
    "부채총계": "90",
    "영업이익": "93",
    "당기순이익": "93",
    "주당순이익": "1,602",
    "보통주배당금": "200",
    "매출액증가율": "-20.06",
    "영업이익증가율": "59.92",
    "외국인비율": "22.22",
    "PER": "44.13",
    "ROE": "24.24",
    "ROA": "18.48",
    "PBR": "7.86",
    "유보율": "1,637.4",
    "code": "053580"
}