{
    "N": "302",
    "종목명": "프로텍",
    "현재가": "27,500",
    "상태": "상승",
    "전일비": "700",
    "등락률": "+2.61%",
    "액면가": "500",
    "거래량": "95,829",
    "거래대금": "2,598",
    "전일거래량": "79,953",
    "시가": "27,000",
    "고가": "27,600",
    "저가": "26,550",
    "매수호가": "27,450",
    "매도호가": "27,500",
    "매수총잔량": "6,186",
    "매도총잔량": "8,682",
    "상장주식수": "11,000",
    "시가총액": "3,025",
    "매출액": "1,798",
    "자산총계": "2,325",
    "부채총계": "249",
    "영업이익": "460",
    "당기순이익": "374",
    "주당순이익": "789",
    "보통주배당금": "400",
    "매출액증가율": "16.74",
    "영업이익증가율": "43.19",
    "외국인비율": "3.50",
    "PER": "34.85",
    "ROE": "19.94",
    "ROA": "17.34",
    "PBR": "1.33",
    "유보율": "3,780.9",
    "code": "053610"
}