{
    "N": "1026",
    "종목명": "태양",
    "현재가": "8,600",
    "상태": "상승",
    "전일비": "150",
    "등락률": "+1.78%",
    "액면가": "500",
    "거래량": "39,372",
    "거래대금": "334",
    "전일거래량": "13,648",
    "시가": "8,450",
    "고가": "8,780",
    "저가": "8,290",
    "매수호가": "8,600",
    "매도호가": "8,620",
    "매수총잔량": "2,824",
    "매도총잔량": "1,487",
    "상장주식수": "8,600",
    "시가총액": "740",
    "매출액": "1,418",
    "자산총계": "1,877",
    "부채총계": "291",
    "영업이익": "70",
    "당기순이익": "74",
    "주당순이익": "1,042",
    "보통주배당금": "150",
    "매출액증가율": "3.74",
    "영업이익증가율": "592.33",
    "외국인비율": "3.73",
    "PER": "8.25",
    "ROE": "4.75",
    "ROA": "3.96",
    "PBR": "0.42",
    "유보율": "3,687.4",
    "code": "053620"
}