{
    "N": "744",
    "종목명": "삼보모터스",
    "현재가": "6,820",
    "상태": "상승",
    "전일비": "30",
    "등락률": "+0.44%",
    "액면가": "500",
    "거래량": "1,003,090",
    "거래대금": "6,986",
    "전일거래량": "382,498",
    "시가": "6,790",
    "고가": "7,090",
    "저가": "6,700",
    "매수호가": "6,810",
    "매도호가": "6,820",
    "매수총잔량": "20,769",
    "매도총잔량": "3,965",
    "상장주식수": "17,085",
    "시가총액": "1,165",
    "매출액": "9,395",
    "자산총계": "7,356",
    "부채총계": "5,374",
    "영업이익": "-107",
    "당기순이익": "-155",
    "주당순이익": "-1,925",
    "보통주배당금": "0",
    "매출액증가율": "-0.68",
    "영업이익증가율": "-182.43",
    "외국인비율": "0.00",
    "PER": "-3.54",
    "ROE": "-7.41",
    "ROA": "-2.14",
    "PBR": "0.57",
    "유보율": "2,467.1",
    "code": "053700"
}