{
    "N": "69",
    "종목명": "안랩",
    "현재가": "86,500",
    "상태": "상승",
    "전일비": "600",
    "등락률": "+0.70%",
    "액면가": "500",
    "거래량": "352,417",
    "거래대금": "30,478",
    "전일거래량": "365,122",
    "시가": "87,000",
    "고가": "87,900",
    "저가": "85,000",
    "매수호가": "86,500",
    "매도호가": "86,600",
    "매수총잔량": "7,136",
    "매도총잔량": "13,924",
    "상장주식수": "10,014",
    "시가총액": "8,662",
    "매출액": "1,670",
    "자산총계": "2,602",
    "부채총계": "545",
    "영업이익": "184",
    "당기순이익": "191",
    "주당순이익": "1,998",
    "보통주배당금": "900",
    "매출액증가율": "4.49",
    "영업이익증가율": "4.08",
    "외국인비율": "21.02",
    "PER": "43.29",
    "ROE": "9.57",
    "ROA": "7.58",
    "PBR": "3.53",
    "유보율": "4,283.8",
    "code": "053800"
}