{
    "N": "631",
    "종목명": "경남제약",
    "현재가": "8,220",
    "상태": "하락",
    "전일비": "90",
    "등락률": "-1.08%",
    "액면가": "500",
    "거래량": "193,450",
    "거래대금": "1,582",
    "전일거래량": "254,549",
    "시가": "8,310",
    "고가": "8,310",
    "저가": "8,110",
    "매수호가": "8,220",
    "매도호가": "8,230",
    "매수총잔량": "9,187",
    "매도총잔량": "9,100",
    "상장주식수": "17,443",
    "시가총액": "1,434",
    "매출액": "448",
    "자산총계": "745",
    "부채총계": "133",
    "영업이익": "-31",
    "당기순이익": "-45",
    "주당순이익": "-281",
    "보통주배당금": "0",
    "매출액증가율": "8.14",
    "영업이익증가율": "-274.42",
    "외국인비율": "1.78",
    "PER": "-29.25",
    "ROE": "-10.09",
    "ROA": "-7.13",
    "PBR": "2.31",
    "유보율": "613.2",
    "code": "053950"
}