{
    "N": "552",
    "종목명": "오상자이엘",
    "현재가": "9,400",
    "상태": "하락",
    "전일비": "60",
    "등락률": "-0.63%",
    "액면가": "500",
    "거래량": "89,349",
    "거래대금": "840",
    "전일거래량": "95,047",
    "시가": "9,380",
    "고가": "9,500",
    "저가": "9,340",
    "매수호가": "9,400",
    "매도호가": "9,410",
    "매수총잔량": "19,659",
    "매도총잔량": "11,806",
    "상장주식수": "17,748",
    "시가총액": "1,668",
    "매출액": "742",
    "자산총계": "739",
    "부채총계": "361",
    "영업이익": "-26",
    "당기순이익": "-148",
    "주당순이익": "412",
    "보통주배당금": "N/A",
    "매출액증가율": "14.70",
    "영업이익증가율": "-127.55",
    "외국인비율": "0.73",
    "PER": "22.82",
    "ROE": "-33.88",
    "ROA": "-18.78",
    "PBR": "2.71",
    "유보율": "285.6",
    "code": "053980"
}