{
    "N": "1246",
    "종목명": "한국컴퓨터",
    "현재가": "2,925",
    "상태": "하락",
    "전일비": "15",
    "등락률": "-0.51%",
    "액면가": "500",
    "거래량": "93,993",
    "거래대금": "276",
    "전일거래량": "183,132",
    "시가": "2,965",
    "고가": "2,970",
    "저가": "2,920",
    "매수호가": "2,925",
    "매도호가": "2,940",
    "매수총잔량": "30,735",
    "매도총잔량": "25,179",
    "상장주식수": "16,071",
    "시가총액": "470",
    "매출액": "1,104",
    "자산총계": "1,286",
    "부채총계": "346",
    "영업이익": "72",
    "당기순이익": "76",
    "주당순이익": "-16",
    "보통주배당금": "130",
    "매출액증가율": "-3.32",
    "영업이익증가율": "235.54",
    "외국인비율": "2.40",
    "PER": "-182.81",
    "ROE": "8.40",
    "ROA": "5.75",
    "PBR": "0.48",
    "유보율": "1,101.6",
    "code": "054040"
}