{
    "N": "912",
    "종목명": "삼진엘앤디",
    "현재가": "3,525",
    "상태": "하락",
    "전일비": "100",
    "등락률": "-2.76%",
    "액면가": "500",
    "거래량": "1,920,764",
    "거래대금": "6,898",
    "전일거래량": "3,882,351",
    "시가": "3,590",
    "고가": "3,645",
    "저가": "3,525",
    "매수호가": "3,525",
    "매도호가": "3,530",
    "매수총잔량": "87,805",
    "매도총잔량": "17,546",
    "상장주식수": "24,959",
    "시가총액": "880",
    "매출액": "2,308",
    "자산총계": "1,704",
    "부채총계": "778",
    "영업이익": "38",
    "당기순이익": "5",
    "주당순이익": "-90",
    "보통주배당금": "75",
    "매출액증가율": "7.24",
    "영업이익증가율": "-49.13",
    "외국인비율": "0.73",
    "PER": "-39.17",
    "ROE": "0.63",
    "ROA": "0.27",
    "PBR": "0.91",
    "유보율": "660.0",
    "code": "054090"
}