{
    "N": "537",
    "종목명": "농우바이오",
    "현재가": "10,700",
    "전일비": "0",
    "등락률": "0.00%",
    "액면가": "500",
    "거래량": "142,025",
    "거래대금": "1,530",
    "전일거래량": "321,670",
    "시가": "10,850",
    "고가": "10,900",
    "저가": "10,650",
    "매수호가": "10,700",
    "매도호가": "10,750",
    "매수총잔량": "45,609",
    "매도총잔량": "76,420",
    "상장주식수": "16,031",
    "시가총액": "1,715",
    "매출액": "1,213",
    "자산총계": "2,899",
    "부채총계": "581",
    "영업이익": "39",
    "당기순이익": "70",
    "주당순이익": "562",
    "보통주배당금": "200",
    "매출액증가율": "16.57",
    "영업이익증가율": "-24.22",
    "외국인비율": "0.72",
    "PER": "19.04",
    "ROE": "3.05",
    "ROA": "2.52",
    "PBR": "0.72",
    "유보율": "2,770.8",
    "code": "054050"
}