{
    "N": "985",
    "종목명": "메디콕스",
    "현재가": "1,810",
    "상태": "하락",
    "전일비": "85",
    "등락률": "-4.49%",
    "액면가": "500",
    "거래량": "2,638,535",
    "거래대금": "4,850",
    "전일거래량": "3,072,338",
    "시가": "1,900",
    "고가": "1,905",
    "저가": "1,805",
    "매수호가": "1,810",
    "매도호가": "1,815",
    "매수총잔량": "170,635",
    "매도총잔량": "62,585",
    "상장주식수": "43,760",
    "시가총액": "792",
    "매출액": "104",
    "자산총계": "592",
    "부채총계": "380",
    "영업이익": "-6",
    "당기순이익": "-21",
    "주당순이익": "-173",
    "보통주배당금": "0",
    "매출액증가율": "-58.96",
    "영업이익증가율": "-30.80",
    "외국인비율": "0.00",
    "PER": "-10.46",
    "ROE": "-9.76",
    "ROA": "-3.59",
    "PBR": "2.21",
    "유보율": "1.8",
    "code": "054180"
}