{
    "N": "414",
    "종목명": "이랜텍",
    "현재가": "9,100",
    "상태": "상승",
    "전일비": "110",
    "등락률": "+1.22%",
    "액면가": "500",
    "거래량": "746,887",
    "거래대금": "6,787",
    "전일거래량": "1,354,006",
    "시가": "8,940",
    "고가": "9,320",
    "저가": "8,840",
    "매수호가": "9,090",
    "매도호가": "9,100",
    "매수총잔량": "16,208",
    "매도총잔량": "16,667",
    "상장주식수": "24,038",
    "시가총액": "2,187",
    "매출액": "7,290",
    "자산총계": "4,205",
    "부채총계": "2,559",
    "영업이익": "363",
    "당기순이익": "121",
    "주당순이익": "-958",
    "보통주배당금": "100",
    "매출액증가율": "61.36",
    "영업이익증가율": "2,800.25",
    "외국인비율": "2.30",
    "PER": "-9.50",
    "ROE": "7.92",
    "ROA": "2.88",
    "PBR": "1.31",
    "유보율": "1,513.8",
    "code": "054210"
}