{
    "N": "690",
    "종목명": "비츠로시스",
    "현재가": "5,930",
    "전일비": "0",
    "등락률": "0.00%",
    "액면가": "500",
    "거래량": "0",
    "거래대금": "0",
    "전일거래량": "0",
    "시가": "0",
    "고가": "0",
    "저가": "0",
    "매수호가": "0",
    "매도호가": "0",
    "매수총잔량": "0",
    "매도총잔량": "0",
    "상장주식수": "21,560",
    "시가총액": "1,278",
    "매출액": "70",
    "자산총계": "248",
    "부채총계": "1,120",
    "영업이익": "-16",
    "당기순이익": "-1",
    "주당순이익": "1,858",
    "보통주배당금": "0",
    "매출액증가율": "-72.37",
    "영업이익증가율": "93.21",
    "외국인비율": "10.32",
    "PER": "3.19",
    "ROE": "0.14",
    "ROA": "-0.51",
    "PBR": "186.29",
    "유보율": "-433.6",
    "code": "054220"
}