{
    "N": "1319",
    "종목명": "팬스타엔터프라이즈",
    "현재가": "724",
    "상태": "상승",
    "전일비": "3",
    "등락률": "+0.42%",
    "액면가": "500",
    "거래량": "425,977",
    "거래대금": "306",
    "전일거래량": "254,654",
    "시가": "720",
    "고가": "725",
    "저가": "713",
    "매수호가": "723",
    "매도호가": "724",
    "매수총잔량": "38,480",
    "매도총잔량": "91,924",
    "상장주식수": "52,448",
    "시가총액": "380",
    "매출액": "372",
    "자산총계": "693",
    "부채총계": "264",
    "영업이익": "16",
    "당기순이익": "8",
    "주당순이익": "-95",
    "보통주배당금": "0",
    "매출액증가율": "31.11",
    "영업이익증가율": "117.92",
    "외국인비율": "3.28",
    "PER": "-7.62",
    "ROE": "2.07",
    "ROA": "1.35",
    "PBR": "0.98",
    "유보율": "52.0",
    "code": "054300"
}