{
    "N": "1358",
    "종목명": "케이피티유",
    "현재가": "6,080",
    "상태": "하락",
    "전일비": "210",
    "등락률": "-3.34%",
    "액면가": "500",
    "거래량": "74,215",
    "거래대금": "462",
    "전일거래량": "116,902",
    "시가": "6,340",
    "고가": "6,450",
    "저가": "6,080",
    "매수호가": "6,080",
    "매도호가": "6,170",
    "매수총잔량": "2,260",
    "매도총잔량": "2,919",
    "상장주식수": "5,060",
    "시가총액": "308",
    "매출액": "243",
    "자산총계": "622",
    "부채총계": "293",
    "영업이익": "6",
    "당기순이익": "-8",
    "주당순이익": "142",
    "보통주배당금": "N/A",
    "매출액증가율": "-3.48",
    "영업이익증가율": "-64.43",
    "외국인비율": "4.83",
    "PER": "42.82",
    "ROE": "-2.35",
    "ROA": "-1.20",
    "PBR": "0.91",
    "유보율": "1,122.3",
    "code": "054410"
}