{
    "N": "510",
    "종목명": "텔레칩스",
    "현재가": "13,300",
    "상태": "하락",
    "전일비": "600",
    "등락률": "-4.32%",
    "액면가": "500",
    "거래량": "853,491",
    "거래대금": "11,585",
    "전일거래량": "1,097,687",
    "시가": "14,050",
    "고가": "14,150",
    "저가": "13,300",
    "매수호가": "13,300",
    "매도호가": "13,350",
    "매수총잔량": "80,850",
    "매도총잔량": "30,384",
    "상장주식수": "13,506",
    "시가총액": "1,796",
    "매출액": "1,322",
    "자산총계": "1,557",
    "부채총계": "528",
    "영업이익": "76",
    "당기순이익": "83",
    "주당순이익": "-530",
    "보통주배당금": "120",
    "매출액증가율": "4.84",
    "영업이익증가율": "-6.24",
    "외국인비율": "0.46",
    "PER": "-25.09",
    "ROE": "8.32",
    "ROA": "5.66",
    "PBR": "1.78",
    "유보율": "1,509.7",
    "code": "054450"
}