{
    "N": "1049",
    "종목명": "삼영엠텍",
    "현재가": "5,500",
    "상태": "하락",
    "전일비": "140",
    "등락률": "-2.48%",
    "액면가": "500",
    "거래량": "357,185",
    "거래대금": "1,986",
    "전일거래량": "390,280",
    "시가": "5,680",
    "고가": "5,680",
    "저가": "5,450",
    "매수호가": "5,500",
    "매도호가": "5,510",
    "매수총잔량": "39,570",
    "매도총잔량": "4,313",
    "상장주식수": "13,000",
    "시가총액": "715",
    "매출액": "698",
    "자산총계": "1,200",
    "부채총계": "401",
    "영업이익": "31",
    "당기순이익": "35",
    "주당순이익": "631",
    "보통주배당금": "100",
    "매출액증가율": "1.06",
    "영업이익증가율": "270.25",
    "외국인비율": "2.25",
    "PER": "8.72",
    "ROE": "4.57",
    "ROA": "3.03",
    "PBR": "0.82",
    "유보율": "1,018.8",
    "code": "054540"
}