{
    "N": "1220",
    "종목명": "에이디칩스",
    "현재가": "980",
    "상태": "상승",
    "전일비": "9",
    "등락률": "+0.93%",
    "액면가": "500",
    "거래량": "1,539,431",
    "거래대금": "1,504",
    "전일거래량": "1,799,595",
    "시가": "999",
    "고가": "999",
    "저가": "965",
    "매수호가": "979",
    "매도호가": "980",
    "매수총잔량": "50,808",
    "매도총잔량": "56,819",
    "상장주식수": "51,968",
    "시가총액": "509",
    "매출액": "177",
    "자산총계": "428",
    "부채총계": "127",
    "영업이익": "-27",
    "당기순이익": "-129",
    "주당순이익": "-254",
    "보통주배당금": "0",
    "매출액증가율": "39.89",
    "영업이익증가율": "29.68",
    "외국인비율": "1.23",
    "PER": "-3.86",
    "ROE": "-46.50",
    "ROA": "-30.37",
    "PBR": "1.45",
    "유보율": "36.0",
    "code": "054630"
}