{
    "N": "580",
    "종목명": "APS홀딩스",
    "현재가": "7,670",
    "상태": "하락",
    "전일비": "230",
    "등락률": "-2.91%",
    "액면가": "500",
    "거래량": "470,364",
    "거래대금": "3,631",
    "전일거래량": "190,388",
    "시가": "7,940",
    "고가": "7,980",
    "저가": "7,590",
    "매수호가": "7,660",
    "매도호가": "7,670",
    "매수총잔량": "19,022",
    "매도총잔량": "7,936",
    "상장주식수": "20,394",
    "시가총액": "1,564",
    "매출액": "232",
    "자산총계": "2,977",
    "부채총계": "829",
    "영업이익": "-106",
    "당기순이익": "-46",
    "주당순이익": "88",
    "보통주배당금": "N/A",
    "매출액증가율": "-18.53",
    "영업이익증가율": "-192.70",
    "외국인비율": "3.41",
    "PER": "87.16",
    "ROE": "-1.22",
    "ROA": "-1.58",
    "PBR": "0.66",
    "유보율": "8,290.5",
    "code": "054620"
}