{
    "N": "499",
    "종목명": "대한뉴팜",
    "현재가": "12,850",
    "상태": "하락",
    "전일비": "100",
    "등락률": "-0.77%",
    "액면가": "500",
    "거래량": "181,272",
    "거래대금": "2,334",
    "전일거래량": "413,864",
    "시가": "12,950",
    "고가": "13,050",
    "저가": "12,750",
    "매수호가": "12,850",
    "매도호가": "12,900",
    "매수총잔량": "46,932",
    "매도총잔량": "59,830",
    "상장주식수": "14,355",
    "시가총액": "1,845",
    "매출액": "1,341",
    "자산총계": "1,279",
    "부채총계": "668",
    "영업이익": "207",
    "당기순이익": "152",
    "주당순이익": "821",
    "보통주배당금": "N/A",
    "매출액증가율": "12.19",
    "영업이익증가율": "3.39",
    "외국인비율": "0.00",
    "PER": "15.65",
    "ROE": "29.27",
    "ROA": "12.88",
    "PBR": "3.86",
    "유보율": "798.2",
    "code": "054670"
}