{
    "N": "494",
    "종목명": "키이스트",
    "현재가": "10,850",
    "상태": "하락",
    "전일비": "150",
    "등락률": "-1.36%",
    "액면가": "500",
    "거래량": "154,143",
    "거래대금": "1,685",
    "전일거래량": "280,048",
    "시가": "11,000",
    "고가": "11,200",
    "저가": "10,800",
    "매수호가": "10,850",
    "매도호가": "10,900",
    "매수총잔량": "67,388",
    "매도총잔량": "48,714",
    "상장주식수": "17,071",
    "시가총액": "1,852",
    "매출액": "1,002",
    "자산총계": "1,084",
    "부채총계": "403",
    "영업이익": "-15",
    "당기순이익": "-107",
    "주당순이익": "379",
    "보통주배당금": "0",
    "매출액증가율": "-3.37",
    "영업이익증가율": "36.82",
    "외국인비율": "8.39",
    "PER": "28.63",
    "ROE": "-17.44",
    "ROA": "-10.16",
    "PBR": "4.06",
    "유보율": "437.1",
    "code": "054780"
}