{
    "N": "672",
    "종목명": "아이디스홀딩스",
    "현재가": "12,650",
    "상태": "하락",
    "전일비": "50",
    "등락률": "-0.39%",
    "액면가": "500",
    "거래량": "14,459",
    "거래대금": "184",
    "전일거래량": "25,691",
    "시가": "12,800",
    "고가": "13,000",
    "저가": "12,600",
    "매수호가": "12,650",
    "매도호가": "12,750",
    "매수총잔량": "3,206",
    "매도총잔량": "3,722",
    "상장주식수": "10,348",
    "시가총액": "1,309",
    "매출액": "5,078",
    "자산총계": "7,996",
    "부채총계": "1,832",
    "영업이익": "467",
    "당기순이익": "135",
    "주당순이익": "-1,657",
    "보통주배당금": "200",
    "매출액증가율": "-8.72",
    "영업이익증가율": "-14.75",
    "외국인비율": "9.34",
    "PER": "-7.63",
    "ROE": "-5.18",
    "ROA": "1.69",
    "PBR": "0.54",
    "유보율": "4,237.2",
    "code": "054800"
}