{
    "N": "1235",
    "종목명": "엑사이엔씨",
    "현재가": "1,490",
    "상태": "하락",
    "전일비": "20",
    "등락률": "-1.32%",
    "액면가": "500",
    "거래량": "474,372",
    "거래대금": "710",
    "전일거래량": "629,608",
    "시가": "1,500",
    "고가": "1,520",
    "저가": "1,485",
    "매수호가": "1,490",
    "매도호가": "1,495",
    "매수총잔량": "165,931",
    "매도총잔량": "84,006",
    "상장주식수": "33,174",
    "시가총액": "494",
    "매출액": "2,471",
    "자산총계": "1,431",
    "부채총계": "818",
    "영업이익": "30",
    "당기순이익": "3",
    "주당순이익": "6",
    "보통주배당금": "N/A",
    "매출액증가율": "10.29",
    "영업이익증가율": "-33.81",
    "외국인비율": "0.86",
    "PER": "248.33",
    "ROE": "-0.70",
    "ROA": "0.22",
    "PBR": "0.78",
    "유보율": "216.9",
    "code": "054940"
}