{
    "N": "395",
    "종목명": "제이브이엠",
    "현재가": "37,000",
    "상태": "상승",
    "전일비": "300",
    "등락률": "+0.82%",
    "액면가": "500",
    "거래량": "86,675",
    "거래대금": "3,221",
    "전일거래량": "33,529",
    "시가": "37,950",
    "고가": "38,400",
    "저가": "36,350",
    "매수호가": "36,950",
    "매도호가": "37,000",
    "매수총잔량": "1,559",
    "매도총잔량": "2,594",
    "상장주식수": "6,331",
    "시가총액": "2,342",
    "매출액": "1,101",
    "자산총계": "1,801",
    "부채총계": "565",
    "영업이익": "105",
    "당기순이익": "58",
    "주당순이익": "1,155",
    "보통주배당금": "400",
    "매출액증가율": "6.28",
    "영업이익증가율": "-21.33",
    "외국인비율": "5.11",
    "PER": "32.03",
    "ROE": "4.70",
    "ROA": "3.25",
    "PBR": "1.69",
    "유보율": "4,271.1",
    "code": "054950"
}