{
    "N": "470",
    "종목명": "한컴위드",
    "현재가": "6,900",
    "상태": "상승",
    "전일비": "430",
    "등락률": "+6.65%",
    "액면가": "500",
    "거래량": "1,312,996",
    "거래대금": "8,842",
    "전일거래량": "640,084",
    "시가": "6,600",
    "고가": "7,100",
    "저가": "6,360",
    "매수호가": "6,900",
    "매도호가": "6,910",
    "매수총잔량": "20,150",
    "매도총잔량": "21,323",
    "상장주식수": "28,217",
    "시가총액": "1,947",
    "매출액": "158",
    "자산총계": "1,742",
    "부채총계": "480",
    "영업이익": "-4",
    "당기순이익": "337",
    "주당순이익": "1,515",
    "보통주배당금": "N/A",
    "매출액증가율": "0.74",
    "영업이익증가율": "-259.32",
    "외국인비율": "2.83",
    "PER": "4.55",
    "ROE": "36.53",
    "ROA": "25.21",
    "PBR": "1.32",
    "유보율": "835.0",
    "code": "054920"
}