{
    "N": "1266",
    "종목명": "유신",
    "현재가": "15,100",
    "상태": "상승",
    "전일비": "100",
    "등락률": "+0.67%",
    "액면가": "5,000",
    "거래량": "20,037",
    "거래대금": "301",
    "전일거래량": "25,609",
    "시가": "15,250",
    "고가": "15,250",
    "저가": "14,800",
    "매수호가": "14,950",
    "매도호가": "15,100",
    "매수총잔량": "3,925",
    "매도총잔량": "8,118",
    "상장주식수": "3,000",
    "시가총액": "453",
    "매출액": "1,666",
    "자산총계": "1,564",
    "부채총계": "751",
    "영업이익": "-96",
    "당기순이익": "-62",
    "주당순이익": "-2",
    "보통주배당금": "N/A",
    "매출액증가율": "10.46",
    "영업이익증가율": "-23.85",
    "외국인비율": "1.36",
    "PER": "-7,550.00",
    "ROE": "-7.30",
    "ROA": "-4.04",
    "PBR": "0.55",
    "유보율": "442.5",
    "code": "054930"
}