{
    "N": "763",
    "종목명": "유진로봇",
    "현재가": "3,000",
    "상태": "하락",
    "전일비": "60",
    "등락률": "-1.96%",
    "액면가": "500",
    "거래량": "454,712",
    "거래대금": "1,377",
    "전일거래량": "1,285,380",
    "시가": "3,125",
    "고가": "3,125",
    "저가": "2,990",
    "매수호가": "3,000",
    "매도호가": "3,005",
    "매수총잔량": "60,601",
    "매도총잔량": "12,389",
    "상장주식수": "37,512",
    "시가총액": "1,125",
    "매출액": "727",
    "자산총계": "892",
    "부채총계": "389",
    "영업이익": "-157",
    "당기순이익": "-214",
    "주당순이익": "-524",
    "보통주배당금": "N/A",
    "매출액증가율": "-11.07",
    "영업이익증가율": "-924.62",
    "외국인비율": "12.85",
    "PER": "-5.73",
    "ROE": "-29.14",
    "ROA": "-21.75",
    "PBR": "2.56",
    "유보율": "180.2",
    "code": "056080"
}