{
    "N": "33",
    "종목명": "에스에프에이",
    "현재가": "39,800",
    "상태": "하락",
    "전일비": "500",
    "등락률": "-1.24%",
    "액면가": "500",
    "거래량": "400,902",
    "거래대금": "16,104",
    "전일거래량": "516,124",
    "시가": "40,650",
    "고가": "40,950",
    "저가": "39,750",
    "매수호가": "39,750",
    "매도호가": "39,800",
    "매수총잔량": "27,004",
    "매도총잔량": "6,032",
    "상장주식수": "35,909",
    "시가총액": "14,292",
    "매출액": "15,777",
    "자산총계": "18,059",
    "부채총계": "6,938",
    "영업이익": "2,142",
    "당기순이익": "1,470",
    "주당순이익": "3,473",
    "보통주배당금": "1,056",
    "매출액증가율": "1.13",
    "영업이익증가율": "-8.60",
    "외국인비율": "19.33",
    "PER": "11.46",
    "ROE": "15.90",
    "ROA": "8.48",
    "PBR": "1.43",
    "유보율": "5,270.9",
    "code": "056190"
}