{
    "N": "832",
    "종목명": "코위버",
    "현재가": "10,100",
    "상태": "하락",
    "전일비": "100",
    "등락률": "-0.98%",
    "액면가": "500",
    "거래량": "97,480",
    "거래대금": "985",
    "전일거래량": "188,045",
    "시가": "10,250",
    "고가": "10,250",
    "저가": "10,000",
    "매수호가": "10,050",
    "매도호가": "10,100",
    "매수총잔량": "34,138",
    "매도총잔량": "104,573",
    "상장주식수": "9,797",
    "시가총액": "989",
    "매출액": "1,131",
    "자산총계": "1,649",
    "부채총계": "462",
    "영업이익": "117",
    "당기순이익": "206",
    "주당순이익": "1,132",
    "보통주배당금": "200",
    "매출액증가율": "105.34",
    "영업이익증가율": "1,490.08",
    "외국인비율": "2.75",
    "PER": "8.92",
    "ROE": "18.91",
    "ROA": "14.03",
    "PBR": "0.79",
    "유보율": "2,349.8",
    "code": "056360"
}