{
    "N": "848",
    "종목명": "신화인터텍",
    "현재가": "3,310",
    "상태": "하락",
    "전일비": "95",
    "등락률": "-2.79%",
    "액면가": "500",
    "거래량": "593,511",
    "거래대금": "1,994",
    "전일거래량": "997,813",
    "시가": "3,415",
    "고가": "3,445",
    "저가": "3,310",
    "매수호가": "3,310",
    "매도호가": "3,335",
    "매수총잔량": "27,302",
    "매도총잔량": "15,838",
    "상장주식수": "29,135",
    "시가총액": "964",
    "매출액": "2,544",
    "자산총계": "1,841",
    "부채총계": "875",
    "영업이익": "163",
    "당기순이익": "95",
    "주당순이익": "69",
    "보통주배당금": "50",
    "매출액증가율": "43.28",
    "영업이익증가율": "763.29",
    "외국인비율": "3.19",
    "PER": "47.97",
    "ROE": "10.31",
    "ROA": "4.93",
    "PBR": "0.94",
    "유보율": "576.6",
    "code": "056700"
}