{
    "N": "779",
    "종목명": "포스링크",
    "현재가": "1,550",
    "전일비": "0",
    "등락률": "0.00%",
    "액면가": "500",
    "거래량": "0",
    "거래대금": "0",
    "전일거래량": "0",
    "시가": "0",
    "고가": "0",
    "저가": "0",
    "매수호가": "0",
    "매도호가": "0",
    "매수총잔량": "0",
    "매도총잔량": "0",
    "상장주식수": "70,704",
    "시가총액": "1,096",
    "매출액": "144",
    "자산총계": "479",
    "부채총계": "394",
    "영업이익": "-42",
    "당기순이익": "-223",
    "주당순이익": "-7,070",
    "보통주배당금": "0",
    "매출액증가율": "-6.75",
    "영업이익증가율": "26.87",
    "외국인비율": "2.13",
    "PER": "-0.22",
    "ROE": "-113.04",
    "ROA": "-35.87",
    "PBR": "3.52",
    "유보율": "-0.7",
    "code": "056730"
}