{
    "N": "652",
    "종목명": "YBM넷",
    "현재가": "8,320",
    "상태": "상승",
    "전일비": "50",
    "등락률": "+0.60%",
    "액면가": "500",
    "거래량": "262,075",
    "거래대금": "2,170",
    "전일거래량": "276,213",
    "시가": "8,240",
    "고가": "8,400",
    "저가": "8,190",
    "매수호가": "8,320",
    "매도호가": "8,330",
    "매수총잔량": "18,418",
    "매도총잔량": "13,437",
    "상장주식수": "16,313",
    "시가총액": "1,357",
    "매출액": "601",
    "자산총계": "757",
    "부채총계": "336",
    "영업이익": "26",
    "당기순이익": "18",
    "주당순이익": "-72",
    "보통주배당금": "N/A",
    "매출액증가율": "-4.04",
    "영업이익증가율": "160.78",
    "외국인비율": "1.52",
    "PER": "-115.56",
    "ROE": "4.24",
    "ROA": "2.33",
    "PBR": "3.28",
    "유보율": "502.2",
    "code": "057030"
}