{
    "N": "799",
    "종목명": "옴니시스템",
    "현재가": "2,430",
    "상태": "상승",
    "전일비": "40",
    "등락률": "+1.67%",
    "액면가": "500",
    "거래량": "816,960",
    "거래대금": "1,976",
    "전일거래량": "544,690",
    "시가": "2,390",
    "고가": "2,455",
    "저가": "2,385",
    "매수호가": "2,430",
    "매도호가": "2,435",
    "매수총잔량": "116,688",
    "매도총잔량": "93,266",
    "상장주식수": "43,564",
    "시가총액": "1,059",
    "매출액": "940",
    "자산총계": "1,366",
    "부채총계": "407",
    "영업이익": "-20",
    "당기순이익": "187",
    "주당순이익": "-251",
    "보통주배당금": "0",
    "매출액증가율": "-17.55",
    "영업이익증가율": "-175.22",
    "외국인비율": "1.07",
    "PER": "-9.68",
    "ROE": "22.13",
    "ROA": "14.29",
    "PBR": "1.03",
    "유보율": "346.8",
    "code": "057540"
}