{
    "N": "522",
    "종목명": "티사이언티픽",
    "현재가": "3,760",
    "상태": "상승",
    "전일비": "5",
    "등락률": "+0.13%",
    "액면가": "500",
    "거래량": "425,640",
    "거래대금": "1,592",
    "전일거래량": "638,625",
    "시가": "3,850",
    "고가": "3,850",
    "저가": "3,690",
    "매수호가": "3,760",
    "매도호가": "3,765",
    "매수총잔량": "12,669",
    "매도총잔량": "14,440",
    "상장주식수": "46,826",
    "시가총액": "1,761",
    "매출액": "77",
    "자산총계": "598",
    "부채총계": "237",
    "영업이익": "20",
    "당기순이익": "19",
    "주당순이익": "29",
    "보통주배당금": "0",
    "매출액증가율": "47.51",
    "영업이익증가율": "243.93",
    "외국인비율": "0.47",
    "PER": "129.66",
    "ROE": "5.55",
    "ROA": "2.88",
    "PBR": "3.79",
    "유보율": "100.6",
    "code": "057680"
}