{
    "N": "556",
    "종목명": "필로시스헬스케어",
    "현재가": "2,095",
    "상태": "상승",
    "전일비": "115",
    "등락률": "+5.81%",
    "액면가": "500",
    "거래량": "4,149,526",
    "거래대금": "8,533",
    "전일거래량": "10,494,362",
    "시가": "1,960",
    "고가": "2,105",
    "저가": "1,950",
    "매수호가": "2,090",
    "매도호가": "2,095",
    "매수총잔량": "107,248",
    "매도총잔량": "153,520",
    "상장주식수": "78,696",
    "시가총액": "1,649",
    "매출액": "94",
    "자산총계": "684",
    "부채총계": "440",
    "영업이익": "-65",
    "당기순이익": "-255",
    "주당순이익": "-582",
    "보통주배당금": "0",
    "매출액증가율": "35.69",
    "영업이익증가율": "-31.22",
    "외국인비율": "3.82",
    "PER": "-3.60",
    "ROE": "-109.36",
    "ROA": "-45.63",
    "PBR": "2.83",
    "유보율": "25.8",
    "code": "057880"
}