{
    "N": "369",
    "종목명": "멕아이씨에스",
    "현재가": "36,000",
    "상태": "하락",
    "전일비": "1,250",
    "등락률": "-3.36%",
    "액면가": "500",
    "거래량": "129,741",
    "거래대금": "4,725",
    "전일거래량": "102,372",
    "시가": "37,700",
    "고가": "37,700",
    "저가": "35,950",
    "매수호가": "35,950",
    "매도호가": "36,000",
    "매수총잔량": "5,163",
    "매도총잔량": "2,420",
    "상장주식수": "6,989",
    "시가총액": "2,516",
    "매출액": "129",
    "자산총계": "249",
    "부채총계": "207",
    "영업이익": "-2",
    "당기순이익": "-17",
    "주당순이익": "3,096",
    "보통주배당금": "0",
    "매출액증가율": "47.39",
    "영업이익증가율": "88.43",
    "외국인비율": "3.78",
    "PER": "11.63",
    "ROE": "-31.40",
    "ROA": "-6.86",
    "PBR": "7.86",
    "유보율": "53.0",
    "code": "058110"
}