{
    "N": "1426",
    "종목명": "아리온",
    "현재가": "275",
    "전일비": "0",
    "등락률": "0.00%",
    "액면가": "500",
    "거래량": "0",
    "거래대금": "0",
    "전일거래량": "0",
    "시가": "0",
    "고가": "0",
    "저가": "0",
    "매수호가": "0",
    "매도호가": "0",
    "매수총잔량": "0",
    "매도총잔량": "0",
    "상장주식수": "38,974",
    "시가총액": "107",
    "매출액": "330",
    "자산총계": "870",
    "부채총계": "676",
    "영업이익": "21",
    "당기순이익": "-75",
    "주당순이익": "-8,921",
    "보통주배당금": "0",
    "매출액증가율": "-28.00",
    "영업이익증가율": "135.44",
    "외국인비율": "3.13",
    "PER": "-0.03",
    "ROE": "-34.27",
    "ROA": "-9.14",
    "PBR": "0.03",
    "유보율": "4.7",
    "code": "058220"
}