{
    "N": "271",
    "종목명": "KNN",
    "현재가": "2,460",
    "상태": "상승",
    "전일비": "115",
    "등락률": "+4.90%",
    "액면가": "500",
    "거래량": "35,666,093",
    "거래대금": "88,849",
    "전일거래량": "8,443,143",
    "시가": "2,350",
    "고가": "2,595",
    "저가": "2,330",
    "매수호가": "2,455",
    "매도호가": "2,460",
    "매수총잔량": "228,209",
    "매도총잔량": "224,355",
    "상장주식수": "132,430",
    "시가총액": "3,258",
    "매출액": "711",
    "자산총계": "2,102",
    "부채총계": "138",
    "영업이익": "74",
    "당기순이익": "81",
    "주당순이익": "39",
    "보통주배당금": "20",
    "매출액증가율": "10.93",
    "영업이익증가율": "-4.61",
    "외국인비율": "0.00",
    "PER": "63.08",
    "ROE": "4.17",
    "ROA": "3.90",
    "PBR": "1.66",
    "유보율": "196.5",
    "code": "058400"
}