{
    "N": "19",
    "종목명": "리노공업",
    "현재가": "135,200",
    "상태": "하락",
    "전일비": "3,200",
    "등락률": "-2.31%",
    "액면가": "500",
    "거래량": "92,368",
    "거래대금": "12,650",
    "전일거래량": "128,815",
    "시가": "138,300",
    "고가": "140,500",
    "저가": "135,000",
    "매수호가": "135,200",
    "매도호가": "135,300",
    "매수총잔량": "3,418",
    "매도총잔량": "1,156",
    "상장주식수": "15,242",
    "시가총액": "20,608",
    "매출액": "1,703",
    "자산총계": "3,257",
    "부채총계": "255",
    "영업이익": "641",
    "당기순이익": "528",
    "주당순이익": "4,042",
    "보통주배당금": "1,200",
    "매출액증가율": "13.27",
    "영업이익증가율": "11.47",
    "외국인비율": "44.06",
    "PER": "33.45",
    "ROE": "18.75",
    "ROA": "17.36",
    "PBR": "6.22",
    "유보율": "3,869.6",
    "code": "058470"
}