{
    "N": "1460",
    "종목명": "제이웨이",
    "현재가": "335",
    "상태": "하락",
    "전일비": "20",
    "등락률": "-5.63%",
    "액면가": "500",
    "거래량": "5,935,929",
    "거래대금": "2,072",
    "전일거래량": "9,907,702",
    "시가": "358",
    "고가": "373",
    "저가": "334",
    "매수호가": "335",
    "매도호가": "336",
    "매수총잔량": "122,614",
    "매도총잔량": "97,477",
    "상장주식수": "21,677",
    "시가총액": "73",
    "매출액": "114",
    "자산총계": "211",
    "부채총계": "83",
    "영업이익": "-12",
    "당기순이익": "-30",
    "주당순이익": "-303",
    "보통주배당금": "0",
    "매출액증가율": "-10.16",
    "영업이익증가율": "11.24",
    "외국인비율": "1.45",
    "PER": "-1.11",
    "ROE": "-26.42",
    "ROA": "-14.28",
    "PBR": "0.68",
    "유보율": "211.3",
    "code": "058420"
}