{
    "N": "1394",
    "종목명": "슈펙스비앤피",
    "현재가": "162",
    "전일비": "0",
    "등락률": "0.00%",
    "액면가": "500",
    "거래량": "0",
    "거래대금": "0",
    "전일거래량": "0",
    "시가": "0",
    "고가": "0",
    "저가": "0",
    "매수호가": "0",
    "매도호가": "0",
    "매수총잔량": "0",
    "매도총잔량": "0",
    "상장주식수": "130,784",
    "시가총액": "212",
    "매출액": "411",
    "자산총계": "1,523",
    "부채총계": "965",
    "영업이익": "34",
    "당기순이익": "-249",
    "주당순이익": "-135",
    "보통주배당금": "0",
    "매출액증가율": "-41.84",
    "영업이익증가율": "123.75",
    "외국인비율": "1.27",
    "PER": "-1.20",
    "ROE": "-45.34",
    "ROA": "-15.40",
    "PBR": "0.31",
    "유보율": "-10.9",
    "code": "058530"
}