{
    "N": "753",
    "종목명": "엠게임",
    "현재가": "5,870",
    "상태": "상승",
    "전일비": "260",
    "등락률": "+4.63%",
    "액면가": "500",
    "거래량": "5,266,115",
    "거래대금": "31,499",
    "전일거래량": "1,046,240",
    "시가": "5,610",
    "고가": "6,400",
    "저가": "5,580",
    "매수호가": "5,860",
    "매도호가": "5,870",
    "매수총잔량": "77,381",
    "매도총잔량": "40,690",
    "상장주식수": "19,544",
    "시가총액": "1,147",
    "매출액": "376",
    "자산총계": "485",
    "부채총계": "86",
    "영업이익": "72",
    "당기순이익": "77",
    "주당순이익": "525",
    "보통주배당금": "N/A",
    "매출액증가율": "38.77",
    "영업이익증가율": "100.21",
    "외국인비율": "2.10",
    "PER": "11.18",
    "ROE": "21.89",
    "ROA": "17.25",
    "PBR": "2.40",
    "유보율": "327.9",
    "code": "058630"
}