{
    "N": "462",
    "종목명": "에스피지",
    "현재가": "9,500",
    "상태": "하락",
    "전일비": "200",
    "등락률": "-2.06%",
    "액면가": "500",
    "거래량": "564,812",
    "거래대금": "5,383",
    "전일거래량": "2,750,925",
    "시가": "9,700",
    "고가": "9,900",
    "저가": "9,350",
    "매수호가": "9,500",
    "매도호가": "9,510",
    "매수총잔량": "8,438",
    "매도총잔량": "8,933",
    "상장주식수": "20,877",
    "시가총액": "1,983",
    "매출액": "3,152",
    "자산총계": "2,757",
    "부채총계": "1,445",
    "영업이익": "103",
    "당기순이익": "68",
    "주당순이익": "468",
    "보통주배당금": "100",
    "매출액증가율": "3.19",
    "영업이익증가율": "-14.92",
    "외국인비율": "3.31",
    "PER": "20.30",
    "ROE": "5.76",
    "ROA": "2.47",
    "PBR": "1.33",
    "유보율": "1,072.9",
    "code": "058610"
}