{
    "N": "74",
    "종목명": "CMG제약",
    "현재가": "6,040",
    "상태": "상승",
    "전일비": "170",
    "등락률": "+2.90%",
    "액면가": "500",
    "거래량": "20,792,282",
    "거래대금": "131,184",
    "전일거래량": "5,341,928",
    "시가": "6,420",
    "고가": "6,790",
    "저가": "6,020",
    "매수호가": "6,040",
    "매도호가": "6,050",
    "매수총잔량": "256,021",
    "매도총잔량": "78,581",
    "상장주식수": "138,892",
    "시가총액": "8,389",
    "매출액": "586",
    "자산총계": "1,922",
    "부채총계": "121",
    "영업이익": "26",
    "당기순이익": "31",
    "주당순이익": "22",
    "보통주배당금": "N/A",
    "매출액증가율": "17.56",
    "영업이익증가율": "1.40",
    "외국인비율": "7.12",
    "PER": "274.55",
    "ROE": "2.15",
    "ROA": "1.99",
    "PBR": "4.58",
    "유보율": "158.2",
    "code": "058820"
}