{
    "N": "167",
    "종목명": "미코",
    "현재가": "15,300",
    "상태": "하락",
    "전일비": "50",
    "등락률": "-0.33%",
    "액면가": "500",
    "거래량": "777,884",
    "거래대금": "11,972",
    "전일거래량": "1,158,015",
    "시가": "15,650",
    "고가": "15,700",
    "저가": "15,150",
    "매수호가": "15,300",
    "매도호가": "15,350",
    "매수총잔량": "114,629",
    "매도총잔량": "146,555",
    "상장주식수": "31,317",
    "시가총액": "4,791",
    "매출액": "2,362",
    "자산총계": "4,050",
    "부채총계": "2,362",
    "영업이익": "382",
    "당기순이익": "220",
    "주당순이익": "268",
    "보통주배당금": "40",
    "매출액증가율": "3.85",
    "영업이익증가율": "-15.71",
    "외국인비율": "4.97",
    "PER": "57.09",
    "ROE": "8.96",
    "ROA": "5.96",
    "PBR": "4.87",
    "유보율": "646.7",
    "code": "059090"
}