{
    "N": "1230",
    "종목명": "삼양홀딩스우",
    "현재가": "49,550",
    "상태": "상승",
    "전일비": "350",
    "등락률": "+0.71%",
    "액면가": "5,000",
    "거래량": "2,328",
    "거래대금": "114",
    "전일거래량": "260",
    "시가": "49,650",
    "고가": "49,650",
    "저가": "48,800",
    "매수호가": "49,350",
    "매도호가": "49,550",
    "매수총잔량": "980",
    "매도총잔량": "497",
    "상장주식수": "304",
    "시가총액": "151",
    "매출액": "N/A",
    "자산총계": "N/A",
    "부채총계": "N/A",
    "영업이익": "N/A",
    "당기순이익": "N/A",
    "주당순이익": "4,793",
    "보통주배당금": "N/A",
    "매출액증가율": "N/A",
    "영업이익증가율": "N/A",
    "외국인비율": "2.20",
    "PER": "10.34",
    "ROE": "N/A",
    "ROA": "N/A",
    "PBR": "0.26",
    "유보율": "N/A",
    "code": "000075"
}