{
    "N": "396",
    "종목명": "경방",
    "현재가": "12,500",
    "상태": "상승",
    "전일비": "200",
    "등락률": "+1.63%",
    "액면가": "500",
    "거래량": "85,518",
    "거래대금": "1,065",
    "전일거래량": "56,219",
    "시가": "12,200",
    "고가": "12,700",
    "저가": "12,200",
    "매수호가": "12,450",
    "매도호가": "12,500",
    "매수총잔량": "10,939",
    "매도총잔량": "13,431",
    "상장주식수": "27,415",
    "시가총액": "3,427",
    "매출액": "3,439",
    "자산총계": "13,707",
    "부채총계": "6,292",
    "영업이익": "320",
    "당기순이익": "436",
    "주당순이익": "1,648",
    "보통주배당금": "125",
    "매출액증가율": "-2.15",
    "영업이익증가율": "-21.86",
    "외국인비율": "2.99",
    "PER": "7.58",
    "ROE": "6.02",
    "ROA": "3.26",
    "PBR": "0.44",
    "유보율": "5,414.5",
    "code": "000050"
}