{
    "N": "1122",
    "종목명": "하이트진로2우B",
    "현재가": "20,900",
    "상태": "상승",
    "전일비": "550",
    "등락률": "+2.70%",
    "액면가": "5,000",
    "거래량": "27,895",
    "거래대금": "583",
    "전일거래량": "3,989",
    "시가": "20,350",
    "고가": "21,500",
    "저가": "20,350",
    "매수호가": "20,800",
    "매도호가": "20,900",
    "매수총잔량": "2,050",
    "매도총잔량": "2,561",
    "상장주식수": "1,130",
    "시가총액": "236",
    "매출액": "N/A",
    "자산총계": "N/A",
    "부채총계": "N/A",
    "영업이익": "N/A",
    "당기순이익": "N/A",
    "주당순이익": "1,058",
    "보통주배당금": "N/A",
    "매출액증가율": "N/A",
    "영업이익증가율": "N/A",
    "외국인비율": "3.00",
    "PER": "19.75",
    "ROE": "N/A",
    "ROA": "N/A",
    "PBR": "1.34",
    "유보율": "N/A",
    "code": "000087"
}