{
    "N": "764",
    "종목명": "KR모터스",
    "현재가": "1,105",
    "상태": "하락",
    "전일비": "20",
    "등락률": "-1.78%",
    "액면가": "500",
    "거래량": "819,457",
    "거래대금": "909",
    "전일거래량": "1,051,370",
    "시가": "1,125",
    "고가": "1,130",
    "저가": "1,095",
    "매수호가": "1,100",
    "매도호가": "1,105",
    "매수총잔량": "106,121",
    "매도총잔량": "81,244",
    "상장주식수": "91,661",
    "시가총액": "1,013",
    "매출액": "1,326",
    "자산총계": "1,441",
    "부채총계": "1,089",
    "영업이익": "-247",
    "당기순이익": "-410",
    "주당순이익": "-451",
    "보통주배당금": "0",
    "매출액증가율": "262.60",
    "영업이익증가율": "-51.63",
    "외국인비율": "45.94",
    "PER": "-2.45",
    "ROE": "-113.29",
    "ROA": "-27.45",
    "PBR": "2.44",
    "유보율": "-86.2",
    "code": "000040"
}