{
    "N": "114",
    "종목명": "하이트진로",
    "현재가": "34,300",
    "상태": "상승",
    "전일비": "1,100",
    "등락률": "+3.31%",
    "액면가": "5,000",
    "거래량": "2,532,158",
    "거래대금": "86,194",
    "전일거래량": "1,254,732",
    "시가": "33,550",
    "고가": "35,000",
    "저가": "32,650",
    "매수호가": "34,300",
    "매도호가": "34,350",
    "매수총잔량": "71,629",
    "매도총잔량": "33,562",
    "상장주식수": "70,134",
    "시가총액": "24,056",
    "매출액": "20,351",
    "자산총계": "32,709",
    "부채총계": "22,377",
    "영업이익": "882",
    "당기순이익": "-424",
    "주당순이익": "1,058",
    "보통주배당금": "700",
    "매출액증가율": "7.93",
    "영업이익증가율": "-2.43",
    "외국인비율": "9.22",
    "PER": "32.42",
    "ROE": "-3.86",
    "ROA": "-1.27",
    "PBR": "2.20",
    "유보율": "202.8",
    "code": "000080"
}