{
    "N": "148",
    "종목명": "메리츠화재",
    "현재가": "14,250",
    "상태": "상승",
    "전일비": "200",
    "등락률": "+1.42%",
    "액면가": "500",
    "거래량": "485,779",
    "거래대금": "6,882",
    "전일거래량": "753,918",
    "시가": "14,150",
    "고가": "14,350",
    "저가": "14,050",
    "매수호가": "14,200",
    "매도호가": "14,250",
    "매수총잔량": "91,648",
    "매도총잔량": "70,450",
    "상장주식수": "120,625",
    "시가총액": "17,189",
    "매출액": "101,180",
    "자산총계": "232,157",
    "부채총계": "207,751",
    "영업이익": "3,528",
    "당기순이익": "3,013",
    "주당순이익": "3,410",
    "보통주배당금": "850",
    "매출액증가율": "20.19",
    "영업이익증가율": "12.80",
    "외국인비율": "9.83",
    "PER": "4.18",
    "ROE": "12.80",
    "ROA": "1.38",
    "PBR": "0.58",
    "유보율": "4,269.4",
    "code": "000060"
}