{
    "N": "266",
    "종목명": "삼양홀딩스",
    "현재가": "77,100",
    "상태": "상승",
    "전일비": "2,600",
    "등락률": "+3.49%",
    "액면가": "5,000",
    "거래량": "97,139",
    "거래대금": "7,438",
    "전일거래량": "45,447",
    "시가": "74,600",
    "고가": "79,200",
    "저가": "73,600",
    "매수호가": "77,100",
    "매도호가": "77,500",
    "매수총잔량": "2,097",
    "매도총잔량": "952",
    "상장주식수": "8,564",
    "시가총액": "6,603",
    "매출액": "24,886",
    "자산총계": "35,895",
    "부채총계": "15,600",
    "영업이익": "794",
    "당기순이익": "620",
    "주당순이익": "4,793",
    "보통주배당금": "2,000",
    "매출액증가율": "-2.92",
    "영업이익증가율": "-42.67",
    "외국인비율": "7.94",
    "PER": "16.09",
    "ROE": "2.18",
    "ROA": "1.80",
    "PBR": "0.41",
    "유보율": "3,077.4",
    "code": "000070"
}