{
    "N": "608",
    "종목명": "성창기업지주",
    "현재가": "2,320",
    "상태": "상승",
    "전일비": "105",
    "등락률": "+4.74%",
    "액면가": "500",
    "거래량": "1,604,343",
    "거래대금": "3,655",
    "전일거래량": "466,611",
    "시가": "2,240",
    "고가": "2,340",
    "저가": "2,185",
    "매수호가": "2,315",
    "매도호가": "2,320",
    "매수총잔량": "68,914",
    "매도총잔량": "66,420",
    "상장주식수": "69,752",
    "시가총액": "1,618",
    "매출액": "1,510",
    "자산총계": "7,033",
    "부채총계": "1,779",
    "영업이익": "-30",
    "당기순이익": "-109",
    "주당순이익": "18",
    "보통주배당금": "N/A",
    "매출액증가율": "10.21",
    "영업이익증가율": "57.14",
    "외국인비율": "2.74",
    "PER": "128.89",
    "ROE": "-2.14",
    "ROA": "-1.61",
    "PBR": "0.28",
    "유보율": "688.5",
    "code": "000180"
}