{
    "N": "75",
    "종목명": "CJ대한통운",
    "현재가": "172,000",
    "상태": "하락",
    "전일비": "5,000",
    "등락률": "-2.82%",
    "액면가": "5,000",
    "거래량": "133,348",
    "거래대금": "23,119",
    "전일거래량": "275,065",
    "시가": "177,000",
    "고가": "177,000",
    "저가": "170,500",
    "매수호가": "172,000",
    "매도호가": "172,500",
    "매수총잔량": "16,370",
    "매도총잔량": "8,411",
    "상장주식수": "22,812",
    "시가총액": "39,237",
    "매출액": "104,151",
    "자산총계": "91,100",
    "부채총계": "54,548",
    "영업이익": "3,072",
    "당기순이익": "509",
    "주당순이익": "5,547",
    "보통주배당금": "N/A",
    "매출액증가율": "12.97",
    "영업이익증가율": "26.58",
    "외국인비율": "21.36",
    "PER": "31.01",
    "ROE": "1.41",
    "ROA": "0.60",
    "PBR": "1.01",
    "유보율": "2,489.3",
    "code": "000120"
}