{
    "N": "604",
    "종목명": "두산우",
    "현재가": "40,800",
    "상태": "하락",
    "전일비": "400",
    "등락률": "-0.97%",
    "액면가": "5,000",
    "거래량": "23,583",
    "거래대금": "960",
    "전일거래량": "18,649",
    "시가": "41,250",
    "고가": "41,500",
    "저가": "40,300",
    "매수호가": "40,700",
    "매도호가": "40,800",
    "매수총잔량": "3,669",
    "매도총잔량": "1,282",
    "상장주식수": "3,996",
    "시가총액": "1,631",
    "매출액": "N/A",
    "자산총계": "N/A",
    "부채총계": "N/A",
    "영업이익": "N/A",
    "당기순이익": "N/A",
    "주당순이익": "4,908",
    "보통주배당금": "N/A",
    "매출액증가율": "N/A",
    "영업이익증가율": "N/A",
    "외국인비율": "3.16",
    "PER": "8.31",
    "ROE": "N/A",
    "ROA": "N/A",
    "PBR": "0.43",
    "유보율": "N/A",
    "code": "000155"
}