{
    "N": "914",
    "종목명": "두산2우B",
    "현재가": "66,700",
    "상태": "하락",
    "전일비": "400",
    "등락률": "-0.60%",
    "액면가": "5,000",
    "거래량": "367",
    "거래대금": "24",
    "전일거래량": "918",
    "시가": "67,200",
    "고가": "68,400",
    "저가": "66,700",
    "매수호가": "66,600",
    "매도호가": "66,700",
    "매수총잔량": "200",
    "매도총잔량": "289",
    "상장주식수": "893",
    "시가총액": "596",
    "매출액": "N/A",
    "자산총계": "N/A",
    "부채총계": "N/A",
    "영업이익": "N/A",
    "당기순이익": "N/A",
    "주당순이익": "4,908",
    "보통주배당금": "N/A",
    "매출액증가율": "N/A",
    "영업이익증가율": "N/A",
    "외국인비율": "0.08",
    "PER": "13.59",
    "ROE": "N/A",
    "ROA": "N/A",
    "PBR": "0.71",
    "유보율": "N/A",
    "code": "000157"
}