{
    "N": "57",
    "종목명": "유한양행",
    "현재가": "76,600",
    "상태": "하락",
    "전일비": "2,400",
    "등락률": "-3.04%",
    "액면가": "1,000",
    "거래량": "792,376",
    "거래대금": "61,845",
    "전일거래량": "700,969",
    "시가": "79,000",
    "고가": "81,000",
    "저가": "76,500",
    "매수호가": "76,600",
    "매도호가": "76,700",
    "매수총잔량": "38,083",
    "매도총잔량": "2,951",
    "상장주식수": "66,857",
    "시가총액": "51,212",
    "매출액": "14,804",
    "자산총계": "21,172",
    "부채총계": "4,672",
    "영업이익": "125",
    "당기순이익": "366",
    "주당순이익": "2,596",
    "보통주배당금": "365",
    "매출액증가율": "-2.53",
    "영업이익증가율": "-74.99",
    "외국인비율": "20.65",
    "PER": "29.51",
    "ROE": "2.43",
    "ROA": "1.71",
    "PBR": "2.71",
    "유보율": "2,547.1",
    "code": "000100"
}