{
    "N": "220",
    "종목명": "두산",
    "현재가": "51,700",
    "상태": "하락",
    "전일비": "700",
    "등락률": "-1.34%",
    "액면가": "5,000",
    "거래량": "107,253",
    "거래대금": "5,575",
    "전일거래량": "105,518",
    "시가": "52,300",
    "고가": "52,800",
    "저가": "51,600",
    "매수호가": "51,700",
    "매도호가": "51,800",
    "매수총잔량": "25,298",
    "매도총잔량": "7,055",
    "상장주식수": "16,524",
    "시가총액": "8,543",
    "매출액": "185,357",
    "자산총계": "291,697",
    "부채총계": "223,502",
    "영업이익": "12,619",
    "당기순이익": "4,331",
    "주당순이익": "4,908",
    "보통주배당금": "5,200",
    "매출액증가율": "6.23",
    "영업이익증가율": "7.27",
    "외국인비율": "5.87",
    "PER": "10.53",
    "ROE": "23.52",
    "ROA": "1.49",
    "PBR": "0.55",
    "유보율": "1,602.6",
    "code": "000150"
}