{
    "N": "390",
    "종목명": "하이트진로홀딩스",
    "현재가": "15,400",
    "상태": "상승",
    "전일비": "200",
    "등락률": "+1.32%",
    "액면가": "5,000",
    "거래량": "115,228",
    "거래대금": "1,789",
    "전일거래량": "69,084",
    "시가": "15,200",
    "고가": "15,950",
    "저가": "15,000",
    "매수호가": "15,400",
    "매도호가": "15,500",
    "매수총잔량": "9,970",
    "매도총잔량": "15,104",
    "상장주식수": "23,207",
    "시가총액": "3,574",
    "매출액": "20,263",
    "자산총계": "38,367",
    "부채총계": "28,541",
    "영업이익": "1,009",
    "당기순이익": "-401",
    "주당순이익": "1,728",
    "보통주배당금": "350",
    "매출액증가율": "7.98",
    "영업이익증가율": "-2.48",
    "외국인비율": "5.03",
    "PER": "8.91",
    "ROE": "-4.65",
    "ROA": "-1.03",
    "PBR": "0.71",
    "유보율": "920.5",
    "code": "000140"
}