{
    "N": "1462",
    "종목명": "하이트진로홀딩스우",
    "현재가": "14,600",
    "상태": "상승",
    "전일비": "250",
    "등락률": "+1.74%",
    "액면가": "5,000",
    "거래량": "2,307",
    "거래대금": "33",
    "전일거래량": "472",
    "시가": "14,500",
    "고가": "14,600",
    "저가": "14,200",
    "매수호가": "14,600",
    "매도호가": "14,650",
    "매수총잔량": "2,074",
    "매도총잔량": "945",
    "상장주식수": "471",
    "시가총액": "69",
    "매출액": "N/A",
    "자산총계": "N/A",
    "부채총계": "N/A",
    "영업이익": "N/A",
    "당기순이익": "N/A",
    "주당순이익": "1,728",
    "보통주배당금": "N/A",
    "매출액증가율": "N/A",
    "영업이익증가율": "N/A",
    "외국인비율": "2.53",
    "PER": "8.45",
    "ROE": "N/A",
    "ROA": "N/A",
    "PBR": "0.67",
    "유보율": "N/A",
    "code": "000145"
}