{
    "N": "832",
    "종목명": "유한양행우",
    "현재가": "70,400",
    "상태": "하락",
    "전일비": "900",
    "등락률": "-1.26%",
    "액면가": "1,000",
    "거래량": "11,042",
    "거래대금": "784",
    "전일거래량": "14,608",
    "시가": "71,300",
    "고가": "72,000",
    "저가": "70,300",
    "매수호가": "70,400",
    "매도호가": "70,500",
    "매수총잔량": "4,156",
    "매도총잔량": "1,573",
    "상장주식수": "1,181",
    "시가총액": "831",
    "매출액": "N/A",
    "자산총계": "N/A",
    "부채총계": "N/A",
    "영업이익": "N/A",
    "당기순이익": "N/A",
    "주당순이익": "2,596",
    "보통주배당금": "N/A",
    "매출액증가율": "N/A",
    "영업이익증가율": "N/A",
    "외국인비율": "1.95",
    "PER": "27.12",
    "ROE": "N/A",
    "ROA": "N/A",
    "PBR": "2.49",
    "유보율": "N/A",
    "code": "000105"
}