{
    "N": "13",
    "종목명": "기아차",
    "현재가": "62,200",
    "상태": "하락",
    "전일비": "1,500",
    "등락률": "-2.35%",
    "액면가": "5,000",
    "거래량": "2,756,814",
    "거래대금": "172,597",
    "전일거래량": "3,837,356",
    "시가": "63,700",
    "고가": "64,100",
    "저가": "62,000",
    "매수호가": "62,200",
    "매도호가": "62,300",
    "매수총잔량": "294,611",
    "매도총잔량": "89,212",
    "상장주식수": "405,363",
    "시가총액": "252,136",
    "매출액": "581,460",
    "자산총계": "553,448",
    "부채총계": "263,667",
    "영업이익": "20,097",
    "당기순이익": "18,267",
    "주당순이익": "2,152",
    "보통주배당금": "1,150",
    "매출액증가율": "7.34",
    "영업이익증가율": "73.63",
    "외국인비율": "37.03",
    "PER": "28.90",
    "ROE": "6.50",
    "ROA": "3.41",
    "PBR": "0.86",
    "유보율": "1,298.2",
    "code": "000270"
}