{
    "N": "1524",
    "종목명": "유유제약2우B",
    "현재가": "31,900",
    "상태": "상승",
    "전일비": "150",
    "등락률": "+0.47%",
    "액면가": "1,000",
    "거래량": "259",
    "거래대금": "8",
    "전일거래량": "2,042",
    "시가": "31,750",
    "고가": "31,900",
    "저가": "31,750",
    "매수호가": "31,850",
    "매도호가": "31,900",
    "매수총잔량": "745",
    "매도총잔량": "201",
    "상장주식수": "164",
    "시가총액": "52",
    "매출액": "N/A",
    "자산총계": "N/A",
    "부채총계": "N/A",
    "영업이익": "N/A",
    "당기순이익": "N/A",
    "주당순이익": "403",
    "보통주배당금": "N/A",
    "매출액증가율": "N/A",
    "영업이익증가율": "N/A",
    "외국인비율": "0.05",
    "PER": "79.16",
    "ROE": "N/A",
    "ROA": "N/A",
    "PBR": "2.56",
    "유보율": "N/A",
    "code": "000227"
}