{
    "N": "1211",
    "종목명": "유유제약1우",
    "현재가": "14,050",
    "상태": "상승",
    "전일비": "350",
    "등락률": "+2.55%",
    "액면가": "1,000",
    "거래량": "14,065",
    "거래대금": "196",
    "전일거래량": "17,151",
    "시가": "13,650",
    "고가": "14,150",
    "저가": "13,600",
    "매수호가": "14,000",
    "매도호가": "14,050",
    "매수총잔량": "5,203",
    "매도총잔량": "7,361",
    "상장주식수": "1,133",
    "시가총액": "159",
    "매출액": "N/A",
    "자산총계": "N/A",
    "부채총계": "N/A",
    "영업이익": "N/A",
    "당기순이익": "N/A",
    "주당순이익": "403",
    "보통주배당금": "N/A",
    "매출액증가율": "N/A",
    "영업이익증가율": "N/A",
    "외국인비율": "6.26",
    "PER": "34.86",
    "ROE": "N/A",
    "ROA": "N/A",
    "PBR": "1.13",
    "유보율": "N/A",
    "code": "000225"
}