{
    "N": "165",
    "종목명": "한국테크놀로지그룹",
    "현재가": "14,350",
    "상태": "상승",
    "전일비": "50",
    "등락률": "+0.35%",
    "액면가": "500",
    "거래량": "258,786",
    "거래대금": "3,709",
    "전일거래량": "255,249",
    "시가": "14,300",
    "고가": "14,450",
    "저가": "14,200",
    "매수호가": "14,300",
    "매도호가": "14,350",
    "매수총잔량": "77,054",
    "매도총잔량": "26,920",
    "상장주식수": "93,020",
    "시가총액": "13,348",
    "매출액": "8,476",
    "자산총계": "36,071",
    "부채총계": "2,285",
    "영업이익": "1,709",
    "당기순이익": "1,633",
    "주당순이익": "1,198",
    "보통주배당금": "350",
    "매출액증가율": "-0.04",
    "영업이익증가율": "-19.19",
    "외국인비율": "6.72",
    "PER": "11.98",
    "ROE": "4.71",
    "ROA": "4.60",
    "PBR": "0.39",
    "유보율": "7,096.9",
    "code": "000240"
}