{
    "N": "704",
    "종목명": "유유제약",
    "현재가": "15,000",
    "상태": "상승",
    "전일비": "750",
    "등락률": "+5.26%",
    "액면가": "1,000",
    "거래량": "404,020",
    "거래대금": "5,903",
    "전일거래량": "194,867",
    "시가": "14,300",
    "고가": "15,000",
    "저가": "14,150",
    "매수호가": "14,950",
    "매도호가": "15,000",
    "매수총잔량": "20,536",
    "매도총잔량": "20,794",
    "상장주식수": "8,035",
    "시가총액": "1,205",
    "매출액": "909",
    "자산총계": "1,377",
    "부채총계": "472",
    "영업이익": "81",
    "당기순이익": "56",
    "주당순이익": "403",
    "보통주배당금": "210",
    "매출액증가율": "9.36",
    "영업이익증가율": "51.57",
    "외국인비율": "0.86",
    "PER": "37.22",
    "ROE": "5.41",
    "ROA": "4.08",
    "PBR": "1.20",
    "유보율": "970.2",
    "code": "000220"
}