{
    "N": "588",
    "종목명": "일동홀딩스",
    "현재가": "14,600",
    "상태": "상승",
    "전일비": "300",
    "등락률": "+2.10%",
    "액면가": "1,000",
    "거래량": "128,949",
    "거래대금": "1,879",
    "전일거래량": "108,353",
    "시가": "14,550",
    "고가": "14,900",
    "저가": "14,200",
    "매수호가": "14,550",
    "매도호가": "14,600",
    "매수총잔량": "11,666",
    "매도총잔량": "33,516",
    "상장주식수": "11,540",
    "시가총액": "1,685",
    "매출액": "2,922",
    "자산총계": "8,056",
    "부채총계": "4,845",
    "영업이익": "-238",
    "당기순이익": "-400",
    "주당순이익": "-3,682",
    "보통주배당금": "95",
    "매출액증가율": "521.09",
    "영업이익증가율": "-3,427.95",
    "외국인비율": "1.89",
    "PER": "-3.97",
    "ROE": "-14.91",
    "ROA": "-7.46",
    "PBR": "1.27",
    "유보율": "1,163.6",
    "code": "000230"
}