{
    "N": "798",
    "종목명": "대유플러스",
    "현재가": "782",
    "상태": "하락",
    "전일비": "6",
    "등락률": "-0.76%",
    "액면가": "500",
    "거래량": "786,980",
    "거래대금": "616",
    "전일거래량": "768,280",
    "시가": "788",
    "고가": "796",
    "저가": "776",
    "매수호가": "782",
    "매도호가": "783",
    "매수총잔량": "116,888",
    "매도총잔량": "53,705",
    "상장주식수": "116,663",
    "시가총액": "912",
    "매출액": "5,300",
    "자산총계": "10,970",
    "부채총계": "9,238",
    "영업이익": "396",
    "당기순이익": "258",
    "주당순이익": "-41",
    "보통주배당금": "0",
    "매출액증가율": "5.29",
    "영업이익증가율": "8.91",
    "외국인비율": "2.46",
    "PER": "-19.07",
    "ROE": "11.93",
    "ROA": "2.46",
    "PBR": "0.91",
    "유보율": "82.4",
    "code": "000300"
}