{
    "N": "1569",
    "종목명": "노루홀딩스우",
    "현재가": "17,750",
    "상태": "하락",
    "전일비": "50",
    "등락률": "-0.28%",
    "액면가": "500",
    "거래량": "801",
    "거래대금": "14",
    "전일거래량": "610",
    "시가": "18,100",
    "고가": "18,100",
    "저가": "17,650",
    "매수호가": "17,700",
    "매도호가": "17,750",
    "매수총잔량": "2,429",
    "매도총잔량": "3,024",
    "상장주식수": "185",
    "시가총액": "33",
    "매출액": "N/A",
    "자산총계": "N/A",
    "부채총계": "N/A",
    "영업이익": "N/A",
    "당기순이익": "N/A",
    "주당순이익": "447",
    "보통주배당금": "N/A",
    "매출액증가율": "N/A",
    "영업이익증가율": "N/A",
    "외국인비율": "1.02",
    "PER": "39.71",
    "ROE": "N/A",
    "ROA": "N/A",
    "PBR": "0.50",
    "유보율": "N/A",
    "code": "000325"
}