{
    "N": "346",
    "종목명": "한화손해보험",
    "현재가": "3,600",
    "상태": "상승",
    "전일비": "10",
    "등락률": "+0.28%",
    "액면가": "5,000",
    "거래량": "1,062,719",
    "거래대금": "3,804",
    "전일거래량": "1,214,150",
    "시가": "3,620",
    "고가": "3,640",
    "저가": "3,545",
    "매수호가": "3,595",
    "매도호가": "3,600",
    "매수총잔량": "43,668",
    "매도총잔량": "36,572",
    "상장주식수": "116,739",
    "시가총액": "4,203",
    "매출액": "80,276",
    "자산총계": "182,572",
    "부채총계": "167,928",
    "영업이익": "-941",
    "당기순이익": "-691",
    "주당순이익": "-36",
    "보통주배당금": "N/A",
    "매출액증가율": "8.13",
    "영업이익증가율": "-185.13",
    "외국인비율": "7.28",
    "PER": "-100.00",
    "ROE": "-4.87",
    "ROA": "-0.40",
    "PBR": "0.22",
    "유보율": "150.9",
    "code": "000370"
}