{
    "N": "342",
    "종목명": "삼화페인트",
    "현재가": "16,250",
    "상태": "상승",
    "전일비": "650",
    "등락률": "+4.17%",
    "액면가": "500",
    "거래량": "838,805",
    "거래대금": "13,240",
    "전일거래량": "2,050,269",
    "시가": "15,950",
    "고가": "16,400",
    "저가": "15,150",
    "매수호가": "16,200",
    "매도호가": "16,250",
    "매수총잔량": "17,950",
    "매도총잔량": "60,954",
    "상장주식수": "26,439",
    "시가총액": "4,296",
    "매출액": "5,403",
    "자산총계": "5,606",
    "부채총계": "2,785",
    "영업이익": "112",
    "당기순이익": "39",
    "주당순이익": "216",
    "보통주배당금": "125",
    "매출액증가율": "3.06",
    "영업이익증가율": "42.68",
    "외국인비율": "10.01",
    "PER": "75.23",
    "ROE": "1.34",
    "ROA": "0.70",
    "PBR": "1.28",
    "유보율": "2,283.7",
    "code": "000390"
}