{
    "N": "404",
    "종목명": "조선내화",
    "현재가": "83,400",
    "상태": "상승",
    "전일비": "400",
    "등락률": "+0.48%",
    "액면가": "5,000",
    "거래량": "2,898",
    "거래대금": "240",
    "전일거래량": "20,792",
    "시가": "82,400",
    "고가": "83,700",
    "저가": "82,300",
    "매수호가": "83,300",
    "매도호가": "83,400",
    "매수총잔량": "2,636",
    "매도총잔량": "314",
    "상장주식수": "4,000",
    "시가총액": "3,336",
    "매출액": "7,572",
    "자산총계": "10,691",
    "부채총계": "3,657",
    "영업이익": "213",
    "당기순이익": "322",
    "주당순이익": "10,327",
    "보통주배당금": "4,000",
    "매출액증가율": "-4.06",
    "영업이익증가율": "-45.92",
    "외국인비율": "2.86",
    "PER": "8.08",
    "ROE": "4.13",
    "ROA": "3.07",
    "PBR": "0.44",
    "유보율": "2,990.1",
    "code": "000480"
}