{
    "N": "594",
    "종목명": "대동공업",
    "현재가": "7,030",
    "상태": "하락",
    "전일비": "40",
    "등락률": "-0.57%",
    "액면가": "1,000",
    "거래량": "191,586",
    "거래대금": "1,346",
    "전일거래량": "284,778",
    "시가": "7,100",
    "고가": "7,100",
    "저가": "6,990",
    "매수호가": "7,020",
    "매도호가": "7,030",
    "매수총잔량": "47,934",
    "매도총잔량": "34,686",
    "상장주식수": "23,728",
    "시가총액": "1,668",
    "매출액": "8,329",
    "자산총계": "8,170",
    "부채총계": "5,962",
    "영업이익": "245",
    "당기순이익": "30",
    "주당순이익": "299",
    "보통주배당금": "60",
    "매출액증가율": "27.21",
    "영업이익증가율": "369.77",
    "외국인비율": "2.39",
    "PER": "23.51",
    "ROE": "1.46",
    "ROA": "0.38",
    "PBR": "0.44",
    "유보율": "827.9",
    "code": "000490"
}