{
    "N": "485",
    "종목명": "대원강업",
    "현재가": "3,950",
    "상태": "하락",
    "전일비": "60",
    "등락률": "-1.50%",
    "액면가": "500",
    "거래량": "308,803",
    "거래대금": "1,236",
    "전일거래량": "1,882,621",
    "시가": "4,010",
    "고가": "4,100",
    "저가": "3,940",
    "매수호가": "3,950",
    "매도호가": "3,965",
    "매수총잔량": "28,490",
    "매도총잔량": "8,135",
    "상장주식수": "62,000",
    "시가총액": "2,449",
    "매출액": "9,602",
    "자산총계": "10,480",
    "부채총계": "4,607",
    "영업이익": "269",
    "당기순이익": "212",
    "주당순이익": "45",
    "보통주배당금": "115",
    "매출액증가율": "-3.54",
    "영업이익증가율": "-36.21",
    "외국인비율": "1.86",
    "PER": "87.78",
    "ROE": "3.39",
    "ROA": "1.99",
    "PBR": "0.53",
    "유보율": "1,484.1",
    "code": "000430"
}