{
    "N": "302",
    "종목명": "롯데손해보험",
    "현재가": "1,750",
    "전일비": "0",
    "등락률": "0.00%",
    "액면가": "1,000",
    "거래량": "319,442",
    "거래대금": "559",
    "전일거래량": "419,631",
    "시가": "1,750",
    "고가": "1,770",
    "저가": "1,745",
    "매수호가": "1,750",
    "매도호가": "1,755",
    "매수총잔량": "225,332",
    "매도총잔량": "133,537",
    "상장주식수": "310,336",
    "시가총액": "5,431",
    "매출액": "36,736",
    "자산총계": "162,673",
    "부채총계": "153,014",
    "영업이익": "-709",
    "당기순이익": "-512",
    "주당순이익": "-49",
    "보통주배당금": "N/A",
    "매출액증가율": "4.23",
    "영업이익증가율": "-158.49",
    "외국인비율": "0.96",
    "PER": "-35.71",
    "ROE": "-6.69",
    "ROA": "-0.34",
    "PBR": "0.51",
    "유보율": "211.6",
    "code": "000400"
}