{
    "N": "780",
    "종목명": "가온전선",
    "현재가": "23,000",
    "상태": "하락",
    "전일비": "50",
    "등락률": "-0.22%",
    "액면가": "5,000",
    "거래량": "49,688",
    "거래대금": "1,143",
    "전일거래량": "52,248",
    "시가": "23,150",
    "고가": "23,700",
    "저가": "22,550",
    "매수호가": "22,900",
    "매도호가": "23,000",
    "매수총잔량": "6,586",
    "매도총잔량": "2,329",
    "상장주식수": "4,160",
    "시가총액": "957",
    "매출액": "8,303",
    "자산총계": "5,126",
    "부채총계": "2,558",
    "영업이익": "71",
    "당기순이익": "55",
    "주당순이익": "2,136",
    "보통주배당금": "600",
    "매출액증가율": "-1.24",
    "영업이익증가율": "37.61",
    "외국인비율": "4.49",
    "PER": "10.77",
    "ROE": "2.12",
    "ROA": "1.05",
    "PBR": "0.35",
    "유보율": "1,166.2",
    "code": "000500"
}