{
    "N": "567",
    "종목명": "흥국화재",
    "현재가": "2,830",
    "상태": "상승",
    "전일비": "55",
    "등락률": "+1.98%",
    "액면가": "5,000",
    "거래량": "62,306",
    "거래대금": "176",
    "전일거래량": "54,625",
    "시가": "2,775",
    "고가": "2,850",
    "저가": "2,775",
    "매수호가": "2,830",
    "매도호가": "2,840",
    "매수총잔량": "13,335",
    "매도총잔량": "5,659",
    "상장주식수": "64,243",
    "시가총액": "1,818",
    "매출액": "42,682",
    "자산총계": "126,485",
    "부채총계": "119,366",
    "영업이익": "444",
    "당기순이익": "384",
    "주당순이익": "231",
    "보통주배당금": "N/A",
    "매출액증가율": "2.67",
    "영업이익증가율": "-29.35",
    "외국인비율": "1.99",
    "PER": "12.25",
    "ROE": "5.51",
    "ROA": "0.31",
    "PBR": "0.24",
    "유보율": "118.5",
    "code": "000540"
}