{
    "N": "1571",
    "종목명": "흥국화재2우B",
    "현재가": "19,400",
    "상태": "하락",
    "전일비": "600",
    "등락률": "-3.00%",
    "액면가": "5,000",
    "거래량": "952",
    "거래대금": "18",
    "전일거래량": "457",
    "시가": "20,100",
    "고가": "20,200",
    "저가": "19,400",
    "매수호가": "19,400",
    "매도호가": "19,800",
    "매수총잔량": "442",
    "매도총잔량": "671",
    "상장주식수": "154",
    "시가총액": "30",
    "매출액": "N/A",
    "자산총계": "N/A",
    "부채총계": "N/A",
    "영업이익": "N/A",
    "당기순이익": "N/A",
    "주당순이익": "231",
    "보통주배당금": "N/A",
    "매출액증가율": "N/A",
    "영업이익증가율": "N/A",
    "외국인비율": "1.03",
    "PER": "83.98",
    "ROE": "N/A",
    "ROA": "N/A",
    "PBR": "1.64",
    "유보율": "N/A",
    "code": "000547"
}