{
    "N": "882",
    "종목명": "CS홀딩스",
    "현재가": "59,300",
    "상태": "하락",
    "전일비": "400",
    "등락률": "-0.67%",
    "액면가": "5,000",
    "거래량": "5,481",
    "거래대금": "326",
    "전일거래량": "6,892",
    "시가": "60,200",
    "고가": "60,300",
    "저가": "59,200",
    "매수호가": "59,200",
    "매도호가": "59,400",
    "매수총잔량": "1,222",
    "매도총잔량": "417",
    "상장주식수": "1,154",
    "시가총액": "685",
    "매출액": "1,350",
    "자산총계": "3,143",
    "부채총계": "281",
    "영업이익": "170",
    "당기순이익": "166",
    "주당순이익": "7,883",
    "보통주배당금": "500",
    "매출액증가율": "10.14",
    "영업이익증가율": "27.82",
    "외국인비율": "2.69",
    "PER": "7.52",
    "ROE": "4.35",
    "ROA": "5.37",
    "PBR": "0.29",
    "유보율": "3,993.4",
    "code": "000590"
}