{
    "N": "1492",
    "종목명": "흥국화재우",
    "현재가": "7,980",
    "상태": "하락",
    "전일비": "20",
    "등락률": "-0.25%",
    "액면가": "5,000",
    "거래량": "14,932",
    "거래대금": "119",
    "전일거래량": "27,759",
    "시가": "8,230",
    "고가": "8,230",
    "저가": "7,910",
    "매수호가": "7,980",
    "매도호가": "7,990",
    "매수총잔량": "950",
    "매도총잔량": "1,692",
    "상장주식수": "768",
    "시가총액": "61",
    "매출액": "N/A",
    "자산총계": "N/A",
    "부채총계": "N/A",
    "영업이익": "N/A",
    "당기순이익": "N/A",
    "주당순이익": "231",
    "보통주배당금": "N/A",
    "매출액증가율": "N/A",
    "영업이익증가율": "N/A",
    "외국인비율": "1.14",
    "PER": "34.55",
    "ROE": "N/A",
    "ROA": "N/A",
    "PBR": "0.68",
    "유보율": "N/A",
    "code": "000545"
}