{
    "N": "644",
    "종목명": "삼일제약",
    "현재가": "21,600",
    "상태": "상승",
    "전일비": "650",
    "등락률": "+3.10%",
    "액면가": "1,000",
    "거래량": "169,575",
    "거래대금": "3,630",
    "전일거래량": "75,984",
    "시가": "21,000",
    "고가": "22,100",
    "저가": "20,750",
    "매수호가": "21,550",
    "매도호가": "21,600",
    "매수총잔량": "6,787",
    "매도총잔량": "14,749",
    "상장주식수": "6,695",
    "시가총액": "1,446",
    "매출액": "1,211",
    "자산총계": "1,839",
    "부채총계": "1,216",
    "영업이익": "48",
    "당기순이익": "8",
    "주당순이익": "144",
    "보통주배당금": "150",
    "매출액증가율": "28.02",
    "영업이익증가율": "184.14",
    "외국인비율": "2.26",
    "PER": "150.00",
    "ROE": "1.33",
    "ROA": "0.47",
    "PBR": "2.03",
    "유보율": "898.2",
    "code": "000520"
}