{
    "N": "190",
    "종목명": "영풍",
    "현재가": "565,000",
    "상태": "하락",
    "전일비": "1,000",
    "등락률": "-0.18%",
    "액면가": "5,000",
    "거래량": "3,902",
    "거래대금": "2,203",
    "전일거래량": "4,895",
    "시가": "571,000",
    "고가": "573,000",
    "저가": "557,000",
    "매수호가": "562,000",
    "매도호가": "565,000",
    "매수총잔량": "328",
    "매도총잔량": "206",
    "상장주식수": "1,842",
    "시가총액": "10,408",
    "매출액": "30,841",
    "자산총계": "48,327",
    "부채총계": "11,342",
    "영업이익": "844",
    "당기순이익": "2,074",
    "주당순이익": "100,629",
    "보통주배당금": "10,000",
    "매출액증가율": "3.79",
    "영업이익증가율": "177.49",
    "외국인비율": "4.68",
    "PER": "5.61",
    "ROE": "7.40",
    "ROA": "4.34",
    "PBR": "0.29",
    "유보율": "35,443.8",
    "code": "000670"
}