{
    "N": "775",
    "종목명": "천일고속",
    "현재가": "69,100",
    "상태": "상승",
    "전일비": "300",
    "등락률": "+0.44%",
    "액면가": "5,000",
    "거래량": "776",
    "거래대금": "53",
    "전일거래량": "1,842",
    "시가": "69,600",
    "고가": "70,000",
    "저가": "68,400",
    "매수호가": "68,500",
    "매도호가": "69,100",
    "매수총잔량": "942",
    "매도총잔량": "1,238",
    "상장주식수": "1,429",
    "시가총액": "988",
    "매출액": "596",
    "자산총계": "800",
    "부채총계": "290",
    "영업이익": "6",
    "당기순이익": "7",
    "주당순이익": "-2,725",
    "보통주배당금": "5,000",
    "매출액증가율": "5.61",
    "영업이익증가율": "124.97",
    "외국인비율": "0.23",
    "PER": "-25.36",
    "ROE": "1.28",
    "ROA": "0.90",
    "PBR": "2.22",
    "유보율": "326.4",
    "code": "000650"
}