{
    "N": "520",
    "종목명": "LS네트웍스",
    "현재가": "2,710",
    "상태": "하락",
    "전일비": "70",
    "등락률": "-2.52%",
    "액면가": "5,000",
    "거래량": "347,352",
    "거래대금": "950",
    "전일거래량": "193,804",
    "시가": "2,830",
    "고가": "2,830",
    "저가": "2,620",
    "매수호가": "2,710",
    "매도호가": "2,720",
    "매수총잔량": "32,746",
    "매도총잔량": "18,905",
    "상장주식수": "78,803",
    "시가총액": "2,136",
    "매출액": "4,028",
    "자산총계": "11,681",
    "부채총계": "6,487",
    "영업이익": "-215",
    "당기순이익": "-691",
    "주당순이익": "-122",
    "보통주배당금": "N/A",
    "매출액증가율": "-9.66",
    "영업이익증가율": "-660.68",
    "외국인비율": "0.12",
    "PER": "-22.21",
    "ROE": "-11.94",
    "ROA": "-5.66",
    "PBR": "0.38",
    "유보율": "50.5",
    "code": "000680"
}