{
    "N": "230",
    "종목명": "동아쏘시오홀딩스",
    "현재가": "124,000",
    "상태": "상승",
    "전일비": "3,000",
    "등락률": "+2.48%",
    "액면가": "5,000",
    "거래량": "124,180",
    "거래대금": "15,776",
    "전일거래량": "61,815",
    "시가": "129,000",
    "고가": "133,500",
    "저가": "123,000",
    "매수호가": "124,000",
    "매도호가": "124,500",
    "매수총잔량": "11,346",
    "매도총잔량": "10,334",
    "상장주식수": "6,155",
    "시가총액": "7,633",
    "매출액": "7,697",
    "자산총계": "13,586",
    "부채총계": "6,117",
    "영업이익": "528",
    "당기순이익": "200",
    "주당순이익": "4,025",
    "보통주배당금": "1,000",
    "매출액증가율": "8.79",
    "영업이익증가율": "4.50",
    "외국인비율": "12.52",
    "PER": "30.81",
    "ROE": "2.67",
    "ROA": "1.54",
    "PBR": "0.99",
    "유보율": "2,778.6",
    "code": "000640"
}