{
    "N": "975",
    "종목명": "이화산업",
    "현재가": "15,850",
    "상태": "상승",
    "전일비": "200",
    "등락률": "+1.28%",
    "액면가": "5,000",
    "거래량": "5,332",
    "거래대금": "84",
    "전일거래량": "1,689",
    "시가": "16,200",
    "고가": "16,400",
    "저가": "15,550",
    "매수호가": "15,650",
    "매도호가": "15,850",
    "매수총잔량": "684",
    "매도총잔량": "2,505",
    "상장주식수": "2,800",
    "시가총액": "444",
    "매출액": "617",
    "자산총계": "2,827",
    "부채총계": "1,048",
    "영업이익": "-17",
    "당기순이익": "-48",
    "주당순이익": "-1,897",
    "보통주배당금": "N/A",
    "매출액증가율": "-10.70",
    "영업이익증가율": "-452.50",
    "외국인비율": "0.21",
    "PER": "-8.36",
    "ROE": "-4.35",
    "ROA": "-1.67",
    "PBR": "0.45",
    "유보율": "626.8",
    "code": "000760"
}