{
    "N": "1175",
    "종목명": "현대건설우",
    "현재가": "182,000",
    "상태": "상승",
    "전일비": "500",
    "등락률": "+0.28%",
    "액면가": "5,000",
    "거래량": "1,238",
    "거래대금": "224",
    "전일거래량": "1,177",
    "시가": "182,500",
    "고가": "182,500",
    "저가": "179,500",
    "매수호가": "181,500",
    "매도호가": "182,000",
    "매수총잔량": "903",
    "매도총잔량": "1,016",
    "상장주식수": "99",
    "시가총액": "180",
    "매출액": "N/A",
    "자산총계": "N/A",
    "부채총계": "N/A",
    "영업이익": "N/A",
    "당기순이익": "N/A",
    "주당순이익": "2,051",
    "보통주배당금": "N/A",
    "매출액증가율": "N/A",
    "영업이익증가율": "N/A",
    "외국인비율": "6.03",
    "PER": "88.74",
    "ROE": "N/A",
    "ROA": "N/A",
    "PBR": "3.00",
    "유보율": "N/A",
    "code": "000725"
}