{
    "N": "70",
    "종목명": "현대건설",
    "현재가": "39,850",
    "상태": "하락",
    "전일비": "250",
    "등락률": "-0.62%",
    "액면가": "5,000",
    "거래량": "2,427,608",
    "거래대금": "97,704",
    "전일거래량": "4,010,166",
    "시가": "40,850",
    "고가": "41,200",
    "저가": "39,250",
    "매수호가": "39,850",
    "매도호가": "39,900",
    "매수총잔량": "83,893",
    "매도총잔량": "12,214",
    "상장주식수": "111,356",
    "시가총액": "44,375",
    "매출액": "172,788",
    "자산총계": "182,270",
    "부채총계": "95,120",
    "영업이익": "8,597",
    "당기순이익": "5,733",
    "주당순이익": "2,051",
    "보통주배당금": "600",
    "매출액증가율": "3.28",
    "영업이익증가율": "2.34",
    "외국인비율": "18.85",
    "PER": "19.43",
    "ROE": "6.30",
    "ROA": "3.16",
    "PBR": "0.66",
    "유보율": "1,138.5",
    "code": "000720"
}