{
    "N": "34",
    "종목명": "삼성화재",
    "현재가": "185,000",
    "상태": "하락",
    "전일비": "1,500",
    "등락률": "-0.80%",
    "액면가": "500",
    "거래량": "211,630",
    "거래대금": "39,163",
    "전일거래량": "177,112",
    "시가": "185,000",
    "고가": "187,000",
    "저가": "183,500",
    "매수호가": "184,500",
    "매도호가": "185,000",
    "매수총잔량": "46,982",
    "매도총잔량": "26,787",
    "상장주식수": "47,375",
    "시가총액": "87,643",
    "매출액": "230,334",
    "자산총계": "851,722",
    "부채총계": "708,507",
    "영업이익": "8,626",
    "당기순이익": "6,456",
    "주당순이익": "13,677",
    "보통주배당금": "8,500",
    "매출액증가율": "3.71",
    "영업이익증가율": "-40.54",
    "외국인비율": "44.42",
    "PER": "13.53",
    "ROE": "4.85",
    "ROA": "0.78",
    "PBR": "0.52",
    "유보율": "59,601.2",
    "code": "000810"
}