{
    "N": "876",
    "종목명": "화천기공",
    "현재가": "31,700",
    "상태": "하락",
    "전일비": "350",
    "등락률": "-1.09%",
    "액면가": "5,000",
    "거래량": "15,291",
    "거래대금": "486",
    "전일거래량": "13,129",
    "시가": "32,100",
    "고가": "32,100",
    "저가": "31,700",
    "매수호가": "31,700",
    "매도호가": "31,750",
    "매수총잔량": "3,807",
    "매도총잔량": "594",
    "상장주식수": "2,200",
    "시가총액": "697",
    "매출액": "2,065",
    "자산총계": "3,749",
    "부채총계": "783",
    "영업이익": "69",
    "당기순이익": "75",
    "주당순이익": "1,123",
    "보통주배당금": "1,250",
    "매출액증가율": "-4.21",
    "영업이익증가율": "-19.70",
    "외국인비율": "7.68",
    "PER": "28.23",
    "ROE": "2.55",
    "ROA": "1.96",
    "PBR": "0.23",
    "유보율": "1,870.5",
    "code": "000850"
}