{
    "N": "334",
    "종목명": "삼성화재우",
    "현재가": "139,000",
    "전일비": "0",
    "등락률": "0.00%",
    "액면가": "500",
    "거래량": "18,067",
    "거래대금": "2,512",
    "전일거래량": "19,382",
    "시가": "139,500",
    "고가": "141,000",
    "저가": "138,000",
    "매수호가": "138,500",
    "매도호가": "139,000",
    "매수총잔량": "12,795",
    "매도총잔량": "3,935",
    "상장주식수": "3,192",
    "시가총액": "4,437",
    "매출액": "N/A",
    "자산총계": "N/A",
    "부채총계": "N/A",
    "영업이익": "N/A",
    "당기순이익": "N/A",
    "주당순이익": "13,677",
    "보통주배당금": "N/A",
    "매출액증가율": "N/A",
    "영업이익증가율": "N/A",
    "외국인비율": "20.23",
    "PER": "10.16",
    "ROE": "N/A",
    "ROA": "N/A",
    "PBR": "0.39",
    "유보율": "N/A",
    "code": "000815"
}