{
    "N": "433",
    "종목명": "한화3우B",
    "현재가": "13,600",
    "전일비": "0",
    "등락률": "0.00%",
    "액면가": "5,000",
    "거래량": "84,896",
    "거래대금": "1,156",
    "전일거래량": "126,205",
    "시가": "13,700",
    "고가": "13,750",
    "저가": "13,550",
    "매수호가": "13,600",
    "매도호가": "13,650",
    "매수총잔량": "52,537",
    "매도총잔량": "45,656",
    "상장주식수": "22,472",
    "시가총액": "3,056",
    "매출액": "N/A",
    "자산총계": "N/A",
    "부채총계": "N/A",
    "영업이익": "N/A",
    "당기순이익": "N/A",
    "주당순이익": "2,454",
    "보통주배당금": "N/A",
    "매출액증가율": "N/A",
    "영업이익증가율": "N/A",
    "외국인비율": "7.71",
    "PER": "5.54",
    "ROE": "N/A",
    "ROA": "N/A",
    "PBR": "0.25",
    "유보율": "N/A",
    "code": "00088K"
}