{
    "N": "706",
    "종목명": "보해양조",
    "현재가": "944",
    "상태": "상승",
    "전일비": "19",
    "등락률": "+2.05%",
    "액면가": "500",
    "거래량": "3,152,462",
    "거래대금": "2,964",
    "전일거래량": "1,168,034",
    "시가": "925",
    "고가": "957",
    "저가": "918",
    "매수호가": "944",
    "매도호가": "945",
    "매수총잔량": "48,652",
    "매도총잔량": "50,464",
    "상장주식수": "127,449",
    "시가총액": "1,203",
    "매출액": "760",
    "자산총계": "1,673",
    "부채총계": "873",
    "영업이익": "-111",
    "당기순이익": "-147",
    "주당순이익": "-121",
    "보통주배당금": "0",
    "매출액증가율": "-7.31",
    "영업이익증가율": "-0.63",
    "외국인비율": "0.99",
    "PER": "-7.80",
    "ROE": "-19.66",
    "ROA": "-7.99",
    "PBR": "1.47",
    "유보율": "26.3",
    "code": "000890"
}