{
    "N": "1132",
    "종목명": "한화우",
    "현재가": "46,500",
    "상태": "상승",
    "전일비": "500",
    "등락률": "+1.09%",
    "액면가": "5,000",
    "거래량": "2,463",
    "거래대금": "114",
    "전일거래량": "6,734",
    "시가": "47,600",
    "고가": "47,600",
    "저가": "46,200",
    "매수호가": "46,400",
    "매도호가": "46,500",
    "매수총잔량": "397",
    "매도총잔량": "746",
    "상장주식수": "479",
    "시가총액": "223",
    "매출액": "N/A",
    "자산총계": "N/A",
    "부채총계": "N/A",
    "영업이익": "N/A",
    "당기순이익": "N/A",
    "주당순이익": "2,454",
    "보통주배당금": "N/A",
    "매출액증가율": "N/A",
    "영업이익증가율": "N/A",
    "외국인비율": "0.62",
    "PER": "18.95",
    "ROE": "N/A",
    "ROA": "N/A",
    "PBR": "0.86",
    "유보율": "N/A",
    "code": "000885"
}