{
    "N": "124",
    "종목명": "한화",
    "현재가": "29,100",
    "상태": "하락",
    "전일비": "400",
    "등락률": "-1.36%",
    "액면가": "5,000",
    "거래량": "792,231",
    "거래대금": "23,156",
    "전일거래량": "867,244",
    "시가": "29,900",
    "고가": "29,900",
    "저가": "28,700",
    "매수호가": "29,100",
    "매도호가": "29,150",
    "매수총잔량": "54,926",
    "매도총잔량": "26,143",
    "상장주식수": "74,959",
    "시가총액": "21,813",
    "매출액": "504,124",
    "자산총계": "1,822,862",
    "부채총계": "1,640,222",
    "영업이익": "11,257",
    "당기순이익": "2,311",
    "주당순이익": "2,454",
    "보통주배당금": "700",
    "매출액증가율": "3.43",
    "영업이익증가율": "-37.67",
    "외국인비율": "19.58",
    "PER": "11.86",
    "ROE": "2.09",
    "ROA": "0.13",
    "PBR": "0.54",
    "유보율": "834.8",
    "code": "000880"
}