{
    "N": "551",
    "종목명": "한국주철관",
    "현재가": "8,360",
    "상태": "상승",
    "전일비": "10",
    "등락률": "+0.12%",
    "액면가": "500",
    "거래량": "56,603",
    "거래대금": "472",
    "전일거래량": "78,347",
    "시가": "8,400",
    "고가": "8,420",
    "저가": "8,310",
    "매수호가": "8,360",
    "매도호가": "8,370",
    "매수총잔량": "18,989",
    "매도총잔량": "13,534",
    "상장주식수": "22,800",
    "시가총액": "1,906",
    "매출액": "4,372",
    "자산총계": "3,567",
    "부채총계": "786",
    "영업이익": "156",
    "당기순이익": "140",
    "주당순이익": "437",
    "보통주배당금": "200",
    "매출액증가율": "4.76",
    "영업이익증가율": "135.85",
    "외국인비율": "1.20",
    "PER": "19.13",
    "ROE": "4.73",
    "ROA": "3.96",
    "PBR": "0.67",
    "유보율": "2,186.6",
    "code": "000970"
}