{
    "N": "116",
    "종목명": "DB하이텍",
    "현재가": "53,600",
    "상태": "상승",
    "전일비": "3,700",
    "등락률": "+7.41%",
    "액면가": "5,000",
    "거래량": "5,872,198",
    "거래대금": "320,565",
    "전일거래량": "2,405,088",
    "시가": "51,700",
    "고가": "57,700",
    "저가": "51,700",
    "매수호가": "53,600",
    "매도호가": "53,700",
    "매수총잔량": "107,275",
    "매도총잔량": "30,350",
    "상장주식수": "44,399",
    "시가총액": "23,798",
    "매출액": "8,074",
    "자산총계": "10,889",
    "부채총계": "4,442",
    "영업이익": "1,813",
    "당기순이익": "1,046",
    "주당순이익": "3,706",
    "보통주배당금": "350",
    "매출액증가율": "20.64",
    "영업이익증가율": "60.45",
    "외국인비율": "27.49",
    "PER": "14.46",
    "ROE": "17.40",
    "ROA": "9.71",
    "PBR": "2.98",
    "유보율": "226.3",
    "code": "000990"
}