{
    "N": "1247",
    "종목명": "DB하이텍1우",
    "현재가": "124,000",
    "상태": "상승",
    "전일비": "10,500",
    "등락률": "+9.25%",
    "액면가": "5,000",
    "거래량": "7,559",
    "거래대금": "950",
    "전일거래량": "1,980",
    "시가": "129,000",
    "고가": "129,000",
    "저가": "120,500",
    "매수호가": "123,500",
    "매도호가": "124,000",
    "매수총잔량": "285",
    "매도총잔량": "1,539",
    "상장주식수": "112",
    "시가총액": "139",
    "매출액": "N/A",
    "자산총계": "N/A",
    "부채총계": "N/A",
    "영업이익": "N/A",
    "당기순이익": "N/A",
    "주당순이익": "3,706",
    "보통주배당금": "N/A",
    "매출액증가율": "N/A",
    "영업이익증가율": "N/A",
    "외국인비율": "1.07",
    "PER": "33.46",
    "ROE": "N/A",
    "ROA": "N/A",
    "PBR": "6.89",
    "유보율": "N/A",
    "code": "000995"
}