{
    "N": "782",
    "종목명": "유니온",
    "현재가": "6,100",
    "상태": "하락",
    "전일비": "60",
    "등락률": "-0.97%",
    "액면가": "500",
    "거래량": "558,774",
    "거래대금": "3,466",
    "전일거래량": "325,053",
    "시가": "6,160",
    "고가": "6,410",
    "저가": "6,020",
    "매수호가": "6,100",
    "매도호가": "6,120",
    "매수총잔량": "23,398",
    "매도총잔량": "12,942",
    "상장주식수": "15,612",
    "시가총액": "952",
    "매출액": "2,124",
    "자산총계": "3,252",
    "부채총계": "1,824",
    "영업이익": "109",
    "당기순이익": "-126",
    "주당순이익": "-347",
    "보통주배당금": "100",
    "매출액증가율": "1.71",
    "영업이익증가율": "1,618.95",
    "외국인비율": "1.13",
    "PER": "-17.58",
    "ROE": "-14.93",
    "ROA": "-4.00",
    "PBR": "0.94",
    "유보율": "1,180.0",
    "code": "000910"
}