{
    "N": "939",
    "종목명": "전방",
    "현재가": "31,550",
    "상태": "상승",
    "전일비": "1,450",
    "등락률": "+4.82%",
    "액면가": "5,000",
    "거래량": "16,428",
    "거래대금": "508",
    "전일거래량": "4,659",
    "시가": "30,100",
    "고가": "32,100",
    "저가": "29,850",
    "매수호가": "31,550",
    "매도호가": "31,600",
    "매수총잔량": "942",
    "매도총잔량": "2,542",
    "상장주식수": "1,680",
    "시가총액": "530",
    "매출액": "1,375",
    "자산총계": "3,265",
    "부채총계": "2,421",
    "영업이익": "-305",
    "당기순이익": "-403",
    "주당순이익": "-16,748",
    "보통주배당금": "N/A",
    "매출액증가율": "-7.93",
    "영업이익증가율": "-249.87",
    "외국인비율": "0.51",
    "PER": "-1.88",
    "ROE": "-38.44",
    "ROA": "-11.66",
    "PBR": "0.54",
    "유보율": "817.4",
    "code": "000950"
}