{
    "N": "236",
    "종목명": "JW중외제약",
    "현재가": "35,800",
    "상태": "하락",
    "전일비": "550",
    "등락률": "-1.51%",
    "액면가": "2,500",
    "거래량": "220,141",
    "거래대금": "7,940",
    "전일거래량": "312,756",
    "시가": "36,550",
    "고가": "36,700",
    "저가": "35,650",
    "매수호가": "35,800",
    "매도호가": "35,850",
    "매수총잔량": "13,079",
    "매도총잔량": "13,193",
    "상장주식수": "20,920",
    "시가총액": "7,489",
    "매출액": "5,113",
    "자산총계": "5,732",
    "부채총계": "3,431",
    "영업이익": "-190",
    "당기순이익": "-253",
    "주당순이익": "-1,378",
    "보통주배당금": "307",
    "매출액증가율": "-4.81",
    "영업이익증가율": "-188.09",
    "외국인비율": "5.81",
    "PER": "-25.98",
    "ROE": "-10.31",
    "ROA": "-4.33",
    "PBR": "3.76",
    "유보율": "344.1",
    "code": "001060"
}