{
    "N": "675",
    "종목명": "CJ우",
    "현재가": "58,500",
    "상태": "상승",
    "전일비": "400",
    "등락률": "+0.69%",
    "액면가": "5,000",
    "거래량": "13,974",
    "거래대금": "818",
    "전일거래량": "16,289",
    "시가": "58,300",
    "고가": "59,400",
    "저가": "58,000",
    "매수호가": "58,500",
    "매도호가": "58,600",
    "매수총잔량": "3,905",
    "매도총잔량": "1,808",
    "상장주식수": "2,260",
    "시가총액": "1,322",
    "매출액": "N/A",
    "자산총계": "N/A",
    "부채총계": "N/A",
    "영업이익": "N/A",
    "당기순이익": "N/A",
    "주당순이익": "6,020",
    "보통주배당금": "N/A",
    "매출액증가율": "N/A",
    "영업이익증가율": "N/A",
    "외국인비율": "14.72",
    "PER": "9.72",
    "ROE": "N/A",
    "ROA": "N/A",
    "PBR": "0.41",
    "유보율": "N/A",
    "code": "001045"
}