{
    "N": "421",
    "종목명": "CJ4우(전환)",
    "현재가": "75,000",
    "상태": "상승",
    "전일비": "300",
    "등락률": "+0.40%",
    "액면가": "5,000",
    "거래량": "20,190",
    "거래대금": "1,512",
    "전일거래량": "21,131",
    "시가": "75,000",
    "고가": "76,000",
    "저가": "74,100",
    "매수호가": "75,000",
    "매도호가": "75,100",
    "매수총잔량": "5,101",
    "매도총잔량": "1,502",
    "상장주식수": "4,227",
    "시가총액": "3,170",
    "매출액": "N/A",
    "자산총계": "N/A",
    "부채총계": "N/A",
    "영업이익": "N/A",
    "당기순이익": "N/A",
    "주당순이익": "6,020",
    "보통주배당금": "N/A",
    "매출액증가율": "N/A",
    "영업이익증가율": "N/A",
    "외국인비율": "7.48",
    "PER": "12.46",
    "ROE": "N/A",
    "ROA": "N/A",
    "PBR": "0.53",
    "유보율": "N/A",
    "code": "00104K"
}