{
    "N": "813",
    "종목명": "페이퍼코리아",
    "현재가": "2,480",
    "상태": "상승",
    "전일비": "15",
    "등락률": "+0.61%",
    "액면가": "500",
    "거래량": "329,848",
    "거래대금": "818",
    "전일거래량": "225,461",
    "시가": "2,550",
    "고가": "2,550",
    "저가": "2,450",
    "매수호가": "2,475",
    "매도호가": "2,480",
    "매수총잔량": "37,754",
    "매도총잔량": "8,071",
    "상장주식수": "35,426",
    "시가총액": "879",
    "매출액": "2,656",
    "자산총계": "6,279",
    "부채총계": "6,148",
    "영업이익": "-13",
    "당기순이익": "-278",
    "주당순이익": "-376",
    "보통주배당금": "0",
    "매출액증가율": "-35.57",
    "영업이익증가율": "-159.59",
    "외국인비율": "0.91",
    "PER": "-6.60",
    "ROE": "-136.14",
    "ROA": "-4.58",
    "PBR": "4.00",
    "유보율": "-155.6",
    "code": "001020"
}