{
    "N": "851",
    "종목명": "만호제강",
    "현재가": "18,700",
    "상태": "상승",
    "전일비": "400",
    "등락률": "+2.19%",
    "액면가": "1,000",
    "거래량": "44,403",
    "거래대금": "842",
    "전일거래량": "9,108",
    "시가": "19,350",
    "고가": "19,350",
    "저가": "18,450",
    "매수호가": "18,650",
    "매도호가": "18,700",
    "매수총잔량": "2,240",
    "매도총잔량": "4,537",
    "상장주식수": "4,150",
    "시가총액": "776",
    "매출액": "1,964",
    "자산총계": "2,498",
    "부채총계": "175",
    "영업이익": "-4",
    "당기순이익": "13",
    "주당순이익": "184",
    "보통주배당금": "200",
    "매출액증가율": "-6.09",
    "영업이익증가율": "72.93",
    "외국인비율": "4.78",
    "PER": "101.63",
    "ROE": "0.55",
    "ROA": "0.51",
    "PBR": "0.25",
    "유보율": "5,914.6",
    "code": "001080"
}