{
    "N": "1443",
    "종목명": "JW중외제약우",
    "현재가": "41,550",
    "상태": "상승",
    "전일비": "150",
    "등락률": "+0.36%",
    "액면가": "2,500",
    "거래량": "1,247",
    "거래대금": "52",
    "전일거래량": "1,968",
    "시가": "42,800",
    "고가": "42,800",
    "저가": "41,500",
    "매수호가": "41,550",
    "매도호가": "41,700",
    "매수총잔량": "625",
    "매도총잔량": "624",
    "상장주식수": "172",
    "시가총액": "72",
    "매출액": "N/A",
    "자산총계": "N/A",
    "부채총계": "N/A",
    "영업이익": "N/A",
    "당기순이익": "N/A",
    "주당순이익": "-1,378",
    "보통주배당금": "N/A",
    "매출액증가율": "N/A",
    "영업이익증가율": "N/A",
    "외국인비율": "0.29",
    "PER": "-30.15",
    "ROE": "N/A",
    "ROA": "N/A",
    "PBR": "4.37",
    "유보율": "N/A",
    "code": "001065"
}