{
    "N": "519",
    "종목명": "대한방직",
    "현재가": "40,300",
    "상태": "하락",
    "전일비": "100",
    "등락률": "-0.25%",
    "액면가": "1,000",
    "거래량": "3,561",
    "거래대금": "144",
    "전일거래량": "12,501",
    "시가": "39,850",
    "고가": "41,000",
    "저가": "39,850",
    "매수호가": "40,250",
    "매도호가": "40,300",
    "매수총잔량": "1,692",
    "매도총잔량": "657",
    "상장주식수": "5,300",
    "시가총액": "2,136",
    "매출액": "1,563",
    "자산총계": "1,977",
    "부채총계": "717",
    "영업이익": "-130",
    "당기순이익": "-160",
    "주당순이익": "-1,507",
    "보통주배당금": "N/A",
    "매출액증가율": "-25.20",
    "영업이익증가율": "-3.88",
    "외국인비율": "0.68",
    "PER": "-26.74",
    "ROE": "-10.27",
    "ROA": "-6.86",
    "PBR": "1.12",
    "유보율": "2,432.3",
    "code": "001070"
}