{
    "N": "461",
    "종목명": "대한제분",
    "현재가": "157,000",
    "상태": "상승",
    "전일비": "500",
    "등락률": "+0.32%",
    "액면가": "5,000",
    "거래량": "11,127",
    "거래대금": "1,747",
    "전일거래량": "27,022",
    "시가": "157,000",
    "고가": "158,500",
    "저가": "155,500",
    "매수호가": "157,000",
    "매도호가": "157,500",
    "매수총잔량": "1,575",
    "매도총잔량": "1,901",
    "상장주식수": "1,690",
    "시가총액": "2,653",
    "매출액": "9,339",
    "자산총계": "10,051",
    "부채총계": "2,453",
    "영업이익": "235",
    "당기순이익": "170",
    "주당순이익": "15,994",
    "보통주배당금": "2,000",
    "매출액증가율": "8.01",
    "영업이익증가율": "-28.40",
    "외국인비율": "10.46",
    "PER": "9.82",
    "ROE": "2.25",
    "ROA": "1.77",
    "PBR": "0.33",
    "유보율": "8,705.7",
    "code": "001130"
}