{
    "N": "192",
    "종목명": "LG상사",
    "현재가": "26,450",
    "상태": "하락",
    "전일비": "100",
    "등락률": "-0.38%",
    "액면가": "5,000",
    "거래량": "523,446",
    "거래대금": "14,029",
    "전일거래량": "521,244",
    "시가": "26,550",
    "고가": "27,350",
    "저가": "26,250",
    "매수호가": "26,450",
    "매도호가": "26,500",
    "매수총잔량": "22,528",
    "매도총잔량": "18,054",
    "상장주식수": "38,760",
    "시가총액": "10,252",
    "매출액": "105,309",
    "자산총계": "48,760",
    "부채총계": "33,274",
    "영업이익": "1,348",
    "당기순이익": "-149",
    "주당순이익": "3,670",
    "보통주배당금": "300",
    "매출액증가율": "5.43",
    "영업이익증가율": "-18.64",
    "외국인비율": "21.97",
    "PER": "7.21",
    "ROE": "2.49",
    "ROA": "-0.30",
    "PBR": "0.69",
    "유보율": "515.2",
    "code": "001120"
}