{
    "N": "795",
    "종목명": "국보",
    "현재가": "1,865",
    "상태": "상승",
    "전일비": "15",
    "등락률": "+0.81%",
    "액면가": "500",
    "거래량": "506,097",
    "거래대금": "931",
    "전일거래량": "546,067",
    "시가": "1,855",
    "고가": "1,870",
    "저가": "1,820",
    "매수호가": "1,865",
    "매도호가": "1,870",
    "매수총잔량": "31,068",
    "매도총잔량": "42,026",
    "상장주식수": "49,376",
    "시가총액": "921",
    "매출액": "891",
    "자산총계": "1,327",
    "부채총계": "889",
    "영업이익": "-10",
    "당기순이익": "-77",
    "주당순이익": "20",
    "보통주배당금": "0",
    "매출액증가율": "24.51",
    "영업이익증가율": "81.71",
    "외국인비율": "0.31",
    "PER": "93.25",
    "ROE": "-36.39",
    "ROA": "-8.55",
    "PBR": "2.61",
    "유보율": "167.6",
    "code": "001140"
}