{
    "N": "517",
    "종목명": "부국증권",
    "현재가": "21,050",
    "상태": "상승",
    "전일비": "200",
    "등락률": "+0.96%",
    "액면가": "5,000",
    "거래량": "29,743",
    "거래대금": "637",
    "전일거래량": "6,606",
    "시가": "20,900",
    "고가": "21,800",
    "저가": "20,900",
    "매수호가": "21,050",
    "매도호가": "21,100",
    "매수총잔량": "1,627",
    "매도총잔량": "8,971",
    "상장주식수": "10,370",
    "시가총액": "2,183",
    "매출액": "6,100",
    "자산총계": "14,813",
    "부채총계": "9,953",
    "영업이익": "360",
    "당기순이익": "274",
    "주당순이익": "3,741",
    "보통주배당금": "1,200",
    "매출액증가율": "-2.74",
    "영업이익증가율": "-3.45",
    "외국인비율": "0.87",
    "PER": "5.63",
    "ROE": "5.80",
    "ROA": "1.89",
    "PBR": "0.35",
    "유보율": "714.5",
    "code": "001270"
}