{
    "N": "217",
    "종목명": "동국제강",
    "현재가": "9,050",
    "상태": "하락",
    "전일비": "80",
    "등락률": "-0.88%",
    "액면가": "5,000",
    "거래량": "1,767,460",
    "거래대금": "16,026",
    "전일거래량": "5,632,321",
    "시가": "9,180",
    "고가": "9,300",
    "저가": "8,870",
    "매수호가": "9,040",
    "매도호가": "9,050",
    "매수총잔량": "79,756",
    "매도총잔량": "14,433",
    "상장주식수": "95,433",
    "시가총액": "8,637",
    "매출액": "56,584",
    "자산총계": "54,390",
    "부채총계": "34,939",
    "영업이익": "1,646",
    "당기순이익": "-817",
    "주당순이익": "-570",
    "보통주배당금": "N/A",
    "매출액증가율": "-5.14",
    "영업이익증가율": "13.52",
    "외국인비율": "25.95",
    "PER": "-15.88",
    "ROE": "-3.63",
    "ROA": "-1.46",
    "PBR": "0.42",
    "유보율": "85.2",
    "code": "001230"
}