{
    "N": "915",
    "종목명": "부국증권우",
    "현재가": "19,700",
    "상태": "상승",
    "전일비": "250",
    "등락률": "+1.29%",
    "액면가": "5,000",
    "거래량": "5,795",
    "거래대금": "114",
    "전일거래량": "360",
    "시가": "19,500",
    "고가": "19,950",
    "저가": "19,500",
    "매수호가": "19,650",
    "매도호가": "19,700",
    "매수총잔량": "1,621",
    "매도총잔량": "2,422",
    "상장주식수": "3,000",
    "시가총액": "591",
    "매출액": "N/A",
    "자산총계": "N/A",
    "부채총계": "N/A",
    "영업이익": "N/A",
    "당기순이익": "N/A",
    "주당순이익": "3,741",
    "보통주배당금": "N/A",
    "매출액증가율": "N/A",
    "영업이익증가율": "N/A",
    "외국인비율": "12.13",
    "PER": "5.27",
    "ROE": "N/A",
    "ROA": "N/A",
    "PBR": "0.33",
    "유보율": "N/A",
    "code": "001275"
}