{
    "N": "657",
    "종목명": "남광토건",
    "현재가": "14,100",
    "상태": "하락",
    "전일비": "200",
    "등락률": "-1.40%",
    "액면가": "5,000",
    "거래량": "227,828",
    "거래대금": "3,236",
    "전일거래량": "521,205",
    "시가": "14,700",
    "고가": "14,700",
    "저가": "13,850",
    "매수호가": "14,100",
    "매도호가": "14,200",
    "매수총잔량": "14,840",
    "매도총잔량": "13,803",
    "상장주식수": "9,829",
    "시가총액": "1,386",
    "매출액": "2,362",
    "자산총계": "2,026",
    "부채총계": "1,497",
    "영업이익": "48",
    "당기순이익": "39",
    "주당순이익": "712",
    "보통주배당금": "0",
    "매출액증가율": "50.27",
    "영업이익증가율": "-56.73",
    "외국인비율": "0.79",
    "PER": "19.80",
    "ROE": "7.58",
    "ROA": "2.20",
    "PBR": "2.35",
    "유보율": "83.5",
    "code": "001260"
}