{
    "N": "750",
    "종목명": "상상인증권",
    "현재가": "1,125",
    "상태": "상승",
    "전일비": "60",
    "등락률": "+5.63%",
    "액면가": "1,000",
    "거래량": "3,034,672",
    "거래대금": "3,574",
    "전일거래량": "251,301",
    "시가": "1,080",
    "고가": "1,250",
    "저가": "1,075",
    "매수호가": "1,125",
    "매도호가": "1,130",
    "매수총잔량": "106,720",
    "매도총잔량": "31,238",
    "상장주식수": "96,108",
    "시가총액": "1,081",
    "매출액": "342",
    "자산총계": "4,714",
    "부채총계": "3,184",
    "영업이익": "-54",
    "당기순이익": "-80",
    "주당순이익": "56",
    "보통주배당금": "N/A",
    "매출액증가율": "-0.47",
    "영업이익증가율": "52.83",
    "외국인비율": "0.39",
    "PER": "20.09",
    "ROE": "-6.42",
    "ROA": "-1.66",
    "PBR": "0.64",
    "유보율": "60.6",
    "code": "001290"
}