{
    "N": "1006",
    "종목명": "금호전기",
    "현재가": "3,240",
    "전일비": "0",
    "등락률": "0.00%",
    "액면가": "500",
    "거래량": "87,623",
    "거래대금": "282",
    "전일거래량": "70,429",
    "시가": "3,240",
    "고가": "3,280",
    "저가": "3,200",
    "매수호가": "3,235",
    "매도호가": "3,240",
    "매수총잔량": "12,212",
    "매도총잔량": "7,901",
    "상장주식수": "11,982",
    "시가총액": "388",
    "매출액": "629",
    "자산총계": "731",
    "부채총계": "562",
    "영업이익": "-42",
    "당기순이익": "-332",
    "주당순이익": "-2,626",
    "보통주배당금": "0",
    "매출액증가율": "-1.06",
    "영업이익증가율": "82.80",
    "외국인비율": "2.37",
    "PER": "-1.23",
    "ROE": "-80.13",
    "ROA": "-27.31",
    "PBR": "1.30",
    "유보율": "1,227.3",
    "code": "001210"
}