{
    "N": "557",
    "종목명": "GS글로벌",
    "현재가": "2,265",
    "상태": "상승",
    "전일비": "175",
    "등락률": "+8.37%",
    "액면가": "2,500",
    "거래량": "12,286,399",
    "거래대금": "28,387",
    "전일거래량": "3,575,514",
    "시가": "2,165",
    "고가": "2,710",
    "저가": "2,045",
    "매수호가": "2,260",
    "매도호가": "2,265",
    "매수총잔량": "150,426",
    "매도총잔량": "54,747",
    "상장주식수": "82,534",
    "시가총액": "1,869",
    "매출액": "38,894",
    "자산총계": "12,052",
    "부채총계": "8,253",
    "영업이익": "583",
    "당기순이익": "-167",
    "주당순이익": "-200",
    "보통주배당금": "N/A",
    "매출액증가율": "-4.17",
    "영업이익증가율": "3.83",
    "외국인비율": "4.15",
    "PER": "-11.32",
    "ROE": "-4.61",
    "ROA": "-1.31",
    "PBR": "0.50",
    "유보율": "81.1",
    "code": "001250"
}