{
    "N": "347",
    "종목명": "유진투자증권",
    "현재가": "4,330",
    "상태": "상승",
    "전일비": "250",
    "등락률": "+6.13%",
    "액면가": "5,000",
    "거래량": "11,009,123",
    "거래대금": "49,482",
    "전일거래량": "2,347,112",
    "시가": "4,200",
    "고가": "4,795",
    "저가": "4,200",
    "매수호가": "4,330",
    "매도호가": "4,335",
    "매수총잔량": "46,679",
    "매도총잔량": "23,310",
    "상장주식수": "96,866",
    "시가총액": "4,194",
    "매출액": "9,767",
    "자산총계": "77,384",
    "부채총계": "69,488",
    "영업이익": "582",
    "당기순이익": "413",
    "주당순이익": "653",
    "보통주배당금": "70",
    "매출액증가율": "19.61",
    "영업이익증가율": "-11.60",
    "외국인비율": "7.73",
    "PER": "6.63",
    "ROE": "5.36",
    "ROA": "0.55",
    "PBR": "0.48",
    "유보율": "46.9",
    "code": "001200"
}