{
    "N": "264",
    "종목명": "삼성제약",
    "현재가": "10,750",
    "상태": "",
    "전일비": "2,470",
    "등락률": "+29.83%",
    "액면가": "500",
    "거래량": "6,850,705",
    "거래대금": "71,481",
    "전일거래량": "5,024,307",
    "시가": "9,570",
    "고가": "10,750",
    "저가": "9,570",
    "매수호가": "10,750",
    "매도호가": "0",
    "매수총잔량": "1,916,436",
    "매도총잔량": "0",
    "상장주식수": "61,550",
    "시가총액": "6,617",
    "매출액": "446",
    "자산총계": "1,685",
    "부채총계": "257",
    "영업이익": "-65",
    "당기순이익": "69",
    "주당순이익": "-182",
    "보통주배당금": "N/A",
    "매출액증가율": "-4.13",
    "영업이익증가율": "-35.28",
    "외국인비율": "4.36",
    "PER": "-59.07",
    "ROE": "5.02",
    "ROA": "4.18",
    "PBR": "4.95",
    "유보율": "295.9",
    "code": "001360"
}