{
    "N": "625",
    "종목명": "백광산업",
    "현재가": "3,410",
    "상태": "하락",
    "전일비": "15",
    "등락률": "-0.44%",
    "액면가": "500",
    "거래량": "546,128",
    "거래대금": "1,856",
    "전일거래량": "970,305",
    "시가": "3,425",
    "고가": "3,445",
    "저가": "3,355",
    "매수호가": "3,410",
    "매도호가": "3,415",
    "매수총잔량": "33,622",
    "매도총잔량": "64,833",
    "상장주식수": "44,918",
    "시가총액": "1,532",
    "매출액": "1,684",
    "자산총계": "3,288",
    "부채총계": "1,615",
    "영업이익": "212",
    "당기순이익": "160",
    "주당순이익": "216",
    "보통주배당금": "75",
    "매출액증가율": "N/A",
    "영업이익증가율": "N/A",
    "외국인비율": "2.42",
    "PER": "15.79",
    "ROE": "N/A",
    "ROA": "N/A",
    "PBR": "0.86",
    "유보율": "348.1",
    "code": "001340"
}