{
    "N": "418",
    "종목명": "KG케미칼",
    "현재가": "24,650",
    "상태": "하락",
    "전일비": "350",
    "등락률": "-1.40%",
    "액면가": "5,000",
    "거래량": "301,812",
    "거래대금": "7,425",
    "전일거래량": "369,704",
    "시가": "25,050",
    "고가": "25,250",
    "저가": "24,250",
    "매수호가": "24,550",
    "매도호가": "24,650",
    "매수총잔량": "27,491",
    "매도총잔량": "11,355",
    "상장주식수": "13,013",
    "시가총액": "3,208",
    "매출액": "20,684",
    "자산총계": "41,515",
    "부채총계": "28,000",
    "영업이익": "1,180",
    "당기순이익": "2,193",
    "주당순이익": "794",
    "보통주배당금": "350",
    "매출액증가율": "61.24",
    "영업이익증가율": "62.80",
    "외국인비율": "3.18",
    "PER": "31.05",
    "ROE": "32.69",
    "ROA": "7.75",
    "PBR": "0.86",
    "유보율": "470.5",
    "code": "001390"
}