{
    "N": "770",
    "종목명": "SG충방",
    "현재가": "2,220",
    "상태": "상승",
    "전일비": "50",
    "등락률": "+2.30%",
    "액면가": "500",
    "거래량": "1,703,286",
    "거래대금": "3,693",
    "전일거래량": "300,069",
    "시가": "2,175",
    "고가": "2,295",
    "저가": "2,100",
    "매수호가": "2,215",
    "매도호가": "2,220",
    "매수총잔량": "58,072",
    "매도총잔량": "65,870",
    "상장주식수": "44,964",
    "시가총액": "998",
    "매출액": "1,258",
    "자산총계": "2,041",
    "부채총계": "740",
    "영업이익": "39",
    "당기순이익": "8",
    "주당순이익": "-24",
    "보통주배당금": "N/A",
    "매출액증가율": "-6.50",
    "영업이익증가율": "-25.53",
    "외국인비율": "1.04",
    "PER": "-92.50",
    "ROE": "0.59",
    "ROA": "0.37",
    "PBR": "0.77",
    "유보율": "638.5",
    "code": "001380"
}