{
    "N": "1054",
    "종목명": "태원물산",
    "현재가": "4,215",
    "상태": "상승",
    "전일비": "40",
    "등락률": "+0.96%",
    "액면가": "500",
    "거래량": "50,214",
    "거래대금": "210",
    "전일거래량": "154,388",
    "시가": "4,175",
    "고가": "4,245",
    "저가": "4,135",
    "매수호가": "4,210",
    "매도호가": "4,215",
    "매수총잔량": "2,595",
    "매도총잔량": "8,393",
    "상장주식수": "7,600",
    "시가총액": "320",
    "매출액": "219",
    "자산총계": "382",
    "부채총계": "60",
    "영업이익": "1",
    "당기순이익": "5",
    "주당순이익": "31",
    "보통주배당금": "85",
    "매출액증가율": "-0.04",
    "영업이익증가율": "49.20",
    "외국인비율": "1.24",
    "PER": "135.97",
    "ROE": "1.67",
    "ROA": "1.41",
    "PBR": "0.98",
    "유보율": "768.2",
    "code": "001420"
}