{
    "N": "132",
    "종목명": "현대해상",
    "현재가": "22,400",
    "상태": "하락",
    "전일비": "100",
    "등락률": "-0.44%",
    "액면가": "500",
    "거래량": "636,764",
    "거래대금": "14,217",
    "전일거래량": "511,965",
    "시가": "22,400",
    "고가": "22,700",
    "저가": "22,150",
    "매수호가": "22,350",
    "매도호가": "22,400",
    "매수총잔량": "151,582",
    "매도총잔량": "71,673",
    "상장주식수": "89,400",
    "시가총액": "20,026",
    "매출액": "168,459",
    "자산총계": "463,938",
    "부채총계": "418,834",
    "영업이익": "3,953",
    "당기순이익": "2,691",
    "주당순이익": "4,075",
    "보통주배당금": "880",
    "매출액증가율": "6.98",
    "영업이익증가율": "-25.90",
    "외국인비율": "37.32",
    "PER": "5.50",
    "ROE": "6.23",
    "ROA": "0.60",
    "PBR": "0.35",
    "유보율": "10,074.3",
    "code": "001450"
}