{
    "N": "555",
    "종목명": "BYC",
    "현재가": "302,500",
    "상태": "상승",
    "전일비": "11,500",
    "등락률": "+3.95%",
    "액면가": "5,000",
    "거래량": "3,113",
    "거래대금": "936",
    "전일거래량": "12,913",
    "시가": "293,000",
    "고가": "307,000",
    "저가": "293,000",
    "매수호가": "301,000",
    "매도호가": "302,500",
    "매수총잔량": "224",
    "매도총잔량": "146",
    "상장주식수": "625",
    "시가총액": "1,889",
    "매출액": "1,706",
    "자산총계": "6,939",
    "부채총계": "2,596",
    "영업이익": "234",
    "당기순이익": "278",
    "주당순이익": "21,155",
    "보통주배당금": "1,100",
    "매출액증가율": "-13.79",
    "영업이익증가율": "9.59",
    "외국인비율": "2.12",
    "PER": "14.30",
    "ROE": "6.60",
    "ROA": "3.88",
    "PBR": "0.57",
    "유보율": "10,281.0",
    "code": "001460"
}