{
    "N": "356",
    "종목명": "세아베스틸",
    "현재가": "11,550",
    "상태": "하락",
    "전일비": "50",
    "등락률": "-0.43%",
    "액면가": "5,000",
    "거래량": "568,540",
    "거래대금": "6,562",
    "전일거래량": "1,561,900",
    "시가": "11,650",
    "고가": "11,750",
    "저가": "11,350",
    "매수호가": "11,500",
    "매도호가": "11,550",
    "매수총잔량": "80,941",
    "매도총잔량": "121,916",
    "상장주식수": "35,862",
    "시가총액": "4,142",
    "매출액": "29,607",
    "자산총계": "35,769",
    "부채총계": "15,938",
    "영업이익": "440",
    "당기순이익": "192",
    "주당순이익": "-51",
    "보통주배당금": "300",
    "매출액증가율": "-9.68",
    "영업이익증가율": "-21.25",
    "외국인비율": "10.09",
    "PER": "-226.47",
    "ROE": "0.93",
    "ROA": "0.53",
    "PBR": "0.22",
    "유보율": "702.5",
    "code": "001430"
}