{
    "N": "1062",
    "종목명": "BYC우",
    "현재가": "144,000",
    "상태": "상승",
    "전일비": "4,000",
    "등락률": "+2.86%",
    "액면가": "5,000",
    "거래량": "581",
    "거래대금": "82",
    "전일거래량": "775",
    "시가": "140,000",
    "고가": "144,000",
    "저가": "140,000",
    "매수호가": "143,000",
    "매도호가": "144,000",
    "매수총잔량": "277",
    "매도총잔량": "245",
    "상장주식수": "215",
    "시가총액": "310",
    "매출액": "N/A",
    "자산총계": "N/A",
    "부채총계": "N/A",
    "영업이익": "N/A",
    "당기순이익": "N/A",
    "주당순이익": "21,155",
    "보통주배당금": "N/A",
    "매출액증가율": "N/A",
    "영업이익증가율": "N/A",
    "외국인비율": "0.28",
    "PER": "6.81",
    "ROE": "N/A",
    "ROA": "N/A",
    "PBR": "0.27",
    "유보율": "N/A",
    "code": "001465"
}