{
    "N": "175",
    "종목명": "대한전선",
    "현재가": "1,410",
    "상태": "상승",
    "전일비": "45",
    "등락률": "+3.30%",
    "액면가": "500",
    "거래량": "29,288,036",
    "거래대금": "42,268",
    "전일거래량": "5,897,359",
    "시가": "1,370",
    "고가": "1,505",
    "저가": "1,370",
    "매수호가": "1,410",
    "매도호가": "1,415",
    "매수총잔량": "1,151,375",
    "매도총잔량": "569,111",
    "상장주식수": "856,473",
    "시가총액": "12,076",
    "매출액": "15,547",
    "자산총계": "12,351",
    "부채총계": "9,224",
    "영업이익": "332",
    "당기순이익": "-126",
    "주당순이익": "-18",
    "보통주배당금": "N/A",
    "매출액증가율": "-5.71",
    "영업이익증가율": "-32.83",
    "외국인비율": "2.09",
    "PER": "-78.33",
    "ROE": "-3.99",
    "ROA": "-1.05",
    "PBR": "3.83",
    "유보율": "45.2",
    "code": "001440"
}