{
    "N": "281",
    "종목명": "삼부토건",
    "현재가": "4,470",
    "상태": "상승",
    "전일비": "90",
    "등락률": "+2.05%",
    "액면가": "1,000",
    "거래량": "9,709,291",
    "거래대금": "43,945",
    "전일거래량": "4,960,766",
    "시가": "4,370",
    "고가": "4,805",
    "저가": "4,300",
    "매수호가": "4,470",
    "매도호가": "4,475",
    "매수총잔량": "52,328",
    "매도총잔량": "85,790",
    "상장주식수": "137,546",
    "시가총액": "6,148",
    "매출액": "2,263",
    "자산총계": "4,207",
    "부채총계": "2,201",
    "영업이익": "50",
    "당기순이익": "74",
    "주당순이익": "62",
    "보통주배당금": "N/A",
    "매출액증가율": "27.54",
    "영업이익증가율": "152.91",
    "외국인비율": "0.50",
    "PER": "72.10",
    "ROE": "3.66",
    "ROA": "1.78",
    "PBR": "2.85",
    "유보율": "139.8",
    "code": "001470"
}