{
    "N": "1552",
    "종목명": "동양우",
    "현재가": "6,930",
    "상태": "하락",
    "전일비": "90",
    "등락률": "-1.28%",
    "액면가": "500",
    "거래량": "5,320",
    "거래대금": "36",
    "전일거래량": "2,697",
    "시가": "6,920",
    "고가": "7,000",
    "저가": "6,920",
    "매수호가": "6,930",
    "매도호가": "6,970",
    "매수총잔량": "891",
    "매도총잔량": "1,611",
    "상장주식수": "618",
    "시가총액": "43",
    "매출액": "N/A",
    "자산총계": "N/A",
    "부채총계": "N/A",
    "영업이익": "N/A",
    "당기순이익": "N/A",
    "주당순이익": "25",
    "보통주배당금": "N/A",
    "매출액증가율": "N/A",
    "영업이익증가율": "N/A",
    "외국인비율": "0.30",
    "PER": "277.20",
    "ROE": "N/A",
    "ROA": "N/A",
    "PBR": "1.70",
    "유보율": "N/A",
    "code": "001525"
}