{
    "N": "1573",
    "종목명": "동양3우B",
    "현재가": "29,150",
    "상태": "상승",
    "전일비": "50",
    "등락률": "+0.17%",
    "액면가": "500",
    "거래량": "1,149",
    "거래대금": "33",
    "전일거래량": "167",
    "시가": "29,150",
    "고가": "29,150",
    "저가": "29,150",
    "매수호가": "29,150",
    "매도호가": "29,200",
    "매수총잔량": "392",
    "매도총잔량": "1,182",
    "상장주식수": "90",
    "시가총액": "26",
    "매출액": "N/A",
    "자산총계": "N/A",
    "부채총계": "N/A",
    "영업이익": "N/A",
    "당기순이익": "N/A",
    "주당순이익": "25",
    "보통주배당금": "N/A",
    "매출액증가율": "N/A",
    "영업이익증가율": "N/A",
    "외국인비율": "0.56",
    "PER": "1,166.00",
    "ROE": "N/A",
    "ROA": "N/A",
    "PBR": "7.14",
    "유보율": "N/A",
    "code": "001529"
}