{
    "N": "1146",
    "종목명": "SK증권우",
    "현재가": "5,310",
    "상태": "상승",
    "전일비": "270",
    "등락률": "+5.36%",
    "액면가": "500",
    "거래량": "198,540",
    "거래대금": "1,114",
    "전일거래량": "28,059",
    "시가": "5,060",
    "고가": "5,960",
    "저가": "5,060",
    "매수호가": "5,310",
    "매도호가": "5,320",
    "매수총잔량": "7,034",
    "매도총잔량": "7,447",
    "상장주식수": "3,913",
    "시가총액": "208",
    "매출액": "N/A",
    "자산총계": "N/A",
    "부채총계": "N/A",
    "영업이익": "N/A",
    "당기순이익": "N/A",
    "주당순이익": "15",
    "보통주배당금": "N/A",
    "매출액증가율": "N/A",
    "영업이익증가율": "N/A",
    "외국인비율": "1.77",
    "PER": "354.00",
    "ROE": "N/A",
    "ROA": "N/A",
    "PBR": "4.12",
    "유보율": "N/A",
    "code": "001515"
}