{
    "N": "357",
    "종목명": "DI동일",
    "현재가": "166,500",
    "상태": "상승",
    "전일비": "1,500",
    "등락률": "+0.91%",
    "액면가": "5,000",
    "거래량": "27,081",
    "거래대금": "4,503",
    "전일거래량": "37,462",
    "시가": "167,500",
    "고가": "170,000",
    "저가": "163,000",
    "매수호가": "166,500",
    "매도호가": "167,000",
    "매수총잔량": "3,065",
    "매도총잔량": "4,700",
    "상장주식수": "2,466",
    "시가총액": "4,105",
    "매출액": "9,395",
    "자산총계": "9,570",
    "부채총계": "4,315",
    "영업이익": "486",
    "당기순이익": "263",
    "주당순이익": "5,600",
    "보통주배당금": "1,567",
    "매출액증가율": "3.32",
    "영업이익증가율": "9.26",
    "외국인비율": "4.49",
    "PER": "29.73",
    "ROE": "2.55",
    "ROA": "2.77",
    "PBR": "0.61",
    "유보율": "4,258.7",
    "code": "001530"
}