{
    "N": "449",
    "종목명": "금양",
    "현재가": "6,450",
    "상태": "하락",
    "전일비": "230",
    "등락률": "-3.44%",
    "액면가": "500",
    "거래량": "583,004",
    "거래대금": "3,813",
    "전일거래량": "732,797",
    "시가": "6,750",
    "고가": "6,760",
    "저가": "6,450",
    "매수호가": "6,450",
    "매도호가": "6,470",
    "매수총잔량": "39,448",
    "매도총잔량": "18,013",
    "상장주식수": "44,048",
    "시가총액": "2,841",
    "매출액": "1,727",
    "자산총계": "2,242",
    "부채총계": "1,559",
    "영업이익": "92",
    "당기순이익": "-109",
    "주당순이익": "-387",
    "보통주배당금": "N/A",
    "매출액증가율": "-15.93",
    "영업이익증가율": "-31.90",
    "외국인비율": "0.68",
    "PER": "-16.67",
    "ROE": "-14.85",
    "ROA": "-5.08",
    "PBR": "3.22",
    "유보율": "167.7",
    "code": "001570"
}