{
    "N": "864",
    "종목명": "제일연마",
    "현재가": "7,270",
    "상태": "하락",
    "전일비": "40",
    "등락률": "-0.55%",
    "액면가": "500",
    "거래량": "12,523",
    "거래대금": "91",
    "전일거래량": "33,933",
    "시가": "7,250",
    "고가": "7,390",
    "저가": "7,190",
    "매수호가": "7,220",
    "매도호가": "7,270",
    "매수총잔량": "3,519",
    "매도총잔량": "1,499",
    "상장주식수": "10,000",
    "시가총액": "727",
    "매출액": "811",
    "자산총계": "1,025",
    "부채총계": "185",
    "영업이익": "69",
    "당기순이익": "64",
    "주당순이익": "409",
    "보통주배당금": "220",
    "매출액증가율": "-1.36",
    "영업이익증가율": "27.88",
    "외국인비율": "4.87",
    "PER": "17.78",
    "ROE": "7.84",
    "ROA": "6.28",
    "PBR": "0.65",
    "유보율": "1,929.4",
    "code": "001560"
}