{
    "N": "1563",
    "종목명": "동양2우B",
    "현재가": "12,000",
    "상태": "하락",
    "전일비": "100",
    "등락률": "-0.83%",
    "액면가": "500",
    "거래량": "884",
    "거래대금": "10",
    "전일거래량": "393",
    "시가": "12,100",
    "고가": "12,100",
    "저가": "12,000",
    "매수호가": "12,000",
    "매도호가": "12,050",
    "매수총잔량": "2,779",
    "매도총잔량": "2,447",
    "상장주식수": "309",
    "시가총액": "37",
    "매출액": "N/A",
    "자산총계": "N/A",
    "부채총계": "N/A",
    "영업이익": "N/A",
    "당기순이익": "N/A",
    "주당순이익": "25",
    "보통주배당금": "N/A",
    "매출액증가율": "N/A",
    "영업이익증가율": "N/A",
    "외국인비율": "0.00",
    "PER": "480.00",
    "ROE": "N/A",
    "ROA": "N/A",
    "PBR": "2.94",
    "유보율": "N/A",
    "code": "001527"
}