{
    "N": "354",
    "종목명": "SK증권",
    "현재가": "881",
    "상태": "상승",
    "전일비": "70",
    "등락률": "+8.63%",
    "액면가": "500",
    "거래량": "198,873,107",
    "거래대금": "186,029",
    "전일거래량": "4,640,571",
    "시가": "824",
    "고가": "999",
    "저가": "821",
    "매수호가": "881",
    "매도호가": "882",
    "매수총잔량": "902,458",
    "매도총잔량": "334,062",
    "상장주식수": "472,590",
    "시가총액": "4,164",
    "매출액": "5,502",
    "자산총계": "41,395",
    "부채총계": "35,693",
    "영업이익": "214",
    "당기순이익": "312",
    "주당순이익": "15",
    "보통주배당금": "10",
    "매출액증가율": "2.99",
    "영업이익증가율": "65.66",
    "외국인비율": "5.65",
    "PER": "58.73",
    "ROE": "5.62",
    "ROA": "0.79",
    "PBR": "0.68",
    "유보율": "140.9",
    "code": "001510"
}