{
    "N": "765",
    "종목명": "조비",
    "현재가": "19,450",
    "상태": "상승",
    "전일비": "100",
    "등락률": "+0.52%",
    "액면가": "5,000",
    "거래량": "47,292",
    "거래대금": "909",
    "전일거래량": "66,685",
    "시가": "19,400",
    "고가": "19,550",
    "저가": "18,950",
    "매수호가": "19,450",
    "매도호가": "19,500",
    "매수총잔량": "3,842",
    "매도총잔량": "5,865",
    "상장주식수": "5,192",
    "시가총액": "1,010",
    "매출액": "709",
    "자산총계": "917",
    "부채총계": "437",
    "영업이익": "10",
    "당기순이익": "-1",
    "주당순이익": "617",
    "보통주배당금": "N/A",
    "매출액증가율": "17.16",
    "영업이익증가율": "-48.94",
    "외국인비율": "0.51",
    "PER": "31.52",
    "ROE": "-0.27",
    "ROA": "-0.14",
    "PBR": "1.98",
    "유보율": "88.1",
    "code": "001550"
}