{
    "N": "445",
    "종목명": "동양",
    "현재가": "1,215",
    "상태": "하락",
    "전일비": "5",
    "등락률": "-0.41%",
    "액면가": "500",
    "거래량": "832,721",
    "거래대금": "1,018",
    "전일거래량": "572,514",
    "시가": "1,230",
    "고가": "1,235",
    "저가": "1,210",
    "매수호가": "1,210",
    "매도호가": "1,215",
    "매수총잔량": "232,532",
    "매도총잔량": "395,556",
    "상장주식수": "238,684",
    "시가총액": "2,900",
    "매출액": "5,391",
    "자산총계": "10,174",
    "부채총계": "1,983",
    "영업이익": "-201",
    "당기순이익": "-23",
    "주당순이익": "25",
    "보통주배당금": "40",
    "매출액증가율": "1.76",
    "영업이익증가율": "-2,905.32",
    "외국인비율": "7.73",
    "PER": "48.60",
    "ROE": "-0.05",
    "ROA": "-0.23",
    "PBR": "0.30",
    "유보율": "732.5",
    "code": "001520"
}