{
    "N": "377",
    "종목명": "현대차증권",
    "현재가": "12,900",
    "상태": "상승",
    "전일비": "350",
    "등락률": "+2.79%",
    "액면가": "5,000",
    "거래량": "620,021",
    "거래대금": "8,077",
    "전일거래량": "202,608",
    "시가": "12,650",
    "고가": "13,550",
    "저가": "12,600",
    "매수호가": "12,850",
    "매도호가": "12,900",
    "매수총잔량": "19,227",
    "매도총잔량": "41,013",
    "상장주식수": "29,337",
    "시가총액": "3,784",
    "매출액": "7,162",
    "자산총계": "70,307",
    "부채총계": "60,415",
    "영업이익": "984",
    "당기순이익": "718",
    "주당순이익": "2,669",
    "보통주배당금": "600",
    "매출액증가율": "15.70",
    "영업이익증가율": "44.47",
    "외국인비율": "5.08",
    "PER": "4.83",
    "ROE": "7.93",
    "ROA": "1.05",
    "PBR": "0.47",
    "유보율": "410.5",
    "code": "001500"
}