{
    "N": "269",
    "종목명": "종근당홀딩스",
    "현재가": "130,000",
    "상태": "상승",
    "전일비": "500",
    "등락률": "+0.39%",
    "액면가": "2,500",
    "거래량": "64,797",
    "거래대금": "8,405",
    "전일거래량": "140,808",
    "시가": "129,500",
    "고가": "132,000",
    "저가": "128,000",
    "매수호가": "130,000",
    "매도호가": "130,500",
    "매수총잔량": "12,461",
    "매도총잔량": "10,451",
    "상장주식수": "5,010",
    "시가총액": "6,513",
    "매출액": "7,206",
    "자산총계": "10,747",
    "부채총계": "3,347",
    "영업이익": "862",
    "당기순이익": "793",
    "주당순이익": "11,316",
    "보통주배당금": "1,300",
    "매출액증가율": "35.69",
    "영업이익증가율": "60.40",
    "외국인비율": "11.29",
    "PER": "11.49",
    "ROE": "10.03",
    "ROA": "8.15",
    "PBR": "1.28",
    "유보율": "3,640.1",
    "code": "001630"
}