{
    "N": "1117",
    "종목명": "대상우",
    "현재가": "18,000",
    "상태": "하락",
    "전일비": "300",
    "등락률": "-1.64%",
    "액면가": "1,000",
    "거래량": "8,274",
    "거래대금": "149",
    "전일거래량": "6,961",
    "시가": "18,350",
    "고가": "18,500",
    "저가": "17,950",
    "매수호가": "17,950",
    "매도호가": "18,000",
    "매수총잔량": "4,667",
    "매도총잔량": "1,270",
    "상장주식수": "1,370",
    "시가총액": "247",
    "매출액": "N/A",
    "자산총계": "N/A",
    "부채총계": "N/A",
    "영업이익": "N/A",
    "당기순이익": "N/A",
    "주당순이익": "4,180",
    "보통주배당금": "N/A",
    "매출액증가율": "N/A",
    "영업이익증가율": "N/A",
    "외국인비율": "10.89",
    "PER": "4.31",
    "ROE": "N/A",
    "ROA": "N/A",
    "PBR": "0.59",
    "유보율": "N/A",
    "code": "001685"
}