{
    "N": "207",
    "종목명": "대상",
    "현재가": "26,450",
    "상태": "하락",
    "전일비": "600",
    "등락률": "-2.22%",
    "액면가": "1,000",
    "거래량": "476,931",
    "거래대금": "12,759",
    "전일거래량": "702,853",
    "시가": "27,500",
    "고가": "27,500",
    "저가": "26,350",
    "매수호가": "26,450",
    "매도호가": "26,500",
    "매수총잔량": "51,893",
    "매도총잔량": "30,102",
    "상장주식수": "34,648",
    "시가총액": "9,164",
    "매출액": "29,640",
    "자산총계": "23,971",
    "부채총계": "13,749",
    "영업이익": "1,298",
    "당기순이익": "1,089",
    "주당순이익": "4,180",
    "보통주배당금": "600",
    "매출액증가율": "0.24",
    "영업이익증가율": "8.03",
    "외국인비율": "16.32",
    "PER": "6.33",
    "ROE": "11.17",
    "ROA": "4.74",
    "PBR": "0.86",
    "유보율": "2,845.8",
    "code": "001680"
}