{
    "N": "964",
    "종목명": "케이비아이동국실업",
    "현재가": "721",
    "상태": "하락",
    "전일비": "13",
    "등락률": "-1.77%",
    "액면가": "500",
    "거래량": "215,487",
    "거래대금": "156",
    "전일거래량": "167,807",
    "시가": "731",
    "고가": "742",
    "저가": "709",
    "매수호가": "721",
    "매도호가": "724",
    "매수총잔량": "11,312",
    "매도총잔량": "19,404",
    "상장주식수": "66,042",
    "시가총액": "476",
    "매출액": "6,156",
    "자산총계": "5,597",
    "부채총계": "3,833",
    "영업이익": "-140",
    "당기순이익": "3",
    "주당순이익": "-254",
    "보통주배당금": "N/A",
    "매출액증가율": "-5.42",
    "영업이익증가율": "-15.18",
    "외국인비율": "0.87",
    "PER": "-2.84",
    "ROE": "-1.19",
    "ROA": "0.05",
    "PBR": "0.29",
    "유보율": "499.5",
    "code": "001620"
}