{
    "N": "553",
    "종목명": "대한제당",
    "현재가": "21,200",
    "상태": "하락",
    "전일비": "650",
    "등락률": "-2.97%",
    "액면가": "2,500",
    "거래량": "49,547",
    "거래대금": "1,065",
    "전일거래량": "21,019",
    "시가": "22,050",
    "고가": "23,000",
    "저가": "21,050",
    "매수호가": "21,150",
    "매도호가": "21,200",
    "매수총잔량": "5,413",
    "매도총잔량": "3,451",
    "상장주식수": "8,970",
    "시가총액": "1,902",
    "매출액": "12,044",
    "자산총계": "11,431",
    "부채총계": "6,788",
    "영업이익": "295",
    "당기순이익": "144",
    "주당순이익": "2,231",
    "보통주배당금": "675",
    "매출액증가율": "-0.33",
    "영업이익증가율": "-9.93",
    "외국인비율": "1.98",
    "PER": "9.50",
    "ROE": "3.22",
    "ROA": "1.27",
    "PBR": "0.41",
    "유보율": "1,397.1",
    "code": "001790"
}