{
    "N": "312",
    "종목명": "신영증권",
    "현재가": "53,200",
    "상태": "상승",
    "전일비": "600",
    "등락률": "+1.14%",
    "액면가": "5,000",
    "거래량": "15,180",
    "거래대금": "812",
    "전일거래량": "8,272",
    "시가": "52,600",
    "고가": "54,200",
    "저가": "52,600",
    "매수호가": "53,200",
    "매도호가": "53,300",
    "매수총잔량": "2,986",
    "매도총잔량": "1,675",
    "상장주식수": "9,386",
    "시가총액": "4,993",
    "매출액": "25,676",
    "자산총계": "96,293",
    "부채총계": "84,605",
    "영업이익": "162",
    "당기순이익": "203",
    "주당순이익": "4,693",
    "보통주배당금": "2,500",
    "매출액증가율": "54.20",
    "영업이익증가율": "-84.34",
    "외국인비율": "7.32",
    "PER": "11.34",
    "ROE": "1.80",
    "ROA": "0.21",
    "PBR": "0.36",
    "유보율": "1,502.1",
    "code": "001720"
}