{
    "N": "171",
    "종목명": "SK네트웍스",
    "현재가": "5,050",
    "상태": "하락",
    "전일비": "180",
    "등락률": "-3.44%",
    "액면가": "2,500",
    "거래량": "1,901,889",
    "거래대금": "9,770",
    "전일거래량": "2,804,263",
    "시가": "5,240",
    "고가": "5,270",
    "저가": "5,050",
    "매수호가": "5,050",
    "매도호가": "5,060",
    "매수총잔량": "252,997",
    "매도총잔량": "20,857",
    "상장주식수": "248,188",
    "시가총액": "12,533",
    "매출액": "130,542",
    "자산총계": "101,388",
    "부채총계": "78,335",
    "영업이익": "1,094",
    "당기순이익": "-1,226",
    "주당순이익": "-231",
    "보통주배당금": "120",
    "매출액증가율": "3.23",
    "영업이익증가율": "-18.10",
    "외국인비율": "12.30",
    "PER": "-21.86",
    "ROE": "-5.85",
    "ROA": "-1.37",
    "PBR": "0.52",
    "유보율": "249.5",
    "code": "001740"
}