{
    "N": "1277",
    "종목명": "SK네트웍스우",
    "현재가": "108,000",
    "상태": "상승",
    "전일비": "3,500",
    "등락률": "+3.35%",
    "액면가": "2,500",
    "거래량": "1,286",
    "거래대금": "142",
    "전일거래량": "1,702",
    "시가": "105,000",
    "고가": "115,000",
    "저가": "105,000",
    "매수호가": "108,000",
    "매도호가": "109,000",
    "매수총잔량": "485",
    "매도총잔량": "761",
    "상장주식수": "114",
    "시가총액": "123",
    "매출액": "N/A",
    "자산총계": "N/A",
    "부채총계": "N/A",
    "영업이익": "N/A",
    "당기순이익": "N/A",
    "주당순이익": "-231",
    "보통주배당금": "N/A",
    "매출액증가율": "N/A",
    "영업이익증가율": "N/A",
    "외국인비율": "0.44",
    "PER": "-467.53",
    "ROE": "N/A",
    "ROA": "N/A",
    "PBR": "11.07",
    "유보율": "N/A",
    "code": "001745"
}