{
    "N": "1386",
    "종목명": "한양증권우",
    "현재가": "16,900",
    "상태": "상승",
    "전일비": "600",
    "등락률": "+3.68%",
    "액면가": "5,000",
    "거래량": "7,320",
    "거래대금": "129",
    "전일거래량": "1,418",
    "시가": "18,000",
    "고가": "18,500",
    "저가": "16,900",
    "매수호가": "16,900",
    "매도호가": "17,000",
    "매수총잔량": "881",
    "매도총잔량": "4,179",
    "상장주식수": "525",
    "시가총액": "89",
    "매출액": "N/A",
    "자산총계": "N/A",
    "부채총계": "N/A",
    "영업이익": "N/A",
    "당기순이익": "N/A",
    "주당순이익": "3,243",
    "보통주배당금": "N/A",
    "매출액증가율": "N/A",
    "영업이익증가율": "N/A",
    "외국인비율": "0.75",
    "PER": "5.21",
    "ROE": "N/A",
    "ROA": "N/A",
    "PBR": "0.66",
    "유보율": "N/A",
    "code": "001755"
}