{
    "N": "388",
    "종목명": "신영증권우",
    "현재가": "51,400",
    "상태": "상승",
    "전일비": "500",
    "등락률": "+0.98%",
    "액면가": "5,000",
    "거래량": "4,078",
    "거래대금": "209",
    "전일거래량": "796",
    "시가": "50,900",
    "고가": "52,200",
    "저가": "50,800",
    "매수호가": "51,400",
    "매도호가": "51,500",
    "매수총잔량": "4,845",
    "매도총잔량": "544",
    "상장주식수": "7,054",
    "시가총액": "3,626",
    "매출액": "N/A",
    "자산총계": "N/A",
    "부채총계": "N/A",
    "영업이익": "N/A",
    "당기순이익": "N/A",
    "주당순이익": "4,693",
    "보통주배당금": "N/A",
    "매출액증가율": "N/A",
    "영업이익증가율": "N/A",
    "외국인비율": "6.26",
    "PER": "10.95",
    "ROE": "N/A",
    "ROA": "N/A",
    "PBR": "0.35",
    "유보율": "N/A",
    "code": "001725"
}