{
    "N": "711",
    "종목명": "한양증권",
    "현재가": "9,400",
    "상태": "상승",
    "전일비": "300",
    "등락률": "+3.30%",
    "액면가": "5,000",
    "거래량": "229,621",
    "거래대금": "2,174",
    "전일거래량": "55,838",
    "시가": "9,130",
    "고가": "9,990",
    "저가": "9,130",
    "매수호가": "9,400",
    "매도호가": "9,420",
    "매수총잔량": "13,980",
    "매도총잔량": "5,376",
    "상장주식수": "12,729",
    "시가총액": "1,196",
    "매출액": "3,104",
    "자산총계": "18,222",
    "부채총계": "15,275",
    "영업이익": "296",
    "당기순이익": "222",
    "주당순이익": "3,243",
    "보통주배당금": "350",
    "매출액증가율": "51.36",
    "영업이익증가율": "426.43",
    "외국인비율": "4.78",
    "PER": "2.90",
    "ROE": "7.85",
    "ROA": "1.21",
    "PBR": "0.37",
    "유보율": "345.5",
    "code": "001750"
}