{
    "N": "1101",
    "종목명": "신화실업",
    "현재가": "21,400",
    "상태": "하락",
    "전일비": "300",
    "등락률": "-1.38%",
    "액면가": "5,000",
    "거래량": "9,071",
    "거래대금": "193",
    "전일거래량": "29,550",
    "시가": "21,700",
    "고가": "21,900",
    "저가": "21,150",
    "매수호가": "21,400",
    "매도호가": "21,500",
    "매수총잔량": "1,501",
    "매도총잔량": "1,584",
    "상장주식수": "1,215",
    "시가총액": "260",
    "매출액": "741",
    "자산총계": "653",
    "부채총계": "311",
    "영업이익": "10",
    "당기순이익": "10",
    "주당순이익": "301",
    "보통주배당금": "100",
    "매출액증가율": "3.45",
    "영업이익증가율": "-68.13",
    "외국인비율": "0.36",
    "PER": "71.10",
    "ROE": "2.83",
    "ROA": "1.48",
    "PBR": "0.76",
    "유보율": "470.1",
    "code": "001770"
}