{
    "N": "358",
    "종목명": "알루코",
    "현재가": "4,920",
    "상태": "하락",
    "전일비": "250",
    "등락률": "-4.84%",
    "액면가": "500",
    "거래량": "18,817,713",
    "거래대금": "98,383",
    "전일거래량": "33,559,854",
    "시가": "5,240",
    "고가": "5,500",
    "저가": "4,920",
    "매수호가": "4,920",
    "매도호가": "4,925",
    "매수총잔량": "126,224",
    "매도총잔량": "50,065",
    "상장주식수": "83,207",
    "시가총액": "4,094",
    "매출액": "4,544",
    "자산총계": "7,726",
    "부채총계": "4,867",
    "영업이익": "122",
    "당기순이익": "-68",
    "주당순이익": "58",
    "보통주배당금": "0",
    "매출액증가율": "-10.34",
    "영업이익증가율": "1.29",
    "외국인비율": "1.49",
    "PER": "84.83",
    "ROE": "-3.55",
    "ROA": "-0.90",
    "PBR": "1.75",
    "유보율": "442.0",
    "code": "001780"
}