{
    "N": "250",
    "종목명": "삼화콘덴서",
    "현재가": "66,800",
    "상태": "하락",
    "전일비": "2,300",
    "등락률": "-3.33%",
    "액면가": "1,000",
    "거래량": "395,379",
    "거래대금": "26,720",
    "전일거래량": "379,911",
    "시가": "69,500",
    "고가": "69,900",
    "저가": "66,700",
    "매수호가": "66,800",
    "매도호가": "66,900",
    "매수총잔량": "31,314",
    "매도총잔량": "3,543",
    "상장주식수": "10,395",
    "시가총액": "6,944",
    "매출액": "2,545",
    "자산총계": "2,148",
    "부채총계": "609",
    "영업이익": "373",
    "당기순이익": "298",
    "주당순이익": "2,036",
    "보통주배당금": "250",
    "매출액증가율": "-7.25",
    "영업이익증가율": "-54.18",
    "외국인비율": "11.85",
    "PER": "32.81",
    "ROE": "21.24",
    "ROA": "13.71",
    "PBR": "4.00",
    "유보율": "1,312.7",
    "code": "001820"
}