{
    "N": "240",
    "종목명": "대림건설",
    "현재가": "33,400",
    "상태": "상승",
    "전일비": "1,100",
    "등락률": "+3.41%",
    "액면가": "5,000",
    "거래량": "339,785",
    "거래대금": "11,394",
    "전일거래량": "266,537",
    "시가": "33,300",
    "고가": "34,250",
    "저가": "32,600",
    "매수호가": "33,400",
    "매도호가": "33,450",
    "매수총잔량": "13,639",
    "매도총잔량": "5,574",
    "상장주식수": "22,053",
    "시가총액": "7,366",
    "매출액": "12,799",
    "자산총계": "8,517",
    "부채총계": "3,939",
    "영업이익": "1,430",
    "당기순이익": "951",
    "주당순이익": "7,908",
    "보통주배당금": "400",
    "매출액증가율": "32.56",
    "영업이익증가율": "57.27",
    "외국인비율": "2.58",
    "PER": "4.22",
    "ROE": "23.04",
    "ROA": "11.54",
    "PBR": "0.98",
    "유보율": "503.5",
    "code": "001880"
}