{
    "N": "224",
    "종목명": "오리온홀딩스",
    "현재가": "13,100",
    "상태": "하락",
    "전일비": "200",
    "등락률": "-1.50%",
    "액면가": "500",
    "거래량": "381,897",
    "거래대금": "5,035",
    "전일거래량": "314,113",
    "시가": "13,400",
    "고가": "13,450",
    "저가": "13,000",
    "매수호가": "13,050",
    "매도호가": "13,100",
    "매수총잔량": "62,091",
    "매도총잔량": "107,997",
    "상장주식수": "62,645",
    "시가총액": "8,207",
    "매출액": "21,036",
    "자산총계": "43,663",
    "부채총계": "10,287",
    "영업이익": "2,667",
    "당기순이익": "1,564",
    "주당순이익": "1,113",
    "보통주배당금": "650",
    "매출액증가율": "5.30",
    "영업이익증가율": "15.68",
    "외국인비율": "6.34",
    "PER": "11.77",
    "ROE": "2.55",
    "ROA": "3.59",
    "PBR": "0.40",
    "유보율": "5,921.8",
    "code": "001800"
}