{
    "N": "456",
    "종목명": "KISCO홀딩스",
    "현재가": "14,750",
    "상태": "상승",
    "전일비": "250",
    "등락률": "+1.72%",
    "액면가": "1,000",
    "거래량": "33,183",
    "거래대금": "482",
    "전일거래량": "74,725",
    "시가": "14,450",
    "고가": "14,750",
    "저가": "14,400",
    "매수호가": "14,600",
    "매도호가": "14,750",
    "매수총잔량": "37,285",
    "매도총잔량": "1,620",
    "상장주식수": "18,476",
    "시가총액": "2,725",
    "매출액": "11,830",
    "자산총계": "15,573",
    "부채총계": "2,298",
    "영업이익": "576",
    "당기순이익": "629",
    "주당순이익": "2,749",
    "보통주배당금": "280",
    "매출액증가율": "-8.20",
    "영업이익증가율": "-12.41",
    "외국인비율": "9.67",
    "PER": "5.37",
    "ROE": "5.58",
    "ROA": "4.05",
    "PBR": "0.26",
    "유보율": "3,409.2",
    "code": "001940"
}