{
    "N": "451",
    "종목명": "코오롱",
    "현재가": "22,400",
    "상태": "상승",
    "전일비": "750",
    "등락률": "+3.46%",
    "액면가": "5,000",
    "거래량": "198,451",
    "거래대금": "4,413",
    "전일거래량": "52,951",
    "시가": "21,750",
    "고가": "22,500",
    "저가": "21,650",
    "매수호가": "22,350",
    "매도호가": "22,400",
    "매수총잔량": "7,306",
    "매도총잔량": "16,299",
    "상장주식수": "12,626",
    "시가총액": "2,828",
    "매출액": "44,060",
    "자산총계": "36,313",
    "부채총계": "28,967",
    "영업이익": "1,245",
    "당기순이익": "-95",
    "주당순이익": "7,341",
    "보통주배당금": "500",
    "매출액증가율": "1.88",
    "영업이익증가율": "18.58",
    "외국인비율": "11.81",
    "PER": "3.05",
    "ROE": "-2.61",
    "ROA": "-0.27",
    "PBR": "0.44",
    "유보율": "867.2",
    "code": "002020"
}