{
    "N": "757",
    "종목명": "비비안",
    "현재가": "3,910",
    "상태": "상승",
    "전일비": "210",
    "등락률": "+5.68%",
    "액면가": "500",
    "거래량": "4,344,700",
    "거래대금": "17,144",
    "전일거래량": "707,861",
    "시가": "3,700",
    "고가": "4,120",
    "저가": "3,650",
    "매수호가": "3,910",
    "매도호가": "3,915",
    "매수총잔량": "16,003",
    "매도총잔량": "18,658",
    "상장주식수": "26,736",
    "시가총액": "1,045",
    "매출액": "2,001",
    "자산총계": "1,333",
    "부채총계": "320",
    "영업이익": "-5",
    "당기순이익": "-24",
    "주당순이익": "-1,995",
    "보통주배당금": "0",
    "매출액증가율": "-5.35",
    "영업이익증가율": "89.71",
    "외국인비율": "0.52",
    "PER": "-1.96",
    "ROE": "-2.12",
    "ROA": "-1.77",
    "PBR": "0.87",
    "유보율": "1,448.1",
    "code": "002070"
}