{
    "N": "539",
    "종목명": "아세아",
    "현재가": "90,900",
    "상태": "하락",
    "전일비": "600",
    "등락률": "-0.66%",
    "액면가": "5,000",
    "거래량": "4,020",
    "거래대금": "364",
    "전일거래량": "3,045",
    "시가": "91,500",
    "고가": "91,900",
    "저가": "90,200",
    "매수호가": "90,500",
    "매도호가": "90,900",
    "매수총잔량": "1,189",
    "매도총잔량": "396",
    "상장주식수": "2,191",
    "시가총액": "1,992",
    "매출액": "15,424",
    "자산총계": "28,695",
    "부채총계": "14,084",
    "영업이익": "1,581",
    "당기순이익": "945",
    "주당순이익": "16,471",
    "보통주배당금": "1,750",
    "매출액증가율": "-5.23",
    "영업이익증가율": "-13.90",
    "외국인비율": "3.89",
    "PER": "5.52",
    "ROE": "6.37",
    "ROA": "3.31",
    "PBR": "0.21",
    "유보율": "11,553.6",
    "code": "002030"
}