{
    "N": "452",
    "종목명": "도화엔지니어링",
    "현재가": "8,370",
    "상태": "하락",
    "전일비": "80",
    "등락률": "-0.95%",
    "액면가": "500",
    "거래량": "140,480",
    "거래대금": "1,185",
    "전일거래량": "320,692",
    "시가": "8,450",
    "고가": "8,600",
    "저가": "8,370",
    "매수호가": "8,370",
    "매도호가": "8,380",
    "매수총잔량": "19,238",
    "매도총잔량": "10,400",
    "상장주식수": "33,720",
    "시가총액": "2,822",
    "매출액": "5,161",
    "자산총계": "4,090",
    "부채총계": "1,564",
    "영업이익": "271",
    "당기순이익": "174",
    "주당순이익": "605",
    "보통주배당금": "250",
    "매출액증가율": "28.24",
    "영업이익증가율": "56.56",
    "외국인비율": "1.59",
    "PER": "13.83",
    "ROE": "6.94",
    "ROA": "4.43",
    "PBR": "1.10",
    "유보율": "1,447.7",
    "code": "002150"
}