{
    "N": "559",
    "종목명": "삼양통상",
    "현재가": "62,000",
    "상태": "하락",
    "전일비": "700",
    "등락률": "-1.12%",
    "액면가": "5,000",
    "거래량": "16,832",
    "거래대금": "1,048",
    "전일거래량": "13,492",
    "시가": "62,700",
    "고가": "63,200",
    "저가": "61,800",
    "매수호가": "62,000",
    "매도호가": "62,100",
    "매수총잔량": "1,962",
    "매도총잔량": "1,148",
    "상장주식수": "3,000",
    "시가총액": "1,860",
    "매출액": "1,921",
    "자산총계": "3,717",
    "부채총계": "429",
    "영업이익": "494",
    "당기순이익": "442",
    "주당순이익": "15,118",
    "보통주배당금": "1,000",
    "매출액증가율": "4.86",
    "영업이익증가율": "53.88",
    "외국인비율": "5.10",
    "PER": "4.10",
    "ROE": "14.22",
    "ROA": "12.64",
    "PBR": "0.50",
    "유보율": "2,143.7",
    "code": "002170"
}