{
    "N": "705",
    "종목명": "고려산업",
    "현재가": "4,830",
    "상태": "상승",
    "전일비": "165",
    "등락률": "+3.54%",
    "액면가": "1,000",
    "거래량": "12,880,857",
    "거래대금": "65,738",
    "전일거래량": "668,883",
    "시가": "4,775",
    "고가": "5,380",
    "저가": "4,760",
    "매수호가": "4,830",
    "매도호가": "4,835",
    "매수총잔량": "17,428",
    "매도총잔량": "26,609",
    "상장주식수": "24,939",
    "시가총액": "1,205",
    "매출액": "1,925",
    "자산총계": "2,065",
    "부채총계": "1,107",
    "영업이익": "58",
    "당기순이익": "47",
    "주당순이익": "329",
    "보통주배당금": "30",
    "매출액증가율": "21.48",
    "영업이익증가율": "0.05",
    "외국인비율": "1.06",
    "PER": "14.68",
    "ROE": "4.75",
    "ROA": "2.25",
    "PBR": "1.18",
    "유보율": "288.9",
    "code": "002140"
}