{
    "N": "459",
    "종목명": "경농",
    "현재가": "12,400",
    "상태": "상승",
    "전일비": "200",
    "등락률": "+1.64%",
    "액면가": "500",
    "거래량": "167,817",
    "거래대금": "2,066",
    "전일거래량": "114,100",
    "시가": "12,250",
    "고가": "12,550",
    "저가": "12,050",
    "매수호가": "12,400",
    "매도호가": "12,450",
    "매수총잔량": "34,850",
    "매도총잔량": "32,370",
    "상장주식수": "21,692",
    "시가총액": "2,690",
    "매출액": "2,275",
    "자산총계": "3,709",
    "부채총계": "1,690",
    "영업이익": "87",
    "당기순이익": "40",
    "주당순이익": "483",
    "보통주배당금": "220",
    "매출액증가율": "6.99",
    "영업이익증가율": "-41.16",
    "외국인비율": "0.42",
    "PER": "25.67",
    "ROE": "2.47",
    "ROA": "1.10",
    "PBR": "1.12",
    "유보율": "1,712.1",
    "code": "002100"
}