{
    "N": "381",
    "종목명": "롯데푸드",
    "현재가": "331,000",
    "상태": "상승",
    "전일비": "4,000",
    "등락률": "+1.22%",
    "액면가": "5,000",
    "거래량": "5,575",
    "거래대금": "1,847",
    "전일거래량": "3,913",
    "시가": "329,000",
    "고가": "334,000",
    "저가": "327,500",
    "매수호가": "331,000",
    "매도호가": "331,500",
    "매수총잔량": "296",
    "매도총잔량": "1,124",
    "상장주식수": "1,132",
    "시가총액": "3,746",
    "매출액": "17,880",
    "자산총계": "13,212",
    "부채총계": "6,136",
    "영업이익": "495",
    "당기순이익": "375",
    "주당순이익": "65,555",
    "보통주배당금": "12,000",
    "매출액증가율": "-1.26",
    "영업이익증가율": "-26.80",
    "외국인비율": "10.62",
    "PER": "5.05",
    "ROE": "5.40",
    "ROA": "2.97",
    "PBR": "0.39",
    "유보율": "17,366.6",
    "code": "002270"
}