{
    "N": "341",
    "종목명": "동성제약",
    "현재가": "16,600",
    "상태": "",
    "전일비": "3,800",
    "등락률": "+29.69%",
    "액면가": "1,000",
    "거래량": "22,325,341",
    "거래대금": "347,198",
    "전일거래량": "2,395,144",
    "시가": "13,050",
    "고가": "16,600",
    "저가": "12,850",
    "매수호가": "16,600",
    "매도호가": "0",
    "매수총잔량": "671,620",
    "매도총잔량": "0",
    "상장주식수": "26,101",
    "시가총액": "4,333",
    "매출액": "865",
    "자산총계": "1,317",
    "부채총계": "616",
    "영업이익": "-75",
    "당기순이익": "-84",
    "주당순이익": "-473",
    "보통주배당금": "0",
    "매출액증가율": "-5.85",
    "영업이익증가율": "-316.75",
    "외국인비율": "6.01",
    "PER": "-35.10",
    "ROE": "-13.15",
    "ROA": "-6.17",
    "PBR": "6.41",
    "유보율": "180.1",
    "code": "002210"
}