{
    "N": "962",
    "종목명": "한일철강",
    "현재가": "1,930",
    "상태": "하락",
    "전일비": "15",
    "등락률": "-0.77%",
    "액면가": "500",
    "거래량": "82,976",
    "거래대금": "160",
    "전일거래량": "67,537",
    "시가": "1,960",
    "고가": "1,960",
    "저가": "1,885",
    "매수호가": "1,930",
    "매도호가": "1,940",
    "매수총잔량": "19,891",
    "매도총잔량": "19,558",
    "상장주식수": "24,882",
    "시가총액": "480",
    "매출액": "1,730",
    "자산총계": "3,194",
    "부채총계": "1,703",
    "영업이익": "-73",
    "당기순이익": "-109",
    "주당순이익": "-334",
    "보통주배당금": "0",
    "매출액증가율": "2.62",
    "영업이익증가율": "-254.58",
    "외국인비율": "0.58",
    "PER": "-5.78",
    "ROE": "-6.98",
    "ROA": "-3.45",
    "PBR": "0.29",
    "유보율": "1,247.0",
    "code": "002220"
}