{
    "N": "803",
    "종목명": "한국수출포장",
    "현재가": "22,650",
    "상태": "상승",
    "전일비": "300",
    "등락률": "+1.34%",
    "액면가": "5,000",
    "거래량": "29,631",
    "거래대금": "664",
    "전일거래량": "19,634",
    "시가": "22,250",
    "고가": "22,750",
    "저가": "22,000",
    "매수호가": "22,600",
    "매도호가": "22,650",
    "매수총잔량": "7,369",
    "매도총잔량": "3,364",
    "상장주식수": "4,000",
    "시가총액": "906",
    "매출액": "2,716",
    "자산총계": "3,081",
    "부채총계": "603",
    "영업이익": "193",
    "당기순이익": "180",
    "주당순이익": "3,068",
    "보통주배당금": "600",
    "매출액증가율": "-3.08",
    "영업이익증가율": "-16.47",
    "외국인비율": "4.42",
    "PER": "7.38",
    "ROE": "7.51",
    "ROA": "5.94",
    "PBR": "0.36",
    "유보율": "1,139.4",
    "code": "002200"
}