{
    "N": "439",
    "종목명": "고려제강",
    "현재가": "14,950",
    "상태": "하락",
    "전일비": "50",
    "등락률": "-0.33%",
    "액면가": "1,000",
    "거래량": "41,357",
    "거래대금": "622",
    "전일거래량": "41,715",
    "시가": "15,200",
    "고가": "15,400",
    "저가": "14,900",
    "매수호가": "14,950",
    "매도호가": "15,000",
    "매수총잔량": "9,592",
    "매도총잔량": "5,715",
    "상장주식수": "20,000",
    "시가총액": "2,990",
    "매출액": "16,397",
    "자산총계": "23,537",
    "부채총계": "8,718",
    "영업이익": "317",
    "당기순이익": "61",
    "주당순이익": "-1,088",
    "보통주배당금": "304",
    "매출액증가율": "3.96",
    "영업이익증가율": "-16.75",
    "외국인비율": "7.14",
    "PER": "-13.74",
    "ROE": "0.73",
    "ROA": "0.26",
    "PBR": "0.25",
    "유보율": "7,018.2",
    "code": "002240"
}