{
    "N": "239",
    "종목명": "한진",
    "현재가": "49,450",
    "상태": "하락",
    "전일비": "150",
    "등락률": "-0.30%",
    "액면가": "5,000",
    "거래량": "351,356",
    "거래대금": "17,341",
    "전일거래량": "317,247",
    "시가": "49,600",
    "고가": "50,800",
    "저가": "48,150",
    "매수호가": "49,400",
    "매도호가": "49,450",
    "매수총잔량": "4,742",
    "매도총잔량": "11,723",
    "상장주식수": "14,948",
    "시가총액": "7,392",
    "매출액": "20,623",
    "자산총계": "35,484",
    "부채총계": "24,945",
    "영업이익": "907",
    "당기순이익": "-29",
    "주당순이익": "1,538",
    "보통주배당금": "476",
    "매출액증가율": "5.72",
    "영업이익증가율": "115.44",
    "외국인비율": "16.83",
    "PER": "32.15",
    "ROE": "-0.34",
    "ROA": "-0.09",
    "PBR": "0.69",
    "유보율": "1,107.0",
    "code": "002320"
}