{
    "N": "143",
    "종목명": "KCC",
    "현재가": "202,500",
    "상태": "하락",
    "전일비": "2,000",
    "등락률": "-0.98%",
    "액면가": "5,000",
    "거래량": "81,746",
    "거래대금": "16,758",
    "전일거래량": "84,213",
    "시가": "208,500",
    "고가": "210,000",
    "저가": "202,000",
    "매수호가": "202,500",
    "매도호가": "203,000",
    "매수총잔량": "7,862",
    "매도총잔량": "3,952",
    "상장주식수": "8,886",
    "시가총액": "17,995",
    "매출액": "27,196",
    "자산총계": "93,822",
    "부채총계": "49,290",
    "영업이익": "1,332",
    "당기순이익": "-2,219",
    "주당순이익": "-315",
    "보통주배당금": "5,500",
    "매출액증가율": "-11.73",
    "영업이익증가율": "-33.68",
    "외국인비율": "11.61",
    "PER": "-642.86",
    "ROE": "-4.37",
    "ROA": "-2.42",
    "PBR": "0.37",
    "유보율": "9,923.4",
    "code": "002380"
}