{
    "N": "736",
    "종목명": "SH에너지화학",
    "현재가": "1,020",
    "상태": "상승",
    "전일비": "10",
    "등락률": "+0.99%",
    "액면가": "500",
    "거래량": "29,915,260",
    "거래대금": "30,368",
    "전일거래량": "27,102,165",
    "시가": "1,020",
    "고가": "1,080",
    "저가": "962",
    "매수호가": "1,020",
    "매도호가": "1,025",
    "매수총잔량": "621,226",
    "매도총잔량": "855,688",
    "상장주식수": "111,134",
    "시가총액": "1,134",
    "매출액": "1,409",
    "자산총계": "1,234",
    "부채총계": "244",
    "영업이익": "-31",
    "당기순이익": "-31",
    "주당순이익": "-78",
    "보통주배당금": "N/A",
    "매출액증가율": "-23.28",
    "영업이익증가율": "-249.05",
    "외국인비율": "32.68",
    "PER": "-13.08",
    "ROE": "-2.84",
    "ROA": "-2.51",
    "PBR": "1.24",
    "유보율": "76.3",
    "code": "002360"
}