{
    "N": "393",
    "종목명": "아세아제지",
    "현재가": "38,600",
    "상태": "상승",
    "전일비": "1,150",
    "등락률": "+3.07%",
    "액면가": "5,000",
    "거래량": "158,634",
    "거래대금": "6,070",
    "전일거래량": "103,291",
    "시가": "37,650",
    "고가": "38,950",
    "저가": "37,100",
    "매수호가": "38,500",
    "매도호가": "38,600",
    "매수총잔량": "2,124",
    "매도총잔량": "9,937",
    "상장주식수": "8,957",
    "시가총액": "3,457",
    "매출액": "6,977",
    "자산총계": "8,482",
    "부채총계": "2,634",
    "영업이익": "711",
    "당기순이익": "614",
    "주당순이익": "5,196",
    "보통주배당금": "600",
    "매출액증가율": "-10.08",
    "영업이익증가율": "-27.64",
    "외국인비율": "6.06",
    "PER": "7.43",
    "ROE": "10.99",
    "ROA": "7.40",
    "PBR": "0.56",
    "유보율": "1,205.7",
    "code": "002310"
}