{
    "N": "1197",
    "종목명": "넥센타이어1우B",
    "현재가": "2,565",
    "상태": "하락",
    "전일비": "35",
    "등락률": "-1.35%",
    "액면가": "500",
    "거래량": "31,524",
    "거래대금": "81",
    "전일거래량": "17,637",
    "시가": "2,600",
    "고가": "2,600",
    "저가": "2,560",
    "매수호가": "2,565",
    "매도호가": "2,570",
    "매수총잔량": "11,354",
    "매도총잔량": "6,777",
    "상장주식수": "6,500",
    "시가총액": "167",
    "매출액": "N/A",
    "자산총계": "N/A",
    "부채총계": "N/A",
    "영업이익": "N/A",
    "당기순이익": "N/A",
    "주당순이익": "150",
    "보통주배당금": "N/A",
    "매출액증가율": "N/A",
    "영업이익증가율": "N/A",
    "외국인비율": "6.04",
    "PER": "17.10",
    "ROE": "N/A",
    "ROA": "N/A",
    "PBR": "0.17",
    "유보율": "N/A",
    "code": "002355"
}