{
    "N": "285",
    "종목명": "넥센타이어",
    "현재가": "6,090",
    "상태": "하락",
    "전일비": "80",
    "등락률": "-1.30%",
    "액면가": "500",
    "거래량": "390,286",
    "거래대금": "2,386",
    "전일거래량": "374,117",
    "시가": "6,150",
    "고가": "6,200",
    "저가": "6,080",
    "매수호가": "6,080",
    "매도호가": "6,090",
    "매수총잔량": "78,240",
    "매도총잔량": "12,531",
    "상장주식수": "97,668",
    "시가총액": "5,948",
    "매출액": "20,223",
    "자산총계": "34,361",
    "부채총계": "18,781",
    "영업이익": "2,074",
    "당기순이익": "1,185",
    "주당순이익": "150",
    "보통주배당금": "105",
    "매출액증가율": "1.93",
    "영업이익증가율": "13.66",
    "외국인비율": "6.96",
    "PER": "40.60",
    "ROE": "7.94",
    "ROA": "3.55",
    "PBR": "0.41",
    "유보율": "2,732.2",
    "code": "002350"
}