{
    "N": "328",
    "종목명": "한독",
    "현재가": "33,100",
    "상태": "상승",
    "전일비": "50",
    "등락률": "+0.15%",
    "액면가": "500",
    "거래량": "153,198",
    "거래대금": "5,061",
    "전일거래량": "91,586",
    "시가": "33,050",
    "고가": "33,400",
    "저가": "32,650",
    "매수호가": "33,050",
    "매도호가": "33,100",
    "매수총잔량": "14,957",
    "매도총잔량": "8,052",
    "상장주식수": "13,764",
    "시가총액": "4,556",
    "매출액": "4,730",
    "자산총계": "7,487",
    "부채총계": "4,047",
    "영업이익": "275",
    "당기순이익": "339",
    "주당순이익": "2,283",
    "보통주배당금": "275",
    "매출액증가율": "5.88",
    "영업이익증가율": "24.39",
    "외국인비율": "2.88",
    "PER": "14.50",
    "ROE": "10.78",
    "ROA": "4.84",
    "PBR": "1.23",
    "유보율": "4,987.0",
    "code": "002390"
}