{
    "N": "703",
    "종목명": "범양건영",
    "현재가": "4,860",
    "상태": "상승",
    "전일비": "140",
    "등락률": "+2.97%",
    "액면가": "1,000",
    "거래량": "991,591",
    "거래대금": "4,849",
    "전일거래량": "486,245",
    "시가": "4,725",
    "고가": "5,100",
    "저가": "4,725",
    "매수호가": "4,855",
    "매도호가": "4,860",
    "매수총잔량": "12,017",
    "매도총잔량": "36,172",
    "상장주식수": "24,832",
    "시가총액": "1,207",
    "매출액": "2,761",
    "자산총계": "1,385",
    "부채총계": "685",
    "영업이익": "115",
    "당기순이익": "197",
    "주당순이익": "637",
    "보통주배당금": "0",
    "매출액증가율": "77.40",
    "영업이익증가율": "68.12",
    "외국인비율": "0.60",
    "PER": "7.63",
    "ROE": "32.82",
    "ROA": "15.36",
    "PBR": "1.61",
    "유보율": "243.9",
    "code": "002410"
}