{
    "N": "618",
    "종목명": "화성산업",
    "현재가": "12,500",
    "전일비": "0",
    "등락률": "0.00%",
    "액면가": "5,000",
    "거래량": "106,363",
    "거래대금": "1,327",
    "전일거래량": "116,329",
    "시가": "12,500",
    "고가": "12,650",
    "저가": "12,300",
    "매수호가": "12,450",
    "매도호가": "12,500",
    "매수총잔량": "48,602",
    "매도총잔량": "37,952",
    "상장주식수": "12,451",
    "시가총액": "1,556",
    "매출액": "4,514",
    "자산총계": "6,126",
    "부채총계": "2,416",
    "영업이익": "296",
    "당기순이익": "77",
    "주당순이익": "3,467",
    "보통주배당금": "500",
    "매출액증가율": "-5.01",
    "영업이익증가율": "-55.86",
    "외국인비율": "10.93",
    "PER": "3.61",
    "ROE": "2.06",
    "ROA": "1.22",
    "PBR": "0.38",
    "유보율": "511.1",
    "code": "002460"
}