{
    "N": "679",
    "종목명": "삼익악기",
    "현재가": "1,445",
    "상태": "하락",
    "전일비": "15",
    "등락률": "-1.03%",
    "액면가": "500",
    "거래량": "373,620",
    "거래대금": "541",
    "전일거래량": "349,166",
    "시가": "1,465",
    "고가": "1,465",
    "저가": "1,445",
    "매수호가": "1,445",
    "매도호가": "1,450",
    "매수총잔량": "140,003",
    "매도총잔량": "208,200",
    "상장주식수": "90,531",
    "시가총액": "1,308",
    "매출액": "2,654",
    "자산총계": "6,129",
    "부채총계": "3,887",
    "영업이익": "277",
    "당기순이익": "131",
    "주당순이익": "6",
    "보통주배당금": "50",
    "매출액증가율": "10.56",
    "영업이익증가율": "16.97",
    "외국인비율": "2.38",
    "PER": "240.83",
    "ROE": "6.27",
    "ROA": "2.17",
    "PBR": "0.53",
    "유보율": "455.7",
    "code": "002450"
}