{
    "N": "598",
    "종목명": "오리엔트바이오",
    "현재가": "1,390",
    "상태": "상승",
    "전일비": "125",
    "등락률": "+9.88%",
    "액면가": "500",
    "거래량": "27,655,403",
    "거래대금": "39,351",
    "전일거래량": "1,280,307",
    "시가": "1,265",
    "고가": "1,530",
    "저가": "1,245",
    "매수호가": "1,390",
    "매도호가": "1,395",
    "매수총잔량": "253,294",
    "매도총잔량": "209,932",
    "상장주식수": "118,570",
    "시가총액": "1,648",
    "매출액": "377",
    "자산총계": "721",
    "부채총계": "201",
    "영업이익": "-112",
    "당기순이익": "-116",
    "주당순이익": "-125",
    "보통주배당금": "0",
    "매출액증가율": "24.12",
    "영업이익증가율": "-11.12",
    "외국인비율": "0.99",
    "PER": "-11.12",
    "ROE": "-18.64",
    "ROA": "-14.91",
    "PBR": "3.03",
    "유보율": "1.4",
    "code": "002630"
}