{
    "N": "751",
    "종목명": "조흥",
    "현재가": "180,000",
    "상태": "상승",
    "전일비": "2,000",
    "등락률": "+1.12%",
    "액면가": "5,000",
    "거래량": "220",
    "거래대금": "39",
    "전일거래량": "4,138",
    "시가": "181,500",
    "고가": "181,500",
    "저가": "178,500",
    "매수호가": "179,000",
    "매도호가": "180,000",
    "매수총잔량": "96",
    "매도총잔량": "171",
    "상장주식수": "600",
    "시가총액": "1,080",
    "매출액": "1,951",
    "자산총계": "2,180",
    "부채총계": "886",
    "영업이익": "123",
    "당기순이익": "78",
    "주당순이익": "15,022",
    "보통주배당금": "6,000",
    "매출액증가율": "16.06",
    "영업이익증가율": "8.62",
    "외국인비율": "0.00",
    "PER": "11.98",
    "ROE": "6.15",
    "ROA": "3.80",
    "PBR": "0.82",
    "유보율": "4,215.4",
    "code": "002600"
}