{
    "N": "550",
    "종목명": "국제약품",
    "현재가": "10,400",
    "상태": "상승",
    "전일비": "560",
    "등락률": "+5.69%",
    "액면가": "1,000",
    "거래량": "2,329,637",
    "거래대금": "24,381",
    "전일거래량": "410,397",
    "시가": "9,880",
    "고가": "10,850",
    "저가": "9,810",
    "매수호가": "10,400",
    "매도호가": "10,450",
    "매수총잔량": "103,395",
    "매도총잔량": "206,351",
    "상장주식수": "18,401",
    "시가총액": "1,914",
    "매출액": "1,111",
    "자산총계": "1,346",
    "부채총계": "736",
    "영업이익": "56",
    "당기순이익": "-48",
    "주당순이익": "290",
    "보통주배당금": "N/A",
    "매출액증가율": "3.20",
    "영업이익증가율": "69.48",
    "외국인비율": "0.88",
    "PER": "35.86",
    "ROE": "-7.35",
    "ROA": "-3.65",
    "PBR": "2.42",
    "유보율": "127.7",
    "code": "002720"
}