{
    "N": "351",
    "종목명": "진흥기업",
    "현재가": "2,870",
    "상태": "상승",
    "전일비": "85",
    "등락률": "+3.05%",
    "액면가": "500",
    "거래량": "3,178,559",
    "거래대금": "9,297",
    "전일거래량": "1,864,647",
    "시가": "2,765",
    "고가": "3,035",
    "저가": "2,735",
    "매수호가": "2,870",
    "매도호가": "2,875",
    "매수총잔량": "43,593",
    "매도총잔량": "47,268",
    "상장주식수": "145,472",
    "시가총액": "4,175",
    "매출액": "5,465",
    "자산총계": "3,258",
    "부채총계": "2,284",
    "영업이익": "280",
    "당기순이익": "203",
    "주당순이익": "31",
    "보통주배당금": "N/A",
    "매출액증가율": "-18.57",
    "영업이익증가율": "-20.00",
    "외국인비율": "0.15",
    "PER": "92.58",
    "ROE": "23.08",
    "ROA": "5.88",
    "PBR": "3.98",
    "유보율": "24.3",
    "code": "002780"
}