{
    "N": "66",
    "종목명": "아모레G",
    "현재가": "55,200",
    "상태": "하락",
    "전일비": "300",
    "등락률": "-0.54%",
    "액면가": "500",
    "거래량": "205,094",
    "거래대금": "11,357",
    "전일거래량": "191,297",
    "시가": "55,300",
    "고가": "56,300",
    "저가": "54,700",
    "매수호가": "55,100",
    "매도호가": "55,200",
    "매수총잔량": "9,549",
    "매도총잔량": "7,631",
    "상장주식수": "82,458",
    "시가총액": "45,517",
    "매출액": "62,843",
    "자산총계": "82,814",
    "부채총계": "18,012",
    "영업이익": "4,982",
    "당기순이익": "2,824",
    "주당순이익": "283",
    "보통주배당금": "300",
    "매출액증가율": "3.39",
    "영업이익증가율": "-9.32",
    "외국인비율": "19.51",
    "PER": "195.05",
    "ROE": "4.12",
    "ROA": "3.61",
    "PBR": "1.51",
    "유보율": "7,355.3",
    "code": "002790"
}