{
    "N": "682",
    "종목명": "TCC스틸",
    "현재가": "5,650",
    "상태": "하락",
    "전일비": "110",
    "등락률": "-1.91%",
    "액면가": "1,000",
    "거래량": "986,254",
    "거래대금": "5,629",
    "전일거래량": "3,750,410",
    "시가": "5,700",
    "고가": "5,880",
    "저가": "5,600",
    "매수호가": "5,650",
    "매도호가": "5,670",
    "매수총잔량": "42,915",
    "매도총잔량": "25,339",
    "상장주식수": "23,000",
    "시가총액": "1,300",
    "매출액": "4,372",
    "자산총계": "3,142",
    "부채총계": "1,974",
    "영업이익": "129",
    "당기순이익": "50",
    "주당순이익": "16",
    "보통주배당금": "58",
    "매출액증가율": "5.81",
    "영업이익증가율": "-24.73",
    "외국인비율": "0.43",
    "PER": "353.12",
    "ROE": "4.42",
    "ROA": "1.63",
    "PBR": "1.13",
    "유보율": "382.9",
    "code": "002710"
}