{
    "N": "1505",
    "종목명": "진흥기업우B",
    "현재가": "6,810",
    "상태": "상승",
    "전일비": "190",
    "등락률": "+2.87%",
    "액면가": "500",
    "거래량": "12,848",
    "거래대금": "86",
    "전일거래량": "11,602",
    "시가": "6,490",
    "고가": "6,810",
    "저가": "6,490",
    "매수호가": "6,810",
    "매도호가": "6,820",
    "매수총잔량": "2,617",
    "매도총잔량": "393",
    "상장주식수": "857",
    "시가총액": "58",
    "매출액": "N/A",
    "자산총계": "N/A",
    "부채총계": "N/A",
    "영업이익": "N/A",
    "당기순이익": "N/A",
    "주당순이익": "31",
    "보통주배당금": "N/A",
    "매출액증가율": "N/A",
    "영업이익증가율": "N/A",
    "외국인비율": "1.96",
    "PER": "219.68",
    "ROE": "N/A",
    "ROA": "N/A",
    "PBR": "9.44",
    "유보율": "N/A",
    "code": "002785"
}