{
    "N": "469",
    "종목명": "아모레G3우(전환)",
    "현재가": "36,300",
    "상태": "상승",
    "전일비": "450",
    "등락률": "+1.26%",
    "액면가": "500",
    "거래량": "8,849",
    "거래대금": "318",
    "전일거래량": "3,889",
    "시가": "35,850",
    "고가": "36,350",
    "저가": "35,800",
    "매수호가": "36,250",
    "매도호가": "36,300",
    "매수총잔량": "638",
    "매도총잔량": "1,811",
    "상장주식수": "7,092",
    "시가총액": "2,574",
    "매출액": "N/A",
    "자산총계": "N/A",
    "부채총계": "N/A",
    "영업이익": "N/A",
    "당기순이익": "N/A",
    "주당순이익": "283",
    "보통주배당금": "N/A",
    "매출액증가율": "N/A",
    "영업이익증가율": "N/A",
    "외국인비율": "7.05",
    "PER": "128.27",
    "ROE": "N/A",
    "ROA": "N/A",
    "PBR": "0.99",
    "유보율": "N/A",
    "code": "00279K"
}