{
    "N": "677",
    "종목명": "아모레G우",
    "현재가": "20,350",
    "전일비": "0",
    "등락률": "0.00%",
    "액면가": "500",
    "거래량": "31,040",
    "거래대금": "631",
    "전일거래량": "38,803",
    "시가": "20,250",
    "고가": "20,550",
    "저가": "20,200",
    "매수호가": "20,300",
    "매도호가": "20,350",
    "매수총잔량": "10,040",
    "매도총잔량": "11,071",
    "상장주식수": "6,444",
    "시가총액": "1,311",
    "매출액": "N/A",
    "자산총계": "N/A",
    "부채총계": "N/A",
    "영업이익": "N/A",
    "당기순이익": "N/A",
    "주당순이익": "283",
    "보통주배당금": "N/A",
    "매출액증가율": "N/A",
    "영업이익증가율": "N/A",
    "외국인비율": "45.50",
    "PER": "71.91",
    "ROE": "N/A",
    "ROA": "N/A",
    "PBR": "0.56",
    "유보율": "N/A",
    "code": "002795"
}