{
    "N": "626",
    "종목명": "보락",
    "현재가": "2,545",
    "상태": "상승",
    "전일비": "55",
    "등락률": "+2.21%",
    "액면가": "200",
    "거래량": "2,448,356",
    "거래대금": "6,269",
    "전일거래량": "1,489,847",
    "시가": "2,510",
    "고가": "2,595",
    "저가": "2,505",
    "매수호가": "2,540",
    "매도호가": "2,545",
    "매수총잔량": "210,599",
    "매도총잔량": "153,767",
    "상장주식수": "59,900",
    "시가총액": "1,524",
    "매출액": "361",
    "자산총계": "556",
    "부채총계": "117",
    "영업이익": "6",
    "당기순이익": "6",
    "주당순이익": "9",
    "보통주배당금": "5",
    "매출액증가율": "6.99",
    "영업이익증가율": "-52.22",
    "외국인비율": "0.44",
    "PER": "282.78",
    "ROE": "1.48",
    "ROA": "1.19",
    "PBR": "3.48",
    "유보율": "267.5",
    "code": "002760"
}