{
    "N": "669",
    "종목명": "신일전자",
    "현재가": "1,910",
    "상태": "하락",
    "전일비": "5",
    "등락률": "-0.26%",
    "액면가": "500",
    "거래량": "1,210,697",
    "거래대금": "2,307",
    "전일거래량": "1,252,893",
    "시가": "1,920",
    "고가": "1,920",
    "저가": "1,895",
    "매수호가": "1,905",
    "매도호가": "1,910",
    "매수총잔량": "370,534",
    "매도총잔량": "335,330",
    "상장주식수": "71,048",
    "시가총액": "1,357",
    "매출액": "1,459",
    "자산총계": "1,001",
    "부채총계": "306",
    "영업이익": "16",
    "당기순이익": "43",
    "주당순이익": "70",
    "보통주배당금": "20",
    "매출액증가율": "-13.54",
    "영업이익증가율": "-89.32",
    "외국인비율": "3.37",
    "PER": "27.29",
    "ROE": "6.32",
    "ROA": "4.25",
    "PBR": "1.81",
    "유보율": "99.0",
    "code": "002700"
}