{
    "N": "791",
    "종목명": "대유에이텍",
    "현재가": "870",
    "상태": "상승",
    "전일비": "2",
    "등락률": "+0.23%",
    "액면가": "500",
    "거래량": "351,518",
    "거래대금": "305",
    "전일거래량": "516,307",
    "시가": "870",
    "고가": "877",
    "저가": "862",
    "매수호가": "870",
    "매도호가": "871",
    "매수총잔량": "55,778",
    "매도총잔량": "93,321",
    "상장주식수": "106,916",
    "시가총액": "930",
    "매출액": "12,850",
    "자산총계": "11,173",
    "부채총계": "8,813",
    "영업이익": "313",
    "당기순이익": "179",
    "주당순이익": "139",
    "보통주배당금": "N/A",
    "매출액증가율": "15.74",
    "영업이익증가율": "367.72",
    "외국인비율": "1.94",
    "PER": "6.26",
    "ROE": "9.75",
    "ROA": "1.78",
    "PBR": "0.80",
    "유보율": "92.9",
    "code": "002880"
}