{
    "N": "468",
    "종목명": "삼영무역",
    "현재가": "13,950",
    "상태": "상승",
    "전일비": "50",
    "등락률": "+0.36%",
    "액면가": "500",
    "거래량": "17,889",
    "거래대금": "248",
    "전일거래량": "23,784",
    "시가": "13,900",
    "고가": "14,000",
    "저가": "13,850",
    "매수호가": "13,950",
    "매도호가": "14,000",
    "매수총잔량": "20,034",
    "매도총잔량": "6,404",
    "상장주식수": "18,467",
    "시가총액": "2,576",
    "매출액": "2,742",
    "자산총계": "5,109",
    "부채총계": "1,134",
    "영업이익": "92",
    "당기순이익": "349",
    "주당순이익": "1,749",
    "보통주배당금": "358",
    "매출액증가율": "1.85",
    "영업이익증가율": "35.12",
    "외국인비율": "19.93",
    "PER": "7.98",
    "ROE": "10.32",
    "ROA": "7.77",
    "PBR": "0.66",
    "유보율": "3,952.3",
    "code": "002810"
}