{
    "N": "904",
    "종목명": "선창산업",
    "현재가": "4,855",
    "전일비": "0",
    "등락률": "0.00%",
    "액면가": "1,000",
    "거래량": "16,336",
    "거래대금": "78",
    "전일거래량": "9,890",
    "시가": "4,840",
    "고가": "4,855",
    "저가": "4,780",
    "매수호가": "4,850",
    "매도호가": "4,855",
    "매수총잔량": "3,704",
    "매도총잔량": "1,233",
    "상장주식수": "12,608",
    "시가총액": "612",
    "매출액": "4,559",
    "자산총계": "5,436",
    "부채총계": "3,268",
    "영업이익": "-187",
    "당기순이익": "-400",
    "주당순이익": "-1,400",
    "보통주배당금": "N/A",
    "매출액증가율": "-18.91",
    "영업이익증가율": "-273.11",
    "외국인비율": "0.81",
    "PER": "-3.47",
    "ROE": "-15.85",
    "ROA": "-6.84",
    "PBR": "0.27",
    "유보율": "1,693.3",
    "code": "002820"
}