{
    "N": "257",
    "종목명": "미원상사",
    "현재가": "137,000",
    "상태": "상승",
    "전일비": "3,500",
    "등락률": "+2.62%",
    "액면가": "500",
    "거래량": "5,919",
    "거래대금": "809",
    "전일거래량": "21,245",
    "시가": "134,000",
    "고가": "139,500",
    "저가": "133,000",
    "매수호가": "137,000",
    "매도호가": "137,500",
    "매수총잔량": "777",
    "매도총잔량": "4,181",
    "상장주식수": "4,970",
    "시가총액": "6,809",
    "매출액": "2,500",
    "자산총계": "2,807",
    "부채총계": "561",
    "영업이익": "323",
    "당기순이익": "311",
    "주당순이익": "8,441",
    "보통주배당금": "654",
    "매출액증가율": "-23.93",
    "영업이익증가율": "18.73",
    "외국인비율": "4.68",
    "PER": "16.23",
    "ROE": "14.74",
    "ROA": "11.83",
    "PBR": "2.69",
    "유보율": "3,246.2",
    "code": "002840"
}