{
    "N": "725",
    "종목명": "신풍제지",
    "현재가": "3,290",
    "상태": "상승",
    "전일비": "10",
    "등락률": "+0.30%",
    "액면가": "500",
    "거래량": "886,190",
    "거래대금": "2,881",
    "전일거래량": "1,322,694",
    "시가": "3,285",
    "고가": "3,305",
    "저가": "3,210",
    "매수호가": "3,285",
    "매도호가": "3,290",
    "매수총잔량": "19,054",
    "매도총잔량": "38,943",
    "상장주식수": "34,959",
    "시가총액": "1,150",
    "매출액": "1,569",
    "자산총계": "1,856",
    "부채총계": "1,167",
    "영업이익": "114",
    "당기순이익": "195",
    "주당순이익": "106",
    "보통주배당금": "60",
    "매출액증가율": "1.80",
    "영업이익증가율": "-6.63",
    "외국인비율": "0.59",
    "PER": "31.04",
    "ROE": "32.25",
    "ROA": "11.07",
    "PBR": "1.50",
    "유보율": "343.0",
    "code": "002870"
}