{
    "N": "866",
    "종목명": "유성기업",
    "현재가": "2,780",
    "상태": "하락",
    "전일비": "30",
    "등락률": "-1.07%",
    "액면가": "500",
    "거래량": "84,263",
    "거래대금": "235",
    "전일거래량": "240,428",
    "시가": "2,810",
    "고가": "2,825",
    "저가": "2,775",
    "매수호가": "2,780",
    "매도호가": "2,785",
    "매수총잔량": "40,263",
    "매도총잔량": "24,345",
    "상장주식수": "25,948",
    "시가총액": "721",
    "매출액": "2,596",
    "자산총계": "3,964",
    "부채총계": "905",
    "영업이익": "122",
    "당기순이익": "207",
    "주당순이익": "224",
    "보통주배당금": "200",
    "매출액증가율": "5.26",
    "영업이익증가율": "584.14",
    "외국인비율": "15.91",
    "PER": "12.41",
    "ROE": "6.47",
    "ROA": "5.36",
    "PBR": "0.26",
    "유보율": "1,978.5",
    "code": "002920"
}