{
    "N": "552",
    "종목명": "동양물산",
    "현재가": "1,510",
    "상태": "하락",
    "전일비": "25",
    "등락률": "-1.63%",
    "액면가": "500",
    "거래량": "2,191,473",
    "거래대금": "3,319",
    "전일거래량": "2,421,987",
    "시가": "1,540",
    "고가": "1,550",
    "저가": "1,500",
    "매수호가": "1,505",
    "매도호가": "1,510",
    "매수총잔량": "440,515",
    "매도총잔량": "347,037",
    "상장주식수": "126,005",
    "시가총액": "1,903",
    "매출액": "6,174",
    "자산총계": "6,286",
    "부채총계": "4,815",
    "영업이익": "137",
    "당기순이익": "52",
    "주당순이익": "94",
    "보통주배당금": "N/A",
    "매출액증가율": "4.65",
    "영업이익증가율": "351.76",
    "외국인비율": "5.39",
    "PER": "16.06",
    "ROE": "5.07",
    "ROA": "0.86",
    "PBR": "1.49",
    "유보율": "123.9",
    "code": "002900"
}