{
    "N": "1358",
    "종목명": "금호산업우",
    "현재가": "33,050",
    "상태": "상승",
    "전일비": "400",
    "등락률": "+1.23%",
    "액면가": "5,000",
    "거래량": "3,517",
    "거래대금": "115",
    "전일거래량": "2,427",
    "시가": "32,650",
    "고가": "33,500",
    "저가": "32,650",
    "매수호가": "33,000",
    "매도호가": "33,050",
    "매수총잔량": "1,805",
    "매도총잔량": "1,694",
    "상장주식수": "292",
    "시가총액": "97",
    "매출액": "N/A",
    "자산총계": "N/A",
    "부채총계": "N/A",
    "영업이익": "N/A",
    "당기순이익": "N/A",
    "주당순이익": "1,021",
    "보통주배당금": "N/A",
    "매출액증가율": "N/A",
    "영업이익증가율": "N/A",
    "외국인비율": "0.00",
    "PER": "32.37",
    "ROE": "N/A",
    "ROA": "N/A",
    "PBR": "3.05",
    "유보율": "N/A",
    "code": "002995"
}