{
    "N": "408",
    "종목명": "한국쉘석유",
    "현재가": "253,500",
    "상태": "하락",
    "전일비": "500",
    "등락률": "-0.20%",
    "액면가": "5,000",
    "거래량": "5,390",
    "거래대금": "1,368",
    "전일거래량": "5,558",
    "시가": "255,000",
    "고가": "257,500",
    "저가": "251,500",
    "매수호가": "253,000",
    "매도호가": "253,500",
    "매수총잔량": "1,088",
    "매도총잔량": "850",
    "상장주식수": "1,300",
    "시가총액": "3,296",
    "매출액": "2,118",
    "자산총계": "1,411",
    "부채총계": "432",
    "영업이익": "257",
    "당기순이익": "210",
    "주당순이익": "18,327",
    "보통주배당금": "16,000",
    "매출액증가율": "-3.60",
    "영업이익증가율": "-17.24",
    "외국인비율": "63.33",
    "PER": "13.83",
    "ROE": "21.30",
    "ROA": "14.72",
    "PBR": "3.42",
    "유보율": "1,298.8",
    "code": "002960"
}