{
    "N": "398",
    "종목명": "금호산업",
    "현재가": "9,290",
    "상태": "상승",
    "전일비": "280",
    "등락률": "+3.11%",
    "액면가": "5,000",
    "거래량": "787,709",
    "거래대금": "7,309",
    "전일거래량": "342,530",
    "시가": "9,220",
    "고가": "9,410",
    "저가": "9,110",
    "매수호가": "9,290",
    "매도호가": "9,300",
    "매수총잔량": "17,899",
    "매도총잔량": "31,378",
    "상장주식수": "36,634",
    "시가총액": "3,403",
    "매출액": "15,977",
    "자산총계": "13,374",
    "부채총계": "9,609",
    "영업이익": "555",
    "당기순이익": "117",
    "주당순이익": "1,021",
    "보통주배당금": "500",
    "매출액증가율": "16.05",
    "영업이익증가율": "31.29",
    "외국인비율": "3.30",
    "PER": "9.10",
    "ROE": "3.20",
    "ROA": "0.93",
    "PBR": "0.86",
    "유보율": "138.4",
    "code": "002990"
}