{
    "N": "77",
    "종목명": "대웅",
    "현재가": "66,100",
    "상태": "하락",
    "전일비": "800",
    "등락률": "-1.20%",
    "액면가": "500",
    "거래량": "8,148,518",
    "거래대금": "555,130",
    "전일거래량": "12,973,483",
    "시가": "64,900",
    "고가": "71,200",
    "저가": "63,000",
    "매수호가": "66,100",
    "매도호가": "66,200",
    "매수총잔량": "53,812",
    "매도총잔량": "23,672",
    "상장주식수": "58,142",
    "시가총액": "38,432",
    "매출액": "13,657",
    "자산총계": "16,682",
    "부채총계": "6,419",
    "영업이익": "1,075",
    "당기순이익": "713",
    "주당순이익": "868",
    "보통주배당금": "100",
    "매출액증가율": "10.92",
    "영업이익증가율": "20.55",
    "외국인비율": "5.40",
    "PER": "76.15",
    "ROE": "10.43",
    "ROA": "4.38",
    "PBR": "4.33",
    "유보율": "2,247.6",
    "code": "003090"
}