{
    "N": "819",
    "종목명": "성보화학",
    "현재가": "4,335",
    "상태": "하락",
    "전일비": "15",
    "등락률": "-0.34%",
    "액면가": "500",
    "거래량": "10,935",
    "거래대금": "47",
    "전일거래량": "10,910",
    "시가": "4,400",
    "고가": "4,400",
    "저가": "4,325",
    "매수호가": "4,335",
    "매도호가": "4,340",
    "매수총잔량": "28,236",
    "매도총잔량": "1,225",
    "상장주식수": "20,020",
    "시가총액": "868",
    "매출액": "419",
    "자산총계": "1,724",
    "부채총계": "258",
    "영업이익": "-44",
    "당기순이익": "-29",
    "주당순이익": "-85",
    "보통주배당금": "135",
    "매출액증가율": "-15.46",
    "영업이익증가율": "-1,584.69",
    "외국인비율": "0.72",
    "PER": "-51.00",
    "ROE": "-1.91",
    "ROA": "-1.61",
    "PBR": "0.58",
    "유보율": "933.7",
    "code": "003080"
}