{
    "N": "1360",
    "종목명": "코오롱글로벌우",
    "현재가": "30,700",
    "상태": "하락",
    "전일비": "350",
    "등락률": "-1.13%",
    "액면가": "5,000",
    "거래량": "3,685",
    "거래대금": "113",
    "전일거래량": "4,275",
    "시가": "31,400",
    "고가": "31,400",
    "저가": "30,650",
    "매수호가": "30,700",
    "매도호가": "30,750",
    "매수총잔량": "2,909",
    "매도총잔량": "1,334",
    "상장주식수": "313",
    "시가총액": "96",
    "매출액": "N/A",
    "자산총계": "N/A",
    "부채총계": "N/A",
    "영업이익": "N/A",
    "당기순이익": "N/A",
    "주당순이익": "3,388",
    "보통주배당금": "N/A",
    "매출액증가율": "N/A",
    "영업이익증가율": "N/A",
    "외국인비율": "1.08",
    "PER": "9.06",
    "ROE": "N/A",
    "ROA": "N/A",
    "PBR": "1.50",
    "유보율": "N/A",
    "code": "003075"
}