{
    "N": "303",
    "종목명": "에이프로젠제약",
    "현재가": "1,335",
    "상태": "상승",
    "전일비": "15",
    "등락률": "+1.14%",
    "액면가": "500",
    "거래량": "2,840,254",
    "거래대금": "3,762",
    "전일거래량": "3,463,140",
    "시가": "1,320",
    "고가": "1,340",
    "저가": "1,300",
    "매수호가": "1,330",
    "매도호가": "1,335",
    "매수총잔량": "724,630",
    "매도총잔량": "885,689",
    "상장주식수": "398,576",
    "시가총액": "5,321",
    "매출액": "509",
    "자산총계": "3,653",
    "부채총계": "176",
    "영업이익": "-20",
    "당기순이익": "-35",
    "주당순이익": "31",
    "보통주배당금": "0",
    "매출액증가율": "12.13",
    "영업이익증가율": "-137.46",
    "외국인비율": "3.72",
    "PER": "43.06",
    "ROE": "-4.19",
    "ROA": "-1.19",
    "PBR": "1.05",
    "유보율": "102.5",
    "code": "003060"
}