{
    "N": "888",
    "종목명": "혜인",
    "현재가": "5,220",
    "상태": "상승",
    "전일비": "10",
    "등락률": "+0.19%",
    "액면가": "500",
    "거래량": "143,439",
    "거래대금": "745",
    "전일거래량": "131,879",
    "시가": "5,230",
    "고가": "5,240",
    "저가": "5,160",
    "매수호가": "5,220",
    "매도호가": "5,230",
    "매수총잔량": "41,953",
    "매도총잔량": "17,211",
    "상장주식수": "12,713",
    "시가총액": "664",
    "매출액": "2,609",
    "자산총계": "2,183",
    "부채총계": "1,228",
    "영업이익": "118",
    "당기순이익": "42",
    "주당순이익": "215",
    "보통주배당금": "60",
    "매출액증가율": "20.36",
    "영업이익증가율": "91.29",
    "외국인비율": "3.52",
    "PER": "24.28",
    "ROE": "4.55",
    "ROA": "1.90",
    "PBR": "0.54",
    "유보율": "1,646.9",
    "code": "003010"
}