{
    "N": "144",
    "종목명": "부광약품",
    "현재가": "27,650",
    "상태": "하락",
    "전일비": "800",
    "등락률": "-2.81%",
    "액면가": "500",
    "거래량": "1,190,066",
    "거래대금": "33,539",
    "전일거래량": "1,853,603",
    "시가": "28,300",
    "고가": "28,850",
    "저가": "27,650",
    "매수호가": "27,650",
    "매도호가": "27,700",
    "매수총잔량": "98,285",
    "매도총잔량": "15,861",
    "상장주식수": "64,838",
    "시가총액": "17,928",
    "매출액": "1,682",
    "자산총계": "3,885",
    "부채총계": "620",
    "영업이익": "95",
    "당기순이익": "-74",
    "주당순이익": "2",
    "보통주배당금": "196",
    "매출액증가율": "-13.40",
    "영업이익증가율": "-72.85",
    "외국인비율": "4.75",
    "PER": "13,825.00",
    "ROE": "-2.00",
    "ROA": "-1.69",
    "PBR": "6.87",
    "유보율": "1,062.9",
    "code": "003000"
}