{
    "N": "321",
    "종목명": "코오롱글로벌",
    "현재가": "19,150",
    "상태": "하락",
    "전일비": "250",
    "등락률": "-1.29%",
    "액면가": "5,000",
    "거래량": "91,503",
    "거래대금": "1,761",
    "전일거래량": "134,740",
    "시가": "19,500",
    "고가": "19,600",
    "저가": "19,100",
    "매수호가": "19,100",
    "매도호가": "19,150",
    "매수총잔량": "26,544",
    "매도총잔량": "11,312",
    "상장주식수": "25,210",
    "시가총액": "4,828",
    "매출액": "34,841",
    "자산총계": "22,181",
    "부채총계": "17,504",
    "영업이익": "1,256",
    "당기순이익": "464",
    "주당순이익": "3,388",
    "보통주배당금": "350",
    "매출액증가율": "3.75",
    "영업이익증가율": "63.56",
    "외국인비율": "2.81",
    "PER": "5.65",
    "ROE": "10.74",
    "ROA": "2.18",
    "PBR": "0.94",
    "유보율": "273.7",
    "code": "003070"
}