{
    "N": "548",
    "종목명": "세아제강지주",
    "현재가": "46,300",
    "상태": "상승",
    "전일비": "300",
    "등락률": "+0.65%",
    "액면가": "5,000",
    "거래량": "16,487",
    "거래대금": "761",
    "전일거래량": "29,880",
    "시가": "46,050",
    "고가": "46,900",
    "저가": "45,400",
    "매수호가": "46,250",
    "매도호가": "46,300",
    "매수총잔량": "601",
    "매도총잔량": "656",
    "상장주식수": "4,142",
    "시가총액": "1,918",
    "매출액": "26,439",
    "자산총계": "24,485",
    "부채총계": "10,962",
    "영업이익": "631",
    "당기순이익": "147",
    "주당순이익": "-1,812",
    "보통주배당금": "1,500",
    "매출액증가율": "48.39",
    "영업이익증가율": "-21.60",
    "외국인비율": "3.62",
    "PER": "-25.55",
    "ROE": "-0.32",
    "ROA": "0.60",
    "PBR": "0.19",
    "유보율": "4,429.4",
    "code": "003030"
}