{
    "N": "629",
    "종목명": "디아이",
    "현재가": "4,760",
    "상태": "하락",
    "전일비": "60",
    "등락률": "-1.24%",
    "액면가": "500",
    "거래량": "299,737",
    "거래대금": "1,437",
    "전일거래량": "431,098",
    "시가": "4,850",
    "고가": "4,865",
    "저가": "4,760",
    "매수호가": "4,755",
    "매도호가": "4,760",
    "매수총잔량": "12,117",
    "매도총잔량": "7,651",
    "상장주식수": "31,497",
    "시가총액": "1,499",
    "매출액": "1,095",
    "자산총계": "2,148",
    "부채총계": "725",
    "영업이익": "-65",
    "당기순이익": "5",
    "주당순이익": "314",
    "보통주배당금": "50",
    "매출액증가율": "-44.11",
    "영업이익증가율": "-130.36",
    "외국인비율": "5.78",
    "PER": "15.16",
    "ROE": "0.48",
    "ROA": "0.24",
    "PBR": "0.94",
    "유보율": "717.6",
    "code": "003160"
}