{
    "N": "510",
    "종목명": "일성신약",
    "현재가": "84,800",
    "상태": "하락",
    "전일비": "900",
    "등락률": "-1.05%",
    "액면가": "5,000",
    "거래량": "6,905",
    "거래대금": "587",
    "전일거래량": "12,064",
    "시가": "84,900",
    "고가": "86,500",
    "저가": "84,200",
    "매수호가": "84,800",
    "매도호가": "85,500",
    "매수총잔량": "764",
    "매도총잔량": "716",
    "상장주식수": "2,660",
    "시가총액": "2,256",
    "매출액": "484",
    "자산총계": "3,695",
    "부채총계": "240",
    "영업이익": "-13",
    "당기순이익": "67",
    "주당순이익": "1,679",
    "보통주배당금": "750",
    "매출액증가율": "-21.48",
    "영업이익증가율": "-155.67",
    "외국인비율": "2.62",
    "PER": "50.51",
    "ROE": "2.01",
    "ROA": "1.88",
    "PBR": "0.38",
    "유보율": "3,145.9",
    "code": "003120"
}