{
    "N": "232",
    "종목명": "삼양식품",
    "현재가": "100,500",
    "상태": "하락",
    "전일비": "1,000",
    "등락률": "-0.99%",
    "액면가": "5,000",
    "거래량": "64,421",
    "거래대금": "6,523",
    "전일거래량": "81,286",
    "시가": "102,500",
    "고가": "102,500",
    "저가": "100,500",
    "매수호가": "100,500",
    "매도호가": "101,000",
    "매수총잔량": "18,005",
    "매도총잔량": "35,700",
    "상장주식수": "7,533",
    "시가총액": "7,571",
    "매출액": "5,436",
    "자산총계": "4,704",
    "부채총계": "1,827",
    "영업이익": "783",
    "당기순이익": "600",
    "주당순이익": "10,119",
    "보통주배당금": "800",
    "매출액증가율": "15.81",
    "영업이익증가율": "41.88",
    "외국인비율": "8.51",
    "PER": "9.93",
    "ROE": "23.15",
    "ROA": "13.60",
    "PBR": "2.23",
    "유보율": "645.9",
    "code": "003230"
}