{
    "N": "524",
    "종목명": "일신방직",
    "현재가": "86,500",
    "상태": "상승",
    "전일비": "6,000",
    "등락률": "+7.45%",
    "액면가": "5,000",
    "거래량": "18,082",
    "거래대금": "1,529",
    "전일거래량": "5,861",
    "시가": "80,500",
    "고가": "86,500",
    "저가": "80,500",
    "매수호가": "86,200",
    "매도호가": "86,500",
    "매수총잔량": "3,122",
    "매도총잔량": "2,550",
    "상장주식수": "2,400",
    "시가총액": "2,076",
    "매출액": "4,962",
    "자산총계": "9,536",
    "부채총계": "2,304",
    "영업이익": "136",
    "당기순이익": "80",
    "주당순이익": "1,228",
    "보통주배당금": "1,500",
    "매출액증가율": "-1.52",
    "영업이익증가율": "-54.58",
    "외국인비율": "7.44",
    "PER": "70.44",
    "ROE": "1.00",
    "ROA": "0.84",
    "PBR": "0.28",
    "유보율": "5,836.4",
    "code": "003200"
}