{
    "N": "360",
    "종목명": "대원제약",
    "현재가": "20,050",
    "상태": "상승",
    "전일비": "750",
    "등락률": "+3.89%",
    "액면가": "500",
    "거래량": "652,180",
    "거래대금": "13,027",
    "전일거래량": "199,042",
    "시가": "19,450",
    "고가": "20,400",
    "저가": "19,300",
    "매수호가": "20,000",
    "매도호가": "20,050",
    "매수총잔량": "19,676",
    "매도총잔량": "42,630",
    "상장주식수": "20,244",
    "시가총액": "4,059",
    "매출액": "3,178",
    "자산총계": "3,275",
    "부채총계": "1,233",
    "영업이익": "351",
    "당기순이익": "269",
    "주당순이익": "1,189",
    "보통주배당금": "253",
    "매출액증가율": "10.88",
    "영업이익증가율": "14.19",
    "외국인비율": "18.54",
    "PER": "16.86",
    "ROE": "14.05",
    "ROA": "8.92",
    "PBR": "1.88",
    "유보율": "2,012.4",
    "code": "003220"
}