{
    "N": "215",
    "종목명": "태광산업",
    "현재가": "787,000",
    "상태": "하락",
    "전일비": "11,000",
    "등락률": "-1.38%",
    "액면가": "5,000",
    "거래량": "1,629",
    "거래대금": "1,295",
    "전일거래량": "1,748",
    "시가": "800,000",
    "고가": "809,000",
    "저가": "782,000",
    "매수호가": "786,000",
    "매도호가": "787,000",
    "매수총잔량": "189",
    "매도총잔량": "107",
    "상장주식수": "1,113",
    "시가총액": "8,762",
    "매출액": "29,180",
    "자산총계": "43,571",
    "부채총계": "8,733",
    "영업이익": "2,914",
    "당기순이익": "1,675",
    "주당순이익": "93,173",
    "보통주배당금": "1,550",
    "매출액증가율": "-6.14",
    "영업이익증가율": "-12.09",
    "외국인비율": "8.11",
    "PER": "8.45",
    "ROE": "4.34",
    "ROA": "3.78",
    "PBR": "0.20",
    "유보율": "58,834.9",
    "code": "003240"
}