{
    "N": "593",
    "종목명": "한국화장품제조",
    "현재가": "36,950",
    "상태": "하락",
    "전일비": "200",
    "등락률": "-0.54%",
    "액면가": "500",
    "거래량": "15,745",
    "거래대금": "583",
    "전일거래량": "12,763",
    "시가": "37,550",
    "고가": "37,550",
    "저가": "36,850",
    "매수호가": "36,950",
    "매도호가": "37,000",
    "매수총잔량": "4,895",
    "매도총잔량": "3,613",
    "상장주식수": "4,532",
    "시가총액": "1,675",
    "매출액": "765",
    "자산총계": "842",
    "부채총계": "362",
    "영업이익": "13",
    "당기순이익": "-15",
    "주당순이익": "-312",
    "보통주배당금": "100",
    "매출액증가율": "-13.31",
    "영업이익증가율": "-72.60",
    "외국인비율": "0.71",
    "PER": "-118.43",
    "ROE": "-3.03",
    "ROA": "-1.91",
    "PBR": "2.86",
    "유보율": "2,069.5",
    "code": "003350"
}