{
    "N": "425",
    "종목명": "한일홀딩스",
    "현재가": "10,800",
    "상태": "상승",
    "전일비": "100",
    "등락률": "+0.93%",
    "액면가": "1,000",
    "거래량": "31,119",
    "거래대금": "334",
    "전일거래량": "23,775",
    "시가": "10,850",
    "고가": "10,900",
    "저가": "10,600",
    "매수호가": "10,700",
    "매도호가": "10,800",
    "매수총잔량": "14,792",
    "매도총잔량": "5,539",
    "상장주식수": "28,816",
    "시가총액": "3,112",
    "매출액": "16,518",
    "자산총계": "33,000",
    "부채총계": "15,576",
    "영업이익": "836",
    "당기순이익": "492",
    "주당순이익": "957",
    "보통주배당금": "460",
    "매출액증가율": "39.20",
    "영업이익증가율": "103.36",
    "외국인비율": "3.56",
    "PER": "11.29",
    "ROE": "1.38",
    "ROA": "1.50",
    "PBR": "0.24",
    "유보율": "6,579.6",
    "code": "003300"
}