{
    "N": "674",
    "종목명": "한진중공업홀딩스",
    "현재가": "4,480",
    "상태": "상승",
    "전일비": "80",
    "등락률": "+1.82%",
    "액면가": "5,000",
    "거래량": "185,193",
    "거래대금": "820",
    "전일거래량": "356,911",
    "시가": "4,450",
    "고가": "4,490",
    "저가": "4,345",
    "매수호가": "4,450",
    "매도호가": "4,480",
    "매수총잔량": "18,063",
    "매도총잔량": "34,595",
    "상장주식수": "29,530",
    "시가총액": "1,323",
    "매출액": "8,776",
    "자산총계": "18,607",
    "부채총계": "15,002",
    "영업이익": "384",
    "당기순이익": "304",
    "주당순이익": "76",
    "보통주배당금": "N/A",
    "매출액증가율": "-7.23",
    "영업이익증가율": "38.91",
    "외국인비율": "1.64",
    "PER": "58.95",
    "ROE": "8.98",
    "ROA": "1.63",
    "PBR": "0.35",
    "유보율": "135.1",
    "code": "003480"
}