{
    "N": "61",
    "종목명": "대한항공",
    "현재가": "28,250",
    "상태": "하락",
    "전일비": "100",
    "등락률": "-0.35%",
    "액면가": "5,000",
    "거래량": "4,360,222",
    "거래대금": "123,368",
    "전일거래량": "4,013,283",
    "시가": "28,050",
    "고가": "28,750",
    "저가": "27,800",
    "매수호가": "28,200",
    "매도호가": "28,250",
    "매수총잔량": "367,532",
    "매도총잔량": "274,087",
    "상장주식수": "174,210",
    "시가총액": "49,214",
    "매출액": "126,834",
    "자산총계": "270,141",
    "부채총계": "242,333",
    "영업이익": "2,575",
    "당기순이익": "-6,228",
    "주당순이익": "-4,386",
    "보통주배당금": "0",
    "매출액증가율": "-2.52",
    "영업이익증가율": "-61.64",
    "외국인비율": "12.56",
    "PER": "-6.44",
    "ROE": "-22.09",
    "ROA": "-2.36",
    "PBR": "1.56",
    "유보율": "77.9",
    "code": "003490"
}