{
    "N": "672",
    "종목명": "유화증권",
    "현재가": "2,340",
    "상태": "상승",
    "전일비": "65",
    "등락률": "+2.86%",
    "액면가": "1,000",
    "거래량": "163,887",
    "거래대금": "385",
    "전일거래량": "21,518",
    "시가": "2,290",
    "고가": "2,500",
    "저가": "2,290",
    "매수호가": "2,335",
    "매도호가": "2,340",
    "매수총잔량": "26,226",
    "매도총잔량": "3,547",
    "상장주식수": "56,702",
    "시가총액": "1,327",
    "매출액": "207",
    "자산총계": "6,209",
    "부채총계": "1,624",
    "영업이익": "62",
    "당기순이익": "62",
    "주당순이익": "78",
    "보통주배당금": "120",
    "매출액증가율": "-1.43",
    "영업이익증가율": "12.01",
    "외국인비율": "2.98",
    "PER": "30.00",
    "ROE": "1.36",
    "ROA": "1.00",
    "PBR": "0.31",
    "유보율": "562.9",
    "code": "003460"
}