{
    "N": "972",
    "종목명": "대한항공우",
    "현재가": "41,100",
    "상태": "하락",
    "전일비": "1,100",
    "등락률": "-2.61%",
    "액면가": "5,000",
    "거래량": "23,835",
    "거래대금": "979",
    "전일거래량": "23,081",
    "시가": "41,400",
    "고가": "41,400",
    "저가": "41,000",
    "매수호가": "41,100",
    "매도호가": "41,150",
    "매수총잔량": "5,266",
    "매도총잔량": "1,411",
    "상장주식수": "1,111",
    "시가총액": "457",
    "매출액": "N/A",
    "자산총계": "N/A",
    "부채총계": "N/A",
    "영업이익": "N/A",
    "당기순이익": "N/A",
    "주당순이익": "-4,386",
    "보통주배당금": "N/A",
    "매출액증가율": "N/A",
    "영업이익증가율": "N/A",
    "외국인비율": "1.96",
    "PER": "-9.37",
    "ROE": "N/A",
    "ROA": "N/A",
    "PBR": "2.27",
    "유보율": "N/A",
    "code": "003495"
}