{
    "N": "265",
    "종목명": "유안타증권",
    "현재가": "3,310",
    "상태": "상승",
    "전일비": "230",
    "등락률": "+7.47%",
    "액면가": "5,000",
    "거래량": "6,448,567",
    "거래대금": "21,808",
    "전일거래량": "519,871",
    "시가": "3,120",
    "고가": "3,600",
    "저가": "3,110",
    "매수호가": "3,310",
    "매도호가": "3,315",
    "매수총잔량": "39,687",
    "매도총잔량": "17,152",
    "상장주식수": "199,597",
    "시가총액": "6,607",
    "매출액": "21,318",
    "자산총계": "123,423",
    "부채총계": "110,785",
    "영업이익": "718",
    "당기순이익": "809",
    "주당순이익": "384",
    "보통주배당금": "N/A",
    "매출액증가율": "4.65",
    "영업이익증가율": "-21.22",
    "외국인비율": "63.92",
    "PER": "8.62",
    "ROE": "6.60",
    "ROA": "0.67",
    "PBR": "0.51",
    "유보율": "24.2",
    "code": "003470"
}