{
    "N": "1047",
    "종목명": "유안타증권우",
    "현재가": "2,555",
    "상태": "상승",
    "전일비": "165",
    "등락률": "+6.90%",
    "액면가": "5,000",
    "거래량": "2,075,867",
    "거래대금": "5,591",
    "전일거래량": "63,992",
    "시가": "2,395",
    "고가": "2,930",
    "저가": "2,395",
    "매수호가": "2,555",
    "매도호가": "2,560",
    "매수총잔량": "37,938",
    "매도총잔량": "12,849",
    "상장주식수": "12,912",
    "시가총액": "330",
    "매출액": "N/A",
    "자산총계": "N/A",
    "부채총계": "N/A",
    "영업이익": "N/A",
    "당기순이익": "N/A",
    "주당순이익": "384",
    "보통주배당금": "N/A",
    "매출액증가율": "N/A",
    "영업이익증가율": "N/A",
    "외국인비율": "1.70",
    "PER": "6.65",
    "ROE": "N/A",
    "ROA": "N/A",
    "PBR": "0.39",
    "유보율": "N/A",
    "code": "003475"
}