{
    "N": "84",
    "종목명": "쌍용양회",
    "현재가": "6,750",
    "상태": "상승",
    "전일비": "70",
    "등락률": "+1.05%",
    "액면가": "100",
    "거래량": "2,251,753",
    "거래대금": "15,118",
    "전일거래량": "2,101,013",
    "시가": "6,710",
    "고가": "6,780",
    "저가": "6,650",
    "매수호가": "6,750",
    "매도호가": "6,760",
    "매수총잔량": "191,380",
    "매도총잔량": "208,937",
    "상장주식수": "503,860",
    "시가총액": "34,011",
    "매출액": "15,385",
    "자산총계": "33,288",
    "부채총계": "15,263",
    "영업이익": "2,284",
    "당기순이익": "1,316",
    "주당순이익": "249",
    "보통주배당금": "420",
    "매출액증가율": "1.89",
    "영업이익증가율": "-7.51",
    "외국인비율": "2.96",
    "PER": "27.11",
    "ROE": "7.02",
    "ROA": "3.89",
    "PBR": "1.98",
    "유보율": "266.2",
    "code": "003410"
}