{
    "N": "156",
    "종목명": "영진약품",
    "현재가": "8,320",
    "상태": "상승",
    "전일비": "370",
    "등락률": "+4.65%",
    "액면가": "500",
    "거래량": "7,019,161",
    "거래대금": "57,897",
    "전일거래량": "1,876,722",
    "시가": "8,050",
    "고가": "8,420",
    "저가": "7,960",
    "매수호가": "8,320",
    "매도호가": "8,330",
    "매수총잔량": "135,502",
    "매도총잔량": "149,152",
    "상장주식수": "182,893",
    "시가총액": "15,217",
    "매출액": "2,205",
    "자산총계": "2,004",
    "부채총계": "847",
    "영업이익": "100",
    "당기순이익": "50",
    "주당순이익": "-4",
    "보통주배당금": "N/A",
    "매출액증가율": "18.30",
    "영업이익증가율": "556.35",
    "외국인비율": "4.16",
    "PER": "-2,080.00",
    "ROE": "4.43",
    "ROA": "2.54",
    "PBR": "12.88",
    "유보율": "26.6",
    "code": "003520"
}