{
    "N": "544",
    "종목명": "S&T중공업",
    "현재가": "5,870",
    "상태": "상승",
    "전일비": "30",
    "등락률": "+0.51%",
    "액면가": "2,500",
    "거래량": "91,215",
    "거래대금": "533",
    "전일거래량": "139,518",
    "시가": "5,880",
    "고가": "5,890",
    "저가": "5,820",
    "매수호가": "5,870",
    "매도호가": "5,880",
    "매수총잔량": "46,947",
    "매도총잔량": "14,622",
    "상장주식수": "33,253",
    "시가총액": "1,952",
    "매출액": "3,751",
    "자산총계": "8,414",
    "부채총계": "2,243",
    "영업이익": "192",
    "당기순이익": "166",
    "주당순이익": "405",
    "보통주배당금": "300",
    "매출액증가율": "-5.34",
    "영업이익증가율": "19.54",
    "외국인비율": "10.03",
    "PER": "14.49",
    "ROE": "2.72",
    "ROA": "1.97",
    "PBR": "0.24",
    "유보율": "700.5",
    "code": "003570"
}