{
    "N": "792",
    "종목명": "대신증권2우B",
    "현재가": "9,300",
    "상태": "상승",
    "전일비": "20",
    "등락률": "+0.22%",
    "액면가": "5,000",
    "거래량": "97,643",
    "거래대금": "917",
    "전일거래량": "55,715",
    "시가": "9,350",
    "고가": "9,680",
    "저가": "9,240",
    "매수호가": "9,300",
    "매도호가": "9,330",
    "매수총잔량": "8,441",
    "매도총잔량": "6,589",
    "상장주식수": "10,000",
    "시가총액": "930",
    "매출액": "N/A",
    "자산총계": "N/A",
    "부채총계": "N/A",
    "영업이익": "N/A",
    "당기순이익": "N/A",
    "주당순이익": "1,085",
    "보통주배당금": "N/A",
    "매출액증가율": "N/A",
    "영업이익증가율": "N/A",
    "외국인비율": "1.42",
    "PER": "8.57",
    "ROE": "N/A",
    "ROA": "N/A",
    "PBR": "0.31",
    "유보율": "N/A",
    "code": "003547"
}