{
    "N": "504",
    "종목명": "LG우",
    "현재가": "68,800",
    "상태": "하락",
    "전일비": "1,200",
    "등락률": "-1.71%",
    "액면가": "5,000",
    "거래량": "59,073",
    "거래대금": "4,109",
    "전일거래량": "61,562",
    "시가": "70,200",
    "고가": "71,700",
    "저가": "68,800",
    "매수호가": "68,800",
    "매도호가": "69,000",
    "매수총잔량": "6,133",
    "매도총잔량": "1,419",
    "상장주식수": "3,315",
    "시가총액": "2,280",
    "매출액": "N/A",
    "자산총계": "N/A",
    "부채총계": "N/A",
    "영업이익": "N/A",
    "당기순이익": "N/A",
    "주당순이익": "7,074",
    "보통주배당금": "N/A",
    "매출액증가율": "N/A",
    "영업이익증가율": "N/A",
    "외국인비율": "46.18",
    "PER": "9.73",
    "ROE": "N/A",
    "ROA": "N/A",
    "PBR": "0.59",
    "유보율": "N/A",
    "code": "003555"
}