{
    "N": "472",
    "종목명": "대신증권우",
    "현재가": "9,840",
    "상태": "상승",
    "전일비": "90",
    "등락률": "+0.92%",
    "액면가": "5,000",
    "거래량": "240,248",
    "거래대금": "2,374",
    "전일거래량": "247,623",
    "시가": "9,820",
    "고가": "10,000",
    "저가": "9,760",
    "매수호가": "9,840",
    "매도호가": "9,850",
    "매수총잔량": "15,048",
    "매도총잔량": "11,695",
    "상장주식수": "26,000",
    "시가총액": "2,558",
    "매출액": "N/A",
    "자산총계": "N/A",
    "부채총계": "N/A",
    "영업이익": "N/A",
    "당기순이익": "N/A",
    "주당순이익": "1,085",
    "보통주배당금": "N/A",
    "매출액증가율": "N/A",
    "영업이익증가율": "N/A",
    "외국인비율": "11.76",
    "PER": "9.07",
    "ROE": "N/A",
    "ROA": "N/A",
    "PBR": "0.33",
    "유보율": "N/A",
    "code": "003545"
}