{
    "N": "23",
    "종목명": "LG",
    "현재가": "97,300",
    "상태": "하락",
    "전일비": "1,000",
    "등락률": "-1.02%",
    "액면가": "5,000",
    "거래량": "973,371",
    "거래대금": "96,299",
    "전일거래량": "992,337",
    "시가": "99,200",
    "고가": "100,500",
    "저가": "96,300",
    "매수호가": "97,200",
    "매도호가": "97,300",
    "매수총잔량": "14,306",
    "매도총잔량": "11,371",
    "상장주식수": "172,557",
    "시가총액": "167,898",
    "매출액": "65,753",
    "자산총계": "224,346",
    "부채총계": "34,136",
    "영업이익": "10,241",
    "당기순이익": "11,068",
    "주당순이익": "7,074",
    "보통주배당금": "2,200",
    "매출액증가율": "-15.08",
    "영업이익증가율": "-43.77",
    "외국인비율": "34.42",
    "PER": "13.75",
    "ROE": "5.87",
    "ROA": "4.89",
    "PBR": "0.83",
    "유보율": "2,054.0",
    "code": "003550"
}