{
    "N": "579",
    "종목명": "넥스트사이언스",
    "현재가": "5,380",
    "상태": "하락",
    "전일비": "50",
    "등락률": "-0.92%",
    "액면가": "500",
    "거래량": "353,648",
    "거래대금": "1,907",
    "전일거래량": "387,655",
    "시가": "5,450",
    "고가": "5,490",
    "저가": "5,350",
    "매수호가": "5,380",
    "매도호가": "5,390",
    "매수총잔량": "61,157",
    "매도총잔량": "18,049",
    "상장주식수": "32,633",
    "시가총액": "1,756",
    "매출액": "350",
    "자산총계": "1,294",
    "부채총계": "483",
    "영업이익": "-44",
    "당기순이익": "-229",
    "주당순이익": "-551",
    "보통주배당금": "0",
    "매출액증가율": "164.59",
    "영업이익증가율": "-7.85",
    "외국인비율": "5.25",
    "PER": "-9.76",
    "ROE": "-31.73",
    "ROA": "-15.81",
    "PBR": "1.85",
    "유보율": "435.3",
    "code": "003580"
}