{
    "N": "1174",
    "종목명": "한화투자증권우",
    "현재가": "3,755",
    "상태": "상승",
    "전일비": "255",
    "등락률": "+7.29%",
    "액면가": "5,000",
    "거래량": "379,376",
    "거래대금": "1,555",
    "전일거래량": "21,889",
    "시가": "3,550",
    "고가": "4,545",
    "저가": "3,550",
    "매수호가": "3,750",
    "매도호가": "3,755",
    "매수총잔량": "9,808",
    "매도총잔량": "759",
    "상장주식수": "4,800",
    "시가총액": "180",
    "매출액": "N/A",
    "자산총계": "N/A",
    "부채총계": "N/A",
    "영업이익": "N/A",
    "당기순이익": "N/A",
    "주당순이익": "333",
    "보통주배당금": "N/A",
    "매출액증가율": "N/A",
    "영업이익증가율": "N/A",
    "외국인비율": "0.28",
    "PER": "11.28",
    "ROE": "N/A",
    "ROA": "N/A",
    "PBR": "0.67",
    "유보율": "N/A",
    "code": "003535"
}