{
    "N": "268",
    "종목명": "대신증권",
    "현재가": "12,900",
    "상태": "상승",
    "전일비": "100",
    "등락률": "+0.78%",
    "액면가": "5,000",
    "거래량": "561,905",
    "거래대금": "7,390",
    "전일거래량": "229,316",
    "시가": "12,950",
    "고가": "13,500",
    "저가": "12,800",
    "매수호가": "12,850",
    "매도호가": "12,900",
    "매수총잔량": "62,571",
    "매도총잔량": "37,112",
    "상장주식수": "50,773",
    "시가총액": "6,550",
    "매출액": "26,967",
    "자산총계": "194,373",
    "부채총계": "174,202",
    "영업이익": "997",
    "당기순이익": "940",
    "주당순이익": "1,085",
    "보통주배당금": "1,000",
    "매출액증가율": "5.46",
    "영업이익증가율": "-37.11",
    "외국인비율": "18.38",
    "PER": "11.89",
    "ROE": "4.79",
    "ROA": "0.49",
    "PBR": "0.43",
    "유보율": "415.0",
    "code": "003540"
}