{
    "N": "501",
    "종목명": "IHQ",
    "현재가": "1,575",
    "상태": "하락",
    "전일비": "20",
    "등락률": "-1.25%",
    "액면가": "500",
    "거래량": "1,162,386",
    "거래대금": "1,838",
    "전일거래량": "1,148,608",
    "시가": "1,610",
    "고가": "1,615",
    "저가": "1,560",
    "매수호가": "1,570",
    "매도호가": "1,575",
    "매수총잔량": "202,650",
    "매도총잔량": "178,170",
    "상장주식수": "146,236",
    "시가총액": "2,303",
    "매출액": "993",
    "자산총계": "1,658",
    "부채총계": "290",
    "영업이익": "-70",
    "당기순이익": "-663",
    "주당순이익": "-473",
    "보통주배당금": "N/A",
    "매출액증가율": "-9.28",
    "영업이익증가율": "-170.92",
    "외국인비율": "2.53",
    "PER": "-3.33",
    "ROE": "-39.04",
    "ROA": "-33.38",
    "PBR": "1.75",
    "유보율": "91.4",
    "code": "003560"
}