{
    "N": "295",
    "종목명": "한화투자증권",
    "현재가": "2,625",
    "상태": "상승",
    "전일비": "370",
    "등락률": "+16.41%",
    "액면가": "5,000",
    "거래량": "41,624,181",
    "거래대금": "114,256",
    "전일거래량": "1,154,902",
    "시가": "2,295",
    "고가": "2,930",
    "저가": "2,290",
    "매수호가": "2,620",
    "매도호가": "2,625",
    "매수총잔량": "105,181",
    "매도총잔량": "130,795",
    "상장주식수": "214,548",
    "시가총액": "5,632",
    "매출액": "15,712",
    "자산총계": "98,783",
    "부채총계": "87,229",
    "영업이익": "1,119",
    "당기순이익": "986",
    "주당순이익": "333",
    "보통주배당금": "0",
    "매출액증가율": "-17.39",
    "영업이익증가율": "15.09",
    "외국인비율": "5.19",
    "PER": "7.88",
    "ROE": "9.36",
    "ROA": "1.14",
    "PBR": "0.47",
    "유보율": "6.2",
    "code": "003530"
}