{
    "N": "355",
    "종목명": "쌍용차",
    "현재가": "2,770",
    "전일비": "0",
    "등락률": "0.00%",
    "액면가": "5,000",
    "거래량": "0",
    "거래대금": "0",
    "전일거래량": "0",
    "시가": "0",
    "고가": "0",
    "저가": "0",
    "매수호가": "0",
    "매도호가": "0",
    "매수총잔량": "0",
    "매도총잔량": "0",
    "상장주식수": "149,840",
    "시가총액": "4,151",
    "매출액": "36,239",
    "자산총계": "20,192",
    "부채총계": "16,161",
    "영업이익": "-2,819",
    "당기순이익": "-3,414",
    "주당순이익": "-3,075",
    "보통주배당금": "N/A",
    "매출액증가율": "-2.18",
    "영업이익증가율": "-339.27",
    "외국인비율": "76.59",
    "PER": "-0.90",
    "ROE": "-62.27",
    "ROA": "-16.16",
    "PBR": "4.24",
    "유보율": "-46.5",
    "code": "003620"
}