{
    "N": "728",
    "종목명": "미창석유",
    "현재가": "66,000",
    "상태": "상승",
    "전일비": "500",
    "등락률": "+0.76%",
    "액면가": "5,000",
    "거래량": "2,499",
    "거래대금": "165",
    "전일거래량": "591",
    "시가": "68,500",
    "고가": "68,500",
    "저가": "65,100",
    "매수호가": "65,600",
    "매도호가": "66,000",
    "매수총잔량": "1,230",
    "매도총잔량": "633",
    "상장주식수": "1,740",
    "시가총액": "1,148",
    "매출액": "3,237",
    "자산총계": "2,954",
    "부채총계": "374",
    "영업이익": "175",
    "당기순이익": "177",
    "주당순이익": "11,126",
    "보통주배당금": "2,000",
    "매출액증가율": "N/A",
    "영업이익증가율": "N/A",
    "외국인비율": "31.44",
    "PER": "5.93",
    "ROE": "N/A",
    "ROA": "N/A",
    "PBR": "0.37",
    "유보율": "3,069.8",
    "code": "003650"
}