{
    "N": "40",
    "종목명": "포스코케미칼",
    "현재가": "128,500",
    "상태": "상승",
    "전일비": "4,500",
    "등락률": "+3.63%",
    "액면가": "500",
    "거래량": "1,429,452",
    "거래대금": "181,942",
    "전일거래량": "1,374,593",
    "시가": "125,000",
    "고가": "132,500",
    "저가": "121,500",
    "매수호가": "128,500",
    "매도호가": "129,000",
    "매수총잔량": "49,643",
    "매도총잔량": "59,617",
    "상장주식수": "60,988",
    "시가총액": "78,370",
    "매출액": "14,838",
    "자산총계": "17,301",
    "부채총계": "7,238",
    "영업이익": "899",
    "당기순이익": "1,012",
    "주당순이익": "440",
    "보통주배당금": "375",
    "매출액증가율": "7.24",
    "영업이익증가율": "-15.47",
    "외국인비율": "7.27",
    "PER": "292.05",
    "ROE": "11.57",
    "ROA": "7.56",
    "PBR": "8.47",
    "유보율": "3,174.7",
    "code": "003670"
}