{
    "N": "941",
    "종목명": "한성기업",
    "현재가": "8,490",
    "상태": "상승",
    "전일비": "120",
    "등락률": "+1.43%",
    "액면가": "5,000",
    "거래량": "95,202",
    "거래대금": "805",
    "전일거래량": "87,939",
    "시가": "8,380",
    "고가": "8,610",
    "저가": "8,320",
    "매수호가": "8,450",
    "매도호가": "8,490",
    "매수총잔량": "3,804",
    "매도총잔량": "5,946",
    "상장주식수": "6,210",
    "시가총액": "527",
    "매출액": "2,701",
    "자산총계": "2,336",
    "부채총계": "1,837",
    "영업이익": "-83",
    "당기순이익": "-174",
    "주당순이익": "-2,262",
    "보통주배당금": "N/A",
    "매출액증가율": "N/A",
    "영업이익증가율": "N/A",
    "외국인비율": "2.62",
    "PER": "-3.75",
    "ROE": "N/A",
    "ROA": "N/A",
    "PBR": "0.91",
    "유보율": "34.1",
    "code": "003680"
}