{
    "N": "838",
    "종목명": "방림",
    "현재가": "1,925",
    "상태": "상승",
    "전일비": "10",
    "등락률": "+0.52%",
    "액면가": "500",
    "거래량": "171,983",
    "거래대금": "331",
    "전일거래량": "152,100",
    "시가": "1,920",
    "고가": "1,950",
    "저가": "1,900",
    "매수호가": "1,925",
    "매도호가": "1,930",
    "매수총잔량": "73,234",
    "매도총잔량": "44,795",
    "상장주식수": "42,314",
    "시가총액": "815",
    "매출액": "1,165",
    "자산총계": "2,369",
    "부채총계": "449",
    "영업이익": "-13",
    "당기순이익": "51",
    "주당순이익": "118",
    "보통주배당금": "35",
    "매출액증가율": "-11.65",
    "영업이익증가율": "-163.72",
    "외국인비율": "1.00",
    "PER": "16.31",
    "ROE": "2.62",
    "ROA": "2.16",
    "PBR": "0.39",
    "유보율": "874.0",
    "code": "003610"
}