{
    "N": "204",
    "종목명": "코리안리",
    "현재가": "7,740",
    "전일비": "0",
    "등락률": "0.00%",
    "액면가": "500",
    "거래량": "361,361",
    "거래대금": "2,810",
    "전일거래량": "352,648",
    "시가": "7,760",
    "고가": "7,850",
    "저가": "7,720",
    "매수호가": "7,730",
    "매도호가": "7,740",
    "매수총잔량": "73,569",
    "매도총잔량": "12,474",
    "상장주식수": "120,369",
    "시가총액": "9,317",
    "매출액": "106,699",
    "자산총계": "117,331",
    "부채총계": "92,771",
    "영업이익": "2,498",
    "당기순이익": "1,887",
    "주당순이익": "1,242",
    "보통주배당금": "500",
    "매출액증가율": "7.86",
    "영업이익증가율": "74.01",
    "외국인비율": "28.48",
    "PER": "6.23",
    "ROE": "8.04",
    "ROA": "1.68",
    "PBR": "0.32",
    "유보율": "4,042.5",
    "code": "003690"
}