{
    "N": "807",
    "종목명": "삼영화학",
    "현재가": "2,640",
    "상태": "상승",
    "전일비": "75",
    "등락률": "+2.92%",
    "액면가": "500",
    "거래량": "453,837",
    "거래대금": "1,175",
    "전일거래량": "319,089",
    "시가": "2,580",
    "고가": "2,650",
    "저가": "2,535",
    "매수호가": "2,635",
    "매도호가": "2,640",
    "매수총잔량": "10,964",
    "매도총잔량": "36,853",
    "상장주식수": "34,000",
    "시가총액": "898",
    "매출액": "1,111",
    "자산총계": "1,070",
    "부채총계": "627",
    "영업이익": "-9",
    "당기순이익": "-19",
    "주당순이익": "9",
    "보통주배당금": "N/A",
    "매출액증가율": "7.96",
    "영업이익증가율": "85.57",
    "외국인비율": "3.54",
    "PER": "293.33",
    "ROE": "-4.49",
    "ROA": "-1.78",
    "PBR": "2.01",
    "유보율": "156.8",
    "code": "003720"
}