{
    "N": "889",
    "종목명": "진양산업",
    "현재가": "5,030",
    "상태": "하락",
    "전일비": "30",
    "등락률": "-0.59%",
    "액면가": "500",
    "거래량": "736,896",
    "거래대금": "3,758",
    "전일거래량": "934,331",
    "시가": "5,060",
    "고가": "5,320",
    "저가": "4,955",
    "매수호가": "5,030",
    "매도호가": "5,050",
    "매수총잔량": "54,020",
    "매도총잔량": "9,906",
    "상장주식수": "13,000",
    "시가총액": "654",
    "매출액": "618",
    "자산총계": "545",
    "부채총계": "135",
    "영업이익": "91",
    "당기순이익": "68",
    "주당순이익": "586",
    "보통주배당금": "200",
    "매출액증가율": "4.19",
    "영업이익증가율": "202.69",
    "외국인비율": "1.55",
    "PER": "8.58",
    "ROE": "17.84",
    "ROA": "12.97",
    "PBR": "1.47",
    "유보율": "553.0",
    "code": "003780"
}