{
    "N": "200",
    "종목명": "보령제약",
    "현재가": "19,900",
    "상태": "하락",
    "전일비": "100",
    "등락률": "-0.50%",
    "액면가": "500",
    "거래량": "1,464,803",
    "거래대금": "29,707",
    "전일거래량": "1,713,680",
    "시가": "20,050",
    "고가": "21,400",
    "저가": "19,650",
    "매수호가": "19,900",
    "매도호가": "19,950",
    "매수총잔량": "37,967",
    "매도총잔량": "18,827",
    "상장주식수": "47,620",
    "시가총액": "9,476",
    "매출액": "5,243",
    "자산총계": "5,076",
    "부채총계": "2,247",
    "영업이익": "391",
    "당기순이익": "322",
    "주당순이익": "558",
    "보통주배당금": "91",
    "매출액증가율": "13.87",
    "영업이익증가율": "56.53",
    "외국인비율": "7.81",
    "PER": "35.66",
    "ROE": "11.96",
    "ROA": "6.73",
    "PBR": "2.91",
    "유보율": "1,249.5",
    "code": "003850"
}