{
    "N": "652",
    "종목명": "대한화섬",
    "현재가": "105,500",
    "상태": "상승",
    "전일비": "3,000",
    "등락률": "+2.93%",
    "액면가": "5,000",
    "거래량": "4,044",
    "거래대금": "423",
    "전일거래량": "601",
    "시가": "102,500",
    "고가": "106,000",
    "저가": "102,500",
    "매수호가": "104,500",
    "매도호가": "105,500",
    "매수총잔량": "1,852",
    "매도총잔량": "835",
    "상장주식수": "1,328",
    "시가총액": "1,401",
    "매출액": "1,142",
    "자산총계": "6,094",
    "부채총계": "760",
    "영업이익": "49",
    "당기순이익": "225",
    "주당순이익": "14,387",
    "보통주배당금": "410",
    "매출액증가율": "6.11",
    "영업이익증가율": "119.85",
    "외국인비율": "0.32",
    "PER": "7.33",
    "ROE": "4.37",
    "ROA": "3.78",
    "PBR": "0.22",
    "유보율": "6,382.8",
    "code": "003830"
}