{
    "N": "620",
    "종목명": "사조대림",
    "현재가": "16,900",
    "상태": "하락",
    "전일비": "100",
    "등락률": "-0.59%",
    "액면가": "5,000",
    "거래량": "78,127",
    "거래대금": "1,331",
    "전일거래량": "81,880",
    "시가": "16,900",
    "고가": "17,300",
    "저가": "16,800",
    "매수호가": "16,900",
    "매도호가": "17,000",
    "매수총잔량": "9,116",
    "매도총잔량": "12,924",
    "상장주식수": "9,164",
    "시가총액": "1,549",
    "매출액": "13,297",
    "자산총계": "10,709",
    "부채총계": "6,470",
    "영업이익": "496",
    "당기순이익": "871",
    "주당순이익": "2,417",
    "보통주배당금": "150",
    "매출액증가율": "41.89",
    "영업이익증가율": "36.71",
    "외국인비율": "0.76",
    "PER": "6.99",
    "ROE": "30.57",
    "ROA": "9.72",
    "PBR": "0.35",
    "유보율": "681.9",
    "code": "003960"
}