{
    "N": "161",
    "종목명": "롯데정밀화학",
    "현재가": "56,600",
    "상태": "하락",
    "전일비": "600",
    "등락률": "-1.05%",
    "액면가": "5,000",
    "거래량": "368,528",
    "거래대금": "21,141",
    "전일거래량": "345,051",
    "시가": "58,200",
    "고가": "58,800",
    "저가": "56,500",
    "매수호가": "56,600",
    "매도호가": "56,700",
    "매수총잔량": "20,436",
    "매도총잔량": "4,668",
    "상장주식수": "25,800",
    "시가총액": "14,603",
    "매출액": "13,113",
    "자산총계": "17,927",
    "부채총계": "2,996",
    "영업이익": "1,897",
    "당기순이익": "1,684",
    "주당순이익": "6,631",
    "보통주배당금": "1,700",
    "매출액증가율": "-4.41",
    "영업이익증가율": "-9.99",
    "외국인비율": "23.06",
    "PER": "8.54",
    "ROE": "11.73",
    "ROA": "9.64",
    "PBR": "0.91",
    "유보율": "1,080.7",
    "code": "004000"
}