{
    "N": "885",
    "종목명": "한국석유",
    "현재가": "102,000",
    "상태": "상승",
    "전일비": "1,500",
    "등락률": "+1.49%",
    "액면가": "5,000",
    "거래량": "4,290",
    "거래대금": "437",
    "전일거래량": "3,854",
    "시가": "102,000",
    "고가": "105,000",
    "저가": "100,000",
    "매수호가": "101,000",
    "매도호가": "102,000",
    "매수총잔량": "866",
    "매도총잔량": "3,069",
    "상장주식수": "655",
    "시가총액": "668",
    "매출액": "4,854",
    "자산총계": "2,928",
    "부채총계": "1,541",
    "영업이익": "61",
    "당기순이익": "-77",
    "주당순이익": "-10,101",
    "보통주배당금": "1,500",
    "매출액증가율": "0.85",
    "영업이익증가율": "-25.82",
    "외국인비율": "1.27",
    "PER": "-10.10",
    "ROE": "-5.29",
    "ROA": "-2.56",
    "PBR": "0.45",
    "유보율": "4,255.9",
    "code": "004090"
}