{
    "N": "752",
    "종목명": "신흥",
    "현재가": "11,200",
    "상태": "하락",
    "전일비": "250",
    "등락률": "-2.18%",
    "액면가": "500",
    "거래량": "12,800",
    "거래대금": "144",
    "전일거래량": "82,445",
    "시가": "11,600",
    "고가": "11,600",
    "저가": "11,100",
    "매수호가": "11,200",
    "매도호가": "11,250",
    "매수총잔량": "12,429",
    "매도총잔량": "3,061",
    "상장주식수": "9,600",
    "시가총액": "1,075",
    "매출액": "1,230",
    "자산총계": "1,467",
    "부채총계": "587",
    "영업이익": "30",
    "당기순이익": "20",
    "주당순이익": "861",
    "보통주배당금": "200",
    "매출액증가율": "1.21",
    "영업이익증가율": "170.49",
    "외국인비율": "0.47",
    "PER": "13.01",
    "ROE": "2.33",
    "ROA": "1.46",
    "PBR": "1.14",
    "유보율": "1,220.2",
    "code": "004080"
}