{
    "N": "691",
    "종목명": "SG세계물산",
    "현재가": "616",
    "상태": "상승",
    "전일비": "8",
    "등락률": "+1.32%",
    "액면가": "500",
    "거래량": "1,121,858",
    "거래대금": "686",
    "전일거래량": "1,005,731",
    "시가": "613",
    "고가": "619",
    "저가": "606",
    "매수호가": "615",
    "매도호가": "616",
    "매수총잔량": "234,762",
    "매도총잔량": "140,116",
    "상장주식수": "202,425",
    "시가총액": "1,247",
    "매출액": "3,125",
    "자산총계": "2,877",
    "부채총계": "828",
    "영업이익": "5",
    "당기순이익": "97",
    "주당순이익": "-21",
    "보통주배당금": "N/A",
    "매출액증가율": "-2.39",
    "영업이익증가율": "-87.10",
    "외국인비율": "1.88",
    "PER": "-29.33",
    "ROE": "4.81",
    "ROA": "3.11",
    "PBR": "0.64",
    "유보율": "103.6",
    "code": "004060"
}