{
    "N": "50",
    "종목명": "현대제철",
    "현재가": "42,400",
    "상태": "하락",
    "전일비": "1,150",
    "등락률": "-2.64%",
    "액면가": "5,000",
    "거래량": "1,939,316",
    "거래대금": "83,504",
    "전일거래량": "3,075,718",
    "시가": "43,950",
    "고가": "44,550",
    "저가": "42,150",
    "매수호가": "42,400",
    "매도호가": "42,450",
    "매수총잔량": "77,767",
    "매도총잔량": "23,634",
    "상장주식수": "133,446",
    "시가총액": "56,581",
    "매출액": "205,126",
    "자산총계": "343,663",
    "부채총계": "171,326",
    "영업이익": "3,313",
    "당기순이익": "256",
    "주당순이익": "-1,846",
    "보통주배당금": "750",
    "매출액증가율": "-1.29",
    "영업이익증가율": "-67.71",
    "외국인비율": "19.45",
    "PER": "-22.97",
    "ROE": "0.10",
    "ROA": "0.08",
    "PBR": "0.34",
    "유보율": "2,308.5",
    "code": "004020"
}