{
    "N": "1362",
    "종목명": "태양금속우",
    "현재가": "2,870",
    "상태": "하락",
    "전일비": "25",
    "등락률": "-0.86%",
    "액면가": "500",
    "거래량": "13,285",
    "거래대금": "38",
    "전일거래량": "19,402",
    "시가": "2,915",
    "고가": "2,915",
    "저가": "2,870",
    "매수호가": "2,870",
    "매도호가": "2,875",
    "매수총잔량": "1,940",
    "매도총잔량": "11,661",
    "상장주식수": "3,300",
    "시가총액": "95",
    "매출액": "N/A",
    "자산총계": "N/A",
    "부채총계": "N/A",
    "영업이익": "N/A",
    "당기순이익": "N/A",
    "주당순이익": "-93",
    "보통주배당금": "N/A",
    "매출액증가율": "N/A",
    "영업이익증가율": "N/A",
    "외국인비율": "0.94",
    "PER": "-30.86",
    "ROE": "N/A",
    "ROA": "N/A",
    "PBR": "1.44",
    "유보율": "N/A",
    "code": "004105"
}