{
    "N": "119",
    "종목명": "신세계",
    "현재가": "237,000",
    "상태": "하락",
    "전일비": "2,500",
    "등락률": "-1.04%",
    "액면가": "5,000",
    "거래량": "111,429",
    "거래대금": "26,576",
    "전일거래량": "107,430",
    "시가": "241,000",
    "고가": "242,000",
    "저가": "237,000",
    "매수호가": "237,000",
    "매도호가": "237,500",
    "매수총잔량": "31,239",
    "매도총잔량": "17,010",
    "상장주식수": "9,845",
    "시가총액": "23,333",
    "매출액": "63,942",
    "자산총계": "130,185",
    "부채총계": "75,034",
    "영업이익": "4,678",
    "당기순이익": "5,931",
    "주당순이익": "-31,123",
    "보통주배당금": "2,000",
    "매출액증가율": "23.31",
    "영업이익증가율": "17.73",
    "외국인비율": "24.77",
    "PER": "-7.61",
    "ROE": "14.24",
    "ROA": "4.92",
    "PBR": "0.69",
    "유보율": "6,741.2",
    "code": "004170"
}