{
    "N": "985",
    "종목명": "태양금속",
    "현재가": "1,135",
    "상태": "하락",
    "전일비": "15",
    "등락률": "-1.30%",
    "액면가": "500",
    "거래량": "252,239",
    "거래대금": "287",
    "전일거래량": "272,490",
    "시가": "1,150",
    "고가": "1,155",
    "저가": "1,135",
    "매수호가": "1,135",
    "매도호가": "1,140",
    "매수총잔량": "52,866",
    "매도총잔량": "41,774",
    "상장주식수": "36,700",
    "시가총액": "417",
    "매출액": "4,709",
    "자산총계": "3,937",
    "부채총계": "3,220",
    "영업이익": "-176",
    "당기순이익": "-221",
    "주당순이익": "-93",
    "보통주배당금": "5",
    "매출액증가율": "4.83",
    "영업이익증가율": "-345.89",
    "외국인비율": "2.65",
    "PER": "-12.20",
    "ROE": "-26.30",
    "ROA": "-5.61",
    "PBR": "0.57",
    "유보율": "289.6",
    "code": "004100"
}