{
    "N": "606",
    "종목명": "한솔홀딩스",
    "현재가": "3,865",
    "상태": "상승",
    "전일비": "25",
    "등락률": "+0.65%",
    "액면가": "1,000",
    "거래량": "763,123",
    "거래대금": "2,916",
    "전일거래량": "8,732,968",
    "시가": "3,840",
    "고가": "3,865",
    "저가": "3,775",
    "매수호가": "3,860",
    "매도호가": "3,865",
    "매수총잔량": "14,680",
    "매도총잔량": "22,691",
    "상장주식수": "42,009",
    "시가총액": "1,624",
    "매출액": "5,416",
    "자산총계": "6,664",
    "부채총계": "2,103",
    "영업이익": "118",
    "당기순이익": "263",
    "주당순이익": "427",
    "보통주배당금": "0",
    "매출액증가율": "-10.03",
    "영업이익증가율": "-53.45",
    "외국인비율": "11.16",
    "PER": "9.05",
    "ROE": "6.00",
    "ROA": "2.61",
    "PBR": "0.35",
    "유보율": "141.0",
    "code": "004150"
}