{
    "N": "806",
    "종목명": "동방",
    "현재가": "2,265",
    "상태": "하락",
    "전일비": "45",
    "등락률": "-1.95%",
    "액면가": "1,000",
    "거래량": "1,143,161",
    "거래대금": "2,606",
    "전일거래량": "3,039,662",
    "시가": "2,325",
    "고가": "2,325",
    "저가": "2,250",
    "매수호가": "2,260",
    "매도호가": "2,265",
    "매수총잔량": "149,977",
    "매도총잔량": "63,604",
    "상장주식수": "39,646",
    "시가총액": "898",
    "매출액": "6,330",
    "자산총계": "6,284",
    "부채총계": "5,128",
    "영업이익": "209",
    "당기순이익": "-87",
    "주당순이익": "-131",
    "보통주배당금": "0",
    "매출액증가율": "20.25",
    "영업이익증가율": "47.90",
    "외국인비율": "2.26",
    "PER": "-17.29",
    "ROE": "-8.33",
    "ROA": "-1.47",
    "PBR": "0.78",
    "유보율": "178.4",
    "code": "004140"
}