{
    "N": "696",
    "종목명": "NPC",
    "현재가": "3,335",
    "상태": "상승",
    "전일비": "30",
    "등락률": "+0.91%",
    "액면가": "500",
    "거래량": "122,949",
    "거래대금": "408",
    "전일거래량": "111,743",
    "시가": "3,315",
    "고가": "3,355",
    "저가": "3,295",
    "매수호가": "3,330",
    "매도호가": "3,335",
    "매수총잔량": "30,532",
    "매도총잔량": "15,327",
    "상장주식수": "36,720",
    "시가총액": "1,225",
    "매출액": "4,545",
    "자산총계": "4,038",
    "부채총계": "1,196",
    "영업이익": "198",
    "당기순이익": "144",
    "주당순이익": "350",
    "보통주배당금": "100",
    "매출액증가율": "9.54",
    "영업이익증가율": "33.01",
    "외국인비율": "2.64",
    "PER": "9.53",
    "ROE": "5.29",
    "ROA": "3.61",
    "PBR": "0.48",
    "유보율": "1,214.5",
    "code": "004250"
}