{
    "N": "615",
    "종목명": "남성",
    "현재가": "4,320",
    "상태": "상승",
    "전일비": "20",
    "등락률": "+0.47%",
    "액면가": "500",
    "거래량": "5,920,560",
    "거래대금": "26,340",
    "전일거래량": "2,023,264",
    "시가": "4,320",
    "고가": "4,700",
    "저가": "4,220",
    "매수호가": "4,320",
    "매도호가": "4,325",
    "매수총잔량": "89,667",
    "매도총잔량": "58,919",
    "상장주식수": "36,212",
    "시가총액": "1,564",
    "매출액": "730",
    "자산총계": "2,048",
    "부채총계": "1,189",
    "영업이익": "5",
    "당기순이익": "-22",
    "주당순이익": "-122",
    "보통주배당금": "25",
    "매출액증가율": "-12.37",
    "영업이익증가율": "-52.78",
    "외국인비율": "0.48",
    "PER": "-35.41",
    "ROE": "-2.52",
    "ROA": "-1.07",
    "PBR": "1.55",
    "유보율": "396.9",
    "code": "004270"
}