{
    "N": "420",
    "종목명": "현대약품",
    "현재가": "9,920",
    "상태": "상승",
    "전일비": "1,770",
    "등락률": "+21.72%",
    "액면가": "500",
    "거래량": "77,786,339",
    "거래대금": "753,173",
    "전일거래량": "11,897,727",
    "시가": "8,080",
    "고가": "10,500",
    "저가": "8,080",
    "매수호가": "9,920",
    "매도호가": "9,930",
    "매수총잔량": "259,860",
    "매도총잔량": "89,803",
    "상장주식수": "32,000",
    "시가총액": "3,174",
    "매출액": "1,349",
    "자산총계": "1,455",
    "부채총계": "579",
    "영업이익": "16",
    "당기순이익": "12",
    "주당순이익": "64",
    "보통주배당금": "45",
    "매출액증가율": "0.73",
    "영업이익증가율": "27.62",
    "외국인비율": "2.70",
    "PER": "155.00",
    "ROE": "1.19",
    "ROA": "0.76",
    "PBR": "3.08",
    "유보율": "567.2",
    "code": "004310"
}