{
    "N": "140",
    "종목명": "농심",
    "현재가": "298,500",
    "상태": "하락",
    "전일비": "3,000",
    "등락률": "-1.00%",
    "액면가": "5,000",
    "거래량": "60,171",
    "거래대금": "18,068",
    "전일거래량": "73,107",
    "시가": "304,500",
    "고가": "305,000",
    "저가": "298,000",
    "매수호가": "298,500",
    "매도호가": "299,000",
    "매수총잔량": "18,809",
    "매도총잔량": "4,523",
    "상장주식수": "6,083",
    "시가총액": "18,157",
    "매출액": "23,439",
    "자산총계": "26,530",
    "부채총계": "7,123",
    "영업이익": "788",
    "당기순이익": "711",
    "주당순이익": "22,289",
    "보통주배당금": "4,000",
    "매출액증가율": "4.81",
    "영업이익증가율": "-11.00",
    "외국인비율": "18.35",
    "PER": "13.39",
    "ROE": "3.72",
    "ROA": "2.74",
    "PBR": "0.85",
    "유보율": "6,572.0",
    "code": "004370"
}