{
    "N": "515",
    "종목명": "세방",
    "현재가": "11,450",
    "상태": "하락",
    "전일비": "50",
    "등락률": "-0.43%",
    "액면가": "500",
    "거래량": "226,525",
    "거래대금": "2,560",
    "전일거래량": "244,506",
    "시가": "11,600",
    "고가": "11,600",
    "저가": "11,100",
    "매수호가": "11,400",
    "매도호가": "11,450",
    "매수총잔량": "44,198",
    "매도총잔량": "27,504",
    "상장주식수": "19,309",
    "시가총액": "2,211",
    "매출액": "7,233",
    "자산총계": "11,076",
    "부채총계": "2,891",
    "영업이익": "161",
    "당기순이익": "55",
    "주당순이익": "104",
    "보통주배당금": "175",
    "매출액증가율": "10.99",
    "영업이익증가율": "41.35",
    "외국인비율": "4.08",
    "PER": "110.10",
    "ROE": "0.68",
    "ROA": "0.52",
    "PBR": "0.30",
    "유보율": "6,787.5",
    "code": "004360"
}