{
    "N": "1102",
    "종목명": "세방우",
    "현재가": "7,000",
    "상태": "하락",
    "전일비": "190",
    "등락률": "-2.64%",
    "액면가": "500",
    "거래량": "11,881",
    "거래대금": "83",
    "전일거래량": "2,997",
    "시가": "7,100",
    "고가": "7,100",
    "저가": "7,000",
    "매수호가": "6,990",
    "매도호가": "7,000",
    "매수총잔량": "4,062",
    "매도총잔량": "2,185",
    "상장주식수": "3,689",
    "시가총액": "258",
    "매출액": "N/A",
    "자산총계": "N/A",
    "부채총계": "N/A",
    "영업이익": "N/A",
    "당기순이익": "N/A",
    "주당순이익": "104",
    "보통주배당금": "N/A",
    "매출액증가율": "N/A",
    "영업이익증가율": "N/A",
    "외국인비율": "12.44",
    "PER": "67.31",
    "ROE": "N/A",
    "ROA": "N/A",
    "PBR": "0.18",
    "유보율": "N/A",
    "code": "004365"
}