{
    "N": "1298",
    "종목명": "서울식품우",
    "현재가": "5,150",
    "상태": "하락",
    "전일비": "70",
    "등락률": "-1.34%",
    "액면가": "100",
    "거래량": "21,342",
    "거래대금": "109",
    "전일거래량": "23,156",
    "시가": "5,340",
    "고가": "5,340",
    "저가": "4,960",
    "매수호가": "5,140",
    "매도호가": "5,150",
    "매수총잔량": "4,095",
    "매도총잔량": "4,617",
    "상장주식수": "2,224",
    "시가총액": "115",
    "매출액": "N/A",
    "자산총계": "N/A",
    "부채총계": "N/A",
    "영업이익": "N/A",
    "당기순이익": "N/A",
    "주당순이익": "-4",
    "보통주배당금": "N/A",
    "매출액증가율": "N/A",
    "영업이익증가율": "N/A",
    "외국인비율": "0.30",
    "PER": "-1,287.50",
    "ROE": "N/A",
    "ROA": "N/A",
    "PBR": "70.88",
    "유보율": "N/A",
    "code": "004415"
}