{
    "N": "184",
    "종목명": "세방전지",
    "현재가": "78,000",
    "상태": "상승",
    "전일비": "6,300",
    "등락률": "+8.79%",
    "액면가": "500",
    "거래량": "610,213",
    "거래대금": "43,830",
    "전일거래량": "358,720",
    "시가": "72,400",
    "고가": "79,500",
    "저가": "67,600",
    "매수호가": "78,000",
    "매도호가": "78,100",
    "매수총잔량": "2,597",
    "매도총잔량": "13,143",
    "상장주식수": "14,000",
    "시가총액": "10,920",
    "매출액": "11,390",
    "자산총계": "15,107",
    "부채총계": "4,560",
    "영업이익": "1,057",
    "당기순이익": "784",
    "주당순이익": "5,279",
    "보통주배당금": "500",
    "매출액증가율": "-3.55",
    "영업이익증가율": "-5.04",
    "외국인비율": "27.10",
    "PER": "14.78",
    "ROE": "7.70",
    "ROA": "5.65",
    "PBR": "0.95",
    "유보율": "15,105.3",
    "code": "004490"
}