{
    "N": "828",
    "종목명": "삼화왕관",
    "현재가": "38,950",
    "상태": "하락",
    "전일비": "50",
    "등락률": "-0.13%",
    "액면가": "5,000",
    "거래량": "2,287",
    "거래대금": "89",
    "전일거래량": "3,079",
    "시가": "39,100",
    "고가": "39,350",
    "저가": "38,900",
    "매수호가": "38,950",
    "매도호가": "39,050",
    "매수총잔량": "1,216",
    "매도총잔량": "238",
    "상장주식수": "2,154",
    "시가총액": "839",
    "매출액": "1,160",
    "자산총계": "2,387",
    "부채총계": "936",
    "영업이익": "91",
    "당기순이익": "84",
    "주당순이익": "683",
    "보통주배당금": "1,350",
    "매출액증가율": "N/A",
    "영업이익증가율": "N/A",
    "외국인비율": "7.85",
    "PER": "57.03",
    "ROE": "N/A",
    "ROA": "N/A",
    "PBR": "0.50",
    "유보율": "1,325.4",
    "code": "004450"
}