{
    "N": "368",
    "종목명": "송원산업",
    "현재가": "16,300",
    "상태": "하락",
    "전일비": "200",
    "등락률": "-1.21%",
    "액면가": "500",
    "거래량": "505,384",
    "거래대금": "8,285",
    "전일거래량": "458,111",
    "시가": "16,650",
    "고가": "16,650",
    "저가": "16,150",
    "매수호가": "16,300",
    "매도호가": "16,350",
    "매수총잔량": "64,660",
    "매도총잔량": "76,818",
    "상장주식수": "24,000",
    "시가총액": "3,912",
    "매출액": "8,143",
    "자산총계": "8,943",
    "부채총계": "4,587",
    "영업이익": "593",
    "당기순이익": "350",
    "주당순이익": "1,274",
    "보통주배당금": "150",
    "매출액증가율": "3.25",
    "영업이익증가율": "9.24",
    "외국인비율": "18.59",
    "PER": "12.79",
    "ROE": "8.24",
    "ROA": "3.96",
    "PBR": "0.86",
    "유보율": "3,525.7",
    "code": "004430"
}