{
    "N": "829",
    "종목명": "서울식품",
    "현재가": "234",
    "상태": "상승",
    "전일비": "8",
    "등락률": "+3.54%",
    "액면가": "100",
    "거래량": "21,805,001",
    "거래대금": "5,008",
    "전일거래량": "27,633,355",
    "시가": "226",
    "고가": "234",
    "저가": "223",
    "매수호가": "233",
    "매도호가": "234",
    "매수총잔량": "3,229,909",
    "매도총잔량": "3,279,853",
    "상장주식수": "357,540",
    "시가총액": "837",
    "매출액": "621",
    "자산총계": "760",
    "부채총계": "510",
    "영업이익": "4",
    "당기순이익": "-20",
    "주당순이익": "-4",
    "보통주배당금": "0",
    "매출액증가율": "-12.18",
    "영업이익증가율": "-66.55",
    "외국인비율": "3.35",
    "PER": "-58.50",
    "ROE": "-7.65",
    "ROA": "-2.62",
    "PBR": "3.22",
    "유보율": "-26.5",
    "code": "004410"
}