{
    "N": "684",
    "종목명": "삼일씨엔에스",
    "현재가": "10,150",
    "상태": "하락",
    "전일비": "50",
    "등락률": "-0.49%",
    "액면가": "1,000",
    "거래량": "67,469",
    "거래대금": "685",
    "전일거래량": "80,272",
    "시가": "10,400",
    "고가": "10,450",
    "저가": "10,050",
    "매수호가": "10,100",
    "매도호가": "10,150",
    "매수총잔량": "17,331",
    "매도총잔량": "19,820",
    "상장주식수": "12,732",
    "시가총액": "1,292",
    "매출액": "1,955",
    "자산총계": "3,372",
    "부채총계": "584",
    "영업이익": "36",
    "당기순이익": "27",
    "주당순이익": "-68",
    "보통주배당금": "38",
    "매출액증가율": "-4.93",
    "영업이익증가율": "-4.21",
    "외국인비율": "1.06",
    "PER": "-149.26",
    "ROE": "0.97",
    "ROA": "0.79",
    "PBR": "0.47",
    "유보율": "2,140.2",
    "code": "004440"
}