{
    "N": "1428",
    "종목명": "깨끗한나라우",
    "현재가": "20,900",
    "상태": "상승",
    "전일비": "350",
    "등락률": "+1.70%",
    "액면가": "1,000",
    "거래량": "209",
    "거래대금": "4",
    "전일거래량": "1,904",
    "시가": "20,600",
    "고가": "20,950",
    "저가": "20,600",
    "매수호가": "20,850",
    "매도호가": "20,900",
    "매수총잔량": "1,446",
    "매도총잔량": "814",
    "상장주식수": "366",
    "시가총액": "77",
    "매출액": "N/A",
    "자산총계": "N/A",
    "부채총계": "N/A",
    "영업이익": "N/A",
    "당기순이익": "N/A",
    "주당순이익": "1,299",
    "보통주배당금": "N/A",
    "매출액증가율": "N/A",
    "영업이익증가율": "N/A",
    "외국인비율": "1.07",
    "PER": "16.09",
    "ROE": "N/A",
    "ROA": "N/A",
    "PBR": "4.11",
    "유보율": "N/A",
    "code": "004545"
}