{
    "N": "1435",
    "종목명": "현대비앤지스틸우",
    "현재가": "68,300",
    "상태": "하락",
    "전일비": "200",
    "등락률": "-0.29%",
    "액면가": "5,000",
    "거래량": "590",
    "거래대금": "40",
    "전일거래량": "1,448",
    "시가": "68,900",
    "고가": "69,800",
    "저가": "67,700",
    "매수호가": "68,300",
    "매도호가": "68,400",
    "매수총잔량": "359",
    "매도총잔량": "844",
    "상장주식수": "110",
    "시가총액": "75",
    "매출액": "N/A",
    "자산총계": "N/A",
    "부채총계": "N/A",
    "영업이익": "N/A",
    "당기순이익": "N/A",
    "주당순이익": "1,150",
    "보통주배당금": "N/A",
    "매출액증가율": "N/A",
    "영업이익증가율": "N/A",
    "외국인비율": "0.54",
    "PER": "59.39",
    "ROE": "N/A",
    "ROA": "N/A",
    "PBR": "2.49",
    "유보율": "N/A",
    "code": "004565"
}