{
    "N": "609",
    "종목명": "깨끗한나라",
    "현재가": "4,320",
    "상태": "상승",
    "전일비": "25",
    "등락률": "+0.58%",
    "액면가": "1,000",
    "거래량": "257,918",
    "거래대금": "1,109",
    "전일거래량": "182,135",
    "시가": "4,295",
    "고가": "4,360",
    "저가": "4,270",
    "매수호가": "4,320",
    "매도호가": "4,325",
    "매수총잔량": "24,389",
    "매도총잔량": "31,802",
    "상장주식수": "37,241",
    "시가총액": "1,609",
    "매출액": "5,942",
    "자산총계": "5,383",
    "부채총계": "3,758",
    "영업이익": "51",
    "당기순이익": "-118",
    "주당순이익": "1,299",
    "보통주배당금": "N/A",
    "매출액증가율": "-5.14",
    "영업이익증가율": "117.62",
    "외국인비율": "0.97",
    "PER": "3.33",
    "ROE": "-7.29",
    "ROA": "-2.07",
    "PBR": "0.85",
    "유보율": "271.4",
    "code": "004540"
}