{
    "N": "612",
    "종목명": "현대비앤지스틸",
    "현재가": "10,600",
    "상태": "하락",
    "전일비": "550",
    "등락률": "-4.93%",
    "액면가": "5,000",
    "거래량": "331,540",
    "거래대금": "3,604",
    "전일거래량": "1,261,381",
    "시가": "11,250",
    "고가": "11,350",
    "저가": "10,600",
    "매수호가": "10,600",
    "매도호가": "10,650",
    "매수총잔량": "17,296",
    "매도총잔량": "16,872",
    "상장주식수": "15,079",
    "시가총액": "1,598",
    "매출액": "7,333",
    "자산총계": "6,086",
    "부채총계": "2,057",
    "영업이익": "365",
    "당기순이익": "218",
    "주당순이익": "1,150",
    "보통주배당금": "100",
    "매출액증가율": "2.89",
    "영업이익증가율": "4.22",
    "외국인비율": "7.17",
    "PER": "9.22",
    "ROE": "5.55",
    "ROA": "3.59",
    "PBR": "0.39",
    "유보율": "431.1",
    "code": "004560"
}