{
    "N": "401",
    "종목명": "삼천리",
    "현재가": "82,900",
    "상태": "하락",
    "전일비": "100",
    "등락률": "-0.12%",
    "액면가": "5,000",
    "거래량": "10,121",
    "거래대금": "832",
    "전일거래량": "8,246",
    "시가": "83,000",
    "고가": "83,100",
    "저가": "81,700",
    "매수호가": "82,300",
    "매도호가": "82,900",
    "매수총잔량": "1,254",
    "매도총잔량": "1,960",
    "상장주식수": "4,055",
    "시가총액": "3,362",
    "매출액": "34,616",
    "자산총계": "39,124",
    "부채총계": "25,194",
    "영업이익": "856",
    "당기순이익": "360",
    "주당순이익": "3,040",
    "보통주배당금": "3,000",
    "매출액증가율": "0.16",
    "영업이익증가율": "1.95",
    "외국인비율": "16.69",
    "PER": "27.27",
    "ROE": "2.98",
    "ROA": "0.95",
    "PBR": "0.22",
    "유보율": "6,464.1",
    "code": "004690"
}