{
    "N": "344",
    "종목명": "조광피혁",
    "현재가": "63,600",
    "상태": "상승",
    "전일비": "3,300",
    "등락률": "+5.47%",
    "액면가": "5,000",
    "거래량": "15,836",
    "거래대금": "1,016",
    "전일거래량": "23,679",
    "시가": "61,500",
    "고가": "67,000",
    "저가": "60,300",
    "매수호가": "63,600",
    "매도호가": "63,900",
    "매수총잔량": "530",
    "매도총잔량": "395",
    "상장주식수": "6,649",
    "시가총액": "4,229",
    "매출액": "1,082",
    "자산총계": "2,958",
    "부채총계": "208",
    "영업이익": "158",
    "당기순이익": "145",
    "주당순이익": "2,976",
    "보통주배당금": "N/A",
    "매출액증가율": "-15.22",
    "영업이익증가율": "5.81",
    "외국인비율": "0.41",
    "PER": "21.37",
    "ROE": "5.66",
    "ROA": "5.31",
    "PBR": "0.74",
    "유보율": "653.2",
    "code": "004700"
}