{
    "N": "573",
    "종목명": "써니전자",
    "현재가": "5,100",
    "전일비": "0",
    "등락률": "0.00%",
    "액면가": "500",
    "거래량": "7,555,990",
    "거래대금": "39,217",
    "전일거래량": "3,910,661",
    "시가": "5,160",
    "고가": "5,340",
    "저가": "5,060",
    "매수호가": "5,100",
    "매도호가": "5,110",
    "매수총잔량": "260,158",
    "매도총잔량": "51,366",
    "상장주식수": "34,845",
    "시가총액": "1,777",
    "매출액": "256",
    "자산총계": "615",
    "부채총계": "76",
    "영업이익": "42",
    "당기순이익": "6",
    "주당순이익": "134",
    "보통주배당금": "0",
    "매출액증가율": "37.10",
    "영업이익증가율": "553.32",
    "외국인비율": "1.27",
    "PER": "38.06",
    "ROE": "1.28",
    "ROA": "1.06",
    "PBR": "2.82",
    "유보율": "202.5",
    "code": "004770"
}