{
    "N": "417",
    "종목명": "한솔테크닉스",
    "현재가": "9,990",
    "상태": "하락",
    "전일비": "210",
    "등락률": "-2.06%",
    "액면가": "5,000",
    "거래량": "799,305",
    "거래대금": "8,056",
    "전일거래량": "1,437,154",
    "시가": "10,350",
    "고가": "10,400",
    "저가": "9,980",
    "매수호가": "9,980",
    "매도호가": "9,990",
    "매수총잔량": "60,732",
    "매도총잔량": "119,737",
    "상장주식수": "32,110",
    "시가총액": "3,208",
    "매출액": "9,722",
    "자산총계": "4,953",
    "부채총계": "2,335",
    "영업이익": "255",
    "당기순이익": "64",
    "주당순이익": "351",
    "보통주배당금": "N/A",
    "매출액증가율": "15.48",
    "영업이익증가율": "63.67",
    "외국인비율": "13.56",
    "PER": "28.46",
    "ROE": "2.79",
    "ROA": "1.28",
    "PBR": "1.10",
    "유보율": "77.2",
    "code": "004710"
}