{
    "N": "589",
    "종목명": "우리들제약",
    "현재가": "11,450",
    "상태": "상승",
    "전일비": "150",
    "등락률": "+1.33%",
    "액면가": "500",
    "거래량": "313,843",
    "거래대금": "3,550",
    "전일거래량": "260,640",
    "시가": "11,300",
    "고가": "11,500",
    "저가": "11,050",
    "매수호가": "11,450",
    "매도호가": "11,500",
    "매수총잔량": "57,548",
    "매도총잔량": "51,349",
    "상장주식수": "14,713",
    "시가총액": "1,685",
    "매출액": "951",
    "자산총계": "1,000",
    "부채총계": "438",
    "영업이익": "12",
    "당기순이익": "2",
    "주당순이익": "170",
    "보통주배당금": "0",
    "매출액증가율": "6.77",
    "영업이익증가율": "-76.19",
    "외국인비율": "1.91",
    "PER": "67.35",
    "ROE": "0.54",
    "ROA": "0.24",
    "PBR": "2.15",
    "유보율": "888.8",
    "code": "004720"
}