{
    "N": "658",
    "종목명": "DRB동일",
    "현재가": "6,940",
    "상태": "상승",
    "전일비": "70",
    "등락률": "+1.02%",
    "액면가": "500",
    "거래량": "157,933",
    "거래대금": "1,097",
    "전일거래량": "88,637",
    "시가": "6,870",
    "고가": "7,030",
    "저가": "6,850",
    "매수호가": "6,940",
    "매도호가": "6,950",
    "매수총잔량": "17,437",
    "매도총잔량": "30,513",
    "상장주식수": "19,930",
    "시가총액": "1,383",
    "매출액": "5,470",
    "자산총계": "7,453",
    "부채총계": "2,838",
    "영업이익": "265",
    "당기순이익": "135",
    "주당순이익": "186",
    "보통주배당금": "100",
    "매출액증가율": "0.29",
    "영업이익증가율": "-2.11",
    "외국인비율": "1.49",
    "PER": "37.31",
    "ROE": "2.54",
    "ROA": "1.85",
    "PBR": "0.37",
    "유보율": "4,586.2",
    "code": "004840"
}