{
    "N": "1141",
    "종목명": "덕성우",
    "현재가": "15,300",
    "상태": "상승",
    "전일비": "50",
    "등락률": "+0.33%",
    "액면가": "500",
    "거래량": "59,386",
    "거래대금": "909",
    "전일거래량": "52,727",
    "시가": "15,100",
    "고가": "15,750",
    "저가": "14,800",
    "매수호가": "15,300",
    "매도호가": "15,350",
    "매수총잔량": "11,046",
    "매도총잔량": "11,058",
    "상장주식수": "1,392",
    "시가총액": "213",
    "매출액": "N/A",
    "자산총계": "N/A",
    "부채총계": "N/A",
    "영업이익": "N/A",
    "당기순이익": "N/A",
    "주당순이익": "241",
    "보통주배당금": "N/A",
    "매출액증가율": "N/A",
    "영업이익증가율": "N/A",
    "외국인비율": "0.41",
    "PER": "63.49",
    "ROE": "N/A",
    "ROA": "N/A",
    "PBR": "3.57",
    "유보율": "N/A",
    "code": "004835"
}