{
    "N": "152",
    "종목명": "효성",
    "현재가": "76,300",
    "상태": "하락",
    "전일비": "100",
    "등락률": "-0.13%",
    "액면가": "5,000",
    "거래량": "130,882",
    "거래대금": "10,013",
    "전일거래량": "160,955",
    "시가": "76,700",
    "고가": "77,100",
    "저가": "76,000",
    "매수호가": "76,200",
    "매도호가": "76,300",
    "매수총잔량": "12,046",
    "매도총잔량": "13,639",
    "상장주식수": "21,071",
    "시가총액": "16,077",
    "매출액": "33,734",
    "자산총계": "65,271",
    "부채총계": "38,168",
    "영업이익": "2,368",
    "당기순이익": "1,500",
    "주당순이익": "-2,133",
    "보통주배당금": "5,000",
    "매출액증가율": "12.36",
    "영업이익증가율": "52.84",
    "외국인비율": "5.83",
    "PER": "-35.77",
    "ROE": "4.25",
    "ROA": "2.32",
    "PBR": "0.68",
    "유보율": "6,917.6",
    "code": "004800"
}