{
    "N": "840",
    "종목명": "티웨이홀딩스",
    "현재가": "1,055",
    "상태": "상승",
    "전일비": "10",
    "등락률": "+0.96%",
    "액면가": "500",
    "거래량": "168,133",
    "거래대금": "177",
    "전일거래량": "168,007",
    "시가": "1,055",
    "고가": "1,060",
    "저가": "1,040",
    "매수호가": "1,050",
    "매도호가": "1,055",
    "매수총잔량": "70,487",
    "매도총잔량": "146,044",
    "상장주식수": "76,681",
    "시가총액": "809",
    "매출액": "8,175",
    "자산총계": "8,710",
    "부채총계": "6,252",
    "영업이익": "-238",
    "당기순이익": "-477",
    "주당순이익": "-1,029",
    "보통주배당금": "0",
    "매출액증가율": "10.85",
    "영업이익증가율": "-154.95",
    "외국인비율": "0.55",
    "PER": "-1.03",
    "ROE": "-17.06",
    "ROA": "-6.97",
    "PBR": "0.92",
    "유보율": "320.5",
    "code": "004870"
}