{
    "N": "678",
    "종목명": "덕성",
    "현재가": "8,350",
    "상태": "상승",
    "전일비": "410",
    "등락률": "+5.16%",
    "액면가": "500",
    "거래량": "2,629,767",
    "거래대금": "22,137",
    "전일거래량": "665,858",
    "시가": "8,100",
    "고가": "8,850",
    "저가": "7,960",
    "매수호가": "8,340",
    "매도호가": "8,350",
    "매수총잔량": "14,738",
    "매도총잔량": "27,098",
    "상장주식수": "15,680",
    "시가총액": "1,309",
    "매출액": "867",
    "자산총계": "1,029",
    "부채총계": "399",
    "영업이익": "5",
    "당기순이익": "2",
    "주당순이익": "241",
    "보통주배당금": "20",
    "매출액증가율": "3.56",
    "영업이익증가율": "120.71",
    "외국인비율": "0.27",
    "PER": "34.65",
    "ROE": "0.29",
    "ROA": "0.18",
    "PBR": "1.95",
    "유보율": "694.9",
    "code": "004830"
}