{
    "N": "556",
    "종목명": "동일산업",
    "현재가": "77,400",
    "상태": "상승",
    "전일비": "1,100",
    "등락률": "+1.44%",
    "액면가": "5,000",
    "거래량": "13,299",
    "거래대금": "1,025",
    "전일거래량": "3,843",
    "시가": "76,300",
    "고가": "77,700",
    "저가": "76,200",
    "매수호가": "76,900",
    "매도호가": "77,400",
    "매수총잔량": "804",
    "매도총잔량": "2,812",
    "상장주식수": "2,425",
    "시가총액": "1,877",
    "매출액": "3,547",
    "자산총계": "4,049",
    "부채총계": "510",
    "영업이익": "-10",
    "당기순이익": "38",
    "주당순이익": "1,077",
    "보통주배당금": "750",
    "매출액증가율": "-9.29",
    "영업이익증가율": "-105.66",
    "외국인비율": "4.45",
    "PER": "71.87",
    "ROE": "1.06",
    "ROA": "0.92",
    "PBR": "0.47",
    "유보율": "2,941.5",
    "code": "004890"
}