{
    "N": "1133",
    "종목명": "씨아이테크",
    "현재가": "886",
    "상태": "상승",
    "전일비": "1",
    "등락률": "+0.11%",
    "액면가": "500",
    "거래량": "100,218",
    "거래대금": "88",
    "전일거래량": "155,198",
    "시가": "885",
    "고가": "897",
    "저가": "882",
    "매수호가": "886",
    "매도호가": "887",
    "매수총잔량": "101,777",
    "매도총잔량": "9,767",
    "상장주식수": "25,071",
    "시가총액": "222",
    "매출액": "407",
    "자산총계": "561",
    "부채총계": "248",
    "영업이익": "-31",
    "당기순이익": "-46",
    "주당순이익": "-133",
    "보통주배당금": "0",
    "매출액증가율": "26.13",
    "영업이익증가율": "-58.47",
    "외국인비율": "1.51",
    "PER": "-6.66",
    "ROE": "-15.96",
    "ROA": "-9.21",
    "PBR": "0.61",
    "유보율": "-25.9",
    "code": "004920"
}