{
    "N": "1381",
    "종목명": "성신양회우",
    "현재가": "12,200",
    "상태": "상승",
    "전일비": "100",
    "등락률": "+0.83%",
    "액면가": "5,000",
    "거래량": "6,298",
    "거래대금": "76",
    "전일거래량": "9,286",
    "시가": "12,250",
    "고가": "12,250",
    "저가": "12,100",
    "매수호가": "12,150",
    "매도호가": "12,200",
    "매수총잔량": "2,651",
    "매도총잔량": "1,778",
    "상장주식수": "736",
    "시가총액": "90",
    "매출액": "N/A",
    "자산총계": "N/A",
    "부채총계": "N/A",
    "영업이익": "N/A",
    "당기순이익": "N/A",
    "주당순이익": "140",
    "보통주배당금": "N/A",
    "매출액증가율": "N/A",
    "영업이익증가율": "N/A",
    "외국인비율": "1.15",
    "PER": "87.14",
    "ROE": "N/A",
    "ROA": "N/A",
    "PBR": "0.78",
    "유보율": "N/A",
    "code": "004985"
}