{
    "N": "561",
    "종목명": "성신양회",
    "현재가": "7,520",
    "상태": "하락",
    "전일비": "50",
    "등락률": "-0.66%",
    "액면가": "5,000",
    "거래량": "245,784",
    "거래대금": "1,841",
    "전일거래량": "395,865",
    "시가": "7,660",
    "고가": "7,660",
    "저가": "7,390",
    "매수호가": "7,510",
    "매도호가": "7,520",
    "매수총잔량": "16,344",
    "매도총잔량": "20,678",
    "상장주식수": "24,516",
    "시가총액": "1,844",
    "매출액": "7,074",
    "자산총계": "10,294",
    "부채총계": "6,291",
    "영업이익": "208",
    "당기순이익": "174",
    "주당순이익": "140",
    "보통주배당금": "150",
    "매출액증가율": "2.81",
    "영업이익증가율": "-30.30",
    "외국인비율": "7.47",
    "PER": "53.71",
    "ROE": "4.43",
    "ROA": "1.66",
    "PBR": "0.48",
    "유보율": "195.9",
    "code": "004980"
}