{
    "N": "823",
    "종목명": "조광페인트",
    "현재가": "6,690",
    "상태": "하락",
    "전일비": "130",
    "등락률": "-1.91%",
    "액면가": "500",
    "거래량": "39,763",
    "거래대금": "267",
    "전일거래량": "186,395",
    "시가": "6,870",
    "고가": "6,870",
    "저가": "6,660",
    "매수호가": "6,690",
    "매도호가": "6,720",
    "매수총잔량": "10,004",
    "매도총잔량": "4,689",
    "상장주식수": "12,800",
    "시가총액": "856",
    "매출액": "2,034",
    "자산총계": "3,125",
    "부채총계": "1,398",
    "영업이익": "-4",
    "당기순이익": "-23",
    "주당순이익": "493",
    "보통주배당금": "200",
    "매출액증가율": "-2.92",
    "영업이익증가율": "-400.42",
    "외국인비율": "2.31",
    "PER": "13.57",
    "ROE": "-1.33",
    "ROA": "-0.75",
    "PBR": "0.33",
    "유보율": "2,735.8",
    "code": "004910"
}