{
    "N": "637",
    "종목명": "신라교역",
    "현재가": "9,200",
    "상태": "상승",
    "전일비": "40",
    "등락률": "+0.44%",
    "액면가": "500",
    "거래량": "28,350",
    "거래대금": "261",
    "전일거래량": "26,283",
    "시가": "9,200",
    "고가": "9,290",
    "저가": "9,200",
    "매수호가": "9,200",
    "매도호가": "9,210",
    "매수총잔량": "12,491",
    "매도총잔량": "3,178",
    "상장주식수": "16,000",
    "시가총액": "1,472",
    "매출액": "3,696",
    "자산총계": "6,199",
    "부채총계": "1,018",
    "영업이익": "-42",
    "당기순이익": "103",
    "주당순이익": "58",
    "보통주배당금": "500",
    "매출액증가율": "4.05",
    "영업이익증가율": "-157.15",
    "외국인비율": "3.35",
    "PER": "158.62",
    "ROE": "2.01",
    "ROA": "1.72",
    "PBR": "0.28",
    "유보율": "6,341.8",
    "code": "004970"
}