{
    "N": "894",
    "종목명": "롯데지주우",
    "현재가": "64,600",
    "상태": "상승",
    "전일비": "700",
    "등락률": "+1.10%",
    "액면가": "200",
    "거래량": "1,873",
    "거래대금": "120",
    "전일거래량": "3,202",
    "시가": "64,000",
    "고가": "64,700",
    "저가": "64,000",
    "매수호가": "64,600",
    "매도호가": "64,700",
    "매수총잔량": "1,847",
    "매도총잔량": "673",
    "상장주식수": "988",
    "시가총액": "638",
    "매출액": "N/A",
    "자산총계": "N/A",
    "부채총계": "N/A",
    "영업이익": "N/A",
    "당기순이익": "N/A",
    "주당순이익": "-6,835",
    "보통주배당금": "N/A",
    "매출액증가율": "N/A",
    "영업이익증가율": "N/A",
    "외국인비율": "0.40",
    "PER": "-9.45",
    "ROE": "N/A",
    "ROA": "N/A",
    "PBR": "0.68",
    "유보율": "N/A",
    "code": "00499K"
}