{
    "N": "528",
    "종목명": "한신공영",
    "현재가": "17,700",
    "상태": "하락",
    "전일비": "400",
    "등락률": "-2.21%",
    "액면가": "5,000",
    "거래량": "124,410",
    "거래대금": "2,249",
    "전일거래량": "119,590",
    "시가": "18,500",
    "고가": "18,750",
    "저가": "17,550",
    "매수호가": "17,650",
    "매도호가": "17,700",
    "매수총잔량": "12,463",
    "매도총잔량": "51,492",
    "상장주식수": "11,571",
    "시가총액": "2,048",
    "매출액": "16,233",
    "자산총계": "16,510",
    "부채총계": "11,372",
    "영업이익": "1,245",
    "당기순이익": "721",
    "주당순이익": "6,512",
    "보통주배당금": "350",
    "매출액증가율": "-24.22",
    "영업이익증가율": "-41.93",
    "외국인비율": "15.41",
    "PER": "2.72",
    "ROE": "15.21",
    "ROA": "4.20",
    "PBR": "0.37",
    "유보율": "710.0",
    "code": "004960"
}