{
    "N": "79",
    "종목명": "롯데지주",
    "현재가": "35,650",
    "상태": "상승",
    "전일비": "150",
    "등락률": "+0.42%",
    "액면가": "200",
    "거래량": "421,575",
    "거래대금": "15,144",
    "전일거래량": "258,766",
    "시가": "35,500",
    "고가": "36,550",
    "저가": "35,250",
    "매수호가": "35,600",
    "매도호가": "35,650",
    "매수총잔량": "17,677",
    "매도총잔량": "13,267",
    "상장주식수": "104,909",
    "시가총액": "37,400",
    "매출액": "88,562",
    "자산총계": "156,058",
    "부채총계": "78,132",
    "영업이익": "1,749",
    "당기순이익": "-4,116",
    "주당순이익": "-6,835",
    "보통주배당금": "1,100",
    "매출액증가율": "21.80",
    "영업이익증가율": "77.67",
    "외국인비율": "11.18",
    "PER": "-5.22",
    "ROE": "-5.21",
    "ROA": "-1.90",
    "PBR": "0.38",
    "유보율": "43,217.5",
    "code": "004990"
}