{
    "N": "289",
    "종목명": "코스모신소재",
    "현재가": "20,100",
    "상태": "하락",
    "전일비": "1,000",
    "등락률": "-4.74%",
    "액면가": "1,000",
    "거래량": "2,414,398",
    "거래대금": "48,897",
    "전일거래량": "1,947,777",
    "시가": "21,150",
    "고가": "21,200",
    "저가": "19,850",
    "매수호가": "20,050",
    "매도호가": "20,100",
    "매수총잔량": "166,278",
    "매도총잔량": "56,062",
    "상장주식수": "29,248",
    "시가총액": "5,879",
    "매출액": "2,439",
    "자산총계": "2,620",
    "부채총계": "1,150",
    "영업이익": "-36",
    "당기순이익": "-59",
    "주당순이익": "76",
    "보통주배당금": "N/A",
    "매출액증가율": "-54.33",
    "영업이익증가율": "-123.91",
    "외국인비율": "2.26",
    "PER": "264.47",
    "ROE": "-4.99",
    "ROA": "-2.35",
    "PBR": "3.87",
    "유보율": "365.1",
    "code": "005070"
}