{
    "N": "921",
    "종목명": "휴스틸",
    "현재가": "7,570",
    "상태": "상승",
    "전일비": "60",
    "등락률": "+0.80%",
    "액면가": "5,000",
    "거래량": "50,696",
    "거래대금": "386",
    "전일거래량": "72,059",
    "시가": "7,510",
    "고가": "7,760",
    "저가": "7,510",
    "매수호가": "7,560",
    "매도호가": "7,570",
    "매수총잔량": "7,448",
    "매도총잔량": "7,231",
    "상장주식수": "7,622",
    "시가총액": "577",
    "매출액": "5,370",
    "자산총계": "5,791",
    "부채총계": "1,825",
    "영업이익": "-129",
    "당기순이익": "-125",
    "주당순이익": "-2,448",
    "보통주배당금": "300",
    "매출액증가율": "-8.80",
    "영업이익증가율": "-171.97",
    "외국인비율": "2.81",
    "PER": "-3.09",
    "ROE": "-3.13",
    "ROA": "-2.12",
    "PBR": "0.15",
    "유보율": "834.8",
    "code": "005010"
}