{
    "N": "993",
    "종목명": "부산주공",
    "현재가": "716",
    "상태": "하락",
    "전일비": "18",
    "등락률": "-2.45%",
    "액면가": "500",
    "거래량": "4,743,284",
    "거래대금": "3,538",
    "전일거래량": "1,351,431",
    "시가": "740",
    "고가": "777",
    "저가": "716",
    "매수호가": "716",
    "매도호가": "719",
    "매수총잔량": "52,831",
    "매도총잔량": "26,067",
    "상장주식수": "56,850",
    "시가총액": "407",
    "매출액": "2,046",
    "자산총계": "2,821",
    "부채총계": "2,520",
    "영업이익": "-89",
    "당기순이익": "-216",
    "주당순이익": "-615",
    "보통주배당금": "0",
    "매출액증가율": "0.38",
    "영업이익증가율": "-30.14",
    "외국인비율": "3.80",
    "PER": "-1.16",
    "ROE": "-52.37",
    "ROA": "-7.40",
    "PBR": "1.56",
    "유보율": "-67.2",
    "code": "005030"
}