{
    "N": "283",
    "종목명": "SGC에너지",
    "현재가": "41,400",
    "상태": "하락",
    "전일비": "900",
    "등락률": "-2.13%",
    "액면가": "5,000",
    "거래량": "127,872",
    "거래대금": "5,320",
    "전일거래량": "138,308",
    "시가": "42,550",
    "고가": "42,650",
    "저가": "41,050",
    "매수호가": "41,400",
    "매도호가": "41,500",
    "매수총잔량": "8,393",
    "매도총잔량": "5,884",
    "상장주식수": "14,677",
    "시가총액": "6,076",
    "매출액": "2,842",
    "자산총계": "6,959",
    "부채총계": "3,833",
    "영업이익": "11",
    "당기순이익": "4",
    "주당순이익": "1,648",
    "보통주배당금": "1,000",
    "매출액증가율": "7.14",
    "영업이익증가율": "104.51",
    "외국인비율": "2.06",
    "PER": "25.12",
    "ROE": "-0.07",
    "ROA": "0.06",
    "PBR": "1.02",
    "유보율": "1,054.0",
    "code": "005090"
}