{
    "N": "772",
    "종목명": "한창",
    "현재가": "1,490",
    "상태": "상승",
    "전일비": "60",
    "등락률": "+4.20%",
    "액면가": "500",
    "거래량": "5,306,759",
    "거래대금": "7,770",
    "전일거래량": "2,840,382",
    "시가": "1,445",
    "고가": "1,505",
    "저가": "1,420",
    "매수호가": "1,485",
    "매도호가": "1,490",
    "매수총잔량": "342,352",
    "매도총잔량": "503,095",
    "상장주식수": "66,790",
    "시가총액": "995",
    "매출액": "690",
    "자산총계": "918",
    "부채총계": "651",
    "영업이익": "74",
    "당기순이익": "-18",
    "주당순이익": "-268",
    "보통주배당금": "0",
    "매출액증가율": "-29.68",
    "영업이익증가율": "32.52",
    "외국인비율": "0.96",
    "PER": "-5.56",
    "ROE": "-15.00",
    "ROA": "-1.83",
    "PBR": "2.06",
    "유보율": "55.5",
    "code": "005110"
}