{
    "N": "298",
    "종목명": "빙그레",
    "현재가": "56,600",
    "상태": "하락",
    "전일비": "900",
    "등락률": "-1.57%",
    "액면가": "5,000",
    "거래량": "35,282",
    "거래대금": "2,006",
    "전일거래량": "32,240",
    "시가": "57,200",
    "고가": "57,500",
    "저가": "56,600",
    "매수호가": "56,600",
    "매도호가": "56,700",
    "매수총잔량": "9,807",
    "매도총잔량": "2,594",
    "상장주식수": "9,851",
    "시가총액": "5,576",
    "매출액": "8,783",
    "자산총계": "6,849",
    "부채총계": "1,138",
    "영업이익": "458",
    "당기순이익": "411",
    "주당순이익": "5,084",
    "보통주배당금": "1,450",
    "매출액증가율": "2.71",
    "영업이익증가율": "16.41",
    "외국인비율": "25.40",
    "PER": "11.13",
    "ROE": "7.36",
    "ROA": "6.13",
    "PBR": "0.83",
    "유보율": "1,096.9",
    "code": "005180"
}