{
    "N": "120",
    "종목명": "녹십자홀딩스",
    "현재가": "49,600",
    "상태": "상승",
    "전일비": "50",
    "등락률": "+0.10%",
    "액면가": "500",
    "거래량": "7,202,223",
    "거래대금": "374,830",
    "전일거래량": "6,576,780",
    "시가": "47,600",
    "고가": "56,300",
    "저가": "47,550",
    "매수호가": "49,600",
    "매도호가": "49,650",
    "매수총잔량": "29,281",
    "매도총잔량": "6,434",
    "상장주식수": "47,028",
    "시가총액": "23,326",
    "매출액": "15,248",
    "자산총계": "27,739",
    "부채총계": "12,673",
    "영업이익": "304",
    "당기순이익": "-305",
    "주당순이익": "1,058",
    "보통주배당금": "325",
    "매출액증가율": "-1.54",
    "영업이익증가율": "-38.42",
    "외국인비율": "6.69",
    "PER": "46.88",
    "ROE": "0.37",
    "ROA": "-1.13",
    "PBR": "2.84",
    "유보율": "3,024.6",
    "code": "005250"
}