{
    "N": "743",
    "종목명": "녹십자홀딩스2우",
    "현재가": "131,500",
    "상태": "하락",
    "전일비": "8,500",
    "등락률": "-6.07%",
    "액면가": "500",
    "거래량": "30,216",
    "거래대금": "4,073",
    "전일거래량": "36,462",
    "시가": "130,000",
    "고가": "146,500",
    "저가": "130,000",
    "매수호가": "131,500",
    "매도호가": "132,500",
    "매수총잔량": "3,761",
    "매도총잔량": "2,190",
    "상장주식수": "846",
    "시가총액": "1,112",
    "매출액": "N/A",
    "자산총계": "N/A",
    "부채총계": "N/A",
    "영업이익": "N/A",
    "당기순이익": "N/A",
    "주당순이익": "1,058",
    "보통주배당금": "N/A",
    "매출액증가율": "N/A",
    "영업이익증가율": "N/A",
    "외국인비율": "0.23",
    "PER": "124.29",
    "ROE": "N/A",
    "ROA": "N/A",
    "PBR": "7.54",
    "유보율": "N/A",
    "code": "005257"
}