{
    "N": "88",
    "종목명": "현대차2우B",
    "현재가": "90,200",
    "상태": "하락",
    "전일비": "2,400",
    "등락률": "-2.59%",
    "액면가": "5,000",
    "거래량": "221,894",
    "거래대금": "20,105",
    "전일거래량": "215,384",
    "시가": "93,000",
    "고가": "93,100",
    "저가": "89,700",
    "매수호가": "90,000",
    "매도호가": "90,200",
    "매수총잔량": "17,401",
    "매도총잔량": "3,168",
    "상장주식수": "36,485",
    "시가총액": "32,910",
    "매출액": "N/A",
    "자산총계": "N/A",
    "부채총계": "N/A",
    "영업이익": "N/A",
    "당기순이익": "N/A",
    "주당순이익": "4,185",
    "보통주배당금": "N/A",
    "매출액증가율": "N/A",
    "영업이익증가율": "N/A",
    "외국인비율": "60.85",
    "PER": "21.55",
    "ROE": "N/A",
    "ROA": "N/A",
    "PBR": "0.34",
    "유보율": "N/A",
    "code": "005387"
}