{
    "N": "199",
    "종목명": "롯데칠성",
    "현재가": "108,000",
    "상태": "상승",
    "전일비": "2,000",
    "등락률": "+1.89%",
    "액면가": "500",
    "거래량": "102,404",
    "거래대금": "11,176",
    "전일거래량": "55,110",
    "시가": "106,000",
    "고가": "112,500",
    "저가": "105,000",
    "매수호가": "108,000",
    "매도호가": "108,500",
    "매수총잔량": "13,691",
    "매도총잔량": "17,212",
    "상장주식수": "8,975",
    "시가총액": "9,693",
    "매출액": "24,295",
    "자산총계": "32,565",
    "부채총계": "20,285",
    "영업이익": "1,077",
    "당기순이익": "-1,440",
    "주당순이익": "-9,751",
    "보통주배당금": "2,700",
    "매출액증가율": "3.55",
    "영업이익증가율": "26.74",
    "외국인비율": "10.97",
    "PER": "-11.08",
    "ROE": "-11.68",
    "ROA": "-4.39",
    "PBR": "0.72",
    "유보율": "43,586.8",
    "code": "005300"
}