{
    "N": "726",
    "종목명": "모나미",
    "현재가": "6,080",
    "상태": "상승",
    "전일비": "150",
    "등락률": "+2.53%",
    "액면가": "1,000",
    "거래량": "823,375",
    "거래대금": "4,949",
    "전일거래량": "554,226",
    "시가": "5,930",
    "고가": "6,100",
    "저가": "5,880",
    "매수호가": "6,070",
    "매도호가": "6,080",
    "매수총잔량": "70,205",
    "매도총잔량": "75,210",
    "상장주식수": "18,897",
    "시가총액": "1,149",
    "매출액": "1,320",
    "자산총계": "1,815",
    "부채총계": "1,060",
    "영업이익": "18",
    "당기순이익": "-17",
    "주당순이익": "-148",
    "보통주배당금": "70",
    "매출액증가율": "-2.33",
    "영업이익증가율": "-73.54",
    "외국인비율": "0.93",
    "PER": "-41.08",
    "ROE": "-2.39",
    "ROA": "-0.96",
    "PBR": "1.66",
    "유보율": "283.9",
    "code": "005360"
}