{
    "N": "9",
    "종목명": "현대차",
    "현재가": "203,000",
    "상태": "하락",
    "전일비": "6,500",
    "등락률": "-3.10%",
    "액면가": "5,000",
    "거래량": "2,828,677",
    "거래대금": "581,651",
    "전일거래량": "3,022,595",
    "시가": "209,500",
    "고가": "211,500",
    "저가": "202,500",
    "매수호가": "203,000",
    "매도호가": "203,500",
    "매수총잔량": "183,038",
    "매도총잔량": "104,792",
    "상장주식수": "213,668",
    "시가총액": "433,746",
    "매출액": "1,057,464",
    "자산총계": "1,945,122",
    "부채총계": "1,181,465",
    "영업이익": "36,055",
    "당기순이익": "31,856",
    "주당순이익": "4,185",
    "보통주배당금": "4,000",
    "매출액증가율": "9.23",
    "영업이익증가율": "48.86",
    "외국인비율": "31.07",
    "PER": "48.51",
    "ROE": "4.32",
    "ROA": "1.70",
    "PBR": "0.77",
    "유보율": "4,865.5",
    "code": "005380"
}