{
    "N": "125",
    "종목명": "현대차우",
    "현재가": "89,300",
    "상태": "하락",
    "전일비": "2,000",
    "등락률": "-2.19%",
    "액면가": "5,000",
    "거래량": "199,760",
    "거래대금": "17,988",
    "전일거래량": "207,022",
    "시가": "91,700",
    "고가": "91,800",
    "저가": "89,300",
    "매수호가": "89,200",
    "매도호가": "89,300",
    "매수총잔량": "16,293",
    "매도총잔량": "8,674",
    "상장주식수": "24,357",
    "시가총액": "21,751",
    "매출액": "N/A",
    "자산총계": "N/A",
    "부채총계": "N/A",
    "영업이익": "N/A",
    "당기순이익": "N/A",
    "주당순이익": "4,185",
    "보통주배당금": "N/A",
    "매출액증가율": "N/A",
    "영업이익증가율": "N/A",
    "외국인비율": "53.44",
    "PER": "21.34",
    "ROE": "N/A",
    "ROA": "N/A",
    "PBR": "0.34",
    "유보율": "N/A",
    "code": "005385"
}