{
    "N": "616",
    "종목명": "국동",
    "현재가": "4,020",
    "상태": "상승",
    "전일비": "105",
    "등락률": "+2.68%",
    "액면가": "500",
    "거래량": "886,388",
    "거래대금": "3,530",
    "전일거래량": "1,006,808",
    "시가": "3,990",
    "고가": "4,065",
    "저가": "3,915",
    "매수호가": "4,020",
    "매도호가": "4,025",
    "매수총잔량": "16,952",
    "매도총잔량": "50,229",
    "상장주식수": "38,824",
    "시가총액": "1,561",
    "매출액": "2,231",
    "자산총계": "1,333",
    "부채총계": "688",
    "영업이익": "-42",
    "당기순이익": "-40",
    "주당순이익": "645",
    "보통주배당금": "0",
    "매출액증가율": "1.61",
    "영업이익증가율": "-174.46",
    "외국인비율": "1.59",
    "PER": "6.23",
    "ROE": "-7.07",
    "ROA": "-3.10",
    "PBR": "1.52",
    "유보율": "295.2",
    "code": "005320"
}