{
    "N": "518",
    "종목명": "현대차3우B",
    "현재가": "88,800",
    "상태": "하락",
    "전일비": "2,600",
    "등락률": "-2.84%",
    "액면가": "5,000",
    "거래량": "32,301",
    "거래대금": "2,893",
    "전일거래량": "23,850",
    "시가": "92,100",
    "고가": "92,100",
    "저가": "88,800",
    "매수호가": "88,800",
    "매도호가": "88,900",
    "매수총잔량": "8,961",
    "매도총잔량": "1,129",
    "상장주식수": "2,429",
    "시가총액": "2,157",
    "매출액": "N/A",
    "자산총계": "N/A",
    "부채총계": "N/A",
    "영업이익": "N/A",
    "당기순이익": "N/A",
    "주당순이익": "4,185",
    "보통주배당금": "N/A",
    "매출액증가율": "N/A",
    "영업이익증가율": "N/A",
    "외국인비율": "31.64",
    "PER": "21.22",
    "ROE": "N/A",
    "ROA": "N/A",
    "PBR": "0.33",
    "유보율": "N/A",
    "code": "005389"
}