{
    "N": "968",
    "종목명": "롯데칠성우",
    "현재가": "60,200",
    "상태": "상승",
    "전일비": "800",
    "등락률": "+1.35%",
    "액면가": "500",
    "거래량": "3,969",
    "거래대금": "238",
    "전일거래량": "2,155",
    "시가": "59,800",
    "고가": "61,300",
    "저가": "59,400",
    "매수호가": "60,100",
    "매도호가": "60,200",
    "매수총잔량": "992",
    "매도총잔량": "1,619",
    "상장주식수": "775",
    "시가총액": "467",
    "매출액": "N/A",
    "자산총계": "N/A",
    "부채총계": "N/A",
    "영업이익": "N/A",
    "당기순이익": "N/A",
    "주당순이익": "-9,751",
    "보통주배당금": "N/A",
    "매출액증가율": "N/A",
    "영업이익증가율": "N/A",
    "외국인비율": "6.51",
    "PER": "-6.17",
    "ROE": "N/A",
    "ROA": "N/A",
    "PBR": "0.40",
    "유보율": "N/A",
    "code": "005305"
}