{
    "N": "15",
    "종목명": "POSCO",
    "현재가": "280,000",
    "상태": "하락",
    "전일비": "5,000",
    "등락률": "-1.75%",
    "액면가": "5,000",
    "거래량": "548,156",
    "거래대금": "154,913",
    "전일거래량": "898,657",
    "시가": "286,000",
    "고가": "289,000",
    "저가": "278,000",
    "매수호가": "280,000",
    "매도호가": "280,500",
    "매수총잔량": "39,492",
    "매도총잔량": "14,133",
    "상장주식수": "87,187",
    "시가총액": "244,123",
    "매출액": "643,668",
    "자산총계": "790,587",
    "부채총계": "312,640",
    "영업이익": "38,689",
    "당기순이익": "19,826",
    "주당순이익": "10,917",
    "보통주배당금": "10,000",
    "매출액증가율": "-0.94",
    "영업이익증가율": "-30.20",
    "외국인비율": "50.65",
    "PER": "25.65",
    "ROE": "4.18",
    "ROA": "2.52",
    "PBR": "0.49",
    "유보율": "9,630.2",
    "code": "005490"
}