{
    "N": "699",
    "종목명": "한국공항",
    "현재가": "38,350",
    "상태": "하락",
    "전일비": "650",
    "등락률": "-1.67%",
    "액면가": "5,000",
    "거래량": "33,304",
    "거래대금": "1,278",
    "전일거래량": "26,123",
    "시가": "39,400",
    "고가": "39,400",
    "저가": "37,900",
    "매수호가": "38,300",
    "매도호가": "38,350",
    "매수총잔량": "1,619",
    "매도총잔량": "2,585",
    "상장주식수": "3,166",
    "시가총액": "1,214",
    "매출액": "5,290",
    "자산총계": "4,647",
    "부채총계": "1,417",
    "영업이익": "220",
    "당기순이익": "163",
    "주당순이익": "-10,008",
    "보통주배당금": "1,000",
    "매출액증가율": "0.55",
    "영업이익증가율": "-10.75",
    "외국인비율": "5.52",
    "PER": "-3.83",
    "ROE": "5.07",
    "ROA": "3.66",
    "PBR": "0.41",
    "유보율": "1,686.3",
    "code": "005430"
}