{
    "N": "430",
    "종목명": "코스모화학",
    "현재가": "11,850",
    "상태": "하락",
    "전일비": "450",
    "등락률": "-3.66%",
    "액면가": "1,000",
    "거래량": "924,268",
    "거래대금": "11,039",
    "전일거래량": "1,285,432",
    "시가": "12,350",
    "고가": "12,450",
    "저가": "11,800",
    "매수호가": "11,800",
    "매도호가": "11,850",
    "매수총잔량": "169,180",
    "매도총잔량": "58,197",
    "상장주식수": "26,111",
    "시가총액": "3,094",
    "매출액": "4,068",
    "자산총계": "5,142",
    "부채총계": "2,871",
    "영업이익": "-52",
    "당기순이익": "-186",
    "주당순이익": "-500",
    "보통주배당금": "N/A",
    "매출액증가율": "-40.01",
    "영업이익증가율": "-183.59",
    "외국인비율": "1.28",
    "PER": "-23.70",
    "ROE": "-12.16",
    "ROA": "-3.70",
    "PBR": "2.33",
    "유보율": "125.5",
    "code": "005420"
}