{
    "N": "222",
    "종목명": "현대그린푸드",
    "현재가": "8,660",
    "상태": "하락",
    "전일비": "30",
    "등락률": "-0.35%",
    "액면가": "500",
    "거래량": "841,349",
    "거래대금": "7,335",
    "전일거래량": "683,788",
    "시가": "8,750",
    "고가": "8,860",
    "저가": "8,630",
    "매수호가": "8,660",
    "매도호가": "8,670",
    "매수총잔량": "111,560",
    "매도총잔량": "12,903",
    "상장주식수": "97,704",
    "시가총액": "8,461",
    "매출액": "31,243",
    "자산총계": "29,666",
    "부채총계": "8,502",
    "영업이익": "899",
    "당기순이익": "639",
    "주당순이익": "426",
    "보통주배당금": "210",
    "매출액증가율": "-3.92",
    "영업이익증가율": "-34.50",
    "외국인비율": "10.99",
    "PER": "20.33",
    "ROE": "3.20",
    "ROA": "2.20",
    "PBR": "0.43",
    "유보율": "3,276.5",
    "code": "005440"
}