{
    "N": "378",
    "종목명": "삼진제약",
    "현재가": "27,050",
    "상태": "상승",
    "전일비": "50",
    "등락률": "+0.19%",
    "액면가": "1,000",
    "거래량": "85,473",
    "거래대금": "2,319",
    "전일거래량": "61,923",
    "시가": "27,050",
    "고가": "27,300",
    "저가": "27,000",
    "매수호가": "27,050",
    "매도호가": "27,150",
    "매수총잔량": "22,480",
    "매도총잔량": "6,156",
    "상장주식수": "13,900",
    "시가총액": "3,760",
    "매출액": "2,419",
    "자산총계": "2,442",
    "부채총계": "467",
    "영업이익": "441",
    "당기순이익": "113",
    "주당순이익": "1,708",
    "보통주배당금": "800",
    "매출액증가율": "-6.96",
    "영업이익증가율": "-25.92",
    "외국인비율": "18.26",
    "PER": "15.84",
    "ROE": "5.69",
    "ROA": "4.55",
    "PBR": "1.58",
    "유보율": "1,489.2",
    "code": "005500"
}