{
    "N": "280",
    "종목명": "SPC삼립",
    "현재가": "71,400",
    "상태": "하락",
    "전일비": "600",
    "등락률": "-0.83%",
    "액면가": "5,000",
    "거래량": "36,685",
    "거래대금": "2,647",
    "전일거래량": "48,686",
    "시가": "72,500",
    "고가": "73,100",
    "저가": "71,400",
    "매수호가": "71,400",
    "매도호가": "71,500",
    "매수총잔량": "7,106",
    "매도총잔량": "1,385",
    "상장주식수": "8,629",
    "시가총액": "6,161",
    "매출액": "24,992",
    "자산총계": "11,963",
    "부채총계": "8,736",
    "영업이익": "470",
    "당기순이익": "202",
    "주당순이익": "-1,525",
    "보통주배당금": "1,104",
    "매출액증가율": "12.57",
    "영업이익증가율": "-21.60",
    "외국인비율": "2.33",
    "PER": "-46.82",
    "ROE": "6.34",
    "ROA": "2.08",
    "PBR": "1.93",
    "유보율": "735.4",
    "code": "005610"
}