{
    "N": "537",
    "종목명": "삼영전자",
    "현재가": "10,000",
    "상태": "하락",
    "전일비": "350",
    "등락률": "-3.38%",
    "액면가": "500",
    "거래량": "86,052",
    "거래대금": "871",
    "전일거래량": "81,817",
    "시가": "10,400",
    "고가": "10,400",
    "저가": "10,000",
    "매수호가": "10,000",
    "매도호가": "10,050",
    "매수총잔량": "10,712",
    "매도총잔량": "10,455",
    "상장주식수": "20,000",
    "시가총액": "2,000",
    "매출액": "2,010",
    "자산총계": "5,027",
    "부채총계": "183",
    "영업이익": "46",
    "당기순이익": "86",
    "주당순이익": "552",
    "보통주배당금": "250",
    "매출액증가율": "-19.52",
    "영업이익증가율": "-64.60",
    "외국인비율": "44.31",
    "PER": "18.12",
    "ROE": "1.77",
    "ROA": "1.69",
    "PBR": "0.41",
    "유보율": "4,562.3",
    "code": "005680"
}