{
    "N": "189",
    "종목명": "파미셀",
    "현재가": "17,450",
    "상태": "상승",
    "전일비": "150",
    "등락률": "+0.87%",
    "액면가": "500",
    "거래량": "1,459,066",
    "거래대금": "25,633",
    "전일거래량": "1,310,243",
    "시가": "17,700",
    "고가": "17,900",
    "저가": "17,350",
    "매수호가": "17,450",
    "매도호가": "17,500",
    "매수총잔량": "193,757",
    "매도총잔량": "180,322",
    "상장주식수": "59,959",
    "시가총액": "10,463",
    "매출액": "325",
    "자산총계": "633",
    "부채총계": "117",
    "영업이익": "20",
    "당기순이익": "43",
    "주당순이익": "115",
    "보통주배당금": "N/A",
    "매출액증가율": "14.57",
    "영업이익증가율": "654.71",
    "외국인비율": "7.93",
    "PER": "151.74",
    "ROE": "8.78",
    "ROA": "7.10",
    "PBR": "18.65",
    "유보율": "72.2",
    "code": "005690"
}