{
    "N": "1430",
    "종목명": "크라운해태홀딩스우",
    "현재가": "12,650",
    "상태": "상승",
    "전일비": "50",
    "등락률": "+0.40%",
    "액면가": "500",
    "거래량": "3,242",
    "거래대금": "40",
    "전일거래량": "8,607",
    "시가": "12,600",
    "고가": "12,750",
    "저가": "12,500",
    "매수호가": "12,600",
    "매도호가": "12,650",
    "매수총잔량": "5,334",
    "매도총잔량": "3,485",
    "상장주식수": "601",
    "시가총액": "76",
    "매출액": "N/A",
    "자산총계": "N/A",
    "부채총계": "N/A",
    "영업이익": "N/A",
    "당기순이익": "N/A",
    "주당순이익": "-225",
    "보통주배당금": "N/A",
    "매출액증가율": "N/A",
    "영업이익증가율": "N/A",
    "외국인비율": "3.09",
    "PER": "-56.22",
    "ROE": "N/A",
    "ROA": "N/A",
    "PBR": "0.67",
    "유보율": "N/A",
    "code": "005745"
}