{
    "N": "681",
    "종목명": "크라운해태홀딩스",
    "현재가": "8,760",
    "상태": "상승",
    "전일비": "20",
    "등락률": "+0.23%",
    "액면가": "500",
    "거래량": "37,328",
    "거래대금": "329",
    "전일거래량": "37,261",
    "시가": "8,740",
    "고가": "8,920",
    "저가": "8,710",
    "매수호가": "8,760",
    "매도호가": "8,770",
    "매수총잔량": "9,103",
    "매도총잔량": "1,913",
    "상장주식수": "14,847",
    "시가총액": "1,301",
    "매출액": "10,552",
    "자산총계": "12,382",
    "부채총계": "7,783",
    "영업이익": "394",
    "당기순이익": "-225",
    "주당순이익": "-225",
    "보통주배당금": "100",
    "매출액증가율": "-3.38",
    "영업이익증가율": "-5.09",
    "외국인비율": "2.61",
    "PER": "-38.93",
    "ROE": "-7.49",
    "ROA": "-1.78",
    "PBR": "0.47",
    "유보율": "4,196.7",
    "code": "005740"
}