{
    "N": "1309",
    "종목명": "넥센우",
    "현재가": "3,055",
    "상태": "하락",
    "전일비": "25",
    "등락률": "-0.81%",
    "액면가": "500",
    "거래량": "29,726",
    "거래대금": "89",
    "전일거래량": "8,157",
    "시가": "3,050",
    "고가": "3,060",
    "저가": "3,000",
    "매수호가": "3,055",
    "매도호가": "3,065",
    "매수총잔량": "5,584",
    "매도총잔량": "3,402",
    "상장주식수": "3,601",
    "시가총액": "110",
    "매출액": "N/A",
    "자산총계": "N/A",
    "부채총계": "N/A",
    "영업이익": "N/A",
    "당기순이익": "N/A",
    "주당순이익": "339",
    "보통주배당금": "N/A",
    "매출액증가율": "N/A",
    "영업이익증가율": "N/A",
    "외국인비율": "20.65",
    "PER": "9.01",
    "ROE": "N/A",
    "ROA": "N/A",
    "PBR": "0.16",
    "유보율": "N/A",
    "code": "005725"
}