{
    "N": "760",
    "종목명": "대림B&Co",
    "현재가": "6,150",
    "상태": "하락",
    "전일비": "140",
    "등락률": "-2.23%",
    "액면가": "1,000",
    "거래량": "48,818",
    "거래대금": "300",
    "전일거래량": "45,853",
    "시가": "6,290",
    "고가": "6,290",
    "저가": "6,090",
    "매수호가": "6,150",
    "매도호가": "6,160",
    "매수총잔량": "2,953",
    "매도총잔량": "4,758",
    "상장주식수": "16,672",
    "시가총액": "1,025",
    "매출액": "2,364",
    "자산총계": "3,092",
    "부채총계": "1,498",
    "영업이익": "41",
    "당기순이익": "20",
    "주당순이익": "-291",
    "보통주배당금": "130",
    "매출액증가율": "-4.34",
    "영업이익증가율": "-43.89",
    "외국인비율": "2.52",
    "PER": "-21.13",
    "ROE": "1.37",
    "ROA": "0.66",
    "PBR": "0.66",
    "유보율": "865.5",
    "code": "005750"
}