{
    "N": "488",
    "종목명": "넥센",
    "현재가": "4,500",
    "상태": "하락",
    "전일비": "45",
    "등락률": "-0.99%",
    "액면가": "500",
    "거래량": "39,788",
    "거래대금": "180",
    "전일거래량": "22,970",
    "시가": "4,545",
    "고가": "4,575",
    "저가": "4,495",
    "매수호가": "4,495",
    "매도호가": "4,500",
    "매수총잔량": "37,877",
    "매도총잔량": "7,739",
    "상장주식수": "53,544",
    "시가총액": "2,409",
    "매출액": "22,913",
    "자산총계": "40,980",
    "부채총계": "20,815",
    "영업이익": "2,251",
    "당기순이익": "1,137",
    "주당순이익": "339",
    "보통주배당금": "80",
    "매출액증가율": "68.48",
    "영업이익증가율": "56.79",
    "외국인비율": "2.81",
    "PER": "13.27",
    "ROE": "5.96",
    "ROA": "2.87",
    "PBR": "0.24",
    "유보율": "3,525.2",
    "code": "005720"
}