{
    "N": "228",
    "종목명": "에스엘",
    "현재가": "16,250",
    "상태": "하락",
    "전일비": "150",
    "등락률": "-0.91%",
    "액면가": "500",
    "거래량": "167,217",
    "거래대금": "2,710",
    "전일거래량": "216,188",
    "시가": "16,450",
    "고가": "16,500",
    "저가": "16,000",
    "매수호가": "16,250",
    "매도호가": "16,300",
    "매수총잔량": "33,299",
    "매도총잔량": "16,679",
    "상장주식수": "48,203",
    "시가총액": "7,833",
    "매출액": "22,622",
    "자산총계": "22,736",
    "부채총계": "8,949",
    "영업이익": "436",
    "당기순이익": "871",
    "주당순이익": "931",
    "보통주배당금": "400",
    "매출액증가율": "41.51",
    "영업이익증가율": "852.55",
    "외국인비율": "15.08",
    "PER": "17.45",
    "ROE": "7.25",
    "ROA": "4.35",
    "PBR": "0.54",
    "유보율": "5,691.1",
    "code": "005850"
}