{
    "N": "96",
    "종목명": "DB손해보험",
    "현재가": "42,600",
    "상태": "하락",
    "전일비": "350",
    "등락률": "-0.81%",
    "액면가": "500",
    "거래량": "273,236",
    "거래대금": "11,661",
    "전일거래량": "266,486",
    "시가": "42,700",
    "고가": "43,200",
    "저가": "42,400",
    "매수호가": "42,600",
    "매도호가": "42,650",
    "매수총잔량": "34,864",
    "매도총잔량": "13,951",
    "상장주식수": "70,800",
    "시가총액": "30,161",
    "매출액": "186,761",
    "자산총계": "557,778",
    "부채총계": "496,287",
    "영업이익": "5,116",
    "당기순이익": "3,823",
    "주당순이익": "7,850",
    "보통주배당금": "1,500",
    "매출액증가율": "7.00",
    "영업이익증가율": "-29.01",
    "외국인비율": "40.69",
    "PER": "5.43",
    "ROE": "6.92",
    "ROA": "0.72",
    "PBR": "0.39",
    "유보율": "17,354.1",
    "code": "005830"
}