{
    "N": "208",
    "종목명": "대한해운",
    "현재가": "3,740",
    "상태": "하락",
    "전일비": "90",
    "등락률": "-2.35%",
    "액면가": "500",
    "거래량": "34,284,555",
    "거래대금": "127,100",
    "전일거래량": "205,485,491",
    "시가": "3,775",
    "고가": "3,810",
    "저가": "3,630",
    "매수호가": "3,740",
    "매도호가": "3,745",
    "매수총잔량": "206,870",
    "매도총잔량": "540,906",
    "상장주식수": "244,271",
    "시가총액": "9,136",
    "매출액": "10,057",
    "자산총계": "33,409",
    "부채총계": "24,457",
    "영업이익": "1,288",
    "당기순이익": "1,010",
    "주당순이익": "68",
    "보통주배당금": "0",
    "매출액증가율": "-21.71",
    "영업이익증가율": "-4.62",
    "외국인비율": "4.47",
    "PER": "55.00",
    "ROE": "11.47",
    "ROA": "3.22",
    "PBR": "1.06",
    "유보율": "357.5",
    "code": "005880"
}