{
    "N": "797",
    "종목명": "신영와코루",
    "현재가": "102,000",
    "전일비": "0",
    "등락률": "0.00%",
    "액면가": "5,000",
    "거래량": "1,307",
    "거래대금": "134",
    "전일거래량": "468",
    "시가": "102,000",
    "고가": "107,500",
    "저가": "101,000",
    "매수호가": "101,500",
    "매도호가": "102,000",
    "매수총잔량": "749",
    "매도총잔량": "303",
    "상장주식수": "900",
    "시가총액": "918",
    "매출액": "1,762",
    "자산총계": "3,390",
    "부채총계": "296",
    "영업이익": "14",
    "당기순이익": "38",
    "주당순이익": "7,456",
    "보통주배당금": "1,500",
    "매출액증가율": "2.78",
    "영업이익증가율": "89.60",
    "외국인비율": "26.33",
    "PER": "13.68",
    "ROE": "1.24",
    "ROA": "1.13",
    "PBR": "0.29",
    "유보율": "6,726.3",
    "code": "005800"
}