{
    "N": "497",
    "종목명": "풍산홀딩스",
    "현재가": "29,650",
    "상태": "상승",
    "전일비": "800",
    "등락률": "+2.77%",
    "액면가": "5,000",
    "거래량": "58,940",
    "거래대금": "1,734",
    "전일거래량": "34,634",
    "시가": "28,900",
    "고가": "30,350",
    "저가": "28,900",
    "매수호가": "29,600",
    "매도호가": "29,650",
    "매수총잔량": "2,389",
    "매도총잔량": "2,886",
    "상장주식수": "7,835",
    "시가총액": "2,323",
    "매출액": "2,644",
    "자산총계": "9,386",
    "부채총계": "2,163",
    "영업이익": "108",
    "당기순이익": "242",
    "주당순이익": "2,159",
    "보통주배당금": "1,400",
    "매출액증가율": "-13.61",
    "영업이익증가율": "-70.47",
    "외국인비율": "6.96",
    "PER": "13.73",
    "ROE": "3.39",
    "ROA": "2.66",
    "PBR": "0.27",
    "유보율": "1,596.1",
    "code": "005810"
}