{
    "N": "826",
    "종목명": "휴니드",
    "현재가": "6,030",
    "상태": "상승",
    "전일비": "110",
    "등락률": "+1.86%",
    "액면가": "5,000",
    "거래량": "167,021",
    "거래대금": "994",
    "전일거래량": "141,266",
    "시가": "5,930",
    "고가": "6,030",
    "저가": "5,890",
    "매수호가": "6,010",
    "매도호가": "6,030",
    "매수총잔량": "19,108",
    "매도총잔량": "23,190",
    "상장주식수": "14,116",
    "시가총액": "851",
    "매출액": "1,947",
    "자산총계": "2,610",
    "부채총계": "1,451",
    "영업이익": "88",
    "당기순이익": "80",
    "주당순이익": "-431",
    "보통주배당금": "N/A",
    "매출액증가율": "-25.50",
    "영업이익증가율": "-70.75",
    "외국인비율": "22.61",
    "PER": "-13.99",
    "ROE": "7.10",
    "ROA": "3.26",
    "PBR": "0.72",
    "유보율": "73.4",
    "code": "005870"
}