{
    "N": "424",
    "종목명": "동부건설",
    "현재가": "13,800",
    "상태": "하락",
    "전일비": "300",
    "등락률": "-2.13%",
    "액면가": "5,000",
    "거래량": "185,985",
    "거래대금": "2,591",
    "전일거래량": "263,240",
    "시가": "14,250",
    "고가": "14,300",
    "저가": "13,750",
    "매수호가": "13,800",
    "매도호가": "13,850",
    "매수총잔량": "30,777",
    "매도총잔량": "54,562",
    "상장주식수": "22,702",
    "시가총액": "3,133",
    "매출액": "11,554",
    "자산총계": "8,919",
    "부채총계": "4,713",
    "영업이익": "555",
    "당기순이익": "598",
    "주당순이익": "3,064",
    "보통주배당금": "700",
    "매출액증가율": "28.64",
    "영업이익증가율": "74.32",
    "외국인비율": "2.47",
    "PER": "4.50",
    "ROE": "15.30",
    "ROA": "7.45",
    "PBR": "0.71",
    "유보율": "437.4",
    "code": "005960"
}