{
    "N": "85",
    "종목명": "NH투자증권",
    "현재가": "12,050",
    "상태": "상승",
    "전일비": "450",
    "등락률": "+3.88%",
    "액면가": "5,000",
    "거래량": "7,033,429",
    "거래대금": "85,408",
    "전일거래량": "2,015,307",
    "시가": "11,700",
    "고가": "12,550",
    "저가": "11,600",
    "매수호가": "12,050",
    "매도호가": "12,100",
    "매수총잔량": "269,023",
    "매도총잔량": "745,139",
    "상장주식수": "281,409",
    "시가총액": "33,910",
    "매출액": "115,035",
    "자산총계": "500,751",
    "부채총계": "446,830",
    "영업이익": "5,754",
    "당기순이익": "4,764",
    "주당순이익": "2,058",
    "보통주배당금": "500",
    "매출액증가율": "24.48",
    "영업이익증가율": "6.53",
    "외국인비율": "14.80",
    "PER": "5.86",
    "ROE": "9.12",
    "ROA": "0.92",
    "PBR": "0.63",
    "유보율": "253.1",
    "code": "005940"
}