{
    "N": "372",
    "종목명": "이수화학",
    "현재가": "16,000",
    "상태": "상승",
    "전일비": "900",
    "등락률": "+5.96%",
    "액면가": "5,000",
    "거래량": "5,193,632",
    "거래대금": "81,871",
    "전일거래량": "4,837,538",
    "시가": "15,150",
    "고가": "16,650",
    "저가": "14,600",
    "매수호가": "15,950",
    "매도호가": "16,000",
    "매수총잔량": "70,490",
    "매도총잔량": "136,151",
    "상장주식수": "24,116",
    "시가총액": "3,859",
    "매출액": "15,162",
    "자산총계": "10,680",
    "부채총계": "6,868",
    "영업이익": "94",
    "당기순이익": "-189",
    "주당순이익": "592",
    "보통주배당금": "362",
    "매출액증가율": "-0.97",
    "영업이익증가율": "26.65",
    "외국인비율": "3.09",
    "PER": "27.03",
    "ROE": "-2.40",
    "ROA": "-1.89",
    "PBR": "0.94",
    "유보율": "246.8",
    "code": "005950"
}