{
    "N": "1520",
    "종목명": "동부건설우",
    "현재가": "23,650",
    "상태": "상승",
    "전일비": "150",
    "등락률": "+0.64%",
    "액면가": "5,000",
    "거래량": "2,141",
    "거래대금": "50",
    "전일거래량": "694",
    "시가": "23,550",
    "고가": "23,650",
    "저가": "23,500",
    "매수호가": "23,600",
    "매도호가": "23,650",
    "매수총잔량": "605",
    "매도총잔량": "813",
    "상장주식수": "226",
    "시가총액": "53",
    "매출액": "N/A",
    "자산총계": "N/A",
    "부채총계": "N/A",
    "영업이익": "N/A",
    "당기순이익": "N/A",
    "주당순이익": "3,064",
    "보통주배당금": "N/A",
    "매출액증가율": "N/A",
    "영업이익증가율": "N/A",
    "외국인비율": "18.86",
    "PER": "7.72",
    "ROE": "N/A",
    "ROA": "N/A",
    "PBR": "1.21",
    "유보율": "N/A",
    "code": "005965"
}