{
    "N": "603",
    "종목명": "NH투자증권우",
    "현재가": "8,650",
    "상태": "상승",
    "전일비": "100",
    "등락률": "+1.17%",
    "액면가": "5,000",
    "거래량": "234,195",
    "거래대금": "2,048",
    "전일거래량": "204,293",
    "시가": "8,570",
    "고가": "9,020",
    "저가": "8,550",
    "매수호가": "8,650",
    "매도호가": "8,660",
    "매수총잔량": "13,830",
    "매도총잔량": "5,027",
    "상장주식수": "18,871",
    "시가총액": "1,632",
    "매출액": "N/A",
    "자산총계": "N/A",
    "부채총계": "N/A",
    "영업이익": "N/A",
    "당기순이익": "N/A",
    "주당순이익": "2,058",
    "보통주배당금": "N/A",
    "매출액증가율": "N/A",
    "영업이익증가율": "N/A",
    "외국인비율": "5.48",
    "PER": "4.20",
    "ROE": "N/A",
    "ROA": "N/A",
    "PBR": "0.45",
    "유보율": "N/A",
    "code": "005945"
}