{
    "N": "4",
    "종목명": "삼성전자우",
    "현재가": "74,300",
    "상태": "하락",
    "전일비": "700",
    "등락률": "-0.93%",
    "액면가": "100",
    "거래량": "4,079,247",
    "거래대금": "304,794",
    "전일거래량": "3,870,698",
    "시가": "75,000",
    "고가": "75,600",
    "저가": "74,200",
    "매수호가": "74,300",
    "매도호가": "74,400",
    "매수총잔량": "434,887",
    "매도총잔량": "203,406",
    "상장주식수": "822,887",
    "시가총액": "611,405",
    "매출액": "N/A",
    "자산총계": "N/A",
    "부채총계": "N/A",
    "영업이익": "N/A",
    "당기순이익": "N/A",
    "주당순이익": "3,662",
    "보통주배당금": "N/A",
    "매출액증가율": "N/A",
    "영업이익증가율": "N/A",
    "외국인비율": "81.66",
    "PER": "20.29",
    "ROE": "N/A",
    "ROA": "N/A",
    "PBR": "1.88",
    "유보율": "N/A",
    "code": "005935"
}