{
    "N": "1",
    "종목명": "삼성전자",
    "현재가": "82,200",
    "상태": "하락",
    "전일비": "1,700",
    "등락률": "-2.03%",
    "액면가": "100",
    "거래량": "41,182,187",
    "거래대금": "3,431,709",
    "전일거래량": "35,335,669",
    "시가": "83,300",
    "고가": "84,500",
    "저가": "82,100",
    "매수호가": "82,200",
    "매도호가": "82,300",
    "매수총잔량": "1,488,994",
    "매도총잔량": "490,970",
    "상장주식수": "5,969,783",
    "시가총액": "4,907,161",
    "매출액": "2,304,009",
    "자산총계": "3,525,645",
    "부채총계": "896,841",
    "영업이익": "277,685",
    "당기순이익": "217,389",
    "주당순이익": "3,662",
    "보통주배당금": "1,416",
    "매출액증가율": "-5.49",
    "영업이익증가율": "-52.84",
    "외국인비율": "55.68",
    "PER": "22.45",
    "ROE": "8.69",
    "ROA": "6.28",
    "PBR": "2.08",
    "유보율": "28,856.0",
    "code": "005930"
}