{
    "N": "787",
    "종목명": "사조오양",
    "현재가": "10,050",
    "상태": "상승",
    "전일비": "50",
    "등락률": "+0.50%",
    "액면가": "5,000",
    "거래량": "106,385",
    "거래대금": "1,068",
    "전일거래량": "82,142",
    "시가": "10,050",
    "고가": "10,200",
    "저가": "9,900",
    "매수호가": "10,050",
    "매도호가": "10,100",
    "매수총잔량": "4,043",
    "매도총잔량": "21,249",
    "상장주식수": "9,423",
    "시가총액": "947",
    "매출액": "3,136",
    "자산총계": "3,112",
    "부채총계": "1,436",
    "영업이익": "226",
    "당기순이익": "132",
    "주당순이익": "2,164",
    "보통주배당금": "100",
    "매출액증가율": "5.89",
    "영업이익증가율": "81.12",
    "외국인비율": "0.66",
    "PER": "4.64",
    "ROE": "8.18",
    "ROA": "4.27",
    "PBR": "0.52",
    "유보율": "340.9",
    "code": "006090"
}