{
    "N": "371",
    "종목명": "화승인더",
    "현재가": "6,980",
    "상태": "상승",
    "전일비": "10",
    "등락률": "+0.14%",
    "액면가": "500",
    "거래량": "402,143",
    "거래대금": "2,821",
    "전일거래량": "559,913",
    "시가": "6,990",
    "고가": "7,100",
    "저가": "6,950",
    "매수호가": "6,980",
    "매도호가": "6,990",
    "매수총잔량": "49,905",
    "매도총잔량": "21,050",
    "상장주식수": "55,320",
    "시가총액": "3,861",
    "매출액": "14,259",
    "자산총계": "12,707",
    "부채총계": "8,173",
    "영업이익": "1,136",
    "당기순이익": "809",
    "주당순이익": "707",
    "보통주배당금": "45",
    "매출액증가율": "28.24",
    "영업이익증가율": "96.80",
    "외국인비율": "18.04",
    "PER": "9.87",
    "ROE": "19.66",
    "ROA": "7.15",
    "PBR": "1.09",
    "유보율": "953.5",
    "code": "006060"
}