{
    "N": "219",
    "종목명": "동원산업",
    "현재가": "232,500",
    "상태": "상승",
    "전일비": "6,500",
    "등락률": "+2.88%",
    "액면가": "5,000",
    "거래량": "25,104",
    "거래대금": "5,871",
    "전일거래량": "14,111",
    "시가": "226,000",
    "고가": "238,500",
    "저가": "226,000",
    "매수호가": "232,500",
    "매도호가": "233,000",
    "매수총잔량": "1,031",
    "매도총잔량": "1,650",
    "상장주식수": "3,678",
    "시가총액": "8,551",
    "매출액": "26,826",
    "자산총계": "29,860",
    "부채총계": "19,076",
    "영업이익": "1,936",
    "당기순이익": "514",
    "주당순이익": "42,489",
    "보통주배당금": "2,000",
    "매출액증가율": "9.74",
    "영업이익증가율": "8.94",
    "외국인비율": "7.59",
    "PER": "5.47",
    "ROE": "4.45",
    "ROA": "1.84",
    "PBR": "0.66",
    "유보율": "5,781.6",
    "code": "006040"
}