{
    "N": "854",
    "종목명": "SK디스커버리우",
    "현재가": "55,900",
    "상태": "하락",
    "전일비": "600",
    "등락률": "-1.06%",
    "액면가": "5,000",
    "거래량": "27,300",
    "거래대금": "1,535",
    "전일거래량": "22,969",
    "시가": "56,600",
    "고가": "56,900",
    "저가": "55,800",
    "매수호가": "55,900",
    "매도호가": "56,100",
    "매수총잔량": "6,126",
    "매도총잔량": "6,187",
    "상장주식수": "1,358",
    "시가총액": "759",
    "매출액": "N/A",
    "자산총계": "N/A",
    "부채총계": "N/A",
    "영업이익": "N/A",
    "당기순이익": "N/A",
    "주당순이익": "15,229",
    "보통주배당금": "N/A",
    "매출액증가율": "N/A",
    "영업이익증가율": "N/A",
    "외국인비율": "1.41",
    "PER": "3.67",
    "ROE": "N/A",
    "ROA": "N/A",
    "PBR": "0.59",
    "유보율": "N/A",
    "code": "006125"
}