{
    "N": "671",
    "종목명": "삼아알미늄",
    "현재가": "12,200",
    "상태": "하락",
    "전일비": "350",
    "등락률": "-2.79%",
    "액면가": "500",
    "거래량": "781,102",
    "거래대금": "9,787",
    "전일거래량": "3,885,605",
    "시가": "12,850",
    "고가": "13,050",
    "저가": "12,150",
    "매수호가": "12,200",
    "매도호가": "12,250",
    "매수총잔량": "43,731",
    "매도총잔량": "19,565",
    "상장주식수": "11,000",
    "시가총액": "1,342",
    "매출액": "1,911",
    "자산총계": "2,085",
    "부채총계": "996",
    "영업이익": "64",
    "당기순이익": "50",
    "주당순이익": "344",
    "보통주배당금": "110",
    "매출액증가율": "11.56",
    "영업이익증가율": "16.48",
    "외국인비율": "33.12",
    "PER": "35.47",
    "ROE": "4.62",
    "ROA": "2.44",
    "PBR": "1.22",
    "유보율": "1,878.7",
    "code": "006110"
}