{
    "N": "173",
    "종목명": "SK디스커버리",
    "현재가": "64,800",
    "상태": "하락",
    "전일비": "1,000",
    "등락률": "-1.52%",
    "액면가": "5,000",
    "거래량": "120,033",
    "거래대금": "7,845",
    "전일거래량": "105,328",
    "시가": "65,800",
    "고가": "66,500",
    "저가": "64,800",
    "매수호가": "64,800",
    "매도호가": "64,900",
    "매수총잔량": "20,499",
    "매도총잔량": "6,788",
    "상장주식수": "19,038",
    "시가총액": "12,337",
    "매출액": "50,211",
    "자산총계": "50,001",
    "부채총계": "26,769",
    "영업이익": "1,739",
    "당기순이익": "2,502",
    "주당순이익": "15,229",
    "보통주배당금": "700",
    "매출액증가율": "-27.64",
    "영업이익증가율": "73.96",
    "외국인비율": "9.40",
    "PER": "4.26",
    "ROE": "11.52",
    "ROA": "5.10",
    "PBR": "0.69",
    "유보율": "2,400.5",
    "code": "006120"
}