{
    "N": "59",
    "종목명": "녹십자",
    "현재가": "427,000",
    "상태": "하락",
    "전일비": "13,500",
    "등락률": "-3.06%",
    "액면가": "5,000",
    "거래량": "638,445",
    "거래대금": "284,436",
    "전일거래량": "639,277",
    "시가": "432,500",
    "고가": "467,500",
    "저가": "423,500",
    "매수호가": "427,000",
    "매도호가": "427,500",
    "매수총잔량": "12,818",
    "매도총잔량": "4,564",
    "상장주식수": "11,687",
    "시가총액": "49,902",
    "매출액": "13,697",
    "자산총계": "19,593",
    "부채총계": "7,752",
    "영업이익": "403",
    "당기순이익": "-113",
    "주당순이익": "3,728",
    "보통주배당금": "1,000",
    "매출액증가율": "2.61",
    "영업이익증가율": "-19.73",
    "외국인비율": "20.16",
    "PER": "114.54",
    "ROE": "-0.35",
    "ROA": "-0.61",
    "PBR": "4.43",
    "유보율": "1,737.9",
    "code": "006280"
}