{
    "N": "974",
    "종목명": "한국전자홀딩스",
    "현재가": "949",
    "상태": "하락",
    "전일비": "1",
    "등락률": "-0.11%",
    "액면가": "500",
    "거래량": "285,305",
    "거래대금": "271",
    "전일거래량": "428,145",
    "시가": "959",
    "고가": "961",
    "저가": "942",
    "매수호가": "949",
    "매도호가": "950",
    "매수총잔량": "61,871",
    "매도총잔량": "46,756",
    "상장주식수": "46,803",
    "시가총액": "444",
    "매출액": "2,170",
    "자산총계": "3,899",
    "부채총계": "1,476",
    "영업이익": "-121",
    "당기순이익": "-238",
    "주당순이익": "-281",
    "보통주배당금": "0",
    "매출액증가율": "-7.34",
    "영업이익증가율": "-474.36",
    "외국인비율": "5.37",
    "PER": "-3.38",
    "ROE": "-11.06",
    "ROA": "-6.10",
    "PBR": "0.39",
    "유보율": "291.2",
    "code": "006200"
}