{
    "N": "117",
    "종목명": "LS",
    "현재가": "73,500",
    "상태": "하락",
    "전일비": "2,500",
    "등락률": "-3.29%",
    "액면가": "5,000",
    "거래량": "408,303",
    "거래대금": "30,412",
    "전일거래량": "488,812",
    "시가": "75,900",
    "고가": "76,700",
    "저가": "73,000",
    "매수호가": "73,500",
    "매도호가": "73,700",
    "매수총잔량": "32,925",
    "매도총잔량": "9,824",
    "상장주식수": "32,200",
    "시가총액": "23,667",
    "매출액": "101,762",
    "자산총계": "107,635",
    "부채총계": "64,922",
    "영업이익": "3,520",
    "당기순이익": "928",
    "주당순이익": "-72",
    "보통주배당금": "1,450",
    "매출액증가율": "0.83",
    "영업이익증가율": "-31.67",
    "외국인비율": "12.02",
    "PER": "-1,020.83",
    "ROE": "0.80",
    "ROA": "0.87",
    "PBR": "0.63",
    "유보율": "1,934.4",
    "code": "006260"
}