{
    "N": "756",
    "종목명": "제주은행",
    "현재가": "3,255",
    "상태": "상승",
    "전일비": "5",
    "등락률": "+0.15%",
    "액면가": "5,000",
    "거래량": "28,852",
    "거래대금": "93",
    "전일거래량": "27,286",
    "시가": "3,260",
    "고가": "3,310",
    "저가": "3,220",
    "매수호가": "3,250",
    "매도호가": "3,255",
    "매수총잔량": "32,746",
    "매도총잔량": "6,199",
    "상장주식수": "32,129",
    "시가총액": "1,046",
    "매출액": "2,404",
    "자산총계": "61,929",
    "부채총계": "56,952",
    "영업이익": "372",
    "당기순이익": "279",
    "주당순이익": "709",
    "보통주배당금": "100",
    "매출액증가율": "7.08",
    "영업이익증가율": "4.00",
    "외국인비율": "1.93",
    "PER": "4.59",
    "ROE": "5.76",
    "ROA": "0.46",
    "PBR": "0.20",
    "유보율": "209.8",
    "code": "006220"
}