{
    "N": "785",
    "종목명": "대구백화점",
    "현재가": "8,760",
    "상태": "상승",
    "전일비": "80",
    "등락률": "+0.92%",
    "액면가": "5,000",
    "거래량": "9,525",
    "거래대금": "83",
    "전일거래량": "10,768",
    "시가": "8,750",
    "고가": "8,860",
    "저가": "8,750",
    "매수호가": "8,760",
    "매도호가": "8,780",
    "매수총잔량": "1,866",
    "매도총잔량": "2,003",
    "상장주식수": "10,822",
    "시가총액": "948",
    "매출액": "1,015",
    "자산총계": "6,736",
    "부채총계": "3,874",
    "영업이익": "-142",
    "당기순이익": "-193",
    "주당순이익": "-1,672",
    "보통주배당금": "100",
    "매출액증가율": "-15.40",
    "영업이익증가율": "22.68",
    "외국인비율": "0.65",
    "PER": "-5.24",
    "ROE": "-6.93",
    "ROA": "-2.81",
    "PBR": "0.26",
    "유보율": "444.1",
    "code": "006370"
}