{
    "N": "1425",
    "종목명": "대원전선우",
    "현재가": "2,960",
    "상태": "하락",
    "전일비": "60",
    "등락률": "-1.99%",
    "액면가": "500",
    "거래량": "65,441",
    "거래대금": "190",
    "전일거래량": "343,527",
    "시가": "3,020",
    "고가": "3,020",
    "저가": "2,865",
    "매수호가": "2,950",
    "매도호가": "2,960",
    "매수총잔량": "16,371",
    "매도총잔량": "5,113",
    "상장주식수": "2,621",
    "시가총액": "78",
    "매출액": "N/A",
    "자산총계": "N/A",
    "부채총계": "N/A",
    "영업이익": "N/A",
    "당기순이익": "N/A",
    "주당순이익": "-4",
    "보통주배당금": "N/A",
    "매출액증가율": "N/A",
    "영업이익증가율": "N/A",
    "외국인비율": "2.54",
    "PER": "-740.00",
    "ROE": "N/A",
    "ROA": "N/A",
    "PBR": "2.56",
    "유보율": "N/A",
    "code": "006345"
}