{
    "N": "741",
    "종목명": "대원전선",
    "현재가": "1,575",
    "상태": "상승",
    "전일비": "25",
    "등락률": "+1.61%",
    "액면가": "500",
    "거래량": "52,935,376",
    "거래대금": "86,742",
    "전일거래량": "62,477,370",
    "시가": "1,565",
    "고가": "1,800",
    "저가": "1,475",
    "매수호가": "1,575",
    "매도호가": "1,580",
    "매수총잔량": "411,136",
    "매도총잔량": "378,511",
    "상장주식수": "71,017",
    "시가총액": "1,119",
    "매출액": "4,013",
    "자산총계": "1,896",
    "부채총계": "1,092",
    "영업이익": "10",
    "당기순이익": "-8",
    "주당순이익": "-4",
    "보통주배당금": "0",
    "매출액증가율": "-6.56",
    "영업이익증가율": "-76.85",
    "외국인비율": "2.21",
    "PER": "-393.75",
    "ROE": "-1.01",
    "ROA": "-0.43",
    "PBR": "1.36",
    "유보율": "127.9",
    "code": "006340"
}