{
    "N": "622",
    "종목명": "카프로",
    "현재가": "3,860",
    "상태": "하락",
    "전일비": "5",
    "등락률": "-0.13%",
    "액면가": "500",
    "거래량": "532,432",
    "거래대금": "2,064",
    "전일거래량": "510,690",
    "시가": "3,910",
    "고가": "4,010",
    "저가": "3,790",
    "매수호가": "3,850",
    "매도호가": "3,860",
    "매수총잔량": "8,052",
    "매도총잔량": "9,976",
    "상장주식수": "40,000",
    "시가총액": "1,544",
    "매출액": "4,402",
    "자산총계": "3,644",
    "부채총계": "1,799",
    "영업이익": "-474",
    "당기순이익": "-828",
    "주당순이익": "-3,083",
    "보통주배당금": "N/A",
    "매출액증가율": "-24.00",
    "영업이익증가율": "-402.94",
    "외국인비율": "5.41",
    "PER": "-1.25",
    "ROE": "-36.47",
    "ROA": "-20.77",
    "PBR": "1.14",
    "유보율": "620.2",
    "code": "006380"
}