{
    "N": "91",
    "종목명": "GS건설",
    "현재가": "39,650",
    "상태": "하락",
    "전일비": "350",
    "등락률": "-0.87%",
    "액면가": "5,000",
    "거래량": "1,283,385",
    "거래대금": "51,614",
    "전일거래량": "1,920,208",
    "시가": "40,950",
    "고가": "41,300",
    "저가": "39,400",
    "매수호가": "39,600",
    "매도호가": "39,650",
    "매수총잔량": "59,694",
    "매도총잔량": "22,801",
    "상장주식수": "80,370",
    "시가총액": "31,867",
    "매출액": "104,166",
    "자산총계": "131,712",
    "부채총계": "90,282",
    "영업이익": "7,673",
    "당기순이익": "4,475",
    "주당순이익": "3,822",
    "보통주배당금": "1,000",
    "매출액증가율": "-20.72",
    "영업이익증가율": "-27.92",
    "외국인비율": "27.37",
    "PER": "10.37",
    "ROE": "11.79",
    "ROA": "3.55",
    "PBR": "0.77",
    "유보율": "906.3",
    "code": "006360"
}