{
    "N": "308",
    "종목명": "한일현대시멘트",
    "현재가": "30,300",
    "상태": "하락",
    "전일비": "300",
    "등락률": "-0.98%",
    "액면가": "5,000",
    "거래량": "69,397",
    "거래대금": "2,126",
    "전일거래량": "101,286",
    "시가": "31,000",
    "고가": "31,400",
    "저가": "30,050",
    "매수호가": "30,300",
    "매도호가": "30,500",
    "매수총잔량": "10,224",
    "매도총잔량": "4,920",
    "상장주식수": "16,821",
    "시가총액": "5,097",
    "매출액": "3,841",
    "자산총계": "5,602",
    "부채총계": "3,556",
    "영업이익": "352",
    "당기순이익": "413",
    "주당순이익": "3,037",
    "보통주배당금": "1,000",
    "매출액증가율": "13.10",
    "영업이익증가율": "72.16",
    "외국인비율": "0.42",
    "PER": "9.98",
    "ROE": "21.69",
    "ROA": "7.45",
    "PBR": "2.27",
    "유보율": "145.7",
    "code": "006390"
}