{
    "N": "8",
    "종목명": "삼성SDI",
    "현재가": "680,000",
    "상태": "하락",
    "전일비": "6,000",
    "등락률": "-0.87%",
    "액면가": "5,000",
    "거래량": "666,657",
    "거래대금": "455,885",
    "전일거래량": "601,692",
    "시가": "693,000",
    "고가": "702,000",
    "저가": "671,000",
    "매수호가": "679,000",
    "매도호가": "680,000",
    "매수총잔량": "16,132",
    "매도총잔량": "8,650",
    "상장주식수": "68,765",
    "시가총액": "467,599",
    "매출액": "100,974",
    "자산총계": "198,521",
    "부채총계": "71,918",
    "영업이익": "4,622",
    "당기순이익": "4,024",
    "주당순이익": "2,931",
    "보통주배당금": "1,000",
    "매출액증가율": "10.26",
    "영업이익증가율": "-35.36",
    "외국인비율": "44.32",
    "PER": "232.00",
    "ROE": "2.94",
    "ROA": "2.05",
    "PBR": "3.61",
    "유보율": "3,338.5",
    "code": "006400"
}