{
    "N": "287",
    "종목명": "삼성SDI우",
    "현재가": "364,000",
    "상태": "상승",
    "전일비": "4,500",
    "등락률": "+1.25%",
    "액면가": "5,000",
    "거래량": "51,573",
    "거래대금": "19,065",
    "전일거래량": "69,545",
    "시가": "365,000",
    "고가": "377,500",
    "저가": "363,000",
    "매수호가": "364,000",
    "매도호가": "365,500",
    "매수총잔량": "2,037",
    "매도총잔량": "2,145",
    "상장주식수": "1,618",
    "시가총액": "5,889",
    "매출액": "N/A",
    "자산총계": "N/A",
    "부채총계": "N/A",
    "영업이익": "N/A",
    "당기순이익": "N/A",
    "주당순이익": "2,931",
    "보통주배당금": "N/A",
    "매출액증가율": "N/A",
    "영업이익증가율": "N/A",
    "외국인비율": "14.88",
    "PER": "124.19",
    "ROE": "N/A",
    "ROA": "N/A",
    "PBR": "1.93",
    "유보율": "N/A",
    "code": "006405"
}