{
    "N": "512",
    "종목명": "인스코비",
    "현재가": "2,225",
    "상태": "하락",
    "전일비": "5",
    "등락률": "-0.22%",
    "액면가": "500",
    "거래량": "971,206",
    "거래대금": "2,180",
    "전일거래량": "1,179,516",
    "시가": "2,230",
    "고가": "2,285",
    "저가": "2,215",
    "매수호가": "2,225",
    "매도호가": "2,235",
    "매수총잔량": "102,376",
    "매도총잔량": "112,330",
    "상장주식수": "100,909",
    "시가총액": "2,245",
    "매출액": "753",
    "자산총계": "507",
    "부채총계": "250",
    "영업이익": "47",
    "당기순이익": "-249",
    "주당순이익": "-278",
    "보통주배당금": "0",
    "매출액증가율": "28.48",
    "영업이익증가율": "-11.16",
    "외국인비율": "4.01",
    "PER": "-8.00",
    "ROE": "-88.74",
    "ROA": "-46.05",
    "PBR": "6.61",
    "유보율": "-44.4",
    "code": "006490"
}