{
    "N": "912",
    "종목명": "대림통상",
    "현재가": "3,935",
    "상태": "하락",
    "전일비": "65",
    "등락률": "-1.62%",
    "액면가": "1,000",
    "거래량": "1,173",
    "거래대금": "4",
    "전일거래량": "2,864",
    "시가": "4,000",
    "고가": "4,000",
    "저가": "3,925",
    "매수호가": "3,925",
    "매도호가": "3,935",
    "매수총잔량": "7,903",
    "매도총잔량": "762",
    "상장주식수": "15,225",
    "시가총액": "599",
    "매출액": "1,836",
    "자산총계": "1,795",
    "부채총계": "878",
    "영업이익": "-25",
    "당기순이익": "-117",
    "주당순이익": "-1,020",
    "보통주배당금": "140",
    "매출액증가율": "-8.78",
    "영업이익증가율": "-135.42",
    "외국인비율": "1.30",
    "PER": "-3.86",
    "ROE": "-11.78",
    "ROA": "-6.18",
    "PBR": "0.71",
    "유보율": "451.9",
    "code": "006570"
}