{
    "N": "909",
    "종목명": "삼성공조",
    "현재가": "7,450",
    "상태": "상승",
    "전일비": "120",
    "등락률": "+1.64%",
    "액면가": "500",
    "거래량": "28,483",
    "거래대금": "209",
    "전일거래량": "21,165",
    "시가": "7,400",
    "고가": "7,500",
    "저가": "7,310",
    "매수호가": "7,430",
    "매도호가": "7,450",
    "매수총잔량": "15,645",
    "매도총잔량": "8,161",
    "상장주식수": "8,126",
    "시가총액": "605",
    "매출액": "752",
    "자산총계": "2,584",
    "부채총계": "397",
    "영업이익": "-41",
    "당기순이익": "50",
    "주당순이익": "236",
    "보통주배당금": "60",
    "매출액증가율": "-6.97",
    "영업이익증가율": "-261.17",
    "외국인비율": "8.39",
    "PER": "31.57",
    "ROE": "2.21",
    "ROA": "1.94",
    "PBR": "0.27",
    "유보율": "5,183.9",
    "code": "006660"
}