{
    "N": "142",
    "종목명": "대한유화",
    "현재가": "277,000",
    "상태": "상승",
    "전일비": "42,000",
    "등락률": "+17.87%",
    "액면가": "5,000",
    "거래량": "614,478",
    "거래대금": "163,962",
    "전일거래량": "78,425",
    "시가": "255,000",
    "고가": "287,500",
    "저가": "249,500",
    "매수호가": "276,500",
    "매도호가": "277,000",
    "매수총잔량": "3,456",
    "매도총잔량": "2,979",
    "상장주식수": "6,500",
    "시가총액": "18,005",
    "매출액": "20,743",
    "자산총계": "20,265",
    "부채총계": "2,479",
    "영업이익": "1,138",
    "당기순이익": "1,063",
    "주당순이익": "13,661",
    "보통주배당금": "2,500",
    "매출액증가율": "-18.78",
    "영업이익증가율": "-64.29",
    "외국인비율": "17.32",
    "PER": "20.28",
    "ROE": "6.11",
    "ROA": "5.30",
    "PBR": "0.93",
    "유보율": "4,252.3",
    "code": "006650"
}