{
    "N": "665",
    "종목명": "영풍제지",
    "현재가": "6,170",
    "상태": "상승",
    "전일비": "50",
    "등락률": "+0.82%",
    "액면가": "500",
    "거래량": "285,813",
    "거래대금": "1,738",
    "전일거래량": "193,105",
    "시가": "6,200",
    "고가": "6,200",
    "저가": "5,960",
    "매수호가": "6,170",
    "매도호가": "6,180",
    "매수총잔량": "29,281",
    "매도총잔량": "16,348",
    "상장주식수": "22,200",
    "시가총액": "1,370",
    "매출액": "997",
    "자산총계": "1,395",
    "부채총계": "198",
    "영업이익": "109",
    "당기순이익": "93",
    "주당순이익": "403",
    "보통주배당금": "40",
    "매출액증가율": "N/A",
    "영업이익증가율": "N/A",
    "외국인비율": "0.36",
    "PER": "15.31",
    "ROE": "N/A",
    "ROA": "N/A",
    "PBR": "0.87",
    "유보율": "1,020.3",
    "code": "006740"
}