{
    "N": "276",
    "종목명": "미래에셋대우2우B",
    "현재가": "4,555",
    "상태": "상승",
    "전일비": "30",
    "등락률": "+0.66%",
    "액면가": "5,000",
    "거래량": "1,327,365",
    "거래대금": "6,109",
    "전일거래량": "1,062,687",
    "시가": "4,545",
    "고가": "4,685",
    "저가": "4,480",
    "매수호가": "4,555",
    "매도호가": "4,580",
    "매수총잔량": "47,908",
    "매도총잔량": "70,418",
    "상장주식수": "140,000",
    "시가총액": "6,377",
    "매출액": "N/A",
    "자산총계": "N/A",
    "부채총계": "N/A",
    "영업이익": "N/A",
    "당기순이익": "N/A",
    "주당순이익": "957",
    "보통주배당금": "N/A",
    "매출액증가율": "N/A",
    "영업이익증가율": "N/A",
    "외국인비율": "10.28",
    "PER": "4.76",
    "ROE": "N/A",
    "ROA": "N/A",
    "PBR": "0.31",
    "유보율": "N/A",
    "code": "00680K"
}