{
    "N": "585",
    "종목명": "태경케미컬",
    "현재가": "14,700",
    "상태": "상승",
    "전일비": "300",
    "등락률": "+2.08%",
    "액면가": "500",
    "거래량": "869,653",
    "거래대금": "12,921",
    "전일거래량": "379,920",
    "시가": "14,500",
    "고가": "15,350",
    "저가": "14,150",
    "매수호가": "14,700",
    "매도호가": "14,750",
    "매수총잔량": "44,093",
    "매도총잔량": "27,854",
    "상장주식수": "11,600",
    "시가총액": "1,705",
    "매출액": "418",
    "자산총계": "1,356",
    "부채총계": "171",
    "영업이익": "12",
    "당기순이익": "98",
    "주당순이익": "1,006",
    "보통주배당금": "150",
    "매출액증가율": "-11.83",
    "영업이익증가율": "-62.30",
    "외국인비율": "1.56",
    "PER": "14.61",
    "ROE": "8.67",
    "ROA": "7.59",
    "PBR": "1.42",
    "유보율": "1,540.7",
    "code": "006890"
}