{
    "N": "407",
    "종목명": "AK홀딩스",
    "현재가": "24,900",
    "상태": "하락",
    "전일비": "150",
    "등락률": "-0.60%",
    "액면가": "5,000",
    "거래량": "65,902",
    "거래대금": "1,655",
    "전일거래량": "88,941",
    "시가": "25,050",
    "고가": "25,550",
    "저가": "24,900",
    "매수호가": "24,900",
    "매도호가": "24,950",
    "매수총잔량": "14,501",
    "매도총잔량": "24,019",
    "상장주식수": "13,248",
    "시가총액": "3,299",
    "매출액": "37,595",
    "자산총계": "43,280",
    "부채총계": "28,980",
    "영업이익": "1,313",
    "당기순이익": "574",
    "주당순이익": "-11,544",
    "보통주배당금": "750",
    "매출액증가율": "1.30",
    "영업이익증가율": "-51.31",
    "외국인비율": "8.25",
    "PER": "-2.16",
    "ROE": "3.38",
    "ROA": "1.49",
    "PBR": "0.47",
    "유보율": "1,149.5",
    "code": "006840"
}