{
    "N": "869",
    "종목명": "미래에셋대우우",
    "현재가": "5,090",
    "상태": "상승",
    "전일비": "105",
    "등락률": "+2.11%",
    "액면가": "5,000",
    "거래량": "121,286",
    "거래대금": "623",
    "전일거래량": "56,929",
    "시가": "5,030",
    "고가": "5,210",
    "저가": "5,030",
    "매수호가": "5,090",
    "매도호가": "5,110",
    "매수총잔량": "14,008",
    "매도총잔량": "17,726",
    "상장주식수": "14,076",
    "시가총액": "716",
    "매출액": "N/A",
    "자산총계": "N/A",
    "부채총계": "N/A",
    "영업이익": "N/A",
    "당기순이익": "N/A",
    "주당순이익": "957",
    "보통주배당금": "N/A",
    "매출액증가율": "N/A",
    "영업이익증가율": "N/A",
    "외국인비율": "1.34",
    "PER": "5.32",
    "ROE": "N/A",
    "ROA": "N/A",
    "PBR": "0.35",
    "유보율": "N/A",
    "code": "006805"
}