{
    "N": "46",
    "종목명": "미래에셋대우",
    "현재가": "9,870",
    "상태": "하락",
    "전일비": "30",
    "등락률": "-0.30%",
    "액면가": "5,000",
    "거래량": "11,014,079",
    "거래대금": "111,286",
    "전일거래량": "4,213,078",
    "시가": "9,990",
    "고가": "10,450",
    "저가": "9,810",
    "매수호가": "9,860",
    "매도호가": "9,870",
    "매수총잔량": "129,462",
    "매도총잔량": "67,902",
    "상장주식수": "645,316",
    "시가총액": "63,693",
    "매출액": "154,310",
    "자산총계": "1,331,498",
    "부채총계": "1,239,562",
    "영업이익": "7,280",
    "당기순이익": "6,642",
    "주당순이익": "957",
    "보통주배당금": "260",
    "매출액증가율": "15.83",
    "영업이익증가율": "42.09",
    "외국인비율": "14.22",
    "PER": "10.31",
    "ROE": "7.56",
    "ROA": "0.52",
    "PBR": "0.68",
    "유보율": "125.6",
    "code": "006800"
}