{
    "N": "776",
    "종목명": "우성사료",
    "현재가": "3,180",
    "상태": "하락",
    "전일비": "20",
    "등락률": "-0.62%",
    "액면가": "500",
    "거래량": "1,007,511",
    "거래대금": "3,222",
    "전일거래량": "2,930,890",
    "시가": "3,195",
    "고가": "3,250",
    "저가": "3,130",
    "매수호가": "3,180",
    "매도호가": "3,185",
    "매수총잔량": "58,355",
    "매도총잔량": "80,084",
    "상장주식수": "30,900",
    "시가총액": "983",
    "매출액": "3,408",
    "자산총계": "3,359",
    "부채총계": "1,627",
    "영업이익": "-36",
    "당기순이익": "119",
    "주당순이익": "554",
    "보통주배당금": "15",
    "매출액증가율": "17.80",
    "영업이익증가율": "13.53",
    "외국인비율": "1.75",
    "PER": "5.74",
    "ROE": "7.17",
    "ROA": "3.84",
    "PBR": "0.47",
    "유보율": "1,065.1",
    "code": "006980"
}