{
    "N": "596",
    "종목명": "사조산업",
    "현재가": "33,150",
    "상태": "상승",
    "전일비": "1,750",
    "등락률": "+5.57%",
    "액면가": "5,000",
    "거래량": "80,995",
    "거래대금": "2,666",
    "전일거래량": "24,309",
    "시가": "31,650",
    "고가": "33,900",
    "저가": "31,400",
    "매수호가": "32,900",
    "매도호가": "33,150",
    "매수총잔량": "2,148",
    "매도총잔량": "2,626",
    "상장주식수": "5,000",
    "시가총액": "1,658",
    "매출액": "7,354",
    "자산총계": "11,374",
    "부채총계": "6,524",
    "영업이익": "182",
    "당기순이익": "-144",
    "주당순이익": "-1,922",
    "보통주배당금": "150",
    "매출액증가율": "-5.97",
    "영업이익증가율": "-66.42",
    "외국인비율": "3.28",
    "PER": "-17.25",
    "ROE": "-3.13",
    "ROA": "-1.25",
    "PBR": "0.40",
    "유보율": "1,455.8",
    "code": "007160"
}