{
    "N": "623",
    "종목명": "일신석재",
    "현재가": "1,990",
    "상태": "상승",
    "전일비": "45",
    "등락률": "+2.31%",
    "액면가": "500",
    "거래량": "2,625,980",
    "거래대금": "5,188",
    "전일거래량": "974,453",
    "시가": "1,945",
    "고가": "2,010",
    "저가": "1,930",
    "매수호가": "1,990",
    "매도호가": "1,995",
    "매수총잔량": "109,577",
    "매도총잔량": "386,624",
    "상장주식수": "77,457",
    "시가총액": "1,541",
    "매출액": "667",
    "자산총계": "873",
    "부채총계": "353",
    "영업이익": "18",
    "당기순이익": "9",
    "주당순이익": "14",
    "보통주배당금": "N/A",
    "매출액증가율": "23.12",
    "영업이익증가율": "21.28",
    "외국인비율": "0.84",
    "PER": "142.14",
    "ROE": "1.77",
    "ROA": "1.09",
    "PBR": "2.93",
    "유보율": "35.5",
    "code": "007110"
}