{
    "N": "933",
    "종목명": "미래아이앤지",
    "현재가": "419",
    "상태": "상승",
    "전일비": "24",
    "등락률": "+6.08%",
    "액면가": "100",
    "거래량": "8,426,551",
    "거래대금": "3,549",
    "전일거래량": "1,940,338",
    "시가": "395",
    "고가": "454",
    "저가": "395",
    "매수호가": "418",
    "매도호가": "419",
    "매수총잔량": "143,651",
    "매도총잔량": "274,193",
    "상장주식수": "129,484",
    "시가총액": "543",
    "매출액": "75",
    "자산총계": "723",
    "부채총계": "27",
    "영업이익": "1",
    "당기순이익": "140",
    "주당순이익": "241",
    "보통주배당금": "N/A",
    "매출액증가율": "16.00",
    "영업이익증가율": "109.65",
    "외국인비율": "1.67",
    "PER": "1.74",
    "ROE": "22.51",
    "ROA": "21.59",
    "PBR": "0.61",
    "유보율": "444.1",
    "code": "007120"
}