{
    "N": "758",
    "종목명": "한국특수형강",
    "현재가": "1,930",
    "상태": "하락",
    "전일비": "5",
    "등락률": "-0.26%",
    "액면가": "500",
    "거래량": "223,537",
    "거래대금": "429",
    "전일거래량": "174,883",
    "시가": "1,950",
    "고가": "1,970",
    "저가": "1,895",
    "매수호가": "1,910",
    "매도호가": "1,930",
    "매수총잔량": "14,676",
    "매도총잔량": "38,797",
    "상장주식수": "53,242",
    "시가총액": "1,028",
    "매출액": "3,910",
    "자산총계": "3,135",
    "부채총계": "2,461",
    "영업이익": "-82",
    "당기순이익": "-223",
    "주당순이익": "-295",
    "보통주배당금": "0",
    "매출액증가율": "7.13",
    "영업이익증가율": "-281.39",
    "외국인비율": "0.57",
    "PER": "-6.54",
    "ROE": "-27.55",
    "ROA": "-6.82",
    "PBR": "1.05",
    "유보율": "316.9",
    "code": "007280"
}