{
    "N": "560",
    "종목명": "벽산",
    "현재가": "2,700",
    "전일비": "0",
    "등락률": "0.00%",
    "액면가": "500",
    "거래량": "5,189,087",
    "거래대금": "14,216",
    "전일거래량": "11,101,550",
    "시가": "2,735",
    "고가": "2,860",
    "저가": "2,650",
    "매수호가": "2,700",
    "매도호가": "2,705",
    "매수총잔량": "111,910",
    "매도총잔량": "56,283",
    "상장주식수": "68,560",
    "시가총액": "1,851",
    "매출액": "4,335",
    "자산총계": "4,627",
    "부채총계": "1,712",
    "영업이익": "-38",
    "당기순이익": "-17",
    "주당순이익": "-3",
    "보통주배당금": "N/A",
    "매출액증가율": "0.26",
    "영업이익증가율": "-138.57",
    "외국인비율": "5.12",
    "PER": "-900.00",
    "ROE": "-1.18",
    "ROA": "-0.37",
    "PBR": "0.66",
    "유보율": "645.8",
    "code": "007210"
}