{
    "N": "466",
    "종목명": "디티알오토모티브",
    "현재가": "26,000",
    "상태": "하락",
    "전일비": "400",
    "등락률": "-1.52%",
    "액면가": "500",
    "거래량": "42,923",
    "거래대금": "1,118",
    "전일거래량": "36,419",
    "시가": "26,650",
    "고가": "26,850",
    "저가": "25,800",
    "매수호가": "26,000",
    "매도호가": "26,050",
    "매수총잔량": "10,644",
    "매도총잔량": "2,241",
    "상장주식수": "9,994",
    "시가총액": "2,598",
    "매출액": "9,298",
    "자산총계": "9,117",
    "부채총계": "2,856",
    "영업이익": "802",
    "당기순이익": "683",
    "주당순이익": "5,148",
    "보통주배당금": "1,500",
    "매출액증가율": "2.34",
    "영업이익증가율": "11.91",
    "외국인비율": "6.47",
    "PER": "5.05",
    "ROE": "11.50",
    "ROA": "7.66",
    "PBR": "0.36",
    "유보율": "17,827.0",
    "code": "007340"
}