{
    "N": "374",
    "종목명": "에이프로젠 KIC",
    "현재가": "2,105",
    "상태": "하락",
    "전일비": "15",
    "등락률": "-0.71%",
    "액면가": "500",
    "거래량": "3,341,527",
    "거래대금": "7,077",
    "전일거래량": "10,180,802",
    "시가": "2,125",
    "고가": "2,155",
    "저가": "2,095",
    "매수호가": "2,105",
    "매도호가": "2,110",
    "매수총잔량": "373,326",
    "매도총잔량": "304,329",
    "상장주식수": "182,946",
    "시가총액": "3,851",
    "매출액": "782",
    "자산총계": "6,544",
    "부채총계": "1,275",
    "영업이익": "26",
    "당기순이익": "166",
    "주당순이익": "-155",
    "보통주배당금": "0",
    "매출액증가율": "53.29",
    "영업이익증가율": "63.09",
    "외국인비율": "1.57",
    "PER": "-13.58",
    "ROE": "4.70",
    "ROA": "3.16",
    "PBR": "1.14",
    "유보율": "330.6",
    "code": "007460"
}