{
    "N": "648",
    "종목명": "샘표",
    "현재가": "49,750",
    "전일비": "0",
    "등락률": "0.00%",
    "액면가": "1,000",
    "거래량": "16,101",
    "거래대금": "801",
    "전일거래량": "19,387",
    "시가": "49,950",
    "고가": "50,400",
    "저가": "49,400",
    "매수호가": "49,700",
    "매도호가": "49,750",
    "매수총잔량": "2,712",
    "매도총잔량": "2,507",
    "상장주식수": "2,876",
    "시가총액": "1,431",
    "매출액": "2,810",
    "자산총계": "3,386",
    "부채총계": "822",
    "영업이익": "295",
    "당기순이익": "247",
    "주당순이익": "6,325",
    "보통주배당금": "200",
    "매출액증가율": "1.87",
    "영업이익증가율": "50.16",
    "외국인비율": "5.82",
    "PER": "7.87",
    "ROE": "7.75",
    "ROA": "7.50",
    "PBR": "0.62",
    "유보율": "8,437.0",
    "code": "007540"
}