{
    "N": "176",
    "종목명": "일양약품",
    "현재가": "62,600",
    "상태": "하락",
    "전일비": "500",
    "등락률": "-0.79%",
    "액면가": "2,500",
    "거래량": "314,748",
    "거래대금": "19,764",
    "전일거래량": "558,208",
    "시가": "63,200",
    "고가": "63,900",
    "저가": "62,000",
    "매수호가": "62,500",
    "매도호가": "62,600",
    "매수총잔량": "43,024",
    "매도총잔량": "25,766",
    "상장주식수": "19,086",
    "시가총액": "11,948",
    "매출액": "3,246",
    "자산총계": "4,375",
    "부채총계": "2,147",
    "영업이익": "325",
    "당기순이익": "196",
    "주당순이익": "541",
    "보통주배당금": "120",
    "매출액증가율": "8.18",
    "영업이익증가율": "94.42",
    "외국인비율": "7.82",
    "PER": "115.71",
    "ROE": "5.20",
    "ROA": "4.51",
    "PBR": "5.63",
    "유보율": "203.7",
    "code": "007570"
}