{
    "N": "1050",
    "종목명": "일양약품우",
    "현재가": "72,600",
    "상태": "하락",
    "전일비": "2,300",
    "등락률": "-3.07%",
    "액면가": "2,500",
    "거래량": "4,938",
    "거래대금": "362",
    "전일거래량": "9,195",
    "시가": "75,700",
    "고가": "75,700",
    "저가": "72,600",
    "매수호가": "72,600",
    "매도호가": "73,400",
    "매수총잔량": "549",
    "매도총잔량": "570",
    "상장주식수": "445",
    "시가총액": "323",
    "매출액": "N/A",
    "자산총계": "N/A",
    "부채총계": "N/A",
    "영업이익": "N/A",
    "당기순이익": "N/A",
    "주당순이익": "541",
    "보통주배당금": "N/A",
    "매출액증가율": "N/A",
    "영업이익증가율": "N/A",
    "외국인비율": "0.64",
    "PER": "134.20",
    "ROE": "N/A",
    "ROA": "N/A",
    "PBR": "6.53",
    "유보율": "N/A",
    "code": "007575"
}