{
    "N": "820",
    "종목명": "동방아그로",
    "현재가": "6,350",
    "상태": "하락",
    "전일비": "10",
    "등락률": "-0.16%",
    "액면가": "500",
    "거래량": "10,535",
    "거래대금": "66",
    "전일거래량": "18,015",
    "시가": "6,390",
    "고가": "6,390",
    "저가": "6,320",
    "매수호가": "6,340",
    "매도호가": "6,350",
    "매수총잔량": "7,426",
    "매도총잔량": "12,716",
    "상장주식수": "13,618",
    "시가총액": "865",
    "매출액": "1,246",
    "자산총계": "1,940",
    "부채총계": "569",
    "영업이익": "78",
    "당기순이익": "65",
    "주당순이익": "530",
    "보통주배당금": "250",
    "매출액증가율": "2.92",
    "영업이익증가율": "14.18",
    "외국인비율": "28.97",
    "PER": "11.98",
    "ROE": "4.79",
    "ROA": "3.41",
    "PBR": "0.51",
    "유보율": "2,031.0",
    "code": "007590"
}