{
    "N": "597",
    "종목명": "이수페타시스",
    "현재가": "3,995",
    "상태": "상승",
    "전일비": "35",
    "등락률": "+0.88%",
    "액면가": "1,000",
    "거래량": "513,180",
    "거래대금": "2,031",
    "전일거래량": "436,093",
    "시가": "3,960",
    "고가": "4,015",
    "저가": "3,915",
    "매수호가": "3,980",
    "매도호가": "3,995",
    "매수총잔량": "24,378",
    "매도총잔량": "35,239",
    "상장주식수": "41,268",
    "시가총액": "1,649",
    "매출액": "5,142",
    "자산총계": "4,167",
    "부채총계": "3,407",
    "영업이익": "-240",
    "당기순이익": "-911",
    "주당순이익": "-1,926",
    "보통주배당금": "60",
    "매출액증가율": "-8.23",
    "영업이익증가율": "-419.42",
    "외국인비율": "3.31",
    "PER": "-2.07",
    "ROE": "-71.84",
    "ROA": "-19.76",
    "PBR": "2.13",
    "유보율": "78.9",
    "code": "007660"
}