{
    "N": "422",
    "종목명": "국도화학",
    "현재가": "54,200",
    "상태": "하락",
    "전일비": "300",
    "등락률": "-0.55%",
    "액면가": "5,000",
    "거래량": "38,502",
    "거래대금": "2,066",
    "전일거래량": "40,347",
    "시가": "54,600",
    "고가": "54,600",
    "저가": "53,200",
    "매수호가": "54,200",
    "매도호가": "54,300",
    "매수총잔량": "5,211",
    "매도총잔량": "1,566",
    "상장주식수": "5,811",
    "시가총액": "3,149",
    "매출액": "11,214",
    "자산총계": "9,054",
    "부채총계": "3,773",
    "영업이익": "421",
    "당기순이익": "351",
    "주당순이익": "5,497",
    "보통주배당금": "1,500",
    "매출액증가율": "-12.43",
    "영업이익증가율": "-38.63",
    "외국인비율": "28.02",
    "PER": "9.86",
    "ROE": "6.89",
    "ROA": "3.99",
    "PBR": "0.56",
    "유보율": "1,740.5",
    "code": "007690"
}