{
    "N": "923",
    "종목명": "선도전기",
    "현재가": "3,115",
    "상태": "하락",
    "전일비": "20",
    "등락률": "-0.64%",
    "액면가": "500",
    "거래량": "246,850",
    "거래대금": "765",
    "전일거래량": "259,517",
    "시가": "3,175",
    "고가": "3,175",
    "저가": "3,070",
    "매수호가": "3,110",
    "매도호가": "3,115",
    "매수총잔량": "19,821",
    "매도총잔량": "11,133",
    "상장주식수": "18,000",
    "시가총액": "561",
    "매출액": "893",
    "자산총계": "1,670",
    "부채총계": "805",
    "영업이익": "-17",
    "당기순이익": "-22",
    "주당순이익": "149",
    "보통주배당금": "25",
    "매출액증가율": "6.66",
    "영업이익증가율": "-247.97",
    "외국인비율": "2.15",
    "PER": "20.91",
    "ROE": "-2.52",
    "ROA": "-1.36",
    "PBR": "0.65",
    "유보율": "637.7",
    "code": "007610"
}