{
    "N": "167",
    "종목명": "F&F",
    "현재가": "85,100",
    "상태": "하락",
    "전일비": "1,500",
    "등락률": "-1.73%",
    "액면가": "500",
    "거래량": "150,451",
    "거래대금": "12,977",
    "전일거래량": "85,211",
    "시가": "87,000",
    "고가": "88,700",
    "저가": "85,100",
    "매수호가": "85,100",
    "매도호가": "85,300",
    "매수총잔량": "14,812",
    "매도총잔량": "1,458",
    "상장주식수": "15,400",
    "시가총액": "13,105",
    "매출액": "9,103",
    "자산총계": "6,844",
    "부채총계": "2,007",
    "영업이익": "1,507",
    "당기순이익": "1,099",
    "주당순이익": "5,657",
    "보통주배당금": "1,000",
    "매출액증가율": "36.21",
    "영업이익증가율": "64.82",
    "외국인비율": "9.25",
    "PER": "15.04",
    "ROE": "25.13",
    "ROA": "18.63",
    "PBR": "2.59",
    "유보율": "6,263.1",
    "code": "007700"
}