{
    "N": "491",
    "종목명": "서연",
    "현재가": "10,150",
    "상태": "상승",
    "전일비": "340",
    "등락률": "+3.47%",
    "액면가": "500",
    "거래량": "2,322,565",
    "거래대금": "23,978",
    "전일거래량": "509,367",
    "시가": "9,800",
    "고가": "10,800",
    "저가": "9,780",
    "매수호가": "10,150",
    "매도호가": "10,200",
    "매수총잔량": "74,316",
    "매도총잔량": "115,896",
    "상장주식수": "23,480",
    "시가총액": "2,383",
    "매출액": "22,026",
    "자산총계": "22,154",
    "부채총계": "14,104",
    "영업이익": "332",
    "당기순이익": "-953",
    "주당순이익": "-2,190",
    "보통주배당금": "50",
    "매출액증가율": "5.98",
    "영업이익증가율": "431.98",
    "외국인비율": "0.04",
    "PER": "-4.63",
    "ROE": "-13.31",
    "ROA": "-3.88",
    "PBR": "0.52",
    "유보율": "8,412.1",
    "code": "007860"
}