{
    "N": "394",
    "종목명": "코리아써키트",
    "현재가": "14,600",
    "상태": "하락",
    "전일비": "350",
    "등락률": "-2.34%",
    "액면가": "500",
    "거래량": "563,199",
    "거래대금": "8,363",
    "전일거래량": "933,180",
    "시가": "15,200",
    "고가": "15,250",
    "저가": "14,600",
    "매수호가": "14,600",
    "매도호가": "14,650",
    "매수총잔량": "92,691",
    "매도총잔량": "43,473",
    "상장주식수": "23,621",
    "시가총액": "3,449",
    "매출액": "5,434",
    "자산총계": "4,781",
    "부채총계": "876",
    "영업이익": "139",
    "당기순이익": "21",
    "주당순이익": "473",
    "보통주배당금": "N/A",
    "매출액증가율": "1.42",
    "영업이익증가율": "177.50",
    "외국인비율": "3.00",
    "PER": "30.87",
    "ROE": "0.21",
    "ROA": "0.43",
    "PBR": "1.15",
    "유보율": "2,336.1",
    "code": "007810"
}