{
    "N": "1120",
    "종목명": "코리아써우",
    "현재가": "8,100",
    "상태": "하락",
    "전일비": "140",
    "등락률": "-1.70%",
    "액면가": "500",
    "거래량": "4,915",
    "거래대금": "39",
    "전일거래량": "10,080",
    "시가": "7,870",
    "고가": "8,130",
    "저가": "7,870",
    "매수호가": "7,950",
    "매도호가": "8,100",
    "매수총잔량": "2,404",
    "매도총잔량": "2,696",
    "상장주식수": "2,965",
    "시가총액": "240",
    "매출액": "N/A",
    "자산총계": "N/A",
    "부채총계": "N/A",
    "영업이익": "N/A",
    "당기순이익": "N/A",
    "주당순이익": "473",
    "보통주배당금": "N/A",
    "매출액증가율": "N/A",
    "영업이익증가율": "N/A",
    "외국인비율": "0.98",
    "PER": "17.12",
    "ROE": "N/A",
    "ROA": "N/A",
    "PBR": "0.64",
    "유보율": "N/A",
    "code": "007815"
}