{
    "N": "1506",
    "종목명": "코리아써키트2우B",
    "현재가": "7,370",
    "상태": "하락",
    "전일비": "170",
    "등락률": "-2.25%",
    "액면가": "500",
    "거래량": "2,870",
    "거래대금": "21",
    "전일거래량": "4,646",
    "시가": "7,620",
    "고가": "7,620",
    "저가": "7,330",
    "매수호가": "7,370",
    "매도호가": "7,430",
    "매수총잔량": "1,658",
    "매도총잔량": "4,072",
    "상장주식수": "784",
    "시가총액": "58",
    "매출액": "N/A",
    "자산총계": "N/A",
    "부채총계": "N/A",
    "영업이익": "N/A",
    "당기순이익": "N/A",
    "주당순이익": "473",
    "보통주배당금": "N/A",
    "매출액증가율": "N/A",
    "영업이익증가율": "N/A",
    "외국인비율": "0.03",
    "PER": "15.58",
    "ROE": "N/A",
    "ROA": "N/A",
    "PBR": "0.58",
    "유보율": "N/A",
    "code": "00781K"
}