{
    "N": "503",
    "종목명": "대덕",
    "현재가": "6,780",
    "상태": "하락",
    "전일비": "60",
    "등락률": "-0.88%",
    "액면가": "500",
    "거래량": "318,665",
    "거래대금": "2,164",
    "전일거래량": "453,469",
    "시가": "6,840",
    "고가": "6,860",
    "저가": "6,750",
    "매수호가": "6,780",
    "매도호가": "6,790",
    "매수총잔량": "55,923",
    "매도총잔량": "34,799",
    "상장주식수": "33,890",
    "시가총액": "2,298",
    "매출액": "10,722",
    "자산총계": "12,019",
    "부채총계": "1,621",
    "영업이익": "464",
    "당기순이익": "646",
    "주당순이익": "2,562",
    "보통주배당금": "300",
    "매출액증가율": "81.10",
    "영업이익증가율": "33.42",
    "외국인비율": "13.55",
    "PER": "2.65",
    "ROE": "6.38",
    "ROA": "5.52",
    "PBR": "0.40",
    "유보율": "2,553.0",
    "code": "008060"
}