{
    "N": "1323",
    "종목명": "대덕1우",
    "현재가": "8,660",
    "상태": "상승",
    "전일비": "60",
    "등락률": "+0.70%",
    "액면가": "500",
    "거래량": "13,887",
    "거래대금": "119",
    "전일거래량": "30,176",
    "시가": "8,600",
    "고가": "8,670",
    "저가": "8,520",
    "매수호가": "8,600",
    "매도호가": "8,660",
    "매수총잔량": "2,896",
    "매도총잔량": "13,449",
    "상장주식수": "1,212",
    "시가총액": "105",
    "매출액": "N/A",
    "자산총계": "N/A",
    "부채총계": "N/A",
    "영업이익": "N/A",
    "당기순이익": "N/A",
    "주당순이익": "2,562",
    "보통주배당금": "N/A",
    "매출액증가율": "N/A",
    "영업이익증가율": "N/A",
    "외국인비율": "1.43",
    "PER": "3.38",
    "ROE": "N/A",
    "ROA": "N/A",
    "PBR": "0.51",
    "유보율": "N/A",
    "code": "00806K"
}