{
    "N": "659",
    "종목명": "사조동아원",
    "현재가": "979",
    "상태": "상승",
    "전일비": "11",
    "등락률": "+1.14%",
    "액면가": "500",
    "거래량": "809,361",
    "거래대금": "790",
    "전일거래량": "634,298",
    "시가": "969",
    "고가": "986",
    "저가": "964",
    "매수호가": "978",
    "매도호가": "979",
    "매수총잔량": "49,590",
    "매도총잔량": "117,345",
    "상장주식수": "141,145",
    "시가총액": "1,382",
    "매출액": "4,122",
    "자산총계": "4,669",
    "부채총계": "2,699",
    "영업이익": "125",
    "당기순이익": "9",
    "주당순이익": "53",
    "보통주배당금": "N/A",
    "매출액증가율": "-0.19",
    "영업이익증가율": "-49.80",
    "외국인비율": "1.34",
    "PER": "18.47",
    "ROE": "0.49",
    "ROA": "0.19",
    "PBR": "0.63",
    "유보율": "212.5",
    "code": "008040"
}