{
    "N": "852",
    "종목명": "NI스틸",
    "현재가": "2,700",
    "상태": "하락",
    "전일비": "75",
    "등락률": "-2.70%",
    "액면가": "500",
    "거래량": "1,175,055",
    "거래대금": "3,198",
    "전일거래량": "12,753,106",
    "시가": "2,775",
    "고가": "2,790",
    "저가": "2,665",
    "매수호가": "2,700",
    "매도호가": "2,710",
    "매수총잔량": "83,676",
    "매도총잔량": "14,004",
    "상장주식수": "28,600",
    "시가총액": "772",
    "매출액": "1,482",
    "자산총계": "2,587",
    "부채총계": "1,478",
    "영업이익": "121",
    "당기순이익": "64",
    "주당순이익": "267",
    "보통주배당금": "50",
    "매출액증가율": "-1.66",
    "영업이익증가율": "-26.67",
    "외국인비율": "2.33",
    "PER": "10.11",
    "ROE": "5.91",
    "ROA": "2.55",
    "PBR": "0.66",
    "유보율": "630.0",
    "code": "008260"
}