{
    "N": "311",
    "종목명": "남선알미늄",
    "현재가": "4,595",
    "상태": "상승",
    "전일비": "70",
    "등락률": "+1.55%",
    "액면가": "500",
    "거래량": "8,007,719",
    "거래대금": "37,335",
    "전일거래량": "3,150,334",
    "시가": "4,510",
    "고가": "4,945",
    "저가": "4,450",
    "매수호가": "4,590",
    "매도호가": "4,595",
    "매수총잔량": "144,418",
    "매도총잔량": "75,075",
    "상장주식수": "110,179",
    "시가총액": "5,063",
    "매출액": "3,248",
    "자산총계": "2,955",
    "부채총계": "1,164",
    "영업이익": "116",
    "당기순이익": "145",
    "주당순이익": "98",
    "보통주배당금": "0",
    "매출액증가율": "-6.63",
    "영업이익증가율": "22.84",
    "외국인비율": "5.93",
    "PER": "46.89",
    "ROE": "8.33",
    "ROA": "4.84",
    "PBR": "2.69",
    "유보율": "229.9",
    "code": "008350"
}