{
    "N": "1258",
    "종목명": "남선알미우",
    "현재가": "43,300",
    "상태": "하락",
    "전일비": "550",
    "등락률": "-1.25%",
    "액면가": "500",
    "거래량": "4,864",
    "거래대금": "210",
    "전일거래량": "3,446",
    "시가": "44,450",
    "고가": "44,450",
    "저가": "43,000",
    "매수호가": "43,200",
    "매도호가": "43,300",
    "매수총잔량": "671",
    "매도총잔량": "332",
    "상장주식수": "308",
    "시가총액": "133",
    "매출액": "N/A",
    "자산총계": "N/A",
    "부채총계": "N/A",
    "영업이익": "N/A",
    "당기순이익": "N/A",
    "주당순이익": "98",
    "보통주배당금": "N/A",
    "매출액증가율": "N/A",
    "영업이익증가율": "N/A",
    "외국인비율": "1.40",
    "PER": "441.84",
    "ROE": "N/A",
    "ROA": "N/A",
    "PBR": "25.35",
    "유보율": "N/A",
    "code": "008355"
}