{
    "N": "841",
    "종목명": "문배철강",
    "현재가": "3,945",
    "전일비": "0",
    "등락률": "0.00%",
    "액면가": "500",
    "거래량": "3,422,764",
    "거래대금": "13,574",
    "전일거래량": "31,192,673",
    "시가": "4,010",
    "고가": "4,090",
    "저가": "3,875",
    "매수호가": "3,940",
    "매도호가": "3,945",
    "매수총잔량": "56,352",
    "매도총잔량": "17,867",
    "상장주식수": "20,504",
    "시가총액": "809",
    "매출액": "1,626",
    "자산총계": "1,953",
    "부채총계": "839",
    "영업이익": "26",
    "당기순이익": "24",
    "주당순이익": "236",
    "보통주배당금": "50",
    "매출액증가율": "1.97",
    "영업이익증가율": "-20.81",
    "외국인비율": "1.66",
    "PER": "16.72",
    "ROE": "2.14",
    "ROA": "1.37",
    "PBR": "0.67",
    "유보율": "986.2",
    "code": "008420"
}