{
    "N": "290",
    "종목명": "서흥",
    "현재가": "50,800",
    "전일비": "0",
    "등락률": "0.00%",
    "액면가": "500",
    "거래량": "69,779",
    "거래대금": "3,535",
    "전일거래량": "56,266",
    "시가": "50,800",
    "고가": "51,800",
    "저가": "50,100",
    "매수호가": "50,600",
    "매도호가": "50,800",
    "매수총잔량": "6,190",
    "매도총잔량": "5,780",
    "상장주식수": "11,569",
    "시가총액": "5,877",
    "매출액": "4,607",
    "자산총계": "7,089",
    "부채총계": "3,799",
    "영업이익": "474",
    "당기순이익": "374",
    "주당순이익": "3,954",
    "보통주배당금": "400",
    "매출액증가율": "17.09",
    "영업이익증가율": "20.60",
    "외국인비율": "12.26",
    "PER": "12.85",
    "ROE": "11.15",
    "ROA": "5.54",
    "PBR": "1.70",
    "유보율": "5,241.7",
    "code": "008490"
}