{
    "N": "111",
    "종목명": "메리츠증권",
    "현재가": "3,735",
    "상태": "상승",
    "전일비": "25",
    "등락률": "+0.67%",
    "액면가": "1,000",
    "거래량": "8,785,875",
    "거래대금": "33,387",
    "전일거래량": "4,486,527",
    "시가": "3,735",
    "고가": "3,900",
    "저가": "3,710",
    "매수호가": "3,735",
    "매도호가": "3,740",
    "매수총잔량": "372,801",
    "매도총잔량": "56,882",
    "상장주식수": "675,962",
    "시가총액": "25,247",
    "매출액": "119,126",
    "자산총계": "381,099",
    "부채총계": "340,907",
    "영업이익": "6,799",
    "당기순이익": "5,546",
    "주당순이익": "799",
    "보통주배당금": "200",
    "매출액증가율": "36.31",
    "영업이익증가율": "27.73",
    "외국인비율": "12.73",
    "PER": "4.67",
    "ROE": "15.06",
    "ROA": "1.59",
    "PBR": "0.60",
    "유보율": "461.5",
    "code": "008560"
}