{
    "N": "804",
    "종목명": "윌비스",
    "현재가": "1,390",
    "상태": "상승",
    "전일비": "30",
    "등락률": "+2.21%",
    "액면가": "1,000",
    "거래량": "2,461,245",
    "거래대금": "3,442",
    "전일거래량": "1,141,540",
    "시가": "1,365",
    "고가": "1,430",
    "저가": "1,350",
    "매수호가": "1,390",
    "매도호가": "1,400",
    "매수총잔량": "282,715",
    "매도총잔량": "455,733",
    "상장주식수": "65,158",
    "시가총액": "906",
    "매출액": "2,696",
    "자산총계": "2,810",
    "부채총계": "1,792",
    "영업이익": "-197",
    "당기순이익": "-365",
    "주당순이익": "-550",
    "보통주배당금": "0",
    "매출액증가율": "-2.91",
    "영업이익증가율": "-678.39",
    "외국인비율": "3.34",
    "PER": "-2.53",
    "ROE": "-30.75",
    "ROA": "-12.46",
    "PBR": "0.79",
    "유보율": "60.8",
    "code": "008600"
}