{
    "N": "296",
    "종목명": "율촌화학",
    "현재가": "22,700",
    "상태": "상승",
    "전일비": "300",
    "등락률": "+1.34%",
    "액면가": "500",
    "거래량": "234,260",
    "거래대금": "5,389",
    "전일거래량": "500,242",
    "시가": "22,400",
    "고가": "23,900",
    "저가": "22,350",
    "매수호가": "22,650",
    "매도호가": "22,700",
    "매수총잔량": "6,469",
    "매도총잔량": "7,168",
    "상장주식수": "24,800",
    "시가총액": "5,630",
    "매출액": "5,066",
    "자산총계": "6,065",
    "부채총계": "2,645",
    "영업이익": "258",
    "당기순이익": "182",
    "주당순이익": "894",
    "보통주배당금": "500",
    "매출액증가율": "3.44",
    "영업이익증가율": "45.39",
    "외국인비율": "7.82",
    "PER": "25.39",
    "ROE": "5.37",
    "ROA": "2.98",
    "PBR": "1.63",
    "유보율": "2,213.9",
    "code": "008730"
}