{
    "N": "486",
    "종목명": "아남전자",
    "현재가": "3,140",
    "상태": "하락",
    "전일비": "200",
    "등락률": "-5.99%",
    "액면가": "500",
    "거래량": "6,898,825",
    "거래대금": "22,190",
    "전일거래량": "11,629,784",
    "시가": "3,340",
    "고가": "3,360",
    "저가": "3,130",
    "매수호가": "3,135",
    "매도호가": "3,140",
    "매수총잔량": "324,489",
    "매도총잔량": "348,325",
    "상장주식수": "77,125",
    "시가총액": "2,422",
    "매출액": "2,433",
    "자산총계": "1,465",
    "부채총계": "888",
    "영업이익": "31",
    "당기순이익": "4",
    "주당순이익": "53",
    "보통주배당금": "N/A",
    "매출액증가율": "26.50",
    "영업이익증가율": "126.12",
    "외국인비율": "0.89",
    "PER": "59.25",
    "ROE": "0.78",
    "ROA": "0.31",
    "PBR": "3.86",
    "유보율": "44.9",
    "code": "008700"
}