{
    "N": "905",
    "종목명": "호텔신라우",
    "현재가": "81,400",
    "상태": "상승",
    "전일비": "500",
    "등락률": "+0.62%",
    "액면가": "5,000",
    "거래량": "27,997",
    "거래대금": "2,277",
    "전일거래량": "15,203",
    "시가": "81,100",
    "고가": "82,100",
    "저가": "80,500",
    "매수호가": "81,400",
    "매도호가": "81,500",
    "매수총잔량": "2,511",
    "매도총잔량": "5,607",
    "상장주식수": "752",
    "시가총액": "612",
    "매출액": "N/A",
    "자산총계": "N/A",
    "부채총계": "N/A",
    "영업이익": "N/A",
    "당기순이익": "N/A",
    "주당순이익": "-3,295",
    "보통주배당금": "N/A",
    "매출액증가율": "N/A",
    "영업이익증가율": "N/A",
    "외국인비율": "3.86",
    "PER": "-24.70",
    "ROE": "N/A",
    "ROA": "N/A",
    "PBR": "4.19",
    "유보율": "N/A",
    "code": "008775"
}