{
    "N": "90",
    "종목명": "호텔신라",
    "현재가": "81,500",
    "상태": "하락",
    "전일비": "700",
    "등락률": "-0.85%",
    "액면가": "5,000",
    "거래량": "814,615",
    "거래대금": "66,971",
    "전일거래량": "605,661",
    "시가": "82,200",
    "고가": "83,400",
    "저가": "81,500",
    "매수호가": "81,500",
    "매도호가": "81,600",
    "매수총잔량": "94,077",
    "매도총잔량": "10,831",
    "상장주식수": "39,248",
    "시가총액": "31,987",
    "매출액": "57,173",
    "자산총계": "35,273",
    "부채총계": "26,077",
    "영업이익": "2,959",
    "당기순이익": "1,694",
    "주당순이익": "-3,295",
    "보통주배당금": "350",
    "매출액증가율": "21.29",
    "영업이익증가율": "41.49",
    "외국인비율": "20.30",
    "PER": "-24.73",
    "ROE": "20.16",
    "ROA": "5.81",
    "PBR": "4.19",
    "유보율": "411.8",
    "code": "008770"
}