{
    "N": "863",
    "종목명": "금비",
    "현재가": "73,100",
    "상태": "상승",
    "전일비": "300",
    "등락률": "+0.41%",
    "액면가": "5,000",
    "거래량": "16,718",
    "거래대금": "1,222",
    "전일거래량": "21,166",
    "시가": "72,800",
    "고가": "74,300",
    "저가": "72,100",
    "매수호가": "73,100",
    "매도호가": "73,200",
    "매수총잔량": "301",
    "매도총잔량": "807",
    "상장주식수": "1,000",
    "시가총액": "731",
    "매출액": "2,193",
    "자산총계": "3,340",
    "부채총계": "1,765",
    "영업이익": "66",
    "당기순이익": "-36",
    "주당순이익": "-3,454",
    "보통주배당금": "1,300",
    "매출액증가율": "8.87",
    "영업이익증가율": "-46.61",
    "외국인비율": "0.16",
    "PER": "-21.16",
    "ROE": "-3.40",
    "ROA": "-1.22",
    "PBR": "0.59",
    "유보율": "2,000.6",
    "code": "008870"
}