{
    "N": "52",
    "종목명": "한미사이언스",
    "현재가": "84,500",
    "상태": "상승",
    "전일비": "7,500",
    "등락률": "+9.74%",
    "액면가": "500",
    "거래량": "3,777,301",
    "거래대금": "337,154",
    "전일거래량": "966,426",
    "시가": "91,200",
    "고가": "96,600",
    "저가": "84,100",
    "매수호가": "84,500",
    "매도호가": "84,600",
    "매수총잔량": "28,579",
    "매도총잔량": "4,661",
    "상장주식수": "66,011",
    "시가총액": "55,779",
    "매출액": "8,166",
    "자산총계": "9,108",
    "부채총계": "2,651",
    "영업이익": "380",
    "당기순이익": "307",
    "주당순이익": "220",
    "보통주배당금": "192",
    "매출액증가율": "15.34",
    "영업이익증가율": "45.24",
    "외국인비율": "1.57",
    "PER": "384.09",
    "ROE": "4.73",
    "ROA": "3.37",
    "PBR": "8.65",
    "유보율": "2,064.6",
    "code": "008930"
}