{
    "N": "649",
    "종목명": "동양철관",
    "현재가": "1,195",
    "상태": "하락",
    "전일비": "25",
    "등락률": "-2.05%",
    "액면가": "500",
    "거래량": "3,101,404",
    "거래대금": "3,707",
    "전일거래량": "8,308,044",
    "시가": "1,220",
    "고가": "1,235",
    "저가": "1,165",
    "매수호가": "1,195",
    "매도호가": "1,200",
    "매수총잔량": "446,315",
    "매도총잔량": "643,993",
    "상장주식수": "118,885",
    "시가총액": "1,421",
    "매출액": "1,634",
    "자산총계": "1,642",
    "부채총계": "844",
    "영업이익": "37",
    "당기순이익": "18",
    "주당순이익": "68",
    "보통주배당금": "0",
    "매출액증가율": "0.89",
    "영업이익증가율": "192.93",
    "외국인비율": "3.33",
    "PER": "17.57",
    "ROE": "2.24",
    "ROA": "1.09",
    "PBR": "1.63",
    "유보율": "34.5",
    "code": "008970"
}