{
    "N": "730",
    "종목명": "KCTC",
    "현재가": "3,815",
    "상태": "하락",
    "전일비": "70",
    "등락률": "-1.80%",
    "액면가": "500",
    "거래량": "687,503",
    "거래대금": "2,647",
    "전일거래량": "2,791,490",
    "시가": "3,930",
    "고가": "3,950",
    "저가": "3,780",
    "매수호가": "3,815",
    "매도호가": "3,820",
    "매수총잔량": "35,469",
    "매도총잔량": "4,686",
    "상장주식수": "30,000",
    "시가총액": "1,144",
    "매출액": "4,462",
    "자산총계": "4,243",
    "부채총계": "2,270",
    "영업이익": "190",
    "당기순이익": "82",
    "주당순이익": "281",
    "보통주배당금": "45",
    "매출액증가율": "11.42",
    "영업이익증가율": "27.06",
    "외국인비율": "1.45",
    "PER": "13.58",
    "ROE": "3.75",
    "ROA": "2.05",
    "PBR": "0.58",
    "유보율": "1,181.5",
    "code": "009070"
}