{
    "N": "716",
    "종목명": "대양금속",
    "현재가": "4,020",
    "상태": "하락",
    "전일비": "125",
    "등락률": "-3.02%",
    "액면가": "500",
    "거래량": "836,444",
    "거래대금": "3,403",
    "전일거래량": "1,772,277",
    "시가": "4,250",
    "고가": "4,250",
    "저가": "4,015",
    "매수호가": "4,020",
    "매도호가": "4,025",
    "매수총잔량": "82,800",
    "매도총잔량": "45,903",
    "상장주식수": "29,566",
    "시가총액": "1,189",
    "매출액": "1,516",
    "자산총계": "905",
    "부채총계": "238",
    "영업이익": "32",
    "당기순이익": "35",
    "주당순이익": "53",
    "보통주배당금": "0",
    "매출액증가율": "-8.15",
    "영업이익증가율": "-56.90",
    "외국인비율": "0.70",
    "PER": "75.85",
    "ROE": "7.06",
    "ROA": "3.80",
    "PBR": "2.18",
    "유보율": "281.5",
    "code": "009190"
}