{
    "N": "458",
    "종목명": "삼성전기우",
    "현재가": "92,600",
    "상태": "하락",
    "전일비": "1,800",
    "등락률": "-1.91%",
    "액면가": "5,000",
    "거래량": "45,639",
    "거래대금": "4,256",
    "전일거래량": "39,604",
    "시가": "95,000",
    "고가": "95,300",
    "저가": "92,500",
    "매수호가": "92,600",
    "매도호가": "92,700",
    "매수총잔량": "7,313",
    "매도총잔량": "1,987",
    "상장주식수": "2,907",
    "시가총액": "2,692",
    "매출액": "N/A",
    "자산총계": "N/A",
    "부채총계": "N/A",
    "영업이익": "N/A",
    "당기순이익": "N/A",
    "주당순이익": "4,881",
    "보통주배당금": "N/A",
    "매출액증가율": "N/A",
    "영업이익증가율": "N/A",
    "외국인비율": "18.63",
    "PER": "18.97",
    "ROE": "N/A",
    "ROA": "N/A",
    "PBR": "1.24",
    "유보율": "N/A",
    "code": "009155"
}