{
    "N": "961",
    "종목명": "경인전자",
    "현재가": "30,600",
    "상태": "하락",
    "전일비": "2,700",
    "등락률": "-8.11%",
    "액면가": "5,000",
    "거래량": "91,607",
    "거래대금": "2,858",
    "전일거래량": "503,468",
    "시가": "32,950",
    "고가": "33,100",
    "저가": "30,450",
    "매수호가": "30,550",
    "매도호가": "30,600",
    "매수총잔량": "3,392",
    "매도총잔량": "129",
    "상장주식수": "1,571",
    "시가총액": "481",
    "매출액": "133",
    "자산총계": "569",
    "부채총계": "24",
    "영업이익": "-16",
    "당기순이익": "2",
    "주당순이익": "1,678",
    "보통주배당금": "250",
    "매출액증가율": "-27.92",
    "영업이익증가율": "7.46",
    "외국인비율": "12.93",
    "PER": "18.24",
    "ROE": "0.45",
    "ROA": "0.43",
    "PBR": "0.71",
    "유보율": "601.7",
    "code": "009140"
}