{
    "N": "27",
    "종목명": "삼성전기",
    "현재가": "176,000",
    "상태": "하락",
    "전일비": "4,000",
    "등락률": "-2.22%",
    "액면가": "5,000",
    "거래량": "955,624",
    "거래대금": "169,404",
    "전일거래량": "776,751",
    "시가": "181,000",
    "고가": "182,000",
    "저가": "175,000",
    "매수호가": "175,500",
    "매도호가": "176,000",
    "매수총잔량": "66,555",
    "매도총잔량": "61,052",
    "상장주식수": "74,694",
    "시가총액": "131,461",
    "매출액": "80,408",
    "자산총계": "86,742",
    "부채총계": "32,442",
    "영업이익": "7,340",
    "당기순이익": "5,280",
    "주당순이익": "4,881",
    "보통주배당금": "1,100",
    "매출액증가율": "0.49",
    "영업이익증가율": "-36.17",
    "외국인비율": "34.70",
    "PER": "36.06",
    "ROE": "10.18",
    "ROA": "6.10",
    "PBR": "2.36",
    "유보율": "1,190.2",
    "code": "009150"
}