{
    "N": "587",
    "종목명": "SIMPAC",
    "현재가": "2,580",
    "상태": "하락",
    "전일비": "5",
    "등락률": "-0.19%",
    "액면가": "500",
    "거래량": "180,938",
    "거래대금": "464",
    "전일거래량": "449,904",
    "시가": "2,600",
    "고가": "2,625",
    "저가": "2,550",
    "매수호가": "2,570",
    "매도호가": "2,580",
    "매수총잔량": "29,108",
    "매도총잔량": "12,010",
    "상장주식수": "65,430",
    "시가총액": "1,688",
    "매출액": "4,301",
    "자산총계": "6,791",
    "부채총계": "2,380",
    "영업이익": "111",
    "당기순이익": "95",
    "주당순이익": "41",
    "보통주배당금": "60",
    "매출액증가율": "40.48",
    "영업이익증가율": "9.33",
    "외국인비율": "7.85",
    "PER": "62.93",
    "ROE": "2.17",
    "ROA": "1.39",
    "PBR": "0.34",
    "유보율": "1,298.7",
    "code": "009160"
}