{
    "N": "831",
    "종목명": "한솔로지스틱스",
    "현재가": "3,035",
    "상태": "상승",
    "전일비": "40",
    "등락률": "+1.34%",
    "액면가": "500",
    "거래량": "17,436,996",
    "거래대금": "56,205",
    "전일거래량": "3,467,138",
    "시가": "3,380",
    "고가": "3,480",
    "저가": "3,000",
    "매수호가": "3,035",
    "매도호가": "3,040",
    "매수총잔량": "155,755",
    "매도총잔량": "29,009",
    "상장주식수": "27,477",
    "시가총액": "834",
    "매출액": "4,607",
    "자산총계": "1,668",
    "부채총계": "1,197",
    "영업이익": "95",
    "당기순이익": "59",
    "주당순이익": "312",
    "보통주배당금": "40",
    "매출액증가율": "6.12",
    "영업이익증가율": "143.89",
    "외국인비율": "5.85",
    "PER": "9.73",
    "ROE": "11.44",
    "ROA": "4.03",
    "PBR": "1.54",
    "유보율": "718.8",
    "code": "009180"
}