{
    "N": "299",
    "종목명": "광동제약",
    "현재가": "10,600",
    "상태": "상승",
    "전일비": "500",
    "등락률": "+4.95%",
    "액면가": "1,000",
    "거래량": "1,713,697",
    "거래대금": "17,922",
    "전일거래량": "585,768",
    "시가": "10,150",
    "고가": "10,700",
    "저가": "10,100",
    "매수호가": "10,600",
    "매도호가": "10,650",
    "매수총잔량": "160,724",
    "매도총잔량": "285,236",
    "상장주식수": "52,421",
    "시가총액": "5,557",
    "매출액": "12,383",
    "자산총계": "7,928",
    "부채총계": "3,453",
    "영업이익": "418",
    "당기순이익": "227",
    "주당순이익": "1,042",
    "보통주배당금": "80",
    "매출액증가율": "4.92",
    "영업이익증가율": "23.15",
    "외국인비율": "22.74",
    "PER": "10.17",
    "ROE": "5.57",
    "ROA": "2.97",
    "PBR": "0.90",
    "유보율": "805.0",
    "code": "009290"
}