{
    "N": "1566",
    "종목명": "신원우",
    "현재가": "38,500",
    "상태": "상승",
    "전일비": "100",
    "등락률": "+0.26%",
    "액면가": "500",
    "거래량": "736",
    "거래대금": "28",
    "전일거래량": "665",
    "시가": "38,400",
    "고가": "38,800",
    "저가": "38,000",
    "매수호가": "38,500",
    "매도호가": "38,800",
    "매수총잔량": "393",
    "매도총잔량": "169",
    "상장주식수": "91",
    "시가총액": "35",
    "매출액": "N/A",
    "자산총계": "N/A",
    "부채총계": "N/A",
    "영업이익": "N/A",
    "당기순이익": "N/A",
    "주당순이익": "-42",
    "보통주배당금": "N/A",
    "매출액증가율": "N/A",
    "영업이익증가율": "N/A",
    "외국인비율": "0.98",
    "PER": "-916.67",
    "ROE": "N/A",
    "ROA": "N/A",
    "PBR": "14.32",
    "유보율": "N/A",
    "code": "009275"
}