{
    "N": "109",
    "종목명": "한샘",
    "현재가": "109,500",
    "상태": "상승",
    "전일비": "3,000",
    "등락률": "+2.82%",
    "액면가": "1,000",
    "거래량": "219,313",
    "거래대금": "23,908",
    "전일거래량": "139,433",
    "시가": "108,500",
    "고가": "112,000",
    "저가": "106,000",
    "매수호가": "109,500",
    "매도호가": "110,000",
    "매수총잔량": "9,997",
    "매도총잔량": "19,295",
    "상장주식수": "23,534",
    "시가총액": "25,770",
    "매출액": "16,984",
    "자산총계": "12,026",
    "부채총계": "5,893",
    "영업이익": "558",
    "당기순이익": "427",
    "주당순이익": "2,848",
    "보통주배당금": "1,200",
    "매출액증가율": "-11.93",
    "영업이익증가율": "-0.47",
    "외국인비율": "23.26",
    "PER": "38.45",
    "ROE": "7.32",
    "ROA": "3.99",
    "PBR": "3.21",
    "유보율": "3,113.3",
    "code": "009240"
}