{
    "N": "690",
    "종목명": "신원",
    "현재가": "1,475",
    "상태": "상승",
    "전일비": "45",
    "등락률": "+3.15%",
    "액면가": "500",
    "거래량": "1,581,224",
    "거래대금": "2,291",
    "전일거래량": "476,272",
    "시가": "1,440",
    "고가": "1,475",
    "저가": "1,425",
    "매수호가": "1,470",
    "매도호가": "1,475",
    "매수총잔량": "283,407",
    "매도총잔량": "175,998",
    "상장주식수": "85,042",
    "시가총액": "1,254",
    "매출액": "6,749",
    "자산총계": "4,034",
    "부채총계": "2,019",
    "영업이익": "90",
    "당기순이익": "5",
    "주당순이익": "-42",
    "보통주배당금": "N/A",
    "매출액증가율": "8.59",
    "영업이익증가율": "512.63",
    "외국인비율": "2.45",
    "PER": "-35.12",
    "ROE": "0.74",
    "ROA": "0.13",
    "PBR": "0.55",
    "유보율": "392.3",
    "code": "009270"
}