{
    "N": "740",
    "종목명": "무림페이퍼",
    "현재가": "2,700",
    "상태": "하락",
    "전일비": "20",
    "등락률": "-0.74%",
    "액면가": "2,500",
    "거래량": "204,820",
    "거래대금": "551",
    "전일거래량": "219,537",
    "시가": "2,725",
    "고가": "2,740",
    "저가": "2,665",
    "매수호가": "2,700",
    "매도호가": "2,705",
    "매수총잔량": "33,095",
    "매도총잔량": "24,919",
    "상장주식수": "41,609",
    "시가총액": "1,123",
    "매출액": "11,237",
    "자산총계": "21,585",
    "부채총계": "14,706",
    "영업이익": "688",
    "당기순이익": "-68",
    "주당순이익": "-528",
    "보통주배당금": "50",
    "매출액증가율": "1.32",
    "영업이익증가율": "-44.54",
    "외국인비율": "5.34",
    "PER": "-5.11",
    "ROE": "-2.17",
    "ROA": "-0.33",
    "PBR": "0.26",
    "유보율": "311.9",
    "code": "009200"
}