{
    "N": "676",
    "종목명": "대우부품",
    "현재가": "2,765",
    "상태": "하락",
    "전일비": "55",
    "등락률": "-1.95%",
    "액면가": "500",
    "거래량": "715,217",
    "거래대금": "1,988",
    "전일거래량": "922,917",
    "시가": "2,825",
    "고가": "2,825",
    "저가": "2,755",
    "매수호가": "2,765",
    "매도호가": "2,770",
    "매수총잔량": "97,923",
    "매도총잔량": "77,672",
    "상장주식수": "47,646",
    "시가총액": "1,317",
    "매출액": "534",
    "자산총계": "775",
    "부채총계": "405",
    "영업이익": "-10",
    "당기순이익": "-25",
    "주당순이익": "-43",
    "보통주배당금": "N/A",
    "매출액증가율": "-14.69",
    "영업이익증가율": "-146.88",
    "외국인비율": "0.88",
    "PER": "-64.30",
    "ROE": "-6.50",
    "ROA": "-3.34",
    "PBR": "3.44",
    "유보율": "28.6",
    "code": "009320"
}