{
    "N": "131",
    "종목명": "한올바이오파마",
    "현재가": "39,300",
    "상태": "상승",
    "전일비": "1,050",
    "등락률": "+2.75%",
    "액면가": "500",
    "거래량": "2,001,496",
    "거래대금": "79,231",
    "전일거래량": "681,993",
    "시가": "38,950",
    "고가": "40,600",
    "저가": "38,400",
    "매수호가": "39,300",
    "매도호가": "39,350",
    "매수총잔량": "35,936",
    "매도총잔량": "8,244",
    "상장주식수": "52,241",
    "시가총액": "20,531",
    "매출액": "1,085",
    "자산총계": "1,914",
    "부채총계": "510",
    "영업이익": "171",
    "당기순이익": "192",
    "주당순이익": "377",
    "보통주배당금": "N/A",
    "매출액증가율": "18.09",
    "영업이익증가율": "212.21",
    "외국인비율": "7.81",
    "PER": "104.24",
    "ROE": "14.90",
    "ROA": "10.84",
    "PBR": "11.96",
    "유보율": "418.2",
    "code": "009420"
}