{
    "N": "695",
    "종목명": "KC그린홀딩스",
    "현재가": "5,480",
    "상태": "상승",
    "전일비": "250",
    "등락률": "+4.78%",
    "액면가": "500",
    "거래량": "673,253",
    "거래대금": "3,589",
    "전일거래량": "269,654",
    "시가": "5,250",
    "고가": "5,480",
    "저가": "5,160",
    "매수호가": "5,480",
    "매도호가": "5,490",
    "매수총잔량": "18,781",
    "매도총잔량": "28,144",
    "상장주식수": "22,435",
    "시가총액": "1,229",
    "매출액": "6,989",
    "자산총계": "8,161",
    "부채총계": "5,218",
    "영업이익": "215",
    "당기순이익": "143",
    "주당순이익": "-306",
    "보통주배당금": "60",
    "매출액증가율": "30.71",
    "영업이익증가율": "62.04",
    "외국인비율": "3.07",
    "PER": "-17.91",
    "ROE": "4.61",
    "ROA": "1.93",
    "PBR": "0.70",
    "유보율": "1,475.8",
    "code": "009440"
}