{
    "N": "243",
    "종목명": "경동나비엔",
    "현재가": "52,200",
    "상태": "하락",
    "전일비": "100",
    "등락률": "-0.19%",
    "액면가": "1,000",
    "거래량": "59,800",
    "거래대금": "3,116",
    "전일거래량": "70,094",
    "시가": "52,400",
    "고가": "52,400",
    "저가": "51,800",
    "매수호가": "52,100",
    "매도호가": "52,200",
    "매수총잔량": "12,147",
    "매도총잔량": "8,746",
    "상장주식수": "13,605",
    "시가총액": "7,102",
    "매출액": "7,743",
    "자산총계": "6,098",
    "부채총계": "3,088",
    "영업이익": "448",
    "당기순이익": "279",
    "주당순이익": "3,040",
    "보통주배당금": "300",
    "매출액증가율": "6.54",
    "영업이익증가율": "9.86",
    "외국인비율": "10.20",
    "PER": "17.17",
    "ROE": "9.59",
    "ROA": "4.67",
    "PBR": "2.01",
    "유보율": "2,255.6",
    "code": "009450"
}