{
    "N": "638",
    "종목명": "삼화전기",
    "현재가": "22,250",
    "상태": "하락",
    "전일비": "1,250",
    "등락률": "-5.32%",
    "액면가": "1,000",
    "거래량": "250,370",
    "거래대금": "5,706",
    "전일거래량": "412,115",
    "시가": "24,000",
    "고가": "24,000",
    "저가": "22,250",
    "매수호가": "22,250",
    "매도호가": "22,300",
    "매수총잔량": "13,912",
    "매도총잔량": "3,964",
    "상장주식수": "6,614",
    "시가총액": "1,472",
    "매출액": "1,951",
    "자산총계": "1,252",
    "부채총계": "639",
    "영업이익": "51",
    "당기순이익": "36",
    "주당순이익": "172",
    "보통주배당금": "100",
    "매출액증가율": "-4.68",
    "영업이익증가율": "-27.34",
    "외국인비율": "25.10",
    "PER": "129.36",
    "ROE": "7.03",
    "ROA": "2.82",
    "PBR": "3.17",
    "유보율": "379.9",
    "code": "009470"
}