{
    "N": "654",
    "종목명": "한창제지",
    "현재가": "2,340",
    "상태": "하락",
    "전일비": "30",
    "등락률": "-1.27%",
    "액면가": "500",
    "거래량": "1,759,234",
    "거래대금": "4,121",
    "전일거래량": "1,629,537",
    "시가": "2,380",
    "고가": "2,385",
    "저가": "2,325",
    "매수호가": "2,340",
    "매도호가": "2,345",
    "매수총잔량": "389,314",
    "매도총잔량": "86,041",
    "상장주식수": "59,667",
    "시가총액": "1,396",
    "매출액": "1,814",
    "자산총계": "1,720",
    "부채총계": "860",
    "영업이익": "109",
    "당기순이익": "74",
    "주당순이익": "158",
    "보통주배당금": "20",
    "매출액증가율": "-9.31",
    "영업이익증가율": "-6.90",
    "외국인비율": "0.43",
    "PER": "14.81",
    "ROE": "9.05",
    "ROA": "4.52",
    "PBR": "1.49",
    "유보율": "188.2",
    "code": "009460"
}