{
    "N": "315",
    "종목명": "태영건설",
    "현재가": "12,500",
    "전일비": "0",
    "등락률": "0.00%",
    "액면가": "500",
    "거래량": "532,767",
    "거래대금": "6,666",
    "전일거래량": "639,662",
    "시가": "12,700",
    "고가": "12,750",
    "저가": "12,250",
    "매수호가": "12,500",
    "매도호가": "12,550",
    "매수총잔량": "105,086",
    "매도총잔량": "77,692",
    "상장주식수": "38,899",
    "시가총액": "4,862",
    "매출액": "39,244",
    "자산총계": "59,161",
    "부채총계": "43,447",
    "영업이익": "3,912",
    "당기순이익": "995",
    "주당순이익": "7,723",
    "보통주배당금": "150",
    "매출액증가율": "6.32",
    "영업이익증가율": "-14.61",
    "외국인비율": "11.21",
    "PER": "1.62",
    "ROE": "8.38",
    "ROA": "1.83",
    "PBR": "0.81",
    "유보율": "2,866.9",
    "code": "009410"
}