{
    "N": "1182",
    "종목명": "태영건설우",
    "현재가": "13,250",
    "상태": "하락",
    "전일비": "100",
    "등락률": "-0.75%",
    "액면가": "500",
    "거래량": "44,471",
    "거래대금": "589",
    "전일거래량": "62,336",
    "시가": "13,600",
    "고가": "13,600",
    "저가": "13,100",
    "매수호가": "13,200",
    "매도호가": "13,250",
    "매수총잔량": "17,660",
    "매도총잔량": "6,321",
    "상장주식수": "1,302",
    "시가총액": "173",
    "매출액": "N/A",
    "자산총계": "N/A",
    "부채총계": "N/A",
    "영업이익": "N/A",
    "당기순이익": "N/A",
    "주당순이익": "7,723",
    "보통주배당금": "N/A",
    "매출액증가율": "N/A",
    "영업이익증가율": "N/A",
    "외국인비율": "2.64",
    "PER": "1.72",
    "ROE": "N/A",
    "ROA": "N/A",
    "PBR": "0.86",
    "유보율": "N/A",
    "code": "009415"
}