{
    "N": "511",
    "종목명": "무림P&P",
    "현재가": "3,600",
    "상태": "하락",
    "전일비": "55",
    "등락률": "-1.50%",
    "액면가": "2,500",
    "거래량": "294,700",
    "거래대금": "1,064",
    "전일거래량": "253,233",
    "시가": "3,660",
    "고가": "3,680",
    "저가": "3,580",
    "매수호가": "3,600",
    "매도호가": "3,605",
    "매수총잔량": "36,615",
    "매도총잔량": "11,508",
    "상장주식수": "62,368",
    "시가총액": "2,245",
    "매출액": "6,313",
    "자산총계": "13,503",
    "부채총계": "7,298",
    "영업이익": "494",
    "당기순이익": "104",
    "주당순이익": "-248",
    "보통주배당금": "175",
    "매출액증가율": "-3.06",
    "영업이익증가율": "-51.67",
    "외국인비율": "2.72",
    "PER": "-14.52",
    "ROE": "1.64",
    "ROA": "0.77",
    "PBR": "0.37",
    "유보율": "294.0",
    "code": "009580"
}