{
    "N": "37",
    "종목명": "한국조선해양",
    "현재가": "118,000",
    "상태": "상승",
    "전일비": "500",
    "등락률": "+0.43%",
    "액면가": "5,000",
    "거래량": "857,058",
    "거래대금": "102,860",
    "전일거래량": "1,108,466",
    "시가": "121,000",
    "고가": "124,500",
    "저가": "117,500",
    "매수호가": "118,000",
    "매도호가": "118,500",
    "매수총잔량": "52,010",
    "매도총잔량": "87,471",
    "상장주식수": "70,773",
    "시가총액": "83,512",
    "매출액": "151,826",
    "자산총계": "250,554",
    "부채총계": "121,291",
    "영업이익": "2,902",
    "당기순이익": "2,131",
    "주당순이익": "302",
    "보통주배당금": "N/A",
    "매출액증가율": "15.36",
    "영업이익증가율": "160.28",
    "외국인비율": "16.48",
    "PER": "390.73",
    "ROE": "1.40",
    "ROA": "0.86",
    "PBR": "0.72",
    "유보율": "5,274.3",
    "code": "009540"
}