{
    "N": "339",
    "종목명": "모토닉",
    "현재가": "13,200",
    "전일비": "0",
    "등락률": "0.00%",
    "액면가": "500",
    "거래량": "1,071,560",
    "거래대금": "14,467",
    "전일거래량": "1,642,796",
    "시가": "13,600",
    "고가": "14,050",
    "저가": "13,100",
    "매수호가": "13,200",
    "매도호가": "13,250",
    "매수총잔량": "67,382",
    "매도총잔량": "41,821",
    "상장주식수": "33,000",
    "시가총액": "4,356",
    "매출액": "2,076",
    "자산총계": "4,409",
    "부채총계": "330",
    "영업이익": "97",
    "당기순이익": "114",
    "주당순이익": "310",
    "보통주배당금": "300",
    "매출액증가율": "6.34",
    "영업이익증가율": "63.88",
    "외국인비율": "12.46",
    "PER": "42.58",
    "ROE": "2.80",
    "ROA": "2.60",
    "PBR": "0.71",
    "유보율": "2,484.3",
    "code": "009680"
}