{
    "N": "853",
    "종목명": "삼정펄프",
    "현재가": "30,500",
    "상태": "상승",
    "전일비": "150",
    "등락률": "+0.49%",
    "액면가": "5,000",
    "거래량": "4,424",
    "거래대금": "133",
    "전일거래량": "2,915",
    "시가": "30,350",
    "고가": "30,500",
    "저가": "29,700",
    "매수호가": "29,950",
    "매도호가": "30,500",
    "매수총잔량": "1,342",
    "매도총잔량": "794",
    "상장주식수": "2,500",
    "시가총액": "762",
    "매출액": "1,471",
    "자산총계": "2,063",
    "부채총계": "217",
    "영업이익": "67",
    "당기순이익": "47",
    "주당순이익": "9,632",
    "보통주배당금": "N/A",
    "매출액증가율": "8.44",
    "영업이익증가율": "256.16",
    "외국인비율": "3.83",
    "PER": "3.17",
    "ROE": "2.56",
    "ROA": "2.29",
    "PBR": "0.36",
    "유보율": "1,377.0",
    "code": "009770"
}