{
    "N": "36",
    "종목명": "한화솔루션",
    "현재가": "53,200",
    "상태": "하락",
    "전일비": "700",
    "등락률": "-1.30%",
    "액면가": "5,000",
    "거래량": "8,044,607",
    "거래대금": "427,557",
    "전일거래량": "14,113,184",
    "시가": "53,900",
    "고가": "55,000",
    "저가": "51,400",
    "매수호가": "53,200",
    "매도호가": "53,300",
    "매수총잔량": "164,535",
    "매도총잔량": "44,385",
    "상장주식수": "159,864",
    "시가총액": "85,048",
    "매출액": "95,033",
    "자산총계": "156,811",
    "부채총계": "98,753",
    "영업이익": "3,783",
    "당기순이익": "-2,489",
    "주당순이익": "-562",
    "보통주배당금": "200",
    "매출액증가율": "5.06",
    "영업이익증가율": "6.77",
    "외국인비율": "19.70",
    "PER": "-94.66",
    "ROE": "-4.02",
    "ROA": "-1.61",
    "PBR": "1.41",
    "유보율": "606.5",
    "code": "009830"
}