{
    "N": "847",
    "종목명": "한화솔루션우",
    "현재가": "69,800",
    "상태": "하락",
    "전일비": "1,000",
    "등락률": "-1.41%",
    "액면가": "5,000",
    "거래량": "95,173",
    "거래대금": "6,591",
    "전일거래량": "412,884",
    "시가": "70,800",
    "고가": "71,600",
    "저가": "67,700",
    "매수호가": "69,800",
    "매도호가": "69,900",
    "매수총잔량": "1,645",
    "매도총잔량": "645",
    "상장주식수": "1,124",
    "시가총액": "784",
    "매출액": "N/A",
    "자산총계": "N/A",
    "부채총계": "N/A",
    "영업이익": "N/A",
    "당기순이익": "N/A",
    "주당순이익": "-562",
    "보통주배당금": "N/A",
    "매출액증가율": "N/A",
    "영업이익증가율": "N/A",
    "외국인비율": "1.54",
    "PER": "-124.20",
    "ROE": "N/A",
    "ROA": "N/A",
    "PBR": "1.85",
    "유보율": "N/A",
    "code": "009835"
}