{
    "N": "1114",
    "종목명": "엔케이물산",
    "현재가": "596",
    "상태": "하락",
    "전일비": "12",
    "등락률": "-1.97%",
    "액면가": "100",
    "거래량": "520,282",
    "거래대금": "310",
    "전일거래량": "896,465",
    "시가": "604",
    "고가": "617",
    "저가": "590",
    "매수호가": "596",
    "매도호가": "598",
    "매수총잔량": "72,248",
    "매도총잔량": "68,088",
    "상장주식수": "41,789",
    "시가총액": "249",
    "매출액": "88",
    "자산총계": "427",
    "부채총계": "14",
    "영업이익": "-14",
    "당기순이익": "-33",
    "주당순이익": "157",
    "보통주배당금": "0",
    "매출액증가율": "34.41",
    "영업이익증가율": "-15.75",
    "외국인비율": "1.42",
    "PER": "3.80",
    "ROE": "-7.77",
    "ROA": "-7.45",
    "PBR": "0.51",
    "유보율": "3.2",
    "code": "009810"
}