{
    "N": "313",
    "종목명": "영원무역홀딩스",
    "현재가": "36,400",
    "상태": "하락",
    "전일비": "750",
    "등락률": "-2.02%",
    "액면가": "500",
    "거래량": "35,483",
    "거래대금": "1,301",
    "전일거래량": "17,749",
    "시가": "37,150",
    "고가": "37,500",
    "저가": "36,250",
    "매수호가": "36,400",
    "매도호가": "36,450",
    "매수총잔량": "5,756",
    "매도총잔량": "187",
    "상장주식수": "13,636",
    "시가총액": "4,963",
    "매출액": "27,380",
    "자산총계": "37,894",
    "부채총계": "12,137",
    "영업이익": "2,990",
    "당기순이익": "2,277",
    "주당순이익": "8,330",
    "보통주배당금": "1,000",
    "매출액증가율": "8.71",
    "영업이익증가율": "17.30",
    "외국인비율": "21.95",
    "PER": "4.37",
    "ROE": "9.60",
    "ROA": "6.46",
    "PBR": "0.29",
    "유보율": "15,980.0",
    "code": "009970"
}