{
    "N": "135",
    "종목명": "명신산업",
    "현재가": "46,300",
    "상태": "하락",
    "전일비": "2,000",
    "등락률": "-4.14%",
    "액면가": "500",
    "거래량": "2,051,145",
    "거래대금": "95,599",
    "전일거래량": "4,623,308",
    "시가": "47,100",
    "고가": "48,050",
    "저가": "45,600",
    "매수호가": "46,250",
    "매도호가": "46,300",
    "매수총잔량": "26,804",
    "매도총잔량": "10,311",
    "상장주식수": "40,779",
    "시가총액": "18,881",
    "매출액": "7,757",
    "자산총계": "3,658",
    "부채총계": "2,864",
    "영업이익": "596",
    "당기순이익": "338",
    "주당순이익": "N/A",
    "보통주배당금": "0",
    "매출액증가율": "125.38",
    "영업이익증가율": "326.82",
    "외국인비율": "1.04",
    "PER": "N/A",
    "ROE": "53.84",
    "ROA": "10.41",
    "PBR": "N/A",
    "유보율": "799.8",
    "code": "009900"
}