{
    "N": "325",
    "종목명": "우리종금",
    "현재가": "542",
    "상태": "상승",
    "전일비": "5",
    "등락률": "+0.93%",
    "액면가": "500",
    "거래량": "3,434,721",
    "거래대금": "1,862",
    "전일거래량": "1,919,267",
    "시가": "537",
    "고가": "548",
    "저가": "536",
    "매수호가": "541",
    "매도호가": "542",
    "매수총잔량": "351,785",
    "매도총잔량": "521,828",
    "상장주식수": "874,203",
    "시가총액": "4,738",
    "매출액": "2,051",
    "자산총계": "33,990",
    "부채총계": "30,316",
    "영업이익": "539",
    "당기순이익": "534",
    "주당순이익": "99",
    "보통주배당금": "0",
    "매출액증가율": "-0.17",
    "영업이익증가율": "63.67",
    "외국인비율": "2.07",
    "PER": "5.47",
    "ROE": "15.63",
    "ROA": "1.76",
    "PBR": "0.89",
    "유보율": "9.0",
    "code": "010050"
}