{
    "N": "777",
    "종목명": "한국내화",
    "현재가": "4,280",
    "상태": "하락",
    "전일비": "50",
    "등락률": "-1.15%",
    "액면가": "500",
    "거래량": "3,121,187",
    "거래대금": "13,832",
    "전일거래량": "2,029,002",
    "시가": "4,335",
    "고가": "4,570",
    "저가": "4,280",
    "매수호가": "4,280",
    "매도호가": "4,285",
    "매수총잔량": "24,101",
    "매도총잔량": "13,426",
    "상장주식수": "22,864",
    "시가총액": "979",
    "매출액": "2,239",
    "자산총계": "2,093",
    "부채총계": "688",
    "영업이익": "90",
    "당기순이익": "43",
    "주당순이익": "39",
    "보통주배당금": "35",
    "매출액증가율": "-6.59",
    "영업이익증가율": "-21.66",
    "외국인비율": "0.23",
    "PER": "109.74",
    "ROE": "3.18",
    "ROA": "2.07",
    "PBR": "0.68",
    "유보율": "1,120.3",
    "code": "010040"
}