{
    "N": "122",
    "종목명": "OCI",
    "현재가": "96,700",
    "상태": "하락",
    "전일비": "3,100",
    "등락률": "-3.11%",
    "액면가": "5,000",
    "거래량": "622,701",
    "거래대금": "60,662",
    "전일거래량": "537,815",
    "시가": "101,000",
    "고가": "101,000",
    "저가": "95,600",
    "매수호가": "96,600",
    "매도호가": "96,700",
    "매수총잔량": "23,147",
    "매도총잔량": "6,469",
    "상장주식수": "23,849",
    "시가총액": "23,062",
    "매출액": "26,051",
    "자산총계": "48,112",
    "부채총계": "21,255",
    "영업이익": "-1,806",
    "당기순이익": "-8,074",
    "주당순이익": "-30,950",
    "보통주배당금": "N/A",
    "매출액증가율": "-16.29",
    "영업이익증가율": "-213.82",
    "외국인비율": "20.01",
    "PER": "-3.12",
    "ROE": "-26.20",
    "ROA": "-15.42",
    "PBR": "0.90",
    "유보율": "1,956.5",
    "code": "010060"
}