{
    "N": "39",
    "종목명": "고려아연",
    "현재가": "439,500",
    "상태": "하락",
    "전일비": "12,500",
    "등락률": "-2.77%",
    "액면가": "5,000",
    "거래량": "179,174",
    "거래대금": "79,490",
    "전일거래량": "403,605",
    "시가": "452,500",
    "고가": "455,000",
    "저가": "432,000",
    "매수호가": "439,500",
    "매도호가": "440,000",
    "매수총잔량": "4,464",
    "매도총잔량": "647",
    "상장주식수": "18,870",
    "시가총액": "82,934",
    "매출액": "66,948",
    "자산총계": "78,406",
    "부채총계": "10,022",
    "영업이익": "8,053",
    "당기순이익": "6,386",
    "주당순이익": "29,683",
    "보통주배당금": "14,000",
    "매출액증가율": "-2.74",
    "영업이익증가율": "5.31",
    "외국인비율": "23.93",
    "PER": "14.81",
    "ROE": "9.76",
    "ROA": "8.48",
    "PBR": "1.13",
    "유보율": "7,046.4",
    "code": "010130"
}