{
    "N": "742",
    "종목명": "한국프랜지",
    "현재가": "3,655",
    "상태": "하락",
    "전일비": "25",
    "등락률": "-0.68%",
    "액면가": "1,000",
    "거래량": "3,756,791",
    "거래대금": "14,533",
    "전일거래량": "3,161,589",
    "시가": "3,750",
    "고가": "4,060",
    "저가": "3,655",
    "매수호가": "3,655",
    "매도호가": "3,665",
    "매수총잔량": "32,792",
    "매도총잔량": "10,941",
    "상장주식수": "30,450",
    "시가총액": "1,113",
    "매출액": "9,540",
    "자산총계": "6,523",
    "부채총계": "4,241",
    "영업이익": "149",
    "당기순이익": "109",
    "주당순이익": "246",
    "보통주배당금": "50",
    "매출액증가율": "20.21",
    "영업이익증가율": "643.22",
    "외국인비율": "2.13",
    "PER": "14.86",
    "ROE": "5.35",
    "ROA": "1.69",
    "PBR": "0.50",
    "유보율": "597.0",
    "code": "010100"
}