{
    "N": "999",
    "종목명": "삼성중공우",
    "현재가": "346,000",
    "상태": "하락",
    "전일비": "13,000",
    "등락률": "-3.62%",
    "액면가": "5,000",
    "거래량": "2,327",
    "거래대금": "817",
    "전일거래량": "4,353",
    "시가": "362,000",
    "고가": "365,000",
    "저가": "330,000",
    "매수호가": "346,000",
    "매도호가": "347,500",
    "매수총잔량": "484",
    "매도총잔량": "90",
    "상장주식수": "115",
    "시가총액": "397",
    "매출액": "N/A",
    "자산총계": "N/A",
    "부채총계": "N/A",
    "영업이익": "N/A",
    "당기순이익": "N/A",
    "주당순이익": "-1,983",
    "보통주배당금": "N/A",
    "매출액증가율": "N/A",
    "영업이익증가율": "N/A",
    "외국인비율": "2.49",
    "PER": "-174.48",
    "ROE": "N/A",
    "ROA": "N/A",
    "PBR": "47.17",
    "유보율": "N/A",
    "code": "010145"
}