{
    "N": "64",
    "종목명": "삼성중공업",
    "현재가": "7,380",
    "상태": "하락",
    "전일비": "70",
    "등락률": "-0.94%",
    "액면가": "5,000",
    "거래량": "15,135,869",
    "거래대금": "113,120",
    "전일거래량": "35,249,016",
    "시가": "7,550",
    "고가": "7,620",
    "저가": "7,360",
    "매수호가": "7,380",
    "매도호가": "7,390",
    "매수총잔량": "827,304",
    "매도총잔량": "246,815",
    "상장주식수": "630,000",
    "시가총액": "46,494",
    "매출액": "73,497",
    "자산총계": "136,001",
    "부채총계": "83,512",
    "영업이익": "-6,166",
    "당기순이익": "-13,154",
    "주당순이익": "-1,983",
    "보통주배당금": "0",
    "매출액증가율": "39.59",
    "영업이익증가율": "-50.66",
    "외국인비율": "15.49",
    "PER": "-3.72",
    "ROE": "-21.88",
    "ROA": "-9.44",
    "PBR": "1.01",
    "유보율": "104.7",
    "code": "010140"
}