{
    "N": "134",
    "종목명": "LS ELECTRIC",
    "현재가": "64,600",
    "상태": "하락",
    "전일비": "1,400",
    "등락률": "-2.12%",
    "액면가": "5,000",
    "거래량": "316,547",
    "거래대금": "20,796",
    "전일거래량": "268,668",
    "시가": "66,500",
    "고가": "68,700",
    "저가": "64,000",
    "매수호가": "64,600",
    "매도호가": "64,700",
    "매수총잔량": "15,756",
    "매도총잔량": "2,596",
    "상장주식수": "30,000",
    "시가총액": "19,380",
    "매출액": "23,468",
    "자산총계": "25,381",
    "부채총계": "11,755",
    "영업이익": "1,685",
    "당기순이익": "1,030",
    "주당순이익": "2,595",
    "보통주배당금": "1,200",
    "매출액증가율": "-5.56",
    "영업이익증가율": "-17.80",
    "외국인비율": "14.45",
    "PER": "24.89",
    "ROE": "7.82",
    "ROA": "4.17",
    "PBR": "1.36",
    "유보율": "831.7",
    "code": "010120"
}