{
    "N": "1009",
    "종목명": "한솔PNS",
    "현재가": "1,885",
    "상태": "하락",
    "전일비": "40",
    "등락률": "-2.08%",
    "액면가": "500",
    "거래량": "1,232,459",
    "거래대금": "2,308",
    "전일거래량": "9,582,721",
    "시가": "1,940",
    "고가": "1,945",
    "저가": "1,825",
    "매수호가": "1,880",
    "매도호가": "1,885",
    "매수총잔량": "60,107",
    "매도총잔량": "64,082",
    "상장주식수": "20,493",
    "시가총액": "386",
    "매출액": "2,339",
    "자산총계": "1,034",
    "부채총계": "624",
    "영업이익": "40",
    "당기순이익": "32",
    "주당순이익": "169",
    "보통주배당금": "25",
    "매출액증가율": "-5.82",
    "영업이익증가율": "-20.51",
    "외국인비율": "3.49",
    "PER": "11.15",
    "ROE": "7.94",
    "ROA": "3.24",
    "PBR": "0.88",
    "유보율": "315.8",
    "code": "010420"
}