{
    "N": "902",
    "종목명": "우진아이엔에스",
    "현재가": "8,070",
    "상태": "상승",
    "전일비": "30",
    "등락률": "+0.37%",
    "액면가": "500",
    "거래량": "10,172",
    "거래대금": "82",
    "전일거래량": "19,180",
    "시가": "8,040",
    "고가": "8,120",
    "저가": "8,010",
    "매수호가": "8,060",
    "매도호가": "8,070",
    "매수총잔량": "3,689",
    "매도총잔량": "4,625",
    "상장주식수": "7,622",
    "시가총액": "615",
    "매출액": "1,073",
    "자산총계": "1,333",
    "부채총계": "263",
    "영업이익": "9",
    "당기순이익": "21",
    "주당순이익": "-98",
    "보통주배당금": "250",
    "매출액증가율": "-19.30",
    "영업이익증가율": "-95.10",
    "외국인비율": "0.90",
    "PER": "-82.35",
    "ROE": "1.97",
    "ROA": "1.66",
    "PBR": "0.57",
    "유보율": "2,707.1",
    "code": "010400"
}