{
    "N": "130",
    "종목명": "현대미포조선",
    "현재가": "52,300",
    "상태": "하락",
    "전일비": "1,500",
    "등락률": "-2.79%",
    "액면가": "5,000",
    "거래량": "724,583",
    "거래대금": "38,805",
    "전일거래량": "2,122,234",
    "시가": "54,700",
    "고가": "55,800",
    "저가": "52,200",
    "매수호가": "52,300",
    "매도호가": "52,400",
    "매수총잔량": "48,006",
    "매도총잔량": "8,251",
    "상장주식수": "39,942",
    "시가총액": "20,890",
    "매출액": "29,941",
    "자산총계": "33,806",
    "부채총계": "10,267",
    "영업이익": "926",
    "당기순이익": "612",
    "주당순이익": "1,162",
    "보통주배당금": "350",
    "매출액증가율": "24.60",
    "영업이익증가율": "30.64",
    "외국인비율": "13.44",
    "PER": "45.01",
    "ROE": "2.31",
    "ROA": "1.79",
    "PBR": "0.88",
    "유보율": "964.4",
    "code": "010620"
}