{
    "N": "1001",
    "종목명": "진양폴리",
    "현재가": "3,950",
    "상태": "하락",
    "전일비": "20",
    "등락률": "-0.50%",
    "액면가": "500",
    "거래량": "150,832",
    "거래대금": "592",
    "전일거래량": "455,088",
    "시가": "3,975",
    "고가": "3,980",
    "저가": "3,875",
    "매수호가": "3,950",
    "매도호가": "3,955",
    "매수총잔량": "4,631",
    "매도총잔량": "9,067",
    "상장주식수": "10,000",
    "시가총액": "395",
    "매출액": "351",
    "자산총계": "434",
    "부채총계": "168",
    "영업이익": "31",
    "당기순이익": "76",
    "주당순이익": "194",
    "보통주배당금": "100",
    "매출액증가율": "N/A",
    "영업이익증가율": "N/A",
    "외국인비율": "4.96",
    "PER": "20.36",
    "ROE": "N/A",
    "ROA": "N/A",
    "PBR": "1.47",
    "유보율": "431.7",
    "code": "010640"
}