{
    "N": "712",
    "종목명": "웰바이오텍",
    "현재가": "2,650",
    "상태": "하락",
    "전일비": "10",
    "등락률": "-0.38%",
    "액면가": "500",
    "거래량": "772,018",
    "거래대금": "2,060",
    "전일거래량": "1,367,913",
    "시가": "2,750",
    "고가": "2,750",
    "저가": "2,600",
    "매수호가": "2,650",
    "매도호가": "2,655",
    "매수총잔량": "89,037",
    "매도총잔량": "33,593",
    "상장주식수": "45,079",
    "시가총액": "1,195",
    "매출액": "838",
    "자산총계": "1,198",
    "부채총계": "442",
    "영업이익": "-114",
    "당기순이익": "-166",
    "주당순이익": "-1,047",
    "보통주배당금": "0",
    "매출액증가율": "13.37",
    "영업이익증가율": "-34.84",
    "외국인비율": "0.99",
    "PER": "-2.53",
    "ROE": "-20.27",
    "ROA": "-14.33",
    "PBR": "2.46",
    "유보율": "245.4",
    "code": "010600"
}