{
    "N": "663",
    "종목명": "화신",
    "현재가": "3,930",
    "상태": "상승",
    "전일비": "45",
    "등락률": "+1.16%",
    "액면가": "500",
    "거래량": "1,748,301",
    "거래대금": "6,679",
    "전일거래량": "2,817,333",
    "시가": "3,840",
    "고가": "3,950",
    "저가": "3,655",
    "매수호가": "3,930",
    "매도호가": "3,935",
    "매수총잔량": "69,194",
    "매도총잔량": "77,466",
    "상장주식수": "34,920",
    "시가총액": "1,372",
    "매출액": "11,643",
    "자산총계": "8,084",
    "부채총계": "5,087",
    "영업이익": "19",
    "당기순이익": "66",
    "주당순이익": "-1,813",
    "보통주배당금": "50",
    "매출액증가율": "8.23",
    "영업이익증가율": "109.21",
    "외국인비율": "1.90",
    "PER": "-2.17",
    "ROE": "2.24",
    "ROA": "0.81",
    "PBR": "0.52",
    "유보율": "1,709.3",
    "code": "010690"
}