{
    "N": "149",
    "종목명": "아이에스동서",
    "현재가": "55,500",
    "상태": "하락",
    "전일비": "700",
    "등락률": "-1.25%",
    "액면가": "500",
    "거래량": "228,208",
    "거래대금": "12,762",
    "전일거래량": "184,557",
    "시가": "56,200",
    "고가": "56,900",
    "저가": "54,500",
    "매수호가": "55,400",
    "매도호가": "55,500",
    "매수총잔량": "15,432",
    "매도총잔량": "2,106",
    "상장주식수": "30,893",
    "시가총액": "17,145",
    "매출액": "9,641",
    "자산총계": "28,838",
    "부채총계": "16,102",
    "영업이익": "662",
    "당기순이익": "743",
    "주당순이익": "4,148",
    "보통주배당금": "700",
    "매출액증가율": "-39.62",
    "영업이익증가율": "-82.58",
    "외국인비율": "5.34",
    "PER": "13.38",
    "ROE": "6.10",
    "ROA": "2.93",
    "PBR": "1.44",
    "유보율": "6,959.6",
    "code": "010780"
}