{
    "N": "947",
    "종목명": "평화홀딩스",
    "현재가": "3,535",
    "상태": "상승",
    "전일비": "20",
    "등락률": "+0.57%",
    "액면가": "500",
    "거래량": "36,017",
    "거래대금": "126",
    "전일거래량": "61,228",
    "시가": "3,520",
    "고가": "3,560",
    "저가": "3,485",
    "매수호가": "3,530",
    "매도호가": "3,535",
    "매수총잔량": "11,343",
    "매도총잔량": "12,301",
    "상장주식수": "14,625",
    "시가총액": "517",
    "매출액": "5,811",
    "자산총계": "5,029",
    "부채총계": "3,789",
    "영업이익": "-36",
    "당기순이익": "-218",
    "주당순이익": "-191",
    "보통주배당금": "150",
    "매출액증가율": "4.51",
    "영업이익증가율": "85.64",
    "외국인비율": "14.78",
    "PER": "-18.51",
    "ROE": "-11.10",
    "ROA": "-4.36",
    "PBR": "0.48",
    "유보율": "973.4",
    "code": "010770"
}