{
    "N": "753",
    "종목명": "퍼스텍",
    "현재가": "2,230",
    "상태": "상승",
    "전일비": "75",
    "등락률": "+3.48%",
    "액면가": "500",
    "거래량": "1,028,037",
    "거래대금": "2,270",
    "전일거래량": "544,283",
    "시가": "2,165",
    "고가": "2,245",
    "저가": "2,155",
    "매수호가": "2,225",
    "매도호가": "2,230",
    "매수총잔량": "63,059",
    "매도총잔량": "138,581",
    "상장주식수": "48,061",
    "시가총액": "1,072",
    "매출액": "1,263",
    "자산총계": "1,821",
    "부채총계": "1,548",
    "영업이익": "-47",
    "당기순이익": "-105",
    "주당순이익": "-82",
    "보통주배당금": "0",
    "매출액증가율": "-3.57",
    "영업이익증가율": "78.89",
    "외국인비율": "2.87",
    "PER": "-27.20",
    "ROE": "-31.41",
    "ROA": "-6.12",
    "PBR": "2.99",
    "유보율": "-106.7",
    "code": "010820"
}