{
    "N": "747",
    "종목명": "삼호개발",
    "현재가": "4,340",
    "상태": "상승",
    "전일비": "90",
    "등락률": "+2.12%",
    "액면가": "500",
    "거래량": "218,800",
    "거래대금": "943",
    "전일거래량": "252,132",
    "시가": "4,260",
    "고가": "4,355",
    "저가": "4,255",
    "매수호가": "4,325",
    "매도호가": "4,340",
    "매수총잔량": "14,898",
    "매도총잔량": "11,535",
    "상장주식수": "25,000",
    "시가총액": "1,085",
    "매출액": "3,646",
    "자산총계": "2,988",
    "부채총계": "1,080",
    "영업이익": "236",
    "당기순이익": "215",
    "주당순이익": "686",
    "보통주배당금": "190",
    "매출액증가율": "22.07",
    "영업이익증가율": "-3.46",
    "외국인비율": "6.34",
    "PER": "6.33",
    "ROE": "11.65",
    "ROA": "7.48",
    "PBR": "0.51",
    "유보율": "1,513.5",
    "code": "010960"
}