{
    "N": "607",
    "종목명": "S-Oil우",
    "현재가": "40,250",
    "상태": "상승",
    "전일비": "1,350",
    "등락률": "+3.47%",
    "액면가": "2,500",
    "거래량": "78,350",
    "거래대금": "3,238",
    "전일거래량": "17,289",
    "시가": "41,350",
    "고가": "42,850",
    "저가": "40,000",
    "매수호가": "40,250",
    "매도호가": "40,300",
    "매수총잔량": "3,496",
    "매도총잔량": "1,305",
    "상장주식수": "4,022",
    "시가총액": "1,619",
    "매출액": "N/A",
    "자산총계": "N/A",
    "부채총계": "N/A",
    "영업이익": "N/A",
    "당기순이익": "N/A",
    "주당순이익": "-7,458",
    "보통주배당금": "N/A",
    "매출액증가율": "N/A",
    "영업이익증가율": "N/A",
    "외국인비율": "9.95",
    "PER": "-5.40",
    "ROE": "N/A",
    "ROA": "N/A",
    "PBR": "0.84",
    "유보율": "N/A",
    "code": "010955"
}