{
    "N": "38",
    "종목명": "S-Oil",
    "현재가": "73,700",
    "상태": "상승",
    "전일비": "2,900",
    "등락률": "+4.10%",
    "액면가": "2,500",
    "거래량": "2,220,894",
    "거래대금": "166,298",
    "전일거래량": "482,236",
    "시가": "74,800",
    "고가": "76,900",
    "저가": "73,100",
    "매수호가": "73,600",
    "매도호가": "73,700",
    "매수총잔량": "33,571",
    "매도총잔량": "24,636",
    "상장주식수": "112,583",
    "시가총액": "82,974",
    "매출액": "243,942",
    "자산총계": "163,334",
    "부채총계": "98,368",
    "영업이익": "4,201",
    "당기순이익": "654",
    "주당순이익": "-7,458",
    "보통주배당금": "200",
    "매출액증가율": "-4.20",
    "영업이익증가율": "-34.31",
    "외국인비율": "75.73",
    "PER": "-9.88",
    "ROE": "1.01",
    "ROA": "0.41",
    "PBR": "1.54",
    "유보율": "2,119.9",
    "code": "010950"
}