{
    "N": "850",
    "종목명": "에넥스",
    "현재가": "1,300",
    "상태": "하락",
    "전일비": "45",
    "등락률": "-3.35%",
    "액면가": "500",
    "거래량": "5,990,185",
    "거래대금": "7,917",
    "전일거래량": "50,670,018",
    "시가": "1,345",
    "고가": "1,375",
    "저가": "1,280",
    "매수호가": "1,295",
    "매도호가": "1,300",
    "매수총잔량": "347,500",
    "매도총잔량": "141,547",
    "상장주식수": "59,992",
    "시가총액": "780",
    "매출액": "3,636",
    "자산총계": "1,320",
    "부채총계": "779",
    "영업이익": "-28",
    "당기순이익": "-38",
    "주당순이익": "-114",
    "보통주배당금": "N/A",
    "매출액증가율": "-18.42",
    "영업이익증가율": "-410.13",
    "외국인비율": "0.79",
    "PER": "-11.40",
    "ROE": "-6.42",
    "ROA": "-2.62",
    "PBR": "1.40",
    "유보율": "100.4",
    "code": "011090"
}