{
    "N": "196",
    "종목명": "진원생명과학",
    "현재가": "22,300",
    "상태": "상승",
    "전일비": "250",
    "등락률": "+1.13%",
    "액면가": "1,000",
    "거래량": "3,372,990",
    "거래대금": "78,538",
    "전일거래량": "1,421,890",
    "시가": "23,800",
    "고가": "24,550",
    "저가": "22,200",
    "매수호가": "22,300",
    "매도호가": "22,350",
    "매수총잔량": "83,080",
    "매도총잔량": "30,827",
    "상장주식수": "44,771",
    "시가총액": "9,984",
    "매출액": "412",
    "자산총계": "512",
    "부채총계": "271",
    "영업이익": "-82",
    "당기순이익": "-76",
    "주당순이익": "-345",
    "보통주배당금": "0",
    "매출액증가율": "20.26",
    "영업이익증가율": "27.09",
    "외국인비율": "11.67",
    "PER": "-64.64",
    "ROE": "-28.50",
    "ROA": "-15.17",
    "PBR": "9.08",
    "유보율": "-77.7",
    "code": "011000"
}