{
    "N": "72",
    "종목명": "LG이노텍",
    "현재가": "182,500",
    "상태": "하락",
    "전일비": "6,000",
    "등락률": "-3.18%",
    "액면가": "5,000",
    "거래량": "421,191",
    "거래대금": "78,020",
    "전일거래량": "388,129",
    "시가": "191,500",
    "고가": "192,500",
    "저가": "182,000",
    "매수호가": "182,500",
    "매도호가": "183,000",
    "매수총잔량": "36,920",
    "매도총잔량": "16,692",
    "상장주식수": "23,667",
    "시가총액": "43,192",
    "매출액": "83,021",
    "자산총계": "57,708",
    "부채총계": "35,662",
    "영업이익": "4,031",
    "당기순이익": "1,023",
    "주당순이익": "5,516",
    "보통주배당금": "300",
    "매출액증가율": "4.01",
    "영업이익증가율": "52.98",
    "외국인비율": "33.02",
    "PER": "33.09",
    "ROE": "4.73",
    "ROA": "1.78",
    "PBR": "1.86",
    "유보율": "1,794.0",
    "code": "011070"
}