{
    "N": "564",
    "종목명": "CJ씨푸드",
    "현재가": "5,080",
    "상태": "하락",
    "전일비": "40",
    "등락률": "-0.78%",
    "액면가": "500",
    "거래량": "794,838",
    "거래대금": "4,054",
    "전일거래량": "829,120",
    "시가": "5,140",
    "고가": "5,170",
    "저가": "5,060",
    "매수호가": "5,080",
    "매도호가": "5,090",
    "매수총잔량": "134,951",
    "매도총잔량": "94,559",
    "상장주식수": "35,931",
    "시가총액": "1,825",
    "매출액": "1,492",
    "자산총계": "1,273",
    "부채총계": "630",
    "영업이익": "37",
    "당기순이익": "18",
    "주당순이익": "99",
    "보통주배당금": "N/A",
    "매출액증가율": "-1.02",
    "영업이익증가율": "-10.49",
    "외국인비율": "0.15",
    "PER": "51.31",
    "ROE": "2.90",
    "ROA": "1.44",
    "PBR": "2.76",
    "유보율": "256.1",
    "code": "011150"
}