{
    "N": "1417",
    "종목명": "CJ씨푸드1우",
    "현재가": "40,100",
    "상태": "하락",
    "전일비": "1,000",
    "등락률": "-2.43%",
    "액면가": "500",
    "거래량": "830",
    "거래대금": "33",
    "전일거래량": "611",
    "시가": "40,500",
    "고가": "40,500",
    "저가": "40,100",
    "매수호가": "40,050",
    "매도호가": "40,100",
    "매수총잔량": "319",
    "매도총잔량": "308",
    "상장주식수": "200",
    "시가총액": "80",
    "매출액": "N/A",
    "자산총계": "N/A",
    "부채총계": "N/A",
    "영업이익": "N/A",
    "당기순이익": "N/A",
    "주당순이익": "99",
    "보통주배당금": "N/A",
    "매출액증가율": "N/A",
    "영업이익증가율": "N/A",
    "외국인비율": "0.51",
    "PER": "405.05",
    "ROE": "N/A",
    "ROA": "N/A",
    "PBR": "21.83",
    "유보율": "N/A",
    "code": "011155"
}