{
    "N": "56",
    "종목명": "HMM",
    "현재가": "15,850",
    "상태": "하락",
    "전일비": "650",
    "등락률": "-3.94%",
    "액면가": "5,000",
    "거래량": "9,255,973",
    "거래대금": "150,154",
    "전일거래량": "21,309,175",
    "시가": "16,500",
    "고가": "16,800",
    "저가": "15,800",
    "매수호가": "15,850",
    "매도호가": "15,900",
    "매수총잔량": "568,847",
    "매도총잔량": "344,118",
    "상장주식수": "326,726",
    "시가총액": "51,786",
    "매출액": "55,131",
    "자산총계": "71,602",
    "부채총계": "60,699",
    "영업이익": "-2,997",
    "당기순이익": "-5,898",
    "주당순이익": "-310",
    "보통주배당금": "0",
    "매출액증가율": "5.57",
    "영업이익증가율": "46.35",
    "외국인비율": "7.46",
    "PER": "-51.13",
    "ROE": "-55.46",
    "ROA": "-10.46",
    "PBR": "3.06",
    "유보율": "-180.1",
    "code": "011200"
}