{
    "N": "137",
    "종목명": "현대위아",
    "현재가": "68,800",
    "상태": "하락",
    "전일비": "2,900",
    "등락률": "-4.04%",
    "액면가": "5,000",
    "거래량": "1,308,981",
    "거래대금": "91,033",
    "전일거래량": "3,992,933",
    "시가": "70,700",
    "고가": "71,400",
    "저가": "68,300",
    "매수호가": "68,800",
    "매도호가": "68,900",
    "매수총잔량": "69,139",
    "매도총잔량": "12,730",
    "상장주식수": "27,195",
    "시가총액": "18,710",
    "매출액": "73,146",
    "자산총계": "67,743",
    "부채총계": "36,825",
    "영업이익": "1,019",
    "당기순이익": "552",
    "주당순이익": "4,628",
    "보통주배당금": "700",
    "매출액증가율": "-7.18",
    "영업이익증가율": "1,926.12",
    "외국인비율": "11.71",
    "PER": "14.87",
    "ROE": "1.80",
    "ROA": "0.80",
    "PBR": "0.57",
    "유보율": "2,243.1",
    "code": "011210"
}