{
    "N": "986",
    "종목명": "삼화전자",
    "현재가": "3,980",
    "상태": "하락",
    "전일비": "70",
    "등락률": "-1.73%",
    "액면가": "1,000",
    "거래량": "99,561",
    "거래대금": "399",
    "전일거래량": "113,701",
    "시가": "4,060",
    "고가": "4,095",
    "저가": "3,965",
    "매수호가": "3,980",
    "매도호가": "3,985",
    "매수총잔량": "42,987",
    "매도총잔량": "6,230",
    "상장주식수": "10,458",
    "시가총액": "416",
    "매출액": "418",
    "자산총계": "604",
    "부채총계": "442",
    "영업이익": "-2",
    "당기순이익": "-32",
    "주당순이익": "-370",
    "보통주배당금": "N/A",
    "매출액증가율": "-0.70",
    "영업이익증가율": "93.07",
    "외국인비율": "10.14",
    "PER": "-10.76",
    "ROE": "-23.62",
    "ROA": "-5.17",
    "PBR": "3.99",
    "유보율": "-98.0",
    "code": "011230"
}