{
    "N": "365",
    "종목명": "태림포장",
    "현재가": "5,640",
    "상태": "상승",
    "전일비": "30",
    "등락률": "+0.53%",
    "액면가": "500",
    "거래량": "941,566",
    "거래대금": "5,270",
    "전일거래량": "1,070,686",
    "시가": "5,590",
    "고가": "5,680",
    "저가": "5,520",
    "매수호가": "5,640",
    "매도호가": "5,650",
    "매수총잔량": "78,824",
    "매도총잔량": "72,785",
    "상장주식수": "70,806",
    "시가총액": "3,993",
    "매출액": "5,729",
    "자산총계": "5,663",
    "부채총계": "2,454",
    "영업이익": "208",
    "당기순이익": "217",
    "주당순이익": "-36",
    "보통주배당금": "290",
    "매출액증가율": "-5.87",
    "영업이익증가율": "-41.72",
    "외국인비율": "2.08",
    "PER": "-156.67",
    "ROE": "5.88",
    "ROA": "3.70",
    "PBR": "1.27",
    "유보율": "785.1",
    "code": "011280"
}