{
    "N": "781",
    "종목명": "유니켐",
    "현재가": "1,390",
    "상태": "하락",
    "전일비": "15",
    "등락률": "-1.07%",
    "액면가": "500",
    "거래량": "292,383",
    "거래대금": "407",
    "전일거래량": "624,645",
    "시가": "1,405",
    "고가": "1,410",
    "저가": "1,390",
    "매수호가": "1,390",
    "매도호가": "1,395",
    "매수총잔량": "150,855",
    "매도총잔량": "127,408",
    "상장주식수": "68,710",
    "시가총액": "955",
    "매출액": "1,088",
    "자산총계": "1,697",
    "부채총계": "810",
    "영업이익": "179",
    "당기순이익": "162",
    "주당순이익": "161",
    "보통주배당금": "0",
    "매출액증가율": "30.06",
    "영업이익증가율": "36.05",
    "외국인비율": "1.75",
    "PER": "8.63",
    "ROE": "21.11",
    "ROA": "11.23",
    "PBR": "1.02",
    "유보율": "123.4",
    "code": "011330"
}