{
    "N": "688",
    "종목명": "부산산업",
    "현재가": "120,000",
    "상태": "상승",
    "전일비": "1,500",
    "등락률": "+1.27%",
    "액면가": "5,000",
    "거래량": "15,303",
    "거래대금": "1,817",
    "전일거래량": "39,047",
    "시가": "118,500",
    "고가": "121,000",
    "저가": "116,500",
    "매수호가": "119,500",
    "매도호가": "120,000",
    "매수총잔량": "2,988",
    "매도총잔량": "4,858",
    "상장주식수": "1,056",
    "시가총액": "1,267",
    "매출액": "1,410",
    "자산총계": "1,360",
    "부채총계": "583",
    "영업이익": "86",
    "당기순이익": "69",
    "주당순이익": "2,598",
    "보통주배당금": "250",
    "매출액증가율": "18.06",
    "영업이익증가율": "90.24",
    "외국인비율": "0.32",
    "PER": "46.19",
    "ROE": "7.20",
    "ROA": "5.15",
    "PBR": "2.19",
    "유보율": "953.2",
    "code": "011390"
}