{
    "N": "1140",
    "종목명": "성안",
    "현재가": "378",
    "상태": "상승",
    "전일비": "30",
    "등락률": "+8.62%",
    "액면가": "500",
    "거래량": "11,526,839",
    "거래대금": "4,551",
    "전일거래량": "150,087",
    "시가": "348",
    "고가": "435",
    "저가": "347",
    "매수호가": "378",
    "매도호가": "379",
    "매수총잔량": "50,320",
    "매도총잔량": "101,357",
    "상장주식수": "56,858",
    "시가총액": "215",
    "매출액": "2,169",
    "자산총계": "3,114",
    "부채총계": "2,321",
    "영업이익": "-130",
    "당기순이익": "-162",
    "주당순이익": "-378",
    "보통주배당금": "N/A",
    "매출액증가율": "-1.51",
    "영업이익증가율": "-22.01",
    "외국인비율": "1.14",
    "PER": "-1.00",
    "ROE": "-16.49",
    "ROA": "-5.25",
    "PBR": "0.40",
    "유보율": "62.1",
    "code": "011300"
}