{
    "N": "990",
    "종목명": "갤럭시아에스엠",
    "현재가": "1,485",
    "전일비": "0",
    "등락률": "0.00%",
    "액면가": "500",
    "거래량": "148,046",
    "거래대금": "218",
    "전일거래량": "165,181",
    "시가": "1,485",
    "고가": "1,490",
    "저가": "1,455",
    "매수호가": "1,480",
    "매도호가": "1,485",
    "매수총잔량": "46,679",
    "매도총잔량": "78,612",
    "상장주식수": "27,550",
    "시가총액": "409",
    "매출액": "287",
    "자산총계": "282",
    "부채총계": "64",
    "영업이익": "-5",
    "당기순이익": "-14",
    "주당순이익": "0",
    "보통주배당금": "N/A",
    "매출액증가율": "30.42",
    "영업이익증가율": "93.18",
    "외국인비율": "1.68",
    "PER": "N/A",
    "ROE": "-5.70",
    "ROA": "-4.47",
    "PBR": "1.90",
    "유보율": "74.8",
    "code": "011420"
}