{
    "N": "617",
    "종목명": "한농화성",
    "현재가": "9,970",
    "상태": "하락",
    "전일비": "480",
    "등락률": "-4.59%",
    "액면가": "500",
    "거래량": "614,644",
    "거래대금": "6,207",
    "전일거래량": "1,803,266",
    "시가": "10,400",
    "고가": "10,600",
    "저가": "9,800",
    "매수호가": "9,970",
    "매도호가": "9,980",
    "매수총잔량": "18,271",
    "매도총잔량": "22,749",
    "상장주식수": "15,637",
    "시가총액": "1,559",
    "매출액": "2,047",
    "자산총계": "1,634",
    "부채총계": "431",
    "영업이익": "120",
    "당기순이익": "100",
    "주당순이익": "788",
    "보통주배당금": "150",
    "매출액증가율": "-8.30",
    "영업이익증가율": "110.89",
    "외국인비율": "10.80",
    "PER": "12.65",
    "ROE": "8.58",
    "ROA": "6.12",
    "PBR": "1.20",
    "유보율": "1,446.9",
    "code": "011500"
}