{
    "N": "870",
    "종목명": "유양디앤유",
    "현재가": "1,220",
    "전일비": "0",
    "등락률": "0.00%",
    "액면가": "500",
    "거래량": "0",
    "거래대금": "0",
    "전일거래량": "0",
    "시가": "0",
    "고가": "0",
    "저가": "0",
    "매수호가": "0",
    "매도호가": "0",
    "매수총잔량": "0",
    "매도총잔량": "0",
    "상장주식수": "58,494",
    "시가총액": "714",
    "매출액": "1,083",
    "자산총계": "2,069",
    "부채총계": "914",
    "영업이익": "-51",
    "당기순이익": "-95",
    "주당순이익": "-874",
    "보통주배당금": "N/A",
    "매출액증가율": "18.89",
    "영업이익증가율": "72.30",
    "외국인비율": "5.85",
    "PER": "-1.40",
    "ROE": "-8.52",
    "ROA": "-4.74",
    "PBR": "1.73",
    "유보율": "183.9",
    "code": "011690"
}