{
    "N": "76",
    "종목명": "SKC",
    "현재가": "102,000",
    "상태": "하락",
    "전일비": "500",
    "등락률": "-0.49%",
    "액면가": "5,000",
    "거래량": "631,088",
    "거래대금": "65,137",
    "전일거래량": "535,864",
    "시가": "104,000",
    "고가": "107,000",
    "저가": "100,500",
    "매수호가": "101,500",
    "매도호가": "102,000",
    "매수총잔량": "65,209",
    "매도총잔량": "42,009",
    "상장주식수": "37,868",
    "시가총액": "38,626",
    "매출액": "25,398",
    "자산총계": "39,730",
    "부채총계": "22,466",
    "영업이익": "1,551",
    "당기순이익": "674",
    "주당순이익": "2,253",
    "보통주배당금": "1,000",
    "매출액증가율": "-8.24",
    "영업이익증가율": "-22.90",
    "외국인비율": "7.63",
    "PER": "45.27",
    "ROE": "3.86",
    "ROA": "1.73",
    "PBR": "1.96",
    "유보율": "794.4",
    "code": "011790"
}