{
    "N": "62",
    "종목명": "금호석유",
    "현재가": "161,500",
    "상태": "하락",
    "전일비": "1,000",
    "등락률": "-0.62%",
    "액면가": "5,000",
    "거래량": "628,061",
    "거래대금": "102,213",
    "전일거래량": "905,999",
    "시가": "165,000",
    "고가": "169,000",
    "저가": "157,500",
    "매수호가": "161,500",
    "매도호가": "162,000",
    "매수총잔량": "23,427",
    "매도총잔량": "11,577",
    "상장주식수": "30,468",
    "시가총액": "49,205",
    "매출액": "49,779",
    "자산총계": "45,380",
    "부채총계": "19,085",
    "영업이익": "3,678",
    "당기순이익": "2,947",
    "주당순이익": "11,687",
    "보통주배당금": "1,500",
    "매출액증가율": "-10.87",
    "영업이익증가율": "-33.69",
    "외국인비율": "28.65",
    "PER": "13.82",
    "ROE": "11.84",
    "ROA": "6.44",
    "PBR": "1.55",
    "유보율": "1,518.7",
    "code": "011780"
}