{
    "N": "508",
    "종목명": "현대상사",
    "현재가": "17,150",
    "상태": "하락",
    "전일비": "150",
    "등락률": "-0.87%",
    "액면가": "5,000",
    "거래량": "162,310",
    "거래대금": "2,789",
    "전일거래량": "483,211",
    "시가": "17,500",
    "고가": "17,500",
    "저가": "16,950",
    "매수호가": "17,100",
    "매도호가": "17,150",
    "매수총잔량": "16,000",
    "매도총잔량": "18,371",
    "상장주식수": "13,229",
    "시가총액": "2,269",
    "매출액": "42,634",
    "자산총계": "14,446",
    "부채총계": "11,028",
    "영업이익": "435",
    "당기순이익": "164",
    "주당순이익": "1,919",
    "보통주배당금": "600",
    "매출액증가율": "-9.56",
    "영업이익증가율": "-13.83",
    "외국인비율": "6.44",
    "PER": "8.94",
    "ROE": "5.07",
    "ROA": "1.29",
    "PBR": "0.59",
    "유보율": "655.4",
    "code": "011760"
}