{
    "N": "578",
    "종목명": "금호석유우",
    "현재가": "58,100",
    "상태": "하락",
    "전일비": "900",
    "등락률": "-1.53%",
    "액면가": "5,000",
    "거래량": "82,325",
    "거래대금": "4,825",
    "전일거래량": "167,628",
    "시가": "59,200",
    "고가": "60,700",
    "저가": "56,500",
    "매수호가": "58,100",
    "매도호가": "58,600",
    "매수총잔량": "2,247",
    "매도총잔량": "5,195",
    "상장주식수": "3,023",
    "시가총액": "1,757",
    "매출액": "N/A",
    "자산총계": "N/A",
    "부채총계": "N/A",
    "영업이익": "N/A",
    "당기순이익": "N/A",
    "주당순이익": "11,687",
    "보통주배당금": "N/A",
    "매출액증가율": "N/A",
    "영업이익증가율": "N/A",
    "외국인비율": "17.39",
    "PER": "4.97",
    "ROE": "N/A",
    "ROA": "N/A",
    "PBR": "0.56",
    "유보율": "N/A",
    "code": "011785"
}