{
    "N": "733",
    "종목명": "STX",
    "현재가": "5,770",
    "상태": "하락",
    "전일비": "40",
    "등락률": "-0.69%",
    "액면가": "2,500",
    "거래량": "24,019",
    "거래대금": "138",
    "전일거래량": "51,398",
    "시가": "5,910",
    "고가": "5,910",
    "저가": "5,720",
    "매수호가": "5,770",
    "매도호가": "5,790",
    "매수총잔량": "6,596",
    "매도총잔량": "11,568",
    "상장주식수": "19,727",
    "시가총액": "1,138",
    "매출액": "14,712",
    "자산총계": "5,601",
    "부채총계": "5,038",
    "영업이익": "17",
    "당기순이익": "-332",
    "주당순이익": "-865",
    "보통주배당금": "N/A",
    "매출액증가율": "-2.12",
    "영업이익증가율": "111.83",
    "외국인비율": "0.24",
    "PER": "-6.67",
    "ROE": "-54.53",
    "ROA": "-5.96",
    "PBR": "2.24",
    "유보율": "578.0",
    "code": "011810"
}