{
    "N": "248",
    "종목명": "신성이엔지",
    "현재가": "3,485",
    "상태": "하락",
    "전일비": "55",
    "등락률": "-1.55%",
    "액면가": "500",
    "거래량": "6,407,272",
    "거래대금": "22,433",
    "전일거래량": "14,165,677",
    "시가": "3,560",
    "고가": "3,585",
    "저가": "3,455",
    "매수호가": "3,485",
    "매도호가": "3,490",
    "매수총잔량": "584,668",
    "매도총잔량": "142,142",
    "상장주식수": "201,011",
    "시가총액": "7,005",
    "매출액": "4,511",
    "자산총계": "4,166",
    "부채총계": "2,944",
    "영업이익": "97",
    "당기순이익": "21",
    "주당순이익": "64",
    "보통주배당금": "0",
    "매출액증가율": "6.23",
    "영업이익증가율": "334.07",
    "외국인비율": "2.85",
    "PER": "54.45",
    "ROE": "1.77",
    "ROA": "0.50",
    "PBR": "3.78",
    "유보율": "110.3",
    "code": "011930"
}