{
    "N": "591",
    "종목명": "DB",
    "현재가": "835",
    "상태": "상승",
    "전일비": "6",
    "등락률": "+0.72%",
    "액면가": "500",
    "거래량": "3,474,072",
    "거래대금": "2,929",
    "전일거래량": "2,291,897",
    "시가": "830",
    "고가": "860",
    "저가": "828",
    "매수호가": "835",
    "매도호가": "836",
    "매수총잔량": "98,138",
    "매도총잔량": "51,866",
    "상장주식수": "201,174",
    "시가총액": "1,680",
    "매출액": "2,385",
    "자산총계": "3,632",
    "부채총계": "1,522",
    "영업이익": "185",
    "당기순이익": "44",
    "주당순이익": "45",
    "보통주배당금": "N/A",
    "매출액증가율": "0.59",
    "영업이익증가율": "1,040.94",
    "외국인비율": "2.30",
    "PER": "18.56",
    "ROE": "2.53",
    "ROA": "1.35",
    "PBR": "0.60",
    "유보율": "188.7",
    "code": "012030"
}