{
    "N": "926",
    "종목명": "키위미디어그룹",
    "현재가": "1,485",
    "전일비": "0",
    "등락률": "0.00%",
    "액면가": "500",
    "거래량": "0",
    "거래대금": "0",
    "전일거래량": "0",
    "시가": "0",
    "고가": "0",
    "저가": "0",
    "매수호가": "0",
    "매도호가": "0",
    "매수총잔량": "0",
    "매도총잔량": "0",
    "상장주식수": "37,011",
    "시가총액": "550",
    "매출액": "314",
    "자산총계": "568",
    "부채총계": "663",
    "영업이익": "-108",
    "당기순이익": "-645",
    "주당순이익": "-2,054",
    "보통주배당금": "0",
    "매출액증가율": "73.43",
    "영업이익증가율": "17.63",
    "외국인비율": "0.00",
    "PER": "-0.72",
    "ROE": "-272.63",
    "ROA": "-71.33",
    "PBR": "5.22",
    "유보율": "-87.3",
    "code": "012170"
}