{
    "N": "744",
    "종목명": "영흥",
    "현재가": "1,195",
    "상태": "하락",
    "전일비": "15",
    "등락률": "-1.24%",
    "액면가": "500",
    "거래량": "1,033,920",
    "거래대금": "1,247",
    "전일거래량": "1,967,771",
    "시가": "1,215",
    "고가": "1,225",
    "저가": "1,195",
    "매수호가": "1,195",
    "매도호가": "1,200",
    "매수총잔량": "145,110",
    "매도총잔량": "163,442",
    "상장주식수": "92,734",
    "시가총액": "1,108",
    "매출액": "1,975",
    "자산총계": "3,109",
    "부채총계": "1,445",
    "영업이익": "34",
    "당기순이익": "11",
    "주당순이익": "-90",
    "보통주배당금": "30",
    "매출액증가율": "0.51",
    "영업이익증가율": "298.93",
    "외국인비율": "1.04",
    "PER": "-13.28",
    "ROE": "0.64",
    "ROA": "0.35",
    "PBR": "0.42",
    "유보율": "522.7",
    "code": "012160"
}