{
    "N": "1328",
    "종목명": "계양전기우",
    "현재가": "7,330",
    "상태": "하락",
    "전일비": "120",
    "등락률": "-1.61%",
    "액면가": "500",
    "거래량": "14,166",
    "거래대금": "103",
    "전일거래량": "37,490",
    "시가": "7,450",
    "고가": "7,450",
    "저가": "7,290",
    "매수호가": "7,330",
    "매도호가": "7,340",
    "매수총잔량": "3,142",
    "매도총잔량": "3,206",
    "상장주식수": "1,400",
    "시가총액": "103",
    "매출액": "N/A",
    "자산총계": "N/A",
    "부채총계": "N/A",
    "영업이익": "N/A",
    "당기순이익": "N/A",
    "주당순이익": "246",
    "보통주배당금": "N/A",
    "매출액증가율": "N/A",
    "영업이익증가율": "N/A",
    "외국인비율": "4.18",
    "PER": "29.80",
    "ROE": "N/A",
    "ROA": "N/A",
    "PBR": "1.27",
    "유보율": "N/A",
    "code": "012205"
}