{
    "N": "614",
    "종목명": "계양전기",
    "현재가": "4,830",
    "상태": "하락",
    "전일비": "140",
    "등락률": "-2.82%",
    "액면가": "500",
    "거래량": "3,098,866",
    "거래대금": "15,136",
    "전일거래량": "24,198,226",
    "시가": "5,060",
    "고가": "5,070",
    "저가": "4,745",
    "매수호가": "4,830",
    "매도호가": "4,845",
    "매수총잔량": "62,291",
    "매도총잔량": "15,133",
    "상장주식수": "32,600",
    "시가총액": "1,575",
    "매출액": "3,750",
    "자산총계": "2,799",
    "부채총계": "954",
    "영업이익": "32",
    "당기순이익": "1",
    "주당순이익": "246",
    "보통주배당금": "35",
    "매출액증가율": "2.73",
    "영업이익증가율": "-63.11",
    "외국인비율": "1.62",
    "PER": "19.63",
    "ROE": "0.07",
    "ROA": "0.05",
    "PBR": "0.84",
    "유보율": "986.9",
    "code": "012200"
}