{
    "N": "686",
    "종목명": "영화금속",
    "현재가": "2,380",
    "상태": "상승",
    "전일비": "25",
    "등락률": "+1.06%",
    "액면가": "500",
    "거래량": "2,994,659",
    "거래대금": "7,141",
    "전일거래량": "4,738,788",
    "시가": "2,385",
    "고가": "2,430",
    "저가": "2,365",
    "매수호가": "2,375",
    "매도호가": "2,380",
    "매수총잔량": "460,600",
    "매도총잔량": "171,527",
    "상장주식수": "53,395",
    "시가총액": "1,271",
    "매출액": "2,326",
    "자산총계": "2,019",
    "부채총계": "1,312",
    "영업이익": "20",
    "당기순이익": "3",
    "주당순이익": "-155",
    "보통주배당금": "0",
    "매출액증가율": "2.59",
    "영업이익증가율": "88.62",
    "외국인비율": "0.94",
    "PER": "-15.35",
    "ROE": "0.38",
    "ROA": "0.13",
    "PBR": "1.55",
    "유보율": "216.6",
    "code": "012280"
}