{
    "N": "868",
    "종목명": "경동인베스트",
    "현재가": "30,400",
    "전일비": "0",
    "등락률": "0.00%",
    "액면가": "5,000",
    "거래량": "5,474",
    "거래대금": "166",
    "전일거래량": "5,260",
    "시가": "30,550",
    "고가": "30,750",
    "저가": "30,250",
    "매수호가": "30,400",
    "매도호가": "30,450",
    "매수총잔량": "2,557",
    "매도총잔량": "6,557",
    "상장주식수": "2,365",
    "시가총액": "719",
    "매출액": "2,718",
    "자산총계": "6,055",
    "부채총계": "1,909",
    "영업이익": "220",
    "당기순이익": "89",
    "주당순이익": "2,205",
    "보통주배당금": "500",
    "매출액증가율": "18.86",
    "영업이익증가율": "-43.61",
    "외국인비율": "11.02",
    "PER": "13.79",
    "ROE": "2.26",
    "ROA": "1.47",
    "PBR": "0.16",
    "유보율": "5,767.5",
    "code": "012320"
}