{
    "N": "11",
    "종목명": "현대모비스",
    "현재가": "283,500",
    "상태": "하락",
    "전일비": "7,500",
    "등락률": "-2.58%",
    "액면가": "5,000",
    "거래량": "687,310",
    "거래대금": "197,668",
    "전일거래량": "768,375",
    "시가": "288,500",
    "고가": "295,000",
    "저가": "282,000",
    "매수호가": "283,000",
    "매도호가": "283,500",
    "매수총잔량": "31,280",
    "매도총잔량": "10,672",
    "상장주식수": "95,055",
    "시가총액": "269,480",
    "매출액": "380,488",
    "자산총계": "466,061",
    "부채총계": "141,964",
    "영업이익": "23,593",
    "당기순이익": "22,943",
    "주당순이익": "16,398",
    "보통주배당금": "4,000",
    "매출액증가율": "8.25",
    "영업이익증가율": "16.51",
    "외국인비율": "43.03",
    "PER": "17.29",
    "ROE": "7.28",
    "ROA": "5.12",
    "PBR": "0.80",
    "유보율": "6,730.8",
    "code": "012330"
}