{
    "N": "155",
    "종목명": "한화에어로스페이스",
    "현재가": "30,350",
    "상태": "하락",
    "전일비": "350",
    "등락률": "-1.14%",
    "액면가": "5,000",
    "거래량": "777,583",
    "거래대금": "23,822",
    "전일거래량": "895,327",
    "시가": "31,150",
    "고가": "31,350",
    "저가": "30,150",
    "매수호가": "30,300",
    "매도호가": "30,350",
    "매수총잔량": "36,531",
    "매도총잔량": "11,763",
    "상장주식수": "50,630",
    "시가총액": "15,366",
    "매출액": "52,641",
    "자산총계": "87,084",
    "부채총계": "58,531",
    "영업이익": "1,652",
    "당기순이익": "1,624",
    "주당순이익": "1,426",
    "보통주배당금": "0",
    "매출액증가율": "18.21",
    "영업이익증가율": "210.71",
    "외국인비율": "18.67",
    "PER": "21.28",
    "ROE": "5.45",
    "ROA": "2.02",
    "PBR": "0.61",
    "유보율": "710.7",
    "code": "012450"
}