{
    "N": "89",
    "종목명": "더존비즈온",
    "현재가": "107,000",
    "상태": "상승",
    "전일비": "2,000",
    "등락률": "+1.90%",
    "액면가": "500",
    "거래량": "127,967",
    "거래대금": "13,608",
    "전일거래량": "122,886",
    "시가": "105,000",
    "고가": "108,000",
    "저가": "104,500",
    "매수호가": "106,500",
    "매도호가": "107,000",
    "매수총잔량": "15,745",
    "매도총잔량": "59,957",
    "상장주식수": "30,106",
    "시가총액": "32,213",
    "매출액": "2,627",
    "자산총계": "7,270",
    "부채총계": "3,640",
    "영업이익": "668",
    "당기순이익": "510",
    "주당순이익": "1,609",
    "보통주배당금": "470",
    "매출액증가율": "15.75",
    "영업이익증가율": "23.69",
    "외국인비율": "45.93",
    "PER": "66.50",
    "ROE": "18.78",
    "ROA": "10.15",
    "PBR": "8.74",
    "유보율": "2,392.1",
    "code": "012510"
}