{
    "N": "444",
    "종목명": "경인양행",
    "현재가": "7,110",
    "상태": "하락",
    "전일비": "40",
    "등락률": "-0.56%",
    "액면가": "500",
    "거래량": "490,266",
    "거래대금": "3,483",
    "전일거래량": "507,745",
    "시가": "7,150",
    "고가": "7,200",
    "저가": "7,020",
    "매수호가": "7,100",
    "매도호가": "7,110",
    "매수총잔량": "56,490",
    "매도총잔량": "40,985",
    "상장주식수": "41,276",
    "시가총액": "2,935",
    "매출액": "3,588",
    "자산총계": "4,721",
    "부채총계": "2,346",
    "영업이익": "236",
    "당기순이익": "164",
    "주당순이익": "25",
    "보통주배당금": "50",
    "매출액증가율": "8.37",
    "영업이익증가율": "19.62",
    "외국인비율": "3.52",
    "PER": "284.40",
    "ROE": "6.57",
    "ROA": "3.70",
    "PBR": "1.36",
    "유보율": "970.8",
    "code": "012610"
}