{
    "N": "261",
    "종목명": "HDC",
    "현재가": "11,150",
    "상태": "하락",
    "전일비": "200",
    "등락률": "-1.76%",
    "액면가": "5,000",
    "거래량": "838,986",
    "거래대금": "9,518",
    "전일거래량": "1,040,770",
    "시가": "11,550",
    "고가": "11,550",
    "저가": "11,100",
    "매수호가": "11,150",
    "매도호가": "11,200",
    "매수총잔량": "105,245",
    "매도총잔량": "165,252",
    "상장주식수": "59,742",
    "시가총액": "6,661",
    "매출액": "16,167",
    "자산총계": "42,090",
    "부채총계": "18,504",
    "영업이익": "1,281",
    "당기순이익": "2,751",
    "주당순이익": "1,768",
    "보통주배당금": "200",
    "매출액증가율": "4.45",
    "영업이익증가율": "34.26",
    "외국인비율": "21.51",
    "PER": "6.31",
    "ROE": "12.58",
    "ROA": "7.22",
    "PBR": "0.28",
    "유보율": "1,351.3",
    "code": "012630"
}