{
    "N": "738",
    "종목명": "센트럴인사이트",
    "현재가": "10,550",
    "상태": "하락",
    "전일비": "50",
    "등락률": "-0.47%",
    "액면가": "500",
    "거래량": "719,454",
    "거래대금": "7,771",
    "전일거래량": "930,209",
    "시가": "11,150",
    "고가": "11,450",
    "저가": "10,450",
    "매수호가": "10,550",
    "매도호가": "10,600",
    "매수총잔량": "71,772",
    "매도총잔량": "16,089",
    "상장주식수": "10,696",
    "시가총액": "1,128",
    "매출액": "674",
    "자산총계": "508",
    "부채총계": "439",
    "영업이익": "-80",
    "당기순이익": "-194",
    "주당순이익": "-1,407",
    "보통주배당금": "0",
    "매출액증가율": "87.13",
    "영업이익증가율": "-31.73",
    "외국인비율": "63.00",
    "PER": "-7.50",
    "ROE": "-124.59",
    "ROA": "-31.42",
    "PBR": "21.31",
    "유보율": "-69.8",
    "code": "012600"
}