{
    "N": "566",
    "종목명": "모나리자",
    "현재가": "4,975",
    "상태": "하락",
    "전일비": "5",
    "등락률": "-0.10%",
    "액면가": "500",
    "거래량": "221,483",
    "거래대금": "1,102",
    "전일거래량": "241,360",
    "시가": "4,985",
    "고가": "5,000",
    "저가": "4,965",
    "매수호가": "4,970",
    "매도호가": "4,975",
    "매수총잔량": "60,669",
    "매도총잔량": "72,220",
    "상장주식수": "36,571",
    "시가총액": "1,819",
    "매출액": "1,180",
    "자산총계": "771",
    "부채총계": "120",
    "영업이익": "28",
    "당기순이익": "24",
    "주당순이익": "206",
    "보통주배당금": "50",
    "매출액증가율": "4.36",
    "영업이익증가율": "211.12",
    "외국인비율": "0.92",
    "PER": "24.15",
    "ROE": "3.75",
    "ROA": "3.15",
    "PBR": "2.60",
    "유보율": "244.9",
    "code": "012690"
}