{
    "N": "87",
    "종목명": "에스원",
    "현재가": "87,100",
    "상태": "하락",
    "전일비": "1,400",
    "등락률": "-1.58%",
    "액면가": "500",
    "거래량": "108,217",
    "거래대금": "9,495",
    "전일거래량": "142,960",
    "시가": "86,900",
    "고가": "88,500",
    "저가": "86,600",
    "매수호가": "87,100",
    "매도호가": "87,200",
    "매수총잔량": "6,977",
    "매도총잔량": "569",
    "상장주식수": "37,999",
    "시가총액": "33,097",
    "매출액": "21,515",
    "자산총계": "17,950",
    "부채총계": "4,674",
    "영업이익": "1,968",
    "당기순이익": "1,466",
    "주당순이익": "3,800",
    "보통주배당금": "2,500",
    "매출액증가율": "6.60",
    "영업이익증가율": "-1.16",
    "외국인비율": "55.68",
    "PER": "22.92",
    "ROE": "11.32",
    "ROA": "8.43",
    "PBR": "2.17",
    "유보율": "7,687.1",
    "code": "012750"
}