{
    "N": "631",
    "종목명": "대창",
    "현재가": "1,635",
    "상태": "상승",
    "전일비": "5",
    "등락률": "+0.31%",
    "액면가": "500",
    "거래량": "12,962,655",
    "거래대금": "21,618",
    "전일거래량": "21,882,396",
    "시가": "1,660",
    "고가": "1,725",
    "저가": "1,620",
    "매수호가": "1,635",
    "매도호가": "1,640",
    "매수총잔량": "577,792",
    "매도총잔량": "352,118",
    "상장주식수": "91,140",
    "시가총액": "1,490",
    "매출액": "8,990",
    "자산총계": "5,761",
    "부채총계": "3,611",
    "영업이익": "170",
    "당기순이익": "47",
    "주당순이익": "52",
    "보통주배당금": "10",
    "매출액증가율": "-5.50",
    "영업이익증가율": "-1.95",
    "외국인비율": "1.58",
    "PER": "31.44",
    "ROE": "2.75",
    "ROA": "0.82",
    "PBR": "0.67",
    "유보율": "235.9",
    "code": "012800"
}