{
    "N": "816",
    "종목명": "세우글로벌",
    "현재가": "3,035",
    "상태": "상승",
    "전일비": "60",
    "등락률": "+2.02%",
    "액면가": "500",
    "거래량": "2,367,892",
    "거래대금": "7,235",
    "전일거래량": "661,351",
    "시가": "2,985",
    "고가": "3,145",
    "저가": "2,945",
    "매수호가": "3,035",
    "매도호가": "3,040",
    "매수총잔량": "96,890",
    "매도총잔량": "38,259",
    "상장주식수": "28,705",
    "시가총액": "871",
    "매출액": "275",
    "자산총계": "455",
    "부채총계": "57",
    "영업이익": "11",
    "당기순이익": "1",
    "주당순이익": "119",
    "보통주배당금": "N/A",
    "매출액증가율": "-14.80",
    "영업이익증가율": "141.55",
    "외국인비율": "2.37",
    "PER": "25.50",
    "ROE": "0.23",
    "ROA": "0.19",
    "PBR": "1.99",
    "유보율": "179.6",
    "code": "013000"
}