{
    "N": "855",
    "종목명": "일성건설",
    "현재가": "1,405",
    "상태": "상승",
    "전일비": "225",
    "등락률": "+19.07%",
    "액면가": "500",
    "거래량": "36,798,026",
    "거래대금": "52,913",
    "전일거래량": "1,306,675",
    "시가": "1,260",
    "고가": "1,530",
    "저가": "1,230",
    "매수호가": "1,405",
    "매도호가": "1,410",
    "매수총잔량": "206,114",
    "매도총잔량": "106,205",
    "상장주식수": "54,025",
    "시가총액": "759",
    "매출액": "3,758",
    "자산총계": "3,509",
    "부채총계": "2,598",
    "영업이익": "74",
    "당기순이익": "19",
    "주당순이익": "38",
    "보통주배당금": "15",
    "매출액증가율": "3.24",
    "영업이익증가율": "-25.02",
    "외국인비율": "63.57",
    "PER": "36.97",
    "ROE": "2.05",
    "ROA": "0.56",
    "PBR": "0.82",
    "유보율": "215.4",
    "code": "013360"
}