{
    "N": "707",
    "종목명": "디와이",
    "현재가": "4,560",
    "상태": "상승",
    "전일비": "10",
    "등락률": "+0.22%",
    "액면가": "500",
    "거래량": "153,402",
    "거래대금": "701",
    "전일거래량": "101,075",
    "시가": "4,560",
    "고가": "4,625",
    "저가": "4,535",
    "매수호가": "4,560",
    "매도호가": "4,565",
    "매수총잔량": "15,834",
    "매도총잔량": "14,774",
    "상장주식수": "26,320",
    "시가총액": "1,200",
    "매출액": "8,543",
    "자산총계": "7,545",
    "부채총계": "2,802",
    "영업이익": "441",
    "당기순이익": "321",
    "주당순이익": "292",
    "보통주배당금": "150",
    "매출액증가율": "-4.12",
    "영업이익증가율": "-4.83",
    "외국인비율": "9.96",
    "PER": "15.62",
    "ROE": "4.73",
    "ROA": "4.28",
    "PBR": "0.31",
    "유보율": "2,708.3",
    "code": "013570"
}