{
    "N": "464",
    "종목명": "계룡건설",
    "현재가": "29,500",
    "상태": "하락",
    "전일비": "900",
    "등락률": "-2.96%",
    "액면가": "5,000",
    "거래량": "317,367",
    "거래대금": "9,554",
    "전일거래량": "644,256",
    "시가": "30,700",
    "고가": "30,800",
    "저가": "29,350",
    "매수호가": "29,450",
    "매도호가": "29,500",
    "매수총잔량": "26,272",
    "매도총잔량": "4,652",
    "상장주식수": "8,931",
    "시가총액": "2,635",
    "매출액": "22,757",
    "자산총계": "20,067",
    "부채총계": "15,041",
    "영업이익": "1,359",
    "당기순이익": "746",
    "주당순이익": "10,073",
    "보통주배당금": "600",
    "매출액증가율": "-0.74",
    "영업이익증가율": "-11.58",
    "외국인비율": "20.11",
    "PER": "2.93",
    "ROE": "16.94",
    "ROA": "4.00",
    "PBR": "0.50",
    "유보율": "916.8",
    "code": "013580"
}