{
    "N": "601",
    "종목명": "화승알앤에이",
    "현재가": "2,375",
    "상태": "하락",
    "전일비": "90",
    "등락률": "-3.65%",
    "액면가": "500",
    "거래량": "679,358",
    "거래대금": "1,641",
    "전일거래량": "2,073,188",
    "시가": "2,450",
    "고가": "2,480",
    "저가": "2,355",
    "매수호가": "2,375",
    "매도호가": "2,380",
    "매수총잔량": "42,783",
    "매도총잔량": "3,894",
    "상장주식수": "69,045",
    "시가총액": "1,640",
    "매출액": "15,520",
    "자산총계": "12,116",
    "부채총계": "9,493",
    "영업이익": "650",
    "당기순이익": "235",
    "주당순이익": "-203",
    "보통주배당금": "25",
    "매출액증가율": "1.56",
    "영업이익증가율": "20.44",
    "외국인비율": "2.37",
    "PER": "-11.70",
    "ROE": "9.62",
    "ROA": "1.94",
    "PBR": "0.59",
    "유보율": "714.1",
    "code": "013520"
}