{
    "N": "646",
    "종목명": "까뮤이앤씨",
    "현재가": "3,200",
    "상태": "상승",
    "전일비": "130",
    "등락률": "+4.23%",
    "액면가": "500",
    "거래량": "10,235,552",
    "거래대금": "33,016",
    "전일거래량": "2,520,915",
    "시가": "3,165",
    "고가": "3,465",
    "저가": "3,080",
    "매수호가": "3,195",
    "매도호가": "3,200",
    "매수총잔량": "56,130",
    "매도총잔량": "78,381",
    "상장주식수": "45,152",
    "시가총액": "1,445",
    "매출액": "2,834",
    "자산총계": "1,689",
    "부채총계": "979",
    "영업이익": "148",
    "당기순이익": "135",
    "주당순이익": "264",
    "보통주배당금": "30",
    "매출액증가율": "143.71",
    "영업이익증가율": "266.52",
    "외국인비율": "1.60",
    "PER": "12.12",
    "ROE": "20.68",
    "ROA": "8.68",
    "PBR": "1.78",
    "유보율": "166.9",
    "code": "013700"
}