{
    "N": "163",
    "종목명": "지누스",
    "현재가": "98,600",
    "상태": "하락",
    "전일비": "700",
    "등락률": "-0.70%",
    "액면가": "500",
    "거래량": "62,080",
    "거래대금": "6,155",
    "전일거래량": "66,775",
    "시가": "99,000",
    "고가": "99,900",
    "저가": "98,100",
    "매수호가": "98,600",
    "매도호가": "98,800",
    "매수총잔량": "7,451",
    "매도총잔량": "3,295",
    "상장주식수": "14,407",
    "시가총액": "14,205",
    "매출액": "8,171",
    "자산총계": "7,551",
    "부채총계": "3,809",
    "영업이익": "1,039",
    "당기순이익": "724",
    "주당순이익": "4,955",
    "보통주배당금": "1,250",
    "매출액증가율": "31.42",
    "영업이익증가율": "95.66",
    "외국인비율": "22.00",
    "PER": "19.90",
    "ROE": "26.32",
    "ROA": "11.41",
    "PBR": "3.05",
    "유보율": "5,223.5",
    "code": "013890"
}