{
    "N": "628",
    "종목명": "지엠비코리아",
    "현재가": "7,950",
    "상태": "하락",
    "전일비": "210",
    "등락률": "-2.57%",
    "액면가": "500",
    "거래량": "296,460",
    "거래대금": "2,377",
    "전일거래량": "752,167",
    "시가": "8,230",
    "고가": "8,230",
    "저가": "7,950",
    "매수호가": "7,950",
    "매도호가": "7,960",
    "매수총잔량": "21,658",
    "매도총잔량": "8,318",
    "상장주식수": "19,072",
    "시가총액": "1,516",
    "매출액": "4,775",
    "자산총계": "4,869",
    "부채총계": "2,532",
    "영업이익": "85",
    "당기순이익": "18",
    "주당순이익": "-427",
    "보통주배당금": "30",
    "매출액증가율": "4.45",
    "영업이익증가율": "106.40",
    "외국인비율": "56.36",
    "PER": "-18.62",
    "ROE": "1.22",
    "ROA": "0.37",
    "PBR": "0.70",
    "유보율": "2,291.3",
    "code": "013870"
}