{
    "N": "825",
    "종목명": "한익스프레스",
    "현재가": "7,100",
    "전일비": "0",
    "등락률": "0.00%",
    "액면가": "500",
    "거래량": "283,473",
    "거래대금": "2,022",
    "전일거래량": "798,198",
    "시가": "7,110",
    "고가": "7,280",
    "저가": "7,060",
    "매수호가": "7,100",
    "매도호가": "7,110",
    "매수총잔량": "27,591",
    "매도총잔량": "12,047",
    "상장주식수": "12,000",
    "시가총액": "852",
    "매출액": "5,774",
    "자산총계": "2,665",
    "부채총계": "1,944",
    "영업이익": "119",
    "당기순이익": "58",
    "주당순이익": "481",
    "보통주배당금": "70",
    "매출액증가율": "2.02",
    "영업이익증가율": "25.70",
    "외국인비율": "2.96",
    "PER": "14.76",
    "ROE": "8.30",
    "ROA": "2.48",
    "PBR": "1.12",
    "유보율": "1,094.0",
    "code": "014130"
}