{
    "N": "574",
    "종목명": "대영포장",
    "현재가": "1,625",
    "상태": "상승",
    "전일비": "20",
    "등락률": "+1.25%",
    "액면가": "500",
    "거래량": "3,325,798",
    "거래대금": "5,335",
    "전일거래량": "3,165,710",
    "시가": "1,615",
    "고가": "1,635",
    "저가": "1,560",
    "매수호가": "1,620",
    "매도호가": "1,625",
    "매수총잔량": "205,216",
    "매도총잔량": "326,647",
    "상장주식수": "108,395",
    "시가총액": "1,761",
    "매출액": "2,701",
    "자산총계": "2,122",
    "부채총계": "617",
    "영업이익": "134",
    "당기순이익": "108",
    "주당순이익": "43",
    "보통주배당금": "N/A",
    "매출액증가율": "-9.99",
    "영업이익증가율": "41.02",
    "외국인비율": "2.47",
    "PER": "37.79",
    "ROE": "7.42",
    "ROA": "5.01",
    "PBR": "1.09",
    "유보율": "188.0",
    "code": "014160"
}