{
    "N": "636",
    "종목명": "금강공업",
    "현재가": "5,620",
    "상태": "하락",
    "전일비": "30",
    "등락률": "-0.53%",
    "액면가": "1,000",
    "거래량": "332,887",
    "거래대금": "1,865",
    "전일거래량": "303,086",
    "시가": "5,650",
    "고가": "5,750",
    "저가": "5,490",
    "매수호가": "5,620",
    "매도호가": "5,650",
    "매수총잔량": "20,865",
    "매도총잔량": "7,731",
    "상장주식수": "26,237",
    "시가총액": "1,474",
    "매출액": "5,497",
    "자산총계": "8,340",
    "부채총계": "4,881",
    "영업이익": "26",
    "당기순이익": "-50",
    "주당순이익": "7",
    "보통주배당금": "80",
    "매출액증가율": "-3.20",
    "영업이익증가율": "-89.65",
    "외국인비율": "1.69",
    "PER": "802.86",
    "ROE": "-3.23",
    "ROA": "-0.59",
    "PBR": "0.48",
    "유보율": "1,041.4",
    "code": "014280"
}