{
    "N": "1465",
    "종목명": "금강공업우",
    "현재가": "11,550",
    "상태": "상승",
    "전일비": "200",
    "등락률": "+1.76%",
    "액면가": "1,000",
    "거래량": "10,545",
    "거래대금": "120",
    "전일거래량": "6,668",
    "시가": "11,250",
    "고가": "11,550",
    "저가": "11,250",
    "매수호가": "11,450",
    "매도호가": "11,550",
    "매수총잔량": "5,526",
    "매도총잔량": "256",
    "상장주식수": "590",
    "시가총액": "68",
    "매출액": "N/A",
    "자산총계": "N/A",
    "부채총계": "N/A",
    "영업이익": "N/A",
    "당기순이익": "N/A",
    "주당순이익": "7",
    "보통주배당금": "N/A",
    "매출액증가율": "N/A",
    "영업이익증가율": "N/A",
    "외국인비율": "1.68",
    "PER": "1,650.00",
    "ROE": "N/A",
    "ROA": "N/A",
    "PBR": "0.98",
    "유보율": "N/A",
    "code": "014285"
}