{
    "N": "709",
    "종목명": "극동유화",
    "현재가": "3,440",
    "상태": "상승",
    "전일비": "25",
    "등락률": "+0.73%",
    "액면가": "500",
    "거래량": "231,395",
    "거래대금": "802",
    "전일거래량": "220,280",
    "시가": "3,470",
    "고가": "3,545",
    "저가": "3,430",
    "매수호가": "3,440",
    "매도호가": "3,455",
    "매수총잔량": "42,458",
    "매도총잔량": "14,160",
    "상장주식수": "34,869",
    "시가총액": "1,200",
    "매출액": "7,956",
    "자산총계": "2,899",
    "부채총계": "1,206",
    "영업이익": "167",
    "당기순이익": "142",
    "주당순이익": "347",
    "보통주배당금": "160",
    "매출액증가율": "-4.25",
    "영업이익증가율": "-10.25",
    "외국인비율": "2.12",
    "PER": "9.91",
    "ROE": "8.75",
    "ROA": "4.98",
    "PBR": "0.67",
    "유보율": "898.7",
    "code": "014530"
}