{
    "N": "723",
    "종목명": "태경비케이",
    "현재가": "4,175",
    "상태": "상승",
    "전일비": "170",
    "등락률": "+4.24%",
    "액면가": "500",
    "거래량": "1,464,519",
    "거래대금": "6,008",
    "전일거래량": "656,275",
    "시가": "4,020",
    "고가": "4,195",
    "저가": "3,980",
    "매수호가": "4,175",
    "매도호가": "4,180",
    "매수총잔량": "69,595",
    "매도총잔량": "78,211",
    "상장주식수": "27,583",
    "시가총액": "1,152",
    "매출액": "1,864",
    "자산총계": "3,014",
    "부채총계": "985",
    "영업이익": "39",
    "당기순이익": "98",
    "주당순이익": "154",
    "보통주배당금": "100",
    "매출액증가율": "-12.31",
    "영업이익증가율": "-56.01",
    "외국인비율": "2.92",
    "PER": "27.11",
    "ROE": "3.08",
    "ROA": "3.30",
    "PBR": "0.87",
    "유보율": "708.6",
    "code": "014580"
}