{
    "N": "126",
    "종목명": "한솔케미칼",
    "현재가": "189,000",
    "상태": "하락",
    "전일비": "9,000",
    "등락률": "-4.55%",
    "액면가": "5,000",
    "거래량": "125,862",
    "거래대금": "24,105",
    "전일거래량": "97,252",
    "시가": "198,000",
    "고가": "198,500",
    "저가": "189,000",
    "매수호가": "189,000",
    "매도호가": "189,500",
    "매수총잔량": "10,552",
    "매도총잔량": "3,341",
    "상장주식수": "11,295",
    "시가총액": "21,348",
    "매출액": "5,876",
    "자산총계": "9,392",
    "부채총계": "4,186",
    "영업이익": "1,114",
    "당기순이익": "910",
    "주당순이익": "10,393",
    "보통주배당금": "1,500",
    "매출액증가율": "0.97",
    "영업이익증가율": "19.05",
    "외국인비율": "38.46",
    "PER": "18.19",
    "ROE": "20.88",
    "ROA": "10.52",
    "PBR": "3.87",
    "유보율": "712.5",
    "code": "014680"
}