{
    "N": "542",
    "종목명": "한라",
    "현재가": "5,050",
    "상태": "상승",
    "전일비": "20",
    "등락률": "+0.40%",
    "액면가": "5,000",
    "거래량": "406,000",
    "거래대금": "2,063",
    "전일거래량": "426,764",
    "시가": "5,200",
    "고가": "5,220",
    "저가": "5,000",
    "매수호가": "5,040",
    "매도호가": "5,050",
    "매수총잔량": "37,990",
    "매도총잔량": "21,269",
    "상장주식수": "38,875",
    "시가총액": "1,963",
    "매출액": "13,049",
    "자산총계": "15,882",
    "부채총계": "13,271",
    "영업이익": "677",
    "당기순이익": "27",
    "주당순이익": "1,523",
    "보통주배당금": "N/A",
    "매출액증가율": "0.40",
    "영업이익증가율": "13.06",
    "외국인비율": "2.76",
    "PER": "3.32",
    "ROE": "0.97",
    "ROA": "0.16",
    "PBR": "0.75",
    "유보율": "7.8",
    "code": "014790"
}