{
    "N": "749",
    "종목명": "사조씨푸드",
    "현재가": "6,280",
    "상태": "상승",
    "전일비": "160",
    "등락률": "+2.61%",
    "액면가": "1,000",
    "거래량": "364,785",
    "거래대금": "2,275",
    "전일거래량": "296,333",
    "시가": "6,170",
    "고가": "6,350",
    "저가": "6,150",
    "매수호가": "6,280",
    "매도호가": "6,290",
    "매수총잔량": "17,907",
    "매도총잔량": "16,660",
    "상장주식수": "17,219",
    "시가총액": "1,081",
    "매출액": "3,489",
    "자산총계": "3,481",
    "부채총계": "1,438",
    "영업이익": "97",
    "당기순이익": "-56",
    "주당순이익": "-269",
    "보통주배당금": "N/A",
    "매출액증가율": "-12.15",
    "영업이익증가율": "-43.38",
    "외국인비율": "1.97",
    "PER": "-23.35",
    "ROE": "-2.66",
    "ROA": "-1.55",
    "PBR": "0.52",
    "유보율": "1,112.0",
    "code": "014710"
}