{
    "N": "340",
    "종목명": "유니드",
    "현재가": "48,950",
    "상태": "하락",
    "전일비": "700",
    "등락률": "-1.41%",
    "액면가": "5,000",
    "거래량": "61,930",
    "거래대금": "3,025",
    "전일거래량": "56,327",
    "시가": "49,700",
    "고가": "50,000",
    "저가": "48,400",
    "매수호가": "48,950",
    "매도호가": "49,150",
    "매수총잔량": "789",
    "매도총잔량": "3,680",
    "상장주식수": "8,890",
    "시가총액": "4,352",
    "매출액": "8,752",
    "자산총계": "10,763",
    "부채총계": "3,675",
    "영업이익": "848",
    "당기순이익": "675",
    "주당순이익": "7,901",
    "보통주배당금": "1,200",
    "매출액증가율": "7.51",
    "영업이익증가율": "5.88",
    "외국인비율": "11.62",
    "PER": "6.20",
    "ROE": "9.87",
    "ROA": "6.17",
    "PBR": "0.55",
    "유보율": "1,604.0",
    "code": "014830"
}