{
    "N": "203",
    "종목명": "동원시스템즈",
    "현재가": "36,450",
    "상태": "하락",
    "전일비": "300",
    "등락률": "-0.82%",
    "액면가": "5,000",
    "거래량": "74,695",
    "거래대금": "2,729",
    "전일거래량": "101,259",
    "시가": "36,750",
    "고가": "37,350",
    "저가": "35,700",
    "매수호가": "36,450",
    "매도호가": "36,600",
    "매수총잔량": "4,269",
    "매도총잔량": "1,048",
    "상장주식수": "25,619",
    "시가총액": "9,338",
    "매출액": "10,424",
    "자산총계": "11,546",
    "부채총계": "5,808",
    "영업이익": "752",
    "당기순이익": "468",
    "주당순이익": "1,760",
    "보통주배당금": "500",
    "매출액증가율": "1.56",
    "영업이익증가율": "-4.58",
    "외국인비율": "1.50",
    "PER": "20.71",
    "ROE": "8.69",
    "ROA": "4.11",
    "PBR": "1.93",
    "유보율": "234.6",
    "code": "014820"
}