{
    "N": "1021",
    "종목명": "성문전자",
    "현재가": "1,860",
    "상태": "하락",
    "전일비": "15",
    "등락률": "-0.80%",
    "액면가": "500",
    "거래량": "144,246",
    "거래대금": "269",
    "전일거래량": "120,289",
    "시가": "1,880",
    "고가": "1,890",
    "저가": "1,845",
    "매수호가": "1,860",
    "매도호가": "1,865",
    "매수총잔량": "39,257",
    "매도총잔량": "29,686",
    "상장주식수": "19,487",
    "시가총액": "362",
    "매출액": "359",
    "자산총계": "425",
    "부채총계": "151",
    "영업이익": "-16",
    "당기순이익": "-18",
    "주당순이익": "-43",
    "보통주배당금": "0",
    "매출액증가율": "-13.08",
    "영업이익증가율": "-285.49",
    "외국인비율": "3.16",
    "PER": "-43.26",
    "ROE": "-6.57",
    "ROA": "-4.31",
    "PBR": "1.29",
    "유보율": "195.1",
    "code": "014910"
}