{
    "N": "1532",
    "종목명": "성문전자우",
    "현재가": "8,250",
    "상태": "하락",
    "전일비": "150",
    "등락률": "-1.79%",
    "액면가": "500",
    "거래량": "7,576",
    "거래대금": "63",
    "전일거래량": "8,687",
    "시가": "8,570",
    "고가": "8,570",
    "저가": "8,250",
    "매수호가": "8,250",
    "매도호가": "8,280",
    "매수총잔량": "581",
    "매도총잔량": "6,936",
    "상장주식수": "600",
    "시가총액": "50",
    "매출액": "N/A",
    "자산총계": "N/A",
    "부채총계": "N/A",
    "영업이익": "N/A",
    "당기순이익": "N/A",
    "주당순이익": "-43",
    "보통주배당금": "N/A",
    "매출액증가율": "N/A",
    "영업이익증가율": "N/A",
    "외국인비율": "2.19",
    "PER": "-191.86",
    "ROE": "N/A",
    "ROA": "N/A",
    "PBR": "5.71",
    "유보율": "N/A",
    "code": "014915"
}