{
    "N": "796",
    "종목명": "인디에프",
    "현재가": "1,560",
    "상태": "상승",
    "전일비": "40",
    "등락률": "+2.63%",
    "액면가": "500",
    "거래량": "554,446",
    "거래대금": "847",
    "전일거래량": "202,531",
    "시가": "1,540",
    "고가": "1,560",
    "저가": "1,490",
    "매수호가": "1,555",
    "매도호가": "1,560",
    "매수총잔량": "39,953",
    "매도총잔량": "81,094",
    "상장주식수": "58,933",
    "시가총액": "919",
    "매출액": "2,025",
    "자산총계": "1,494",
    "부채총계": "867",
    "영업이익": "-16",
    "당기순이익": "-32",
    "주당순이익": "-181",
    "보통주배당금": "N/A",
    "매출액증가율": "2.49",
    "영업이익증가율": "-178.35",
    "외국인비율": "0.53",
    "PER": "-8.62",
    "ROE": "-5.02",
    "ROA": "-2.25",
    "PBR": "1.88",
    "유보율": "117.5",
    "code": "014990"
}