{
    "N": "1072",
    "종목명": "이스타코",
    "현재가": "685",
    "전일비": "0",
    "등락률": "0.00%",
    "액면가": "500",
    "거래량": "329,173",
    "거래대금": "223",
    "전일거래량": "346,863",
    "시가": "685",
    "고가": "690",
    "저가": "671",
    "매수호가": "685",
    "매도호가": "686",
    "매수총잔량": "67,117",
    "매도총잔량": "19,481",
    "상장주식수": "42,852",
    "시가총액": "294",
    "매출액": "238",
    "자산총계": "789",
    "부채총계": "300",
    "영업이익": "39",
    "당기순이익": "110",
    "주당순이익": "65",
    "보통주배당금": "N/A",
    "매출액증가율": "361.14",
    "영업이익증가율": "1,139.09",
    "외국인비율": "0.70",
    "PER": "10.54",
    "ROE": "25.52",
    "ROA": "13.76",
    "PBR": "0.54",
    "유보율": "135.8",
    "code": "015020"
}