{
    "N": "26",
    "종목명": "삼천당제약",
    "현재가": "78,700",
    "상태": "하락",
    "전일비": "3,100",
    "등락률": "-3.79%",
    "액면가": "500",
    "거래량": "870,157",
    "거래대금": "68,782",
    "전일거래량": "883,070",
    "시가": "80,400",
    "고가": "81,300",
    "저가": "76,800",
    "매수호가": "78,700",
    "매도호가": "78,800",
    "매수총잔량": "28,019",
    "매도총잔량": "4,880",
    "상장주식수": "22,768",
    "시가총액": "17,918",
    "매출액": "1,866",
    "자산총계": "2,902",
    "부채총계": "670",
    "영업이익": "252",
    "당기순이익": "196",
    "주당순이익": "-391",
    "보통주배당금": "50",
    "매출액증가율": "16.66",
    "영업이익증가율": "62.65",
    "외국인비율": "9.60",
    "PER": "-201.28",
    "ROE": "6.82",
    "ROA": "7.11",
    "PBR": "9.58",
    "유보율": "1,344.5",
    "code": "000250"
}