{
    "N": "1166",
    "종목명": "중앙에너비스",
    "현재가": "9,100",
    "상태": "상승",
    "전일비": "50",
    "등락률": "+0.55%",
    "액면가": "500",
    "거래량": "13,881",
    "거래대금": "126",
    "전일거래량": "23,833",
    "시가": "9,060",
    "고가": "9,150",
    "저가": "9,040",
    "매수호가": "9,060",
    "매도호가": "9,100",
    "매수총잔량": "2,199",
    "매도총잔량": "2,092",
    "상장주식수": "6,227",
    "시가총액": "567",
    "매출액": "657",
    "자산총계": "616",
    "부채총계": "165",
    "영업이익": "6",
    "당기순이익": "6",
    "주당순이익": "17",
    "보통주배당금": "160",
    "매출액증가율": "N/A",
    "영업이익증가율": "N/A",
    "외국인비율": "0.74",
    "PER": "535.29",
    "ROE": "N/A",
    "ROA": "N/A",
    "PBR": "0.95",
    "유보율": "1,583.2",
    "code": "000440"
}