{
    "N": "1221",
    "종목명": "신라섬유",
    "현재가": "2,080",
    "상태": "하락",
    "전일비": "10",
    "등락률": "-0.48%",
    "액면가": "100",
    "거래량": "140,841",
    "거래대금": "296",
    "전일거래량": "95,736",
    "시가": "2,090",
    "고가": "2,125",
    "저가": "2,075",
    "매수호가": "2,080",
    "매도호가": "2,090",
    "매수총잔량": "51,684",
    "매도총잔량": "35,748",
    "상장주식수": "24,278",
    "시가총액": "505",
    "매출액": "42",
    "자산총계": "322",
    "부채총계": "177",
    "영업이익": "7",
    "당기순이익": "2",
    "주당순이익": "11",
    "보통주배당금": "N/A",
    "매출액증가율": "-11.10",
    "영업이익증가율": "-3.39",
    "외국인비율": "4.25",
    "PER": "189.09",
    "ROE": "1.59",
    "ROA": "0.71",
    "PBR": "3.47",
    "유보율": "495.4",
    "code": "001000"
}