{
    "N": "548",
    "종목명": "안국약품",
    "현재가": "12,850",
    "상태": "상승",
    "전일비": "50",
    "등락률": "+0.39%",
    "액면가": "500",
    "거래량": "62,296",
    "거래대금": "798",
    "전일거래량": "89,733",
    "시가": "12,750",
    "고가": "13,000",
    "저가": "12,700",
    "매수호가": "12,800",
    "매도호가": "12,850",
    "매수총잔량": "34,012",
    "매도총잔량": "15,134",
    "상장주식수": "13,042",
    "시가총액": "1,676",
    "매출액": "1,559",
    "자산총계": "2,180",
    "부채총계": "696",
    "영업이익": "24",
    "당기순이익": "21",
    "주당순이익": "-77",
    "보통주배당금": "220",
    "매출액증가율": "-16.09",
    "영업이익증가율": "-84.27",
    "외국인비율": "4.85",
    "PER": "-166.88",
    "ROE": "1.72",
    "ROA": "0.99",
    "PBR": "1.02",
    "유보율": "2,234.3",
    "code": "001540"
}