{
    "N": "1039",
    "종목명": "무림SP",
    "현재가": "3,255",
    "상태": "하락",
    "전일비": "5",
    "등락률": "-0.15%",
    "액면가": "500",
    "거래량": "593,519",
    "거래대금": "1,909",
    "전일거래량": "1,016,189",
    "시가": "3,240",
    "고가": "3,265",
    "저가": "3,165",
    "매수호가": "3,250",
    "매도호가": "3,255",
    "매수총잔량": "18,911",
    "매도총잔량": "64,786",
    "상장주식수": "22,138",
    "시가총액": "721",
    "매출액": "1,379",
    "자산총계": "2,987",
    "부채총계": "937",
    "영업이익": "12",
    "당기순이익": "14",
    "주당순이익": "92",
    "보통주배당금": "35",
    "매출액증가율": "-1.73",
    "영업이익증가율": "-38.70",
    "외국인비율": "2.17",
    "PER": "35.38",
    "ROE": "0.67",
    "ROA": "0.46",
    "PBR": "0.35",
    "유보율": "1,605.1",
    "code": "001810"
}