{
    "N": "736",
    "종목명": "이화공영",
    "현재가": "5,880",
    "상태": "상승",
    "전일비": "460",
    "등락률": "+8.49%",
    "액면가": "500",
    "거래량": "1,999,973",
    "거래대금": "11,569",
    "전일거래량": "252,781",
    "시가": "5,370",
    "고가": "5,940",
    "저가": "5,350",
    "매수호가": "5,870",
    "매도호가": "5,880",
    "매수총잔량": "37,395",
    "매도총잔량": "63,894",
    "상장주식수": "19,806",
    "시가총액": "1,165",
    "매출액": "1,384",
    "자산총계": "854",
    "부채총계": "427",
    "영업이익": "1",
    "당기순이익": "3",
    "주당순이익": "43",
    "보통주배당금": "10",
    "매출액증가율": "-25.79",
    "영업이익증가율": "149.67",
    "외국인비율": "1.09",
    "PER": "136.74",
    "ROE": "0.63",
    "ROA": "0.33",
    "PBR": "2.72",
    "유보율": "294.2",
    "code": "001840"
}