{
    "N": "1195",
    "종목명": "삼일기업공사",
    "현재가": "4,265",
    "상태": "상승",
    "전일비": "20",
    "등락률": "+0.47%",
    "액면가": "500",
    "거래량": "365,191",
    "거래대금": "1,543",
    "전일거래량": "706,809",
    "시가": "4,240",
    "고가": "4,315",
    "저가": "4,175",
    "매수호가": "4,260",
    "매도호가": "4,265",
    "매수총잔량": "10,009",
    "매도총잔량": "9,761",
    "상장주식수": "12,400",
    "시가총액": "529",
    "매출액": "763",
    "자산총계": "698",
    "부채총계": "110",
    "영업이익": "36",
    "당기순이익": "33",
    "주당순이익": "196",
    "보통주배당금": "100",
    "매출액증가율": "35.74",
    "영업이익증가율": "19.45",
    "외국인비율": "2.31",
    "PER": "21.76",
    "ROE": "5.69",
    "ROA": "5.00",
    "PBR": "0.89",
    "유보율": "848.8",
    "code": "002290"
}