{
    "N": "864",
    "종목명": "피에스텍",
    "현재가": "4,750",
    "상태": "하락",
    "전일비": "70",
    "등락률": "-1.45%",
    "액면가": "500",
    "거래량": "100,133",
    "거래대금": "476",
    "전일거래량": "206,686",
    "시가": "4,830",
    "고가": "4,850",
    "저가": "4,640",
    "매수호가": "4,750",
    "매도호가": "4,755",
    "매수총잔량": "11,334",
    "매도총잔량": "2,825",
    "상장주식수": "19,669",
    "시가총액": "934",
    "매출액": "507",
    "자산총계": "1,686",
    "부채총계": "254",
    "영업이익": "-17",
    "당기순이익": "25",
    "주당순이익": "-181",
    "보통주배당금": "150",
    "매출액증가율": "-17.81",
    "영업이익증가율": "-35.81",
    "외국인비율": "6.22",
    "PER": "-26.24",
    "ROE": "1.77",
    "ROA": "1.52",
    "PBR": "0.63",
    "유보율": "1,384.4",
    "code": "002230"
}