{
    "N": "1060",
    "종목명": "한탑",
    "현재가": "2,605",
    "상태": "상승",
    "전일비": "25",
    "등락률": "+0.97%",
    "액면가": "500",
    "거래량": "280,969",
    "거래대금": "741",
    "전일거래량": "296,925",
    "시가": "2,580",
    "고가": "2,755",
    "저가": "2,565",
    "매수호가": "2,605",
    "매도호가": "2,610",
    "매수총잔량": "29,203",
    "매도총잔량": "17,380",
    "상장주식수": "26,852",
    "시가총액": "700",
    "매출액": "922",
    "자산총계": "1,299",
    "부채총계": "971",
    "영업이익": "-78",
    "당기순이익": "-113",
    "주당순이익": "-683",
    "보통주배당금": "0",
    "매출액증가율": "-16.04",
    "영업이익증가율": "-16,314.75",
    "외국인비율": "1.83",
    "PER": "-3.81",
    "ROE": "-29.20",
    "ROA": "-8.43",
    "PBR": "1.03",
    "유보율": "41.7",
    "code": "002680"
}