{
    "N": "651",
    "종목명": "신신제약",
    "현재가": "8,980",
    "상태": "하락",
    "전일비": "20",
    "등락률": "-0.22%",
    "액면가": "500",
    "거래량": "247,585",
    "거래대금": "2,197",
    "전일거래량": "379,150",
    "시가": "9,000",
    "고가": "9,030",
    "저가": "8,700",
    "매수호가": "8,980",
    "매도호가": "8,990",
    "매수총잔량": "8,876",
    "매도총잔량": "13,822",
    "상장주식수": "15,170",
    "시가총액": "1,362",
    "매출액": "679",
    "자산총계": "1,292",
    "부채총계": "729",
    "영업이익": "23",
    "당기순이익": "20",
    "주당순이익": "112",
    "보통주배당금": "28",
    "매출액증가율": "6.49",
    "영업이익증가율": "-23.29",
    "외국인비율": "1.75",
    "PER": "80.18",
    "ROE": "3.86",
    "ROA": "1.71",
    "PBR": "2.36",
    "유보율": "643.3",
    "code": "002800"
}