{
    "N": "485",
    "종목명": "선광",
    "현재가": "28,650",
    "상태": "상승",
    "전일비": "1,150",
    "등락률": "+4.18%",
    "액면가": "1,000",
    "거래량": "76,623",
    "거래대금": "2,187",
    "전일거래량": "67,412",
    "시가": "27,500",
    "고가": "29,100",
    "저가": "27,500",
    "매수호가": "28,650",
    "매도호가": "28,850",
    "매수총잔량": "4,684",
    "매도총잔량": "8,093",
    "상장주식수": "6,600",
    "시가총액": "1,891",
    "매출액": "1,450",
    "자산총계": "7,100",
    "부채총계": "4,030",
    "영업이익": "243",
    "당기순이익": "51",
    "주당순이익": "1,297",
    "보통주배당금": "350",
    "매출액증가율": "6.91",
    "영업이익증가율": "53.90",
    "외국인비율": "3.49",
    "PER": "22.09",
    "ROE": "1.65",
    "ROA": "0.81",
    "PBR": "0.54",
    "유보율": "4,624.5",
    "code": "003100"
}