{
    "N": "74",
    "종목명": "하림지주",
    "현재가": "8,960",
    "상태": "하락",
    "전일비": "230",
    "등락률": "-2.50%",
    "액면가": "100",
    "거래량": "659,075",
    "거래대금": "5,937",
    "전일거래량": "823,594",
    "시가": "9,110",
    "고가": "9,170",
    "저가": "8,900",
    "매수호가": "8,960",
    "매도호가": "9,000",
    "매수총잔량": "37,041",
    "매도총잔량": "29,776",
    "상장주식수": "92,342",
    "시가총액": "8,274",
    "매출액": "73,503",
    "자산총계": "86,157",
    "부채총계": "51,662",
    "영업이익": "3,065",
    "당기순이익": "946",
    "주당순이익": "635",
    "보통주배당금": "50",
    "매출액증가율": "-0.09",
    "영업이익증가율": "-13.65",
    "외국인비율": "4.93",
    "PER": "14.11",
    "ROE": "3.24",
    "ROA": "1.13",
    "PBR": "0.38",
    "유보율": "20,530.1",
    "code": "003380"
}