{
    "N": "993",
    "종목명": "대주산업",
    "현재가": "2,180",
    "상태": "하락",
    "전일비": "15",
    "등락률": "-0.68%",
    "액면가": "500",
    "거래량": "451,335",
    "거래대금": "988",
    "전일거래량": "443,531",
    "시가": "2,180",
    "고가": "2,230",
    "저가": "2,160",
    "매수호가": "2,180",
    "매도호가": "2,185",
    "매수총잔량": "56,713",
    "매도총잔량": "104,445",
    "상장주식수": "35,392",
    "시가총액": "772",
    "매출액": "843",
    "자산총계": "871",
    "부채총계": "350",
    "영업이익": "27",
    "당기순이익": "18",
    "주당순이익": "98",
    "보통주배당금": "30",
    "매출액증가율": "0.29",
    "영업이익증가율": "-19.49",
    "외국인비율": "1.28",
    "PER": "22.24",
    "ROE": "3.51",
    "ROA": "2.05",
    "PBR": "1.45",
    "유보율": "160.7",
    "code": "003310"
}