{
    "N": "1085",
    "종목명": "한국가구",
    "현재가": "4,490",
    "상태": "상승",
    "전일비": "5",
    "등락률": "+0.11%",
    "액면가": "100",
    "거래량": "43,556",
    "거래대금": "195",
    "전일거래량": "43,326",
    "시가": "4,485",
    "고가": "4,530",
    "저가": "4,450",
    "매수호가": "4,480",
    "매도호가": "4,490",
    "매수총잔량": "5,137",
    "매도총잔량": "5,220",
    "상장주식수": "15,000",
    "시가총액": "674",
    "매출액": "657",
    "자산총계": "1,385",
    "부채총계": "347",
    "영업이익": "87",
    "당기순이익": "61",
    "주당순이익": "450",
    "보통주배당금": "115",
    "매출액증가율": "8.98",
    "영업이익증가율": "2.05",
    "외국인비율": "0.62",
    "PER": "9.98",
    "ROE": "5.97",
    "ROA": "4.45",
    "PBR": "0.63",
    "유보율": "5,353.4",
    "code": "004590"
}