{
    "N": "1018",
    "종목명": "대륙제관",
    "현재가": "4,670",
    "상태": "상승",
    "전일비": "30",
    "등락률": "+0.65%",
    "액면가": "500",
    "거래량": "114,388",
    "거래대금": "527",
    "전일거래량": "61,387",
    "시가": "4,640",
    "고가": "4,700",
    "저가": "4,565",
    "매수호가": "4,665",
    "매도호가": "4,670",
    "매수총잔량": "16,776",
    "매도총잔량": "19,567",
    "상장주식수": "15,903",
    "시가총액": "743",
    "매출액": "1,973",
    "자산총계": "1,575",
    "부채총계": "506",
    "영업이익": "84",
    "당기순이익": "54",
    "주당순이익": "616",
    "보통주배당금": "100",
    "매출액증가율": "0.48",
    "영업이익증가율": "48.65",
    "외국인비율": "4.53",
    "PER": "7.58",
    "ROE": "5.10",
    "ROA": "3.48",
    "PBR": "0.66",
    "유보율": "1,246.9",
    "code": "004780"
}