{
    "N": "489",
    "종목명": "동국산업",
    "현재가": "3,465",
    "상태": "상승",
    "전일비": "80",
    "등락률": "+2.36%",
    "액면가": "1,000",
    "거래량": "298,904",
    "거래대금": "1,028",
    "전일거래량": "188,418",
    "시가": "3,390",
    "고가": "3,465",
    "저가": "3,380",
    "매수호가": "3,460",
    "매도호가": "3,465",
    "매수총잔량": "16,860",
    "매도총잔량": "30,732",
    "상장주식수": "54,244",
    "시가총액": "1,880",
    "매출액": "6,737",
    "자산총계": "7,529",
    "부채총계": "2,231",
    "영업이익": "329",
    "당기순이익": "181",
    "주당순이익": "176",
    "보통주배당금": "130",
    "매출액증가율": "-11.10",
    "영업이익증가율": "122.81",
    "외국인비율": "4.85",
    "PER": "19.69",
    "ROE": "3.58",
    "ROA": "2.36",
    "PBR": "0.47",
    "유보율": "626.4",
    "code": "005160"
}