{
    "N": "24",
    "종목명": "동진쎄미켐",
    "현재가": "36,600",
    "상태": "하락",
    "전일비": "400",
    "등락률": "-1.08%",
    "액면가": "500",
    "거래량": "1,814,854",
    "거래대금": "67,214",
    "전일거래량": "1,781,585",
    "시가": "36,850",
    "고가": "38,400",
    "저가": "36,100",
    "매수호가": "36,550",
    "매도호가": "36,600",
    "매수총잔량": "85,333",
    "매도총잔량": "21,189",
    "상장주식수": "51,414",
    "시가총액": "18,818",
    "매출액": "8,753",
    "자산총계": "8,407",
    "부채총계": "4,803",
    "영업이익": "1,049",
    "당기순이익": "587",
    "주당순이익": "1,660",
    "보통주배당금": "90",
    "매출액증가율": "5.81",
    "영업이익증가율": "47.73",
    "외국인비율": "9.58",
    "PER": "22.05",
    "ROE": "17.78",
    "ROA": "7.33",
    "PBR": "4.31",
    "유보율": "1,228.2",
    "code": "005290"
}