{
    "N": "1044",
    "종목명": "푸드웰",
    "현재가": "7,180",
    "상태": "상승",
    "전일비": "130",
    "등락률": "+1.84%",
    "액면가": "500",
    "거래량": "299,823",
    "거래대금": "2,140",
    "전일거래량": "515,530",
    "시가": "7,080",
    "고가": "7,230",
    "저가": "7,050",
    "매수호가": "7,160",
    "매도호가": "7,180",
    "매수총잔량": "10,380",
    "매도총잔량": "37,879",
    "상장주식수": "10,000",
    "시가총액": "718",
    "매출액": "1,439",
    "자산총계": "1,495",
    "부채총계": "666",
    "영업이익": "86",
    "당기순이익": "320",
    "주당순이익": "247",
    "보통주배당금": "100",
    "매출액증가율": "16.28",
    "영업이익증가율": "14.97",
    "외국인비율": "1.51",
    "PER": "29.07",
    "ROE": "50.19",
    "ROA": "22.78",
    "PBR": "0.88",
    "유보율": "1,476.8",
    "code": "005670"
}