{
    "N": "768",
    "종목명": "대원산업",
    "현재가": "5,520",
    "상태": "하락",
    "전일비": "50",
    "등락률": "-0.90%",
    "액면가": "500",
    "거래량": "23,794",
    "거래대금": "132",
    "전일거래량": "34,655",
    "시가": "5,590",
    "고가": "5,600",
    "저가": "5,510",
    "매수호가": "5,520",
    "매도호가": "5,540",
    "매수총잔량": "9,847",
    "매도총잔량": "1,649",
    "상장주식수": "20,038",
    "시가총액": "1,106",
    "매출액": "6,610",
    "자산총계": "4,830",
    "부채총계": "1,716",
    "영업이익": "263",
    "당기순이익": "404",
    "주당순이익": "280",
    "보통주배당금": "125",
    "매출액증가율": "-5.17",
    "영업이익증가율": "-13.79",
    "외국인비율": "13.35",
    "PER": "19.71",
    "ROE": "13.32",
    "ROA": "8.61",
    "PBR": "0.36",
    "유보율": "3,056.3",
    "code": "005710"
}