{
    "N": "1050",
    "종목명": "한일사료",
    "현재가": "1,800",
    "상태": "상승",
    "전일비": "15",
    "등락률": "+0.84%",
    "액면가": "500",
    "거래량": "318,281",
    "거래대금": "570",
    "전일거래량": "304,503",
    "시가": "1,785",
    "고가": "1,810",
    "저가": "1,770",
    "매수호가": "1,795",
    "매도호가": "1,800",
    "매수총잔량": "119,942",
    "매도총잔량": "125,483",
    "상장주식수": "39,404",
    "시가총액": "709",
    "매출액": "3,435",
    "자산총계": "1,766",
    "부채총계": "1,146",
    "영업이익": "44",
    "당기순이익": "-22",
    "주당순이익": "0",
    "보통주배당금": "25",
    "매출액증가율": "11.58",
    "영업이익증가율": "115.79",
    "외국인비율": "0.38",
    "PER": "N/A",
    "ROE": "-3.85",
    "ROA": "-1.26",
    "PBR": "1.20",
    "유보율": "213.4",
    "code": "005860"
}