{
    "N": "777",
    "종목명": "국영지앤엠",
    "현재가": "3,120",
    "상태": "상승",
    "전일비": "220",
    "등락률": "+7.59%",
    "액면가": "500",
    "거래량": "44,644,650",
    "거래대금": "150,971",
    "전일거래량": "5,157,323",
    "시가": "3,325",
    "고가": "3,650",
    "저가": "3,085",
    "매수호가": "3,120",
    "매도호가": "3,125",
    "매수총잔량": "233,554",
    "매도총잔량": "75,759",
    "상장주식수": "34,895",
    "시가총액": "1,089",
    "매출액": "730",
    "자산총계": "687",
    "부채총계": "158",
    "영업이익": "10",
    "당기순이익": "11",
    "주당순이익": "-1",
    "보통주배당금": "15",
    "매출액증가율": "29.68",
    "영업이익증가율": "207.72",
    "외국인비율": "2.13",
    "PER": "-3,120.00",
    "ROE": "2.08",
    "ROA": "1.69",
    "PBR": "2.04",
    "유보율": "207.4",
    "code": "006050"
}