{
    "N": "818",
    "종목명": "피제이전자",
    "현재가": "6,820",
    "상태": "상승",
    "전일비": "100",
    "등락률": "+1.49%",
    "액면가": "500",
    "거래량": "64,979",
    "거래대금": "442",
    "전일거래량": "67,848",
    "시가": "6,720",
    "고가": "6,850",
    "저가": "6,650",
    "매수호가": "6,820",
    "매도호가": "6,830",
    "매수총잔량": "16,735",
    "매도총잔량": "17,022",
    "상장주식수": "15,000",
    "시가총액": "1,023",
    "매출액": "993",
    "자산총계": "1,385",
    "부채총계": "315",
    "영업이익": "59",
    "당기순이익": "49",
    "주당순이익": "282",
    "보통주배당금": "140",
    "매출액증가율": "-1.82",
    "영업이익증가율": "-3.56",
    "외국인비율": "0.80",
    "PER": "24.18",
    "ROE": "4.61",
    "ROA": "3.66",
    "PBR": "0.95",
    "유보율": "1,320.3",
    "code": "006140"
}