{
    "N": "910",
    "종목명": "대양제지",
    "현재가": "3,275",
    "상태": "상승",
    "전일비": "125",
    "등락률": "+3.97%",
    "액면가": "500",
    "거래량": "313,439",
    "거래대금": "1,005",
    "전일거래량": "204,280",
    "시가": "3,180",
    "고가": "3,275",
    "저가": "3,125",
    "매수호가": "3,270",
    "매도호가": "3,275",
    "매수총잔량": "19,949",
    "매도총잔량": "11,788",
    "상장주식수": "26,850",
    "시가총액": "879",
    "매출액": "2,594",
    "자산총계": "2,321",
    "부채총계": "849",
    "영업이익": "327",
    "당기순이익": "257",
    "주당순이익": "675",
    "보통주배당금": "40",
    "매출액증가율": "-7.92",
    "영업이익증가율": "-21.37",
    "외국인비율": "0.90",
    "PER": "4.85",
    "ROE": "19.02",
    "ROA": "11.35",
    "PBR": "0.47",
    "유보율": "938.9",
    "code": "006580"
}