{
    "N": "376",
    "종목명": "동구바이오제약",
    "현재가": "25,300",
    "상태": "상승",
    "전일비": "400",
    "등락률": "+1.61%",
    "액면가": "500",
    "거래량": "143,538",
    "거래대금": "3,612",
    "전일거래량": "118,058",
    "시가": "24,650",
    "고가": "25,500",
    "저가": "24,650",
    "매수호가": "25,300",
    "매도호가": "25,350",
    "매수총잔량": "15,183",
    "매도총잔량": "16,253",
    "상장주식수": "9,604",
    "시가총액": "2,430",
    "매출액": "1,252",
    "자산총계": "1,327",
    "부채총계": "471",
    "영업이익": "65",
    "당기순이익": "151",
    "주당순이익": "2,194",
    "보통주배당금": "100",
    "매출액증가율": "19.46",
    "영업이익증가율": "13.80",
    "외국인비율": "0.40",
    "PER": "11.53",
    "ROE": "19.15",
    "ROA": "12.74",
    "PBR": "2.54",
    "유보율": "1,740.3",
    "code": "006620"
}