{
    "N": "188",
    "종목명": "서부T&D",
    "현재가": "7,560",
    "상태": "상승",
    "전일비": "10",
    "등락률": "+0.13%",
    "액면가": "500",
    "거래량": "411,625",
    "거래대금": "3,084",
    "전일거래량": "297,094",
    "시가": "7,510",
    "고가": "7,600",
    "저가": "7,430",
    "매수호가": "7,550",
    "매도호가": "7,560",
    "매수총잔량": "11,010",
    "매도총잔량": "8,399",
    "상장주식수": "58,140",
    "시가총액": "4,395",
    "매출액": "1,279",
    "자산총계": "18,112",
    "부채총계": "11,388",
    "영업이익": "144",
    "당기순이익": "0",
    "주당순이익": "-234",
    "보통주배당금": "23",
    "매출액증가율": "18.35",
    "영업이익증가율": "93,741.16",
    "외국인비율": "13.46",
    "PER": "-32.31",
    "ROE": "0.01",
    "ROA": "0.00",
    "PBR": "0.68",
    "유보율": "2,039.6",
    "code": "006730"
}