{
    "N": "1194",
    "종목명": "모헨즈",
    "현재가": "4,845",
    "상태": "상승",
    "전일비": "55",
    "등락률": "+1.15%",
    "액면가": "500",
    "거래량": "196,407",
    "거래대금": "948",
    "전일거래량": "129,073",
    "시가": "4,785",
    "고가": "4,860",
    "저가": "4,785",
    "매수호가": "4,840",
    "매도호가": "4,845",
    "매수총잔량": "10,757",
    "매도총잔량": "10,761",
    "상장주식수": "10,920",
    "시가총액": "529",
    "매출액": "857",
    "자산총계": "581",
    "부채총계": "289",
    "영업이익": "7",
    "당기순이익": "6",
    "주당순이익": "20",
    "보통주배당금": "N/A",
    "매출액증가율": "-19.86",
    "영업이익증가율": "-56.04",
    "외국인비율": "0.61",
    "PER": "242.25",
    "ROE": "2.44",
    "ROA": "1.02",
    "PBR": "2.36",
    "유보율": "306.9",
    "code": "006920"
}