{
    "N": "872",
    "종목명": "보성파워텍",
    "현재가": "2,010",
    "상태": "상승",
    "전일비": "45",
    "등락률": "+2.29%",
    "액면가": "500",
    "거래량": "728,431",
    "거래대금": "1,454",
    "전일거래량": "400,728",
    "시가": "1,955",
    "고가": "2,020",
    "저가": "1,945",
    "매수호가": "2,005",
    "매도호가": "2,010",
    "매수총잔량": "100,635",
    "매도총잔량": "146,750",
    "상장주식수": "46,073",
    "시가총액": "926",
    "매출액": "1,117",
    "자산총계": "1,256",
    "부채총계": "457",
    "영업이익": "-11",
    "당기순이익": "8",
    "주당순이익": "26",
    "보통주배당금": "N/A",
    "매출액증가율": "5.62",
    "영업이익증가율": "19.85",
    "외국인비율": "1.22",
    "PER": "77.31",
    "ROE": "1.06",
    "ROA": "0.67",
    "PBR": "1.13",
    "유보율": "249.9",
    "code": "006910"
}