{
    "N": "958",
    "종목명": "진양제약",
    "현재가": "6,840",
    "상태": "하락",
    "전일비": "30",
    "등락률": "-0.44%",
    "액면가": "500",
    "거래량": "205,449",
    "거래대금": "1,389",
    "전일거래량": "149,615",
    "시가": "6,840",
    "고가": "6,900",
    "저가": "6,690",
    "매수호가": "6,830",
    "매도호가": "6,840",
    "매수총잔량": "15,293",
    "매도총잔량": "8,268",
    "상장주식수": "12,000",
    "시가총액": "821",
    "매출액": "474",
    "자산총계": "683",
    "부채총계": "246",
    "영업이익": "-2",
    "당기순이익": "16",
    "주당순이익": "205",
    "보통주배당금": "100",
    "매출액증가율": "1.04",
    "영업이익증가율": "-114.76",
    "외국인비율": "1.03",
    "PER": "33.37",
    "ROE": "3.84",
    "ROA": "2.38",
    "PBR": "1.70",
    "유보율": "671.1",
    "code": "007370"
}