{
    "N": "112",
    "종목명": "네이처셀",
    "현재가": "10,300",
    "상태": "상승",
    "전일비": "100",
    "등락률": "+0.98%",
    "액면가": "500",
    "거래량": "1,243,382",
    "거래대금": "12,564",
    "전일거래량": "882,489",
    "시가": "10,100",
    "고가": "10,350",
    "저가": "9,840",
    "매수호가": "10,300",
    "매도호가": "10,350",
    "매수총잔량": "78,271",
    "매도총잔량": "259,661",
    "상장주식수": "61,190",
    "시가총액": "6,303",
    "매출액": "231",
    "자산총계": "931",
    "부채총계": "112",
    "영업이익": "18",
    "당기순이익": "9",
    "주당순이익": "-98",
    "보통주배당금": "N/A",
    "매출액증가율": "-13.64",
    "영업이익증가율": "43.47",
    "외국인비율": "5.76",
    "PER": "-105.10",
    "ROE": "1.44",
    "ROA": "1.24",
    "PBR": "8.48",
    "유보율": "153.8",
    "code": "007390"
}