{
    "N": "694",
    "종목명": "푸른저축은행",
    "현재가": "8,370",
    "상태": "상승",
    "전일비": "190",
    "등락률": "+2.32%",
    "액면가": "1,000",
    "거래량": "25,214",
    "거래대금": "206",
    "전일거래량": "29,705",
    "시가": "8,180",
    "고가": "8,410",
    "저가": "8,120",
    "매수호가": "8,230",
    "매도호가": "8,370",
    "매수총잔량": "4,279",
    "매도총잔량": "2,052",
    "상장주식수": "15,083",
    "시가총액": "1,262",
    "매출액": "698",
    "자산총계": "9,954",
    "부채총계": "7,300",
    "영업이익": "321",
    "당기순이익": "246",
    "주당순이익": "1,703",
    "보통주배당금": "550",
    "매출액증가율": "0.82",
    "영업이익증가율": "9.82",
    "외국인비율": "2.82",
    "PER": "4.91",
    "ROE": "9.59",
    "ROA": "2.41",
    "PBR": "0.37",
    "유보율": "1,708.9",
    "code": "007330"
}