{
    "N": "1236",
    "종목명": "영신금속",
    "현재가": "3,765",
    "상태": "하락",
    "전일비": "70",
    "등락률": "-1.83%",
    "액면가": "500",
    "거래량": "118,897",
    "거래대금": "447",
    "전일거래량": "69,356",
    "시가": "3,860",
    "고가": "3,860",
    "저가": "3,700",
    "매수호가": "3,760",
    "매도호가": "3,765",
    "매수총잔량": "9,165",
    "매도총잔량": "21,135",
    "상장주식수": "12,833",
    "시가총액": "483",
    "매출액": "1,198",
    "자산총계": "1,331",
    "부채총계": "912",
    "영업이익": "64",
    "당기순이익": "58",
    "주당순이익": "-218",
    "보통주배당금": "N/A",
    "매출액증가율": "1.96",
    "영업이익증가율": "133.93",
    "외국인비율": "3.30",
    "PER": "-17.27",
    "ROE": "14.69",
    "ROA": "4.31",
    "PBR": "1.23",
    "유보율": "565.3",
    "code": "007530"
}