{
    "N": "743",
    "종목명": "대원",
    "현재가": "9,650",
    "상태": "상승",
    "전일비": "210",
    "등락률": "+2.22%",
    "액면가": "500",
    "거래량": "182,494",
    "거래대금": "1,756",
    "전일거래량": "27,147",
    "시가": "9,480",
    "고가": "9,940",
    "저가": "9,270",
    "매수호가": "9,620",
    "매도호가": "9,650",
    "매수총잔량": "3,257",
    "매도총잔량": "3,834",
    "상장주식수": "11,956",
    "시가총액": "1,154",
    "매출액": "2,486",
    "자산총계": "5,187",
    "부채총계": "2,185",
    "영업이익": "125",
    "당기순이익": "93",
    "주당순이익": "502",
    "보통주배당금": "250",
    "매출액증가율": "-25.36",
    "영업이익증가율": "-56.40",
    "외국인비율": "0.12",
    "PER": "19.22",
    "ROE": "3.38",
    "ROA": "1.92",
    "PBR": "0.39",
    "유보율": "5,039.1",
    "code": "007680"
}