{
    "N": "1325",
    "종목명": "한일화학",
    "현재가": "10,550",
    "전일비": "0",
    "등락률": "0.00%",
    "액면가": "500",
    "거래량": "25,704",
    "거래대금": "269",
    "전일거래량": "27,192",
    "시가": "10,550",
    "고가": "10,750",
    "저가": "10,300",
    "매수호가": "10,550",
    "매도호가": "10,600",
    "매수총잔량": "13,095",
    "매도총잔량": "10,724",
    "상장주식수": "3,510",
    "시가총액": "370",
    "매출액": "1,087",
    "자산총계": "1,209",
    "부채총계": "275",
    "영업이익": "23",
    "당기순이익": "17",
    "주당순이익": "-666",
    "보통주배당금": "150",
    "매출액증가율": "-28.88",
    "영업이익증가율": "-49.08",
    "외국인비율": "4.69",
    "PER": "-15.84",
    "ROE": "1.80",
    "ROA": "1.40",
    "PBR": "0.41",
    "유보율": "5,132.4",
    "code": "007770"
}