{
    "N": "601",
    "종목명": "에스엠코어",
    "현재가": "7,390",
    "상태": "상승",
    "전일비": "50",
    "등락률": "+0.68%",
    "액면가": "500",
    "거래량": "220,327",
    "거래대금": "1,630",
    "전일거래량": "220,157",
    "시가": "7,260",
    "고가": "7,530",
    "저가": "7,260",
    "매수호가": "7,390",
    "매도호가": "7,400",
    "매수총잔량": "13,254",
    "매도총잔량": "11,017",
    "상장주식수": "20,034",
    "시가총액": "1,480",
    "매출액": "1,281",
    "자산총계": "1,068",
    "부채총계": "283",
    "영업이익": "51",
    "당기순이익": "46",
    "주당순이익": "-44",
    "보통주배당금": "70",
    "매출액증가율": "37.01",
    "영업이익증가율": "2,125.35",
    "외국인비율": "2.48",
    "PER": "-167.95",
    "ROE": "5.96",
    "ROA": "4.33",
    "PBR": "2.09",
    "유보율": "686.4",
    "code": "007820"
}