{
    "N": "836",
    "종목명": "원풍물산",
    "현재가": "2,410",
    "상태": "하락",
    "전일비": "35",
    "등락률": "-1.43%",
    "액면가": "500",
    "거래량": "113,086",
    "거래대금": "273",
    "전일거래량": "174,677",
    "시가": "2,420",
    "고가": "2,450",
    "저가": "2,395",
    "매수호가": "2,405",
    "매도호가": "2,410",
    "매수총잔량": "48,306",
    "매도총잔량": "26,170",
    "상장주식수": "40,694",
    "시가총액": "981",
    "매출액": "408",
    "자산총계": "640",
    "부채총계": "185",
    "영업이익": "-13",
    "당기순이익": "-55",
    "주당순이익": "-127",
    "보통주배당금": "N/A",
    "매출액증가율": "-4.49",
    "영업이익증가율": "-202.63",
    "외국인비율": "2.70",
    "PER": "-18.98",
    "ROE": "-15.58",
    "ROA": "-9.85",
    "PBR": "2.18",
    "유보율": "34.5",
    "code": "008290"
}