{
    "N": "1201",
    "종목명": "원풍",
    "현재가": "4,365",
    "상태": "하락",
    "전일비": "25",
    "등락률": "-0.57%",
    "액면가": "500",
    "거래량": "23,278",
    "거래대금": "102",
    "전일거래량": "28,687",
    "시가": "4,345",
    "고가": "4,395",
    "저가": "4,340",
    "매수호가": "4,365",
    "매도호가": "4,390",
    "매수총잔량": "14,697",
    "매도총잔량": "9,660",
    "상장주식수": "12,000",
    "시가총액": "524",
    "매출액": "729",
    "자산총계": "831",
    "부채총계": "96",
    "영업이익": "27",
    "당기순이익": "19",
    "주당순이익": "351",
    "보통주배당금": "150",
    "매출액증가율": "6.67",
    "영업이익증가율": "152.93",
    "외국인비율": "1.78",
    "PER": "12.44",
    "ROE": "2.69",
    "ROA": "2.23",
    "PBR": "0.64",
    "유보율": "957.7",
    "code": "008370"
}