{
    "N": "1247",
    "종목명": "부스타",
    "현재가": "5,560",
    "상태": "상승",
    "전일비": "210",
    "등락률": "+3.93%",
    "액면가": "500",
    "거래량": "162,750",
    "거래대금": "896",
    "전일거래량": "48,465",
    "시가": "5,400",
    "고가": "5,720",
    "저가": "5,350",
    "매수호가": "5,550",
    "매도호가": "5,560",
    "매수총잔량": "5,033",
    "매도총잔량": "28,653",
    "상장주식수": "8,405",
    "시가총액": "467",
    "매출액": "965",
    "자산총계": "942",
    "부채총계": "205",
    "영업이익": "33",
    "당기순이익": "35",
    "주당순이익": "569",
    "보통주배당금": "90",
    "매출액증가율": "17.82",
    "영업이익증가율": "63.47",
    "외국인비율": "1.86",
    "PER": "9.77",
    "ROE": "4.83",
    "ROA": "3.88",
    "PBR": "0.60",
    "유보율": "1,663.1",
    "code": "008470"
}