{
    "N": "1342",
    "종목명": "대동기어",
    "현재가": "3,745",
    "상태": "상승",
    "전일비": "20",
    "등락률": "+0.54%",
    "액면가": "500",
    "거래량": "106,777",
    "거래대금": "394",
    "전일거래량": "93,079",
    "시가": "3,520",
    "고가": "3,915",
    "저가": "3,460",
    "매수호가": "3,735",
    "매도호가": "3,745",
    "매수총잔량": "2,335",
    "매도총잔량": "11,832",
    "상장주식수": "8,988",
    "시가총액": "337",
    "매출액": "1,431",
    "자산총계": "1,828",
    "부채총계": "1,255",
    "영업이익": "32",
    "당기순이익": "-6",
    "주당순이익": "62",
    "보통주배당금": "25",
    "매출액증가율": "8.40",
    "영업이익증가율": "5.14",
    "외국인비율": "0.03",
    "PER": "60.40",
    "ROE": "-0.96",
    "ROA": "-0.31",
    "PBR": "0.53",
    "유보율": "899.2",
    "code": "008830"
}