{
    "N": "784",
    "종목명": "삼아제약",
    "현재가": "17,000",
    "상태": "상승",
    "전일비": "150",
    "등락률": "+0.89%",
    "액면가": "1,000",
    "거래량": "29,088",
    "거래대금": "485",
    "전일거래량": "38,409",
    "시가": "16,750",
    "고가": "17,050",
    "저가": "16,450",
    "매수호가": "16,950",
    "매도호가": "17,000",
    "매수총잔량": "2,548",
    "매도총잔량": "1,279",
    "상장주식수": "6,370",
    "시가총액": "1,083",
    "매출액": "716",
    "자산총계": "1,908",
    "부채총계": "226",
    "영업이익": "104",
    "당기순이익": "102",
    "주당순이익": "532",
    "보통주배당금": "300",
    "매출액증가율": "N/A",
    "영업이익증가율": "N/A",
    "외국인비율": "0.86",
    "PER": "31.95",
    "ROE": "N/A",
    "ROA": "N/A",
    "PBR": "0.62",
    "유보율": "2,572.2",
    "code": "009300"
}