{
    "N": "449",
    "종목명": "포스코엠텍",
    "현재가": "4,875",
    "상태": "상승",
    "전일비": "165",
    "등락률": "+3.50%",
    "액면가": "500",
    "거래량": "1,741,729",
    "거래대금": "8,433",
    "전일거래량": "1,178,427",
    "시가": "4,765",
    "고가": "4,910",
    "저가": "4,745",
    "매수호가": "4,870",
    "매도호가": "4,875",
    "매수총잔량": "40,272",
    "매도총잔량": "117,117",
    "상장주식수": "41,643",
    "시가총액": "2,030",
    "매출액": "2,887",
    "자산총계": "1,290",
    "부채총계": "391",
    "영업이익": "131",
    "당기순이익": "106",
    "주당순이익": "233",
    "보통주배당금": "80",
    "매출액증가율": "-4.08",
    "영업이익증가율": "-31.23",
    "외국인비율": "1.34",
    "PER": "20.92",
    "ROE": "11.87",
    "ROA": "8.40",
    "PBR": "2.13",
    "유보율": "332.3",
    "code": "009520"
}