{
    "N": "996",
    "종목명": "삼보산업",
    "현재가": "2,015",
    "상태": "하락",
    "전일비": "25",
    "등락률": "-1.23%",
    "액면가": "100",
    "거래량": "1,181,966",
    "거래대금": "2,399",
    "전일거래량": "1,971,887",
    "시가": "2,020",
    "고가": "2,080",
    "저가": "1,985",
    "매수호가": "2,015",
    "매도호가": "2,020",
    "매수총잔량": "91,866",
    "매도총잔량": "40,862",
    "상장주식수": "38,092",
    "시가총액": "768",
    "매출액": "3,199",
    "자산총계": "3,005",
    "부채총계": "2,476",
    "영업이익": "75",
    "당기순이익": "-38",
    "주당순이익": "-44",
    "보통주배당금": "N/A",
    "매출액증가율": "12.45",
    "영업이익증가율": "77.89",
    "외국인비율": "1.47",
    "PER": "-45.80",
    "ROE": "-28.77",
    "ROA": "-1.27",
    "PBR": "3.21",
    "유보율": "455.4",
    "code": "009620"
}