{
    "N": "316",
    "종목명": "대한광통신",
    "현재가": "3,970",
    "상태": "상승",
    "전일비": "45",
    "등락률": "+1.15%",
    "액면가": "500",
    "거래량": "1,658,856",
    "거래대금": "6,537",
    "전일거래량": "1,110,232",
    "시가": "3,890",
    "고가": "3,970",
    "저가": "3,880",
    "매수호가": "3,970",
    "매도호가": "3,975",
    "매수총잔량": "89,012",
    "매도총잔량": "217,962",
    "상장주식수": "73,742",
    "시가총액": "2,928",
    "매출액": "1,543",
    "자산총계": "2,897",
    "부채총계": "1,103",
    "영업이익": "-96",
    "당기순이익": "-117",
    "주당순이익": "-330",
    "보통주배당금": "N/A",
    "매출액증가율": "-7.69",
    "영업이익증가율": "-162.16",
    "외국인비율": "1.61",
    "PER": "-12.03",
    "ROE": "-6.32",
    "ROA": "-3.86",
    "PBR": "1.80",
    "유보율": "386.5",
    "code": "010170"
}