{
    "N": "1046",
    "종목명": "흥국",
    "현재가": "5,800",
    "상태": "하락",
    "전일비": "30",
    "등락률": "-0.51%",
    "액면가": "500",
    "거래량": "95,714",
    "거래대금": "550",
    "전일거래량": "56,825",
    "시가": "5,770",
    "고가": "5,810",
    "저가": "5,710",
    "매수호가": "5,800",
    "매도호가": "5,810",
    "매수총잔량": "13,427",
    "매도총잔량": "7,400",
    "상장주식수": "12,323",
    "시가총액": "715",
    "매출액": "1,045",
    "자산총계": "924",
    "부채총계": "249",
    "영업이익": "89",
    "당기순이익": "70",
    "주당순이익": "845",
    "보통주배당금": "150",
    "매출액증가율": "-11.47",
    "영업이익증가율": "-20.22",
    "외국인비율": "5.19",
    "PER": "6.86",
    "ROE": "10.85",
    "ROA": "7.75",
    "PBR": "0.93",
    "유보율": "1,004.4",
    "code": "010240"
}