{
    "N": "1154",
    "종목명": "쌍용정보통신",
    "현재가": "1,445",
    "상태": "상승",
    "전일비": "25",
    "등락률": "+1.76%",
    "액면가": "1,000",
    "거래량": "339,448",
    "거래대금": "483",
    "전일거래량": "234,490",
    "시가": "1,420",
    "고가": "1,445",
    "저가": "1,405",
    "매수호가": "1,440",
    "매도호가": "1,445",
    "매수총잔량": "275,579",
    "매도총잔량": "100,595",
    "상장주식수": "40,464",
    "시가총액": "585",
    "매출액": "1,083",
    "자산총계": "824",
    "부채총계": "381",
    "영업이익": "5",
    "당기순이익": "13",
    "주당순이익": "52",
    "보통주배당금": "N/A",
    "매출액증가율": "-12.21",
    "영업이익증가율": "-84.19",
    "외국인비율": "0.06",
    "PER": "27.79",
    "ROE": "2.96",
    "ROA": "1.62",
    "PBR": "1.31",
    "유보율": "9.5",
    "code": "010280"
}