{
    "N": "1124",
    "종목명": "오리콤",
    "현재가": "5,280",
    "상태": "상승",
    "전일비": "10",
    "등락률": "+0.19%",
    "액면가": "1,000",
    "거래량": "111,672",
    "거래대금": "586",
    "전일거래량": "180,367",
    "시가": "5,180",
    "고가": "5,350",
    "저가": "5,100",
    "매수호가": "5,280",
    "매도호가": "5,310",
    "매수총잔량": "11,147",
    "매도총잔량": "10,722",
    "상장주식수": "11,845",
    "시가총액": "625",
    "매출액": "1,985",
    "자산총계": "1,956",
    "부채총계": "1,128",
    "영업이익": "80",
    "당기순이익": "59",
    "주당순이익": "171",
    "보통주배당금": "220",
    "매출액증가율": "8.64",
    "영업이익증가율": "-25.88",
    "외국인비율": "1.31",
    "PER": "30.88",
    "ROE": "7.36",
    "ROA": "2.96",
    "PBR": "0.76",
    "유보율": "475.0",
    "code": "010470"
}