{
    "N": "271",
    "종목명": "경동제약",
    "현재가": "10,650",
    "상태": "하락",
    "전일비": "150",
    "등락률": "-1.39%",
    "액면가": "500",
    "거래량": "336,201",
    "거래대금": "3,598",
    "전일거래량": "541,448",
    "시가": "10,700",
    "고가": "10,900",
    "저가": "10,550",
    "매수호가": "10,650",
    "매도호가": "10,700",
    "매수총잔량": "93,078",
    "매도총잔량": "52,079",
    "상장주식수": "30,769",
    "시가총액": "3,277",
    "매출액": "1,765",
    "자산총계": "2,876",
    "부채총계": "527",
    "영업이익": "246",
    "당기순이익": "228",
    "주당순이익": "486",
    "보통주배당금": "400",
    "매출액증가율": "-1.57",
    "영업이익증가율": "20.48",
    "외국인비율": "7.60",
    "PER": "21.91",
    "ROE": "9.18",
    "ROA": "8.37",
    "PBR": "1.12",
    "유보율": "1,704.3",
    "code": "011040"
}