{
    "N": "1240",
    "종목명": "형지I&C",
    "현재가": "1,220",
    "상태": "상승",
    "전일비": "25",
    "등락률": "+2.09%",
    "액면가": "500",
    "거래량": "698,924",
    "거래대금": "835",
    "전일거래량": "1,067,614",
    "시가": "1,205",
    "고가": "1,220",
    "저가": "1,165",
    "매수호가": "1,215",
    "매도호가": "1,220",
    "매수총잔량": "43,719",
    "매도총잔량": "125,680",
    "상장주식수": "38,956",
    "시가총액": "475",
    "매출액": "1,021",
    "자산총계": "637",
    "부채총계": "411",
    "영업이익": "5",
    "당기순이익": "-1",
    "주당순이익": "-60",
    "보통주배당금": "N/A",
    "매출액증가율": "N/A",
    "영업이익증가율": "N/A",
    "외국인비율": "0.87",
    "PER": "-20.33",
    "ROE": "N/A",
    "ROA": "N/A",
    "PBR": "2.74",
    "유보율": "5.9",
    "code": "011080"
}