{
    "N": "571",
    "종목명": "서한",
    "현재가": "1,565",
    "상태": "상승",
    "전일비": "25",
    "등락률": "+1.62%",
    "액면가": "500",
    "거래량": "2,989,012",
    "거래대금": "4,692",
    "전일거래량": "1,487,561",
    "시가": "1,540",
    "고가": "1,605",
    "저가": "1,530",
    "매수호가": "1,560",
    "매도호가": "1,565",
    "매수총잔량": "249,011",
    "매도총잔량": "386,946",
    "상장주식수": "100,895",
    "시가총액": "1,579",
    "매출액": "5,481",
    "자산총계": "4,694",
    "부채총계": "1,673",
    "영업이익": "240",
    "당기순이익": "98",
    "주당순이익": "185",
    "보통주배당금": "30",
    "매출액증가율": "-14.39",
    "영업이익증가율": "-63.14",
    "외국인비율": "6.46",
    "PER": "8.46",
    "ROE": "3.28",
    "ROA": "2.09",
    "PBR": "0.50",
    "유보율": "519.5",
    "code": "011370"
}