{
    "N": "513",
    "종목명": "유니크",
    "현재가": "9,300",
    "상태": "상승",
    "전일비": "120",
    "등락률": "+1.31%",
    "액면가": "500",
    "거래량": "2,031,288",
    "거래대금": "19,102",
    "전일거래량": "1,284,486",
    "시가": "9,120",
    "고가": "9,620",
    "저가": "9,120",
    "매수호가": "9,290",
    "매도호가": "9,300",
    "매수총잔량": "31,578",
    "매도총잔량": "21,018",
    "상장주식수": "19,321",
    "시가총액": "1,797",
    "매출액": "2,249",
    "자산총계": "2,118",
    "부채총계": "1,116",
    "영업이익": "31",
    "당기순이익": "42",
    "주당순이익": "0",
    "보통주배당금": "12",
    "매출액증가율": "5.55",
    "영업이익증가율": "20,847.19",
    "외국인비율": "1.43",
    "PER": "N/A",
    "ROE": "4.39",
    "ROA": "2.05",
    "PBR": "1.82",
    "유보율": "937.6",
    "code": "011320"
}