{
    "N": "869",
    "종목명": "뉴인텍",
    "현재가": "3,100",
    "상태": "하락",
    "전일비": "40",
    "등락률": "-1.27%",
    "액면가": "500",
    "거래량": "1,451,744",
    "거래대금": "4,497",
    "전일거래량": "2,365,905",
    "시가": "3,140",
    "고가": "3,190",
    "저가": "3,010",
    "매수호가": "3,100",
    "매도호가": "3,105",
    "매수총잔량": "50,562",
    "매도총잔량": "19,525",
    "상장주식수": "30,045",
    "시가총액": "931",
    "매출액": "544",
    "자산총계": "498",
    "부채총계": "228",
    "영업이익": "3",
    "당기순이익": "-11",
    "주당순이익": "-20",
    "보통주배당금": "N/A",
    "매출액증가율": "8.67",
    "영업이익증가율": "109.14",
    "외국인비율": "1.06",
    "PER": "-155.00",
    "ROE": "-5.33",
    "ROA": "-2.39",
    "PBR": "3.40",
    "유보율": "82.2",
    "code": "012340"
}