{
    "N": "510",
    "종목명": "리드코프",
    "현재가": "6,840",
    "상태": "상승",
    "전일비": "20",
    "등락률": "+0.29%",
    "액면가": "500",
    "거래량": "137,379",
    "거래대금": "937",
    "전일거래량": "202,920",
    "시가": "6,820",
    "고가": "6,920",
    "저가": "6,740",
    "매수호가": "6,820",
    "매도호가": "6,840",
    "매수총잔량": "26,112",
    "매도총잔량": "9,355",
    "상장주식수": "26,446",
    "시가총액": "1,809",
    "매출액": "4,954",
    "자산총계": "10,367",
    "부채총계": "6,684",
    "영업이익": "539",
    "당기순이익": "406",
    "주당순이익": "1,617",
    "보통주배당금": "150",
    "매출액증가율": "6.85",
    "영업이익증가율": "12.37",
    "외국인비율": "9.17",
    "PER": "4.23",
    "ROE": "11.57",
    "ROA": "3.73",
    "PBR": "0.44",
    "유보율": "2,569.2",
    "code": "012700"
}