{
    "N": "368",
    "종목명": "신일제약",
    "현재가": "22,700",
    "상태": "상승",
    "전일비": "100",
    "등락률": "+0.44%",
    "액면가": "500",
    "거래량": "265,988",
    "거래대금": "5,979",
    "전일거래량": "173,596",
    "시가": "22,600",
    "고가": "23,100",
    "저가": "22,050",
    "매수호가": "22,700",
    "매도호가": "22,750",
    "매수총잔량": "21,082",
    "매도총잔량": "8,554",
    "상장주식수": "10,902",
    "시가총액": "2,475",
    "매출액": "606",
    "자산총계": "1,178",
    "부채총계": "166",
    "영업이익": "94",
    "당기순이익": "73",
    "주당순이익": "745",
    "보통주배당금": "106",
    "매출액증가율": "13.84",
    "영업이익증가율": "56.35",
    "외국인비율": "0.66",
    "PER": "30.47",
    "ROE": "7.39",
    "ROA": "6.47",
    "PBR": "2.31",
    "유보율": "2,488.6",
    "code": "012790"
}