{
    "N": "672",
    "종목명": "모베이스전자",
    "현재가": "2,420",
    "상태": "하락",
    "전일비": "90",
    "등락률": "-3.59%",
    "액면가": "500",
    "거래량": "3,826,512",
    "거래대금": "9,363",
    "전일거래량": "7,625,539",
    "시가": "2,515",
    "고가": "2,550",
    "저가": "2,380",
    "매수호가": "2,420",
    "매도호가": "2,425",
    "매수총잔량": "121,825",
    "매도총잔량": "88,023",
    "상장주식수": "54,477",
    "시가총액": "1,318",
    "매출액": "7,717",
    "자산총계": "6,739",
    "부채총계": "5,125",
    "영업이익": "109",
    "당기순이익": "-99",
    "주당순이익": "-215",
    "보통주배당금": "0",
    "매출액증가율": "7.48",
    "영업이익증가율": "550.87",
    "외국인비율": "1.11",
    "PER": "-11.26",
    "ROE": "-8.51",
    "ROA": "-1.52",
    "PBR": "0.87",
    "유보율": "734.5",
    "code": "012860"
}