{
    "N": "480",
    "종목명": "하이록코리아",
    "현재가": "14,100",
    "상태": "상승",
    "전일비": "650",
    "등락률": "+4.83%",
    "액면가": "500",
    "거래량": "484,718",
    "거래대금": "6,737",
    "전일거래량": "97,168",
    "시가": "13,300",
    "고가": "14,400",
    "저가": "13,300",
    "매수호가": "14,050",
    "매도호가": "14,100",
    "매수총잔량": "23,368",
    "매도총잔량": "54,343",
    "상장주식수": "13,613",
    "시가총액": "1,919",
    "매출액": "1,421",
    "자산총계": "3,813",
    "부채총계": "323",
    "영업이익": "149",
    "당기순이익": "136",
    "주당순이익": "707",
    "보통주배당금": "500",
    "매출액증가율": "14.36",
    "영업이익증가율": "37.56",
    "외국인비율": "18.02",
    "PER": "19.94",
    "ROE": "3.81",
    "ROA": "3.61",
    "PBR": "0.56",
    "유보율": "4,921.1",
    "code": "013030"
}