{
    "N": "174",
    "종목명": "동원개발",
    "현재가": "5,240",
    "상태": "상승",
    "전일비": "10",
    "등락률": "+0.19%",
    "액면가": "500",
    "거래량": "389,826",
    "거래대금": "2,032",
    "전일거래량": "637,799",
    "시가": "5,230",
    "고가": "5,290",
    "저가": "5,140",
    "매수호가": "5,230",
    "매도호가": "5,240",
    "매수총잔량": "51,832",
    "매도총잔량": "46,190",
    "상장주식수": "90,808",
    "시가총액": "4,758",
    "매출액": "6,426",
    "자산총계": "9,298",
    "부채총계": "1,587",
    "영업이익": "1,061",
    "당기순이익": "847",
    "주당순이익": "1,240",
    "보통주배당금": "170",
    "매출액증가율": "5.71",
    "영업이익증가율": "-33.71",
    "외국인비율": "13.71",
    "PER": "4.23",
    "ROE": "11.49",
    "ROA": "9.37",
    "PBR": "0.56",
    "유보율": "1,598.4",
    "code": "013120"
}