{
    "N": "760",
    "종목명": "아진산업",
    "현재가": "2,955",
    "상태": "하락",
    "전일비": "45",
    "등락률": "-1.50%",
    "액면가": "500",
    "거래량": "738,185",
    "거래대금": "2,199",
    "전일거래량": "1,800,798",
    "시가": "3,020",
    "고가": "3,040",
    "저가": "2,940",
    "매수호가": "2,955",
    "매도호가": "2,960",
    "매수총잔량": "33,825",
    "매도총잔량": "63,959",
    "상장주식수": "38,024",
    "시가총액": "1,124",
    "매출액": "4,408",
    "자산총계": "6,547",
    "부채총계": "4,534",
    "영업이익": "278",
    "당기순이익": "138",
    "주당순이익": "262",
    "보통주배당금": "0",
    "매출액증가율": "11.05",
    "영업이익증가율": "213.19",
    "외국인비율": "3.21",
    "PER": "11.28",
    "ROE": "7.47",
    "ROA": "2.27",
    "PBR": "0.52",
    "유보율": "966.7",
    "code": "013310"
}