{
    "N": "997",
    "종목명": "청보산업",
    "현재가": "9,360",
    "상태": "하락",
    "전일비": "130",
    "등락률": "-1.37%",
    "액면가": "500",
    "거래량": "278,312",
    "거래대금": "2,626",
    "전일거래량": "536,768",
    "시가": "9,410",
    "고가": "9,630",
    "저가": "9,280",
    "매수호가": "9,360",
    "매도호가": "9,400",
    "매수총잔량": "28,812",
    "매도총잔량": "12,199",
    "상장주식수": "8,179",
    "시가총액": "766",
    "매출액": "221",
    "자산총계": "409",
    "부채총계": "189",
    "영업이익": "2",
    "당기순이익": "3",
    "주당순이익": "-220",
    "보통주배당금": "N/A",
    "매출액증가율": "1.37",
    "영업이익증가율": "123.55",
    "외국인비율": "2.16",
    "PER": "-42.55",
    "ROE": "1.42",
    "ROA": "0.80",
    "PBR": "3.71",
    "유보율": "440.0",
    "code": "013720"
}