{
    "N": "531",
    "종목명": "스페코",
    "현재가": "11,900",
    "상태": "상승",
    "전일비": "150",
    "등락률": "+1.28%",
    "액면가": "500",
    "거래량": "1,016,571",
    "거래대금": "12,044",
    "전일거래량": "605,337",
    "시가": "11,750",
    "고가": "12,200",
    "저가": "11,600",
    "매수호가": "11,850",
    "매도호가": "11,900",
    "매수총잔량": "46,932",
    "매도총잔량": "155,391",
    "상장주식수": "14,655",
    "시가총액": "1,744",
    "매출액": "747",
    "자산총계": "878",
    "부채총계": "461",
    "영업이익": "66",
    "당기순이익": "99",
    "주당순이익": "642",
    "보통주배당금": "N/A",
    "매출액증가율": "40.46",
    "영업이익증가율": "334.41",
    "외국인비율": "1.45",
    "PER": "18.54",
    "ROE": "28.18",
    "ROA": "11.63",
    "PBR": "4.47",
    "유보율": "443.0",
    "code": "013810"
}