{
    "N": "1095",
    "종목명": "원익큐브",
    "현재가": "1,860",
    "상태": "상승",
    "전일비": "80",
    "등락률": "+4.49%",
    "액면가": "500",
    "거래량": "2,468,232",
    "거래대금": "4,544",
    "전일거래량": "479,176",
    "시가": "1,760",
    "고가": "1,885",
    "저가": "1,755",
    "매수호가": "1,855",
    "매도호가": "1,860",
    "매수총잔량": "100,680",
    "매도총잔량": "197,375",
    "상장주식수": "35,400",
    "시가총액": "658",
    "매출액": "2,039",
    "자산총계": "1,429",
    "부채총계": "623",
    "영업이익": "-18",
    "당기순이익": "38",
    "주당순이익": "230",
    "보통주배당금": "N/A",
    "매출액증가율": "-7.80",
    "영업이익증가율": "-20.44",
    "외국인비율": "3.03",
    "PER": "8.09",
    "ROE": "4.94",
    "ROA": "2.61",
    "PBR": "0.81",
    "유보율": "363.1",
    "code": "014190"
}