{
    "N": "1228",
    "종목명": "메디앙스",
    "현재가": "4,195",
    "전일비": "0",
    "등락률": "0.00%",
    "액면가": "500",
    "거래량": "0",
    "거래대금": "0",
    "전일거래량": "0",
    "시가": "0",
    "고가": "0",
    "저가": "0",
    "매수호가": "0",
    "매도호가": "0",
    "매수총잔량": "0",
    "매도총잔량": "0",
    "상장주식수": "11,800",
    "시가총액": "495",
    "매출액": "983",
    "자산총계": "1,510",
    "부채총계": "693",
    "영업이익": "27",
    "당기순이익": "398",
    "주당순이익": "1,567",
    "보통주배당금": "N/A",
    "매출액증가율": "-8.83",
    "영업이익증가율": "-18.21",
    "외국인비율": "4.99",
    "PER": "2.68",
    "ROE": "60.48",
    "ROA": "29.42",
    "PBR": "0.58",
    "유보율": "1,352.3",
    "code": "014100"
}