{
    "N": "883",
    "종목명": "광림",
    "현재가": "1,725",
    "상태": "상승",
    "전일비": "45",
    "등락률": "+2.68%",
    "액면가": "500",
    "거래량": "368,474",
    "거래대금": "628",
    "전일거래량": "203,232",
    "시가": "1,680",
    "고가": "1,735",
    "저가": "1,665",
    "매수호가": "1,720",
    "매도호가": "1,725",
    "매수총잔량": "48,542",
    "매도총잔량": "47,740",
    "상장주식수": "52,922",
    "시가총액": "913",
    "매출액": "1,459",
    "자산총계": "2,525",
    "부채총계": "1,617",
    "영업이익": "-110",
    "당기순이익": "-140",
    "주당순이익": "-235",
    "보통주배당금": "N/A",
    "매출액증가율": "6.79",
    "영업이익증가율": "-951.53",
    "외국인비율": "1.02",
    "PER": "-7.34",
    "ROE": "-7.84",
    "ROA": "-6.36",
    "PBR": "1.37",
    "유보율": "193.1",
    "code": "014200"
}