{
    "N": "563",
    "종목명": "부방",
    "현재가": "2,675",
    "상태": "하락",
    "전일비": "25",
    "등락률": "-0.93%",
    "액면가": "500",
    "거래량": "421,315",
    "거래대금": "1,131",
    "전일거래량": "515,391",
    "시가": "2,700",
    "고가": "2,720",
    "저가": "2,640",
    "매수호가": "2,675",
    "매도호가": "2,680",
    "매수총잔량": "57,127",
    "매도총잔량": "15,524",
    "상장주식수": "60,052",
    "시가총액": "1,606",
    "매출액": "3,303",
    "자산총계": "2,615",
    "부채총계": "789",
    "영업이익": "-42",
    "당기순이익": "-94",
    "주당순이익": "-196",
    "보통주배당금": "20",
    "매출액증가율": "-5.26",
    "영업이익증가율": "-205.96",
    "외국인비율": "0.26",
    "PER": "-13.65",
    "ROE": "-4.69",
    "ROA": "-3.63",
    "PBR": "0.79",
    "유보율": "580.7",
    "code": "014470"
}