{
    "N": "764",
    "종목명": "고려제약",
    "현재가": "10,150",
    "전일비": "0",
    "등락률": "0.00%",
    "액면가": "500",
    "거래량": "232,491",
    "거래대금": "2,335",
    "전일거래량": "124,651",
    "시가": "10,150",
    "고가": "10,300",
    "저가": "9,860",
    "매수호가": "10,150",
    "매도호가": "10,200",
    "매수총잔량": "37,937",
    "매도총잔량": "39,027",
    "상장주식수": "11,000",
    "시가총액": "1,116",
    "매출액": "555",
    "자산총계": "758",
    "부채총계": "108",
    "영업이익": "34",
    "당기순이익": "39",
    "주당순이익": "840",
    "보통주배당금": "100",
    "매출액증가율": "6.73",
    "영업이익증가율": "-3.14",
    "외국인비율": "1.15",
    "PER": "12.08",
    "ROE": "6.09",
    "ROA": "5.24",
    "PBR": "1.59",
    "유보율": "1,091.8",
    "code": "014570"
}