{
    "N": "418",
    "종목명": "성광벤드",
    "현재가": "7,610",
    "전일비": "0",
    "등락률": "0.00%",
    "액면가": "500",
    "거래량": "628,248",
    "거래대금": "4,773",
    "전일거래량": "835,779",
    "시가": "7,580",
    "고가": "7,740",
    "저가": "7,450",
    "매수호가": "7,610",
    "매도호가": "7,620",
    "매수총잔량": "33,072",
    "매도총잔량": "24,510",
    "상장주식수": "28,600",
    "시가총액": "2,176",
    "매출액": "2,024",
    "자산총계": "5,020",
    "부채총계": "628",
    "영업이익": "70",
    "당기순이익": "62",
    "주당순이익": "74",
    "보통주배당금": "100",
    "매출액증가율": "19.10",
    "영업이익증가율": "148.06",
    "외국인비율": "9.58",
    "PER": "102.84",
    "ROE": "1.41",
    "ROA": "1.23",
    "PBR": "0.48",
    "유보율": "3,066.7",
    "code": "014620"
}