{
    "N": "598",
    "종목명": "삼륭물산",
    "현재가": "9,870",
    "상태": "상승",
    "전일비": "90",
    "등락률": "+0.92%",
    "액면가": "500",
    "거래량": "121,739",
    "거래대금": "1,210",
    "전일거래량": "141,885",
    "시가": "9,840",
    "고가": "10,050",
    "저가": "9,780",
    "매수호가": "9,870",
    "매도호가": "9,890",
    "매수총잔량": "16,826",
    "매도총잔량": "10,889",
    "상장주식수": "15,125",
    "시가총액": "1,493",
    "매출액": "887",
    "자산총계": "1,256",
    "부채총계": "541",
    "영업이익": "16",
    "당기순이익": "6",
    "주당순이익": "12",
    "보통주배당금": "75",
    "매출액증가율": "4.41",
    "영업이익증가율": "40.56",
    "외국인비율": "0.28",
    "PER": "822.50",
    "ROE": "0.85",
    "ROA": "0.46",
    "PBR": "2.08",
    "유보율": "851.1",
    "code": "014970"
}