{
    "N": "728",
    "종목명": "오리엔탈정공",
    "현재가": "2,575",
    "상태": "상승",
    "전일비": "50",
    "등락률": "+1.98%",
    "액면가": "500",
    "거래량": "845,947",
    "거래대금": "2,147",
    "전일거래량": "887,100",
    "시가": "2,530",
    "고가": "2,585",
    "저가": "2,485",
    "매수호가": "2,575",
    "매도호가": "2,580",
    "매수총잔량": "43,335",
    "매도총잔량": "83,542",
    "상장주식수": "45,574",
    "시가총액": "1,174",
    "매출액": "1,301",
    "자산총계": "1,564",
    "부채총계": "1,250",
    "영업이익": "53",
    "당기순이익": "35",
    "주당순이익": "423",
    "보통주배당금": "N/A",
    "매출액증가율": "67.93",
    "영업이익증가율": "466.85",
    "외국인비율": "1.00",
    "PER": "6.09",
    "ROE": "15.92",
    "ROA": "2.43",
    "PBR": "2.46",
    "유보율": "-31.0",
    "code": "014940"
}