{
    "N": "147",
    "종목명": "성우하이텍",
    "현재가": "6,520",
    "상태": "상승",
    "전일비": "170",
    "등락률": "+2.68%",
    "액면가": "500",
    "거래량": "1,742,683",
    "거래대금": "11,211",
    "전일거래량": "2,069,442",
    "시가": "6,240",
    "고가": "6,550",
    "저가": "6,240",
    "매수호가": "6,510",
    "매도호가": "6,520",
    "매수총잔량": "187,182",
    "매도총잔량": "76,658",
    "상장주식수": "80,000",
    "시가총액": "5,216",
    "매출액": "33,895",
    "자산총계": "34,463",
    "부채총계": "21,301",
    "영업이익": "734",
    "당기순이익": "295",
    "주당순이익": "-366",
    "보통주배당금": "80",
    "매출액증가율": "-1.95",
    "영업이익증가율": "-2.70",
    "외국인비율": "13.57",
    "PER": "-17.81",
    "ROE": "3.69",
    "ROA": "0.87",
    "PBR": "0.50",
    "유보율": "2,747.8",
    "code": "015750"
}