{
    "N": "710",
    "종목명": "코콤",
    "현재가": "6,930",
    "전일비": "0",
    "등락률": "0.00%",
    "액면가": "500",
    "거래량": "107,786",
    "거래대금": "743",
    "전일거래량": "126,373",
    "시가": "6,930",
    "고가": "6,960",
    "저가": "6,820",
    "매수호가": "6,900",
    "매도호가": "6,930",
    "매수총잔량": "22,685",
    "매도총잔량": "26,182",
    "상장주식수": "17,530",
    "시가총액": "1,215",
    "매출액": "1,339",
    "자산총계": "1,474",
    "부채총계": "295",
    "영업이익": "133",
    "당기순이익": "82",
    "주당순이익": "391",
    "보통주배당금": "160",
    "매출액증가율": "-18.16",
    "영업이익증가율": "-22.41",
    "외국인비율": "1.93",
    "PER": "17.72",
    "ROE": "7.12",
    "ROA": "5.57",
    "PBR": "0.96",
    "유보율": "1,279.7",
    "code": "015710"
}