{
    "N": "861",
    "종목명": "SGC이테크건설",
    "현재가": "59,200",
    "상태": "상승",
    "전일비": "300",
    "등락률": "+0.51%",
    "액면가": "5,000",
    "거래량": "20,364",
    "거래대금": "1,196",
    "전일거래량": "40,008",
    "시가": "58,200",
    "고가": "59,700",
    "저가": "57,400",
    "매수호가": "59,200",
    "매도호가": "59,400",
    "매수총잔량": "1,631",
    "매도총잔량": "1,186",
    "상장주식수": "1,581",
    "시가총액": "936",
    "매출액": "16,985",
    "자산총계": "20,344",
    "부채총계": "15,152",
    "영업이익": "770",
    "당기순이익": "315",
    "주당순이익": "4,635",
    "보통주배당금": "1,172",
    "매출액증가율": "14.15",
    "영업이익증가율": "-31.92",
    "외국인비율": "1.85",
    "PER": "12.77",
    "ROE": "6.68",
    "ROA": "1.60",
    "PBR": "-6.04",
    "유보율": "2,086.7",
    "code": "016250"
}