{
    "N": "882",
    "종목명": "큐캐피탈",
    "현재가": "544",
    "전일비": "0",
    "등락률": "0.00%",
    "액면가": "500",
    "거래량": "703,793",
    "거래대금": "383",
    "전일거래량": "474,052",
    "시가": "544",
    "고가": "548",
    "저가": "542",
    "매수호가": "543",
    "매도호가": "544",
    "매수총잔량": "188,516",
    "매도총잔량": "67,961",
    "상장주식수": "167,902",
    "시가총액": "913",
    "매출액": "246",
    "자산총계": "1,332",
    "부채총계": "214",
    "영업이익": "15",
    "당기순이익": "51",
    "주당순이익": "21",
    "보통주배당금": "0",
    "매출액증가율": "144.10",
    "영업이익증가율": "109.40",
    "외국인비율": "2.12",
    "PER": "25.90",
    "ROE": "4.70",
    "ROA": "3.87",
    "PBR": "0.70",
    "유보율": "62.2",
    "code": "016600"
}