{
    "N": "1176",
    "종목명": "카스",
    "현재가": "2,320",
    "상태": "하락",
    "전일비": "5",
    "등락률": "-0.22%",
    "액면가": "500",
    "거래량": "249,245",
    "거래대금": "574",
    "전일거래량": "297,259",
    "시가": "2,320",
    "고가": "2,350",
    "저가": "2,275",
    "매수호가": "2,315",
    "매도호가": "2,320",
    "매수총잔량": "41,483",
    "매도총잔량": "21,298",
    "상장주식수": "23,945",
    "시가총액": "556",
    "매출액": "1,358",
    "자산총계": "1,293",
    "부채총계": "870",
    "영업이익": "37",
    "당기순이익": "30",
    "주당순이익": "19",
    "보통주배당금": "10",
    "매출액증가율": "-2.99",
    "영업이익증가율": "-50.27",
    "외국인비율": "1.20",
    "PER": "122.11",
    "ROE": "7.11",
    "ROA": "2.34",
    "PBR": "1.08",
    "유보율": "276.1",
    "code": "016920"
}