{
    "N": "1203",
    "종목명": "신원종합개발",
    "현재가": "5,190",
    "상태": "상승",
    "전일비": "200",
    "등락률": "+4.01%",
    "액면가": "5,000",
    "거래량": "960,567",
    "거래대금": "4,956",
    "전일거래량": "809,567",
    "시가": "4,950",
    "고가": "5,350",
    "저가": "4,750",
    "매수호가": "5,190",
    "매도호가": "5,200",
    "매수총잔량": "9,864",
    "매도총잔량": "20,173",
    "상장주식수": "10,068",
    "시가총액": "523",
    "매출액": "2,565",
    "자산총계": "1,916",
    "부채총계": "1,055",
    "영업이익": "69",
    "당기순이익": "127",
    "주당순이익": "299",
    "보통주배당금": "N/A",
    "매출액증가율": "16.24",
    "영업이익증가율": "-40.91",
    "외국인비율": "1.30",
    "PER": "17.36",
    "ROE": "16.55",
    "ROA": "6.74",
    "PBR": "0.55",
    "유보율": "67.0",
    "code": "017000"
}