{
    "N": "1079",
    "종목명": "삼현철강",
    "현재가": "4,310",
    "상태": "상승",
    "전일비": "260",
    "등락률": "+6.42%",
    "액면가": "500",
    "거래량": "653,222",
    "거래대금": "2,809",
    "전일거래량": "159,933",
    "시가": "4,045",
    "고가": "4,445",
    "저가": "4,000",
    "매수호가": "4,305",
    "매도호가": "4,310",
    "매수총잔량": "2,576",
    "매도총잔량": "19,470",
    "상장주식수": "15,703",
    "시가총액": "677",
    "매출액": "2,376",
    "자산총계": "1,712",
    "부채총계": "221",
    "영업이익": "79",
    "당기순이익": "65",
    "주당순이익": "401",
    "보통주배당금": "150",
    "매출액증가율": "4.22",
    "영업이익증가율": "-11.97",
    "외국인비율": "2.93",
    "PER": "10.75",
    "ROE": "4.45",
    "ROA": "3.87",
    "PBR": "0.44",
    "유보율": "1,653.9",
    "code": "017480"
}