{
    "N": "1104",
    "종목명": "세명전기",
    "현재가": "4,215",
    "상태": "상승",
    "전일비": "140",
    "등락률": "+3.44%",
    "액면가": "500",
    "거래량": "467,473",
    "거래대금": "1,949",
    "전일거래량": "116,871",
    "시가": "4,080",
    "고가": "4,235",
    "저가": "4,050",
    "매수호가": "4,210",
    "매도호가": "4,215",
    "매수총잔량": "19,459",
    "매도총잔량": "38,249",
    "상장주식수": "15,246",
    "시가총액": "643",
    "매출액": "185",
    "자산총계": "818",
    "부채총계": "104",
    "영업이익": "17",
    "당기순이익": "34",
    "주당순이익": "165",
    "보통주배당금": "80",
    "매출액증가율": "-2.96",
    "영업이익증가율": "-49.11",
    "외국인비율": "1.89",
    "PER": "25.55",
    "ROE": "4.87",
    "ROA": "4.25",
    "PBR": "0.89",
    "유보율": "838.6",
    "code": "017510"
}