{
    "N": "920",
    "종목명": "대림제지",
    "현재가": "9,600",
    "상태": "하락",
    "전일비": "170",
    "등락률": "-1.74%",
    "액면가": "500",
    "거래량": "127,690",
    "거래대금": "1,228",
    "전일거래량": "148,258",
    "시가": "9,660",
    "고가": "9,850",
    "저가": "9,540",
    "매수호가": "9,590",
    "매도호가": "9,600",
    "매수총잔량": "31,708",
    "매도총잔량": "12,698",
    "상장주식수": "9,000",
    "시가총액": "864",
    "매출액": "1,059",
    "자산총계": "2,294",
    "부채총계": "759",
    "영업이익": "59",
    "당기순이익": "25",
    "주당순이익": "433",
    "보통주배당금": "0",
    "매출액증가율": "18.23",
    "영업이익증가율": "-31.59",
    "외국인비율": "2.81",
    "PER": "22.17",
    "ROE": "1.64",
    "ROA": "1.03",
    "PBR": "0.53",
    "유보율": "2,483.5",
    "code": "017650"
}