{
    "N": "331",
    "종목명": "한국알콜",
    "현재가": "13,050",
    "상태": "상승",
    "전일비": "50",
    "등락률": "+0.38%",
    "액면가": "500",
    "거래량": "390,543",
    "거래대금": "5,056",
    "전일거래량": "222,568",
    "시가": "13,000",
    "고가": "13,150",
    "저가": "12,800",
    "매수호가": "13,050",
    "매도호가": "13,100",
    "매수총잔량": "88,607",
    "매도총잔량": "80,735",
    "상장주식수": "21,606",
    "시가총액": "2,820",
    "매출액": "2,914",
    "자산총계": "4,371",
    "부채총계": "1,026",
    "영업이익": "331",
    "당기순이익": "321",
    "주당순이익": "2,212",
    "보통주배당금": "100",
    "매출액증가율": "13.85",
    "영업이익증가율": "16.12",
    "외국인비율": "1.90",
    "PER": "5.90",
    "ROE": "10.23",
    "ROA": "7.88",
    "PBR": "0.73",
    "유보율": "2,862.6",
    "code": "017890"
}