{
    "N": "113",
    "종목명": "유니슨",
    "현재가": "5,200",
    "상태": "상승",
    "전일비": "255",
    "등락률": "+5.16%",
    "액면가": "500",
    "거래량": "7,867,020",
    "거래대금": "40,774",
    "전일거래량": "2,029,844",
    "시가": "5,010",
    "고가": "5,300",
    "저가": "4,960",
    "매수호가": "5,190",
    "매도호가": "5,200",
    "매수총잔량": "171,206",
    "매도총잔량": "223,246",
    "상장주식수": "121,145",
    "시가총액": "6,300",
    "매출액": "759",
    "자산총계": "2,364",
    "부채총계": "1,652",
    "영업이익": "-138",
    "당기순이익": "-41",
    "주당순이익": "-110",
    "보통주배당금": "0",
    "매출액증가율": "-54.05",
    "영업이익증가율": "-1,541.16",
    "외국인비율": "3.40",
    "PER": "-47.27",
    "ROE": "-5.71",
    "ROA": "-1.76",
    "PBR": "7.66",
    "유보율": "45.4",
    "code": "018000"
}