{
    "N": "454",
    "종목명": "진로발효",
    "현재가": "30,400",
    "전일비": "0",
    "등락률": "0.00%",
    "액면가": "500",
    "거래량": "4,612",
    "거래대금": "140",
    "전일거래량": "9,679",
    "시가": "30,550",
    "고가": "30,550",
    "저가": "30,300",
    "매수호가": "30,400",
    "매도호가": "30,450",
    "매수총잔량": "2,939",
    "매도총잔량": "3,254",
    "상장주식수": "6,621",
    "시가총액": "2,013",
    "매출액": "884",
    "자산총계": "911",
    "부채총계": "117",
    "영업이익": "165",
    "당기순이익": "143",
    "주당순이익": "2,554",
    "보통주배당금": "1,350",
    "매출액증가율": "1.70",
    "영업이익증가율": "-0.20",
    "외국인비율": "10.24",
    "PER": "11.90",
    "ROE": "15.81",
    "ROA": "13.78",
    "PBR": "2.48",
    "유보율": "2,734.2",
    "code": "018120"
}