{
    "N": "306",
    "종목명": "브이티지엠피",
    "현재가": "8,760",
    "상태": "상승",
    "전일비": "40",
    "등락률": "+0.46%",
    "액면가": "500",
    "거래량": "426,888",
    "거래대금": "3,707",
    "전일거래량": "568,230",
    "시가": "8,720",
    "고가": "8,790",
    "저가": "8,630",
    "매수호가": "8,750",
    "매도호가": "8,760",
    "매수총잔량": "22,249",
    "매도총잔량": "15,508",
    "상장주식수": "34,160",
    "시가총액": "2,992",
    "매출액": "1,128",
    "자산총계": "1,359",
    "부채총계": "746",
    "영업이익": "103",
    "당기순이익": "34",
    "주당순이익": "73",
    "보통주배당금": "0",
    "매출액증가율": "3.00",
    "영업이익증가율": "-23.43",
    "외국인비율": "2.97",
    "PER": "120.00",
    "ROE": "4.98",
    "ROA": "2.63",
    "PBR": "3.95",
    "유보율": "524.5",
    "code": "018290"
}