{
    "N": "675",
    "종목명": "삼목에스폼",
    "현재가": "8,910",
    "상태": "상승",
    "전일비": "280",
    "등락률": "+3.24%",
    "액면가": "500",
    "거래량": "127,759",
    "거래대금": "1,143",
    "전일거래량": "28,421",
    "시가": "8,630",
    "고가": "9,400",
    "저가": "8,560",
    "매수호가": "8,900",
    "매도호가": "8,910",
    "매수총잔량": "1,922",
    "매도총잔량": "2,341",
    "상장주식수": "14,700",
    "시가총액": "1,310",
    "매출액": "1,442",
    "자산총계": "3,964",
    "부채총계": "541",
    "영업이익": "114",
    "당기순이익": "137",
    "주당순이익": "-210",
    "보통주배당금": "100",
    "매출액증가율": "-23.67",
    "영업이익증가율": "-74.02",
    "외국인비율": "3.46",
    "PER": "-42.43",
    "ROE": "4.07",
    "ROA": "3.56",
    "PBR": "0.32",
    "유보율": "4,966.4",
    "code": "018310"
}