{
    "N": "976",
    "종목명": "우진비앤지",
    "현재가": "2,920",
    "상태": "상승",
    "전일비": "20",
    "등락률": "+0.69%",
    "액면가": "500",
    "거래량": "966,778",
    "거래대금": "2,833",
    "전일거래량": "330,795",
    "시가": "2,920",
    "고가": "3,010",
    "저가": "2,850",
    "매수호가": "2,920",
    "매도호가": "2,930",
    "매수총잔량": "34,904",
    "매도총잔량": "19,350",
    "상장주식수": "27,593",
    "시가총액": "806",
    "매출액": "336",
    "자산총계": "851",
    "부채총계": "464",
    "영업이익": "-16",
    "당기순이익": "-136",
    "주당순이익": "-382",
    "보통주배당금": "0",
    "매출액증가율": "9.79",
    "영업이익증가율": "67.63",
    "외국인비율": "1.97",
    "PER": "-7.64",
    "ROE": "-47.55",
    "ROA": "-18.67",
    "PBR": "2.57",
    "유보율": "110.1",
    "code": "018620"
}