{
    "N": "850",
    "종목명": "서울제약",
    "현재가": "11,200",
    "상태": "상승",
    "전일비": "400",
    "등락률": "+3.70%",
    "액면가": "500",
    "거래량": "166,496",
    "거래대금": "1,811",
    "전일거래량": "85,834",
    "시가": "10,700",
    "고가": "11,250",
    "저가": "10,500",
    "매수호가": "11,150",
    "매도호가": "11,200",
    "매수총잔량": "30,517",
    "매도총잔량": "21,377",
    "상장주식수": "8,525",
    "시가총액": "955",
    "매출액": "520",
    "자산총계": "928",
    "부채총계": "423",
    "영업이익": "40",
    "당기순이익": "2",
    "주당순이익": "517",
    "보통주배당금": "15",
    "매출액증가율": "17.91",
    "영업이익증가율": "205.83",
    "외국인비율": "1.48",
    "PER": "21.66",
    "ROE": "0.47",
    "ROA": "0.26",
    "PBR": "2.71",
    "유보율": "1,091.7",
    "code": "018680"
}