{
    "N": "874",
    "종목명": "바른손",
    "현재가": "3,140",
    "상태": "상승",
    "전일비": "20",
    "등락률": "+0.64%",
    "액면가": "1,000",
    "거래량": "174,961",
    "거래대금": "547",
    "전일거래량": "889,315",
    "시가": "3,120",
    "고가": "3,200",
    "저가": "3,080",
    "매수호가": "3,140",
    "매도호가": "3,160",
    "매수총잔량": "22,043",
    "매도총잔량": "20,179",
    "상장주식수": "29,471",
    "시가총액": "925",
    "매출액": "58",
    "자산총계": "550",
    "부채총계": "72",
    "영업이익": "-27",
    "당기순이익": "-144",
    "주당순이익": "-540",
    "보통주배당금": "N/A",
    "매출액증가율": "-12.13",
    "영업이익증가율": "27.73",
    "외국인비율": "0.00",
    "PER": "-5.81",
    "ROE": "-31.81",
    "ROA": "-30.66",
    "PBR": "1.83",
    "유보율": "81.7",
    "code": "018700"
}