{
    "N": "898",
    "종목명": "베뉴지",
    "현재가": "1,855",
    "상태": "상승",
    "전일비": "20",
    "등락률": "+1.09%",
    "액면가": "500",
    "거래량": "486,518",
    "거래대금": "906",
    "전일거래량": "609,315",
    "시가": "1,845",
    "고가": "1,895",
    "저가": "1,835",
    "매수호가": "1,855",
    "매도호가": "1,860",
    "매수총잔량": "43,840",
    "매도총잔량": "83,657",
    "상장주식수": "48,200",
    "시가총액": "894",
    "매출액": "590",
    "자산총계": "5,784",
    "부채총계": "2,860",
    "영업이익": "60",
    "당기순이익": "23",
    "주당순이익": "149",
    "보통주배당금": "30",
    "매출액증가율": "12.56",
    "영업이익증가율": "194.94",
    "외국인비율": "0.92",
    "PER": "12.45",
    "ROE": "1.41",
    "ROA": "0.41",
    "PBR": "0.29",
    "유보율": "794.5",
    "code": "019010"
}