{
    "N": "460",
    "종목명": "와이지-원",
    "현재가": "6,530",
    "전일비": "0",
    "등락률": "0.00%",
    "액면가": "500",
    "거래량": "271,038",
    "거래대금": "1,759",
    "전일거래량": "247,820",
    "시가": "6,530",
    "고가": "6,580",
    "저가": "6,400",
    "매수호가": "6,530",
    "매도호가": "6,540",
    "매수총잔량": "9,605",
    "매도총잔량": "43,088",
    "상장주식수": "30,574",
    "시가총액": "1,996",
    "매출액": "4,280",
    "자산총계": "8,470",
    "부채총계": "5,161",
    "영업이익": "132",
    "당기순이익": "6",
    "주당순이익": "-948",
    "보통주배당금": "120",
    "매출액증가율": "9.47",
    "영업이익증가율": "-71.19",
    "외국인비율": "11.26",
    "PER": "-6.89",
    "ROE": "0.42",
    "ROA": "0.07",
    "PBR": "0.68",
    "유보율": "1,995.5",
    "code": "019210"
}