{
    "N": "427",
    "종목명": "SBI인베스트먼트",
    "현재가": "1,305",
    "상태": "하락",
    "전일비": "5",
    "등락률": "-0.38%",
    "액면가": "500",
    "거래량": "33,620,038",
    "거래대금": "45,486",
    "전일거래량": "11,938,103",
    "시가": "1,295",
    "고가": "1,465",
    "저가": "1,260",
    "매수호가": "1,300",
    "매도호가": "1,305",
    "매수총잔량": "664,855",
    "매도총잔량": "747,332",
    "상장주식수": "162,067",
    "시가총액": "2,115",
    "매출액": "236",
    "자산총계": "1,107",
    "부채총계": "162",
    "영업이익": "115",
    "당기순이익": "114",
    "주당순이익": "107",
    "보통주배당금": "N/A",
    "매출액증가율": "39.77",
    "영업이익증가율": "297.88",
    "외국인비율": "4.83",
    "PER": "12.20",
    "ROE": "12.85",
    "ROA": "10.90",
    "PBR": "1.97",
    "유보율": "14.5",
    "code": "019550"
}