{
    "N": "1086",
    "종목명": "엠벤처투자",
    "현재가": "1,095",
    "상태": "상승",
    "전일비": "5",
    "등락률": "+0.46%",
    "액면가": "500",
    "거래량": "743,802",
    "거래대금": "815",
    "전일거래량": "479,139",
    "시가": "1,090",
    "고가": "1,115",
    "저가": "1,065",
    "매수호가": "1,090",
    "매도호가": "1,095",
    "매수총잔량": "87,299",
    "매도총잔량": "214,047",
    "상장주식수": "61,459",
    "시가총액": "673",
    "매출액": "152",
    "자산총계": "504",
    "부채총계": "120",
    "영업이익": "94",
    "당기순이익": "91",
    "주당순이익": "-14",
    "보통주배당금": "0",
    "매출액증가율": "57.15",
    "영업이익증가율": "294.14",
    "외국인비율": "2.97",
    "PER": "-78.21",
    "ROE": "24.26",
    "ROA": "21.17",
    "PBR": "1.83",
    "유보율": "27.7",
    "code": "019590"
}