{
    "N": "1229",
    "종목명": "리더스 기술투자",
    "현재가": "516",
    "상태": "상승",
    "전일비": "2",
    "등락률": "+0.39%",
    "액면가": "500",
    "거래량": "314,905",
    "거래대금": "161",
    "전일거래량": "487,540",
    "시가": "514",
    "고가": "517",
    "저가": "503",
    "매수호가": "515",
    "매도호가": "516",
    "매수총잔량": "156,679",
    "매도총잔량": "97,036",
    "상장주식수": "95,889",
    "시가총액": "495",
    "매출액": "89",
    "자산총계": "585",
    "부채총계": "364",
    "영업이익": "-110",
    "당기순이익": "-111",
    "주당순이익": "-66",
    "보통주배당금": "0",
    "매출액증가율": "103.26",
    "영업이익증가율": "-228.95",
    "외국인비율": "1.34",
    "PER": "-7.82",
    "ROE": "-52.68",
    "ROA": "-26.33",
    "PBR": "1.57",
    "유보율": "-41.5",
    "code": "019570"
}