{
    "N": "1163",
    "종목명": "일지테크",
    "현재가": "4,215",
    "상태": "하락",
    "전일비": "85",
    "등락률": "-1.98%",
    "액면가": "500",
    "거래량": "552,318",
    "거래대금": "2,330",
    "전일거래량": "2,107,047",
    "시가": "4,285",
    "고가": "4,295",
    "저가": "4,120",
    "매수호가": "4,215",
    "매도호가": "4,220",
    "매수총잔량": "39,983",
    "매도총잔량": "35,177",
    "상장주식수": "13,514",
    "시가총액": "570",
    "매출액": "1,911",
    "자산총계": "3,496",
    "부채총계": "2,307",
    "영업이익": "-146",
    "당기순이익": "-43",
    "주당순이익": "27",
    "보통주배당금": "N/A",
    "매출액증가율": "-16.36",
    "영업이익증가율": "-1,076.39",
    "외국인비율": "0.91",
    "PER": "156.11",
    "ROE": "-3.54",
    "ROA": "-1.23",
    "PBR": "0.50",
    "유보율": "1,723.1",
    "code": "019540"
}