{
    "N": "644",
    "종목명": "글로본",
    "현재가": "4,555",
    "상태": "상승",
    "전일비": "580",
    "등락률": "+14.59%",
    "액면가": "500",
    "거래량": "2,541,371",
    "거래대금": "11,168",
    "전일거래량": "1,881,435",
    "시가": "4,020",
    "고가": "4,570",
    "저가": "4,010",
    "매수호가": "4,550",
    "매도호가": "4,555",
    "매수총잔량": "5,213",
    "매도총잔량": "71,792",
    "상장주식수": "30,203",
    "시가총액": "1,376",
    "매출액": "103",
    "자산총계": "332",
    "부채총계": "125",
    "영업이익": "-47",
    "당기순이익": "-93",
    "주당순이익": "-175",
    "보통주배당금": "0",
    "매출액증가율": "-65.43",
    "영업이익증가율": "-393.16",
    "외국인비율": "0.00",
    "PER": "-26.03",
    "ROE": "-38.25",
    "ROA": "-23.09",
    "PBR": "8.70",
    "유보율": "42.5",
    "code": "019660"
}