{
    "N": "799",
    "종목명": "서연탑메탈",
    "현재가": "9,050",
    "상태": "하락",
    "전일비": "270",
    "등락률": "-2.90%",
    "액면가": "500",
    "거래량": "875,973",
    "거래대금": "7,996",
    "전일거래량": "3,083,132",
    "시가": "9,290",
    "고가": "9,370",
    "저가": "8,970",
    "매수호가": "9,050",
    "매도호가": "9,060",
    "매수총잔량": "65,362",
    "매도총잔량": "16,620",
    "상장주식수": "11,650",
    "시가총액": "1,054",
    "매출액": "1,597",
    "자산총계": "1,563",
    "부채총계": "893",
    "영업이익": "4",
    "당기순이익": "-32",
    "주당순이익": "52",
    "보통주배당금": "60",
    "매출액증가율": "8.66",
    "영업이익증가율": "129.59",
    "외국인비율": "0.30",
    "PER": "174.04",
    "ROE": "-4.46",
    "ROA": "-2.00",
    "PBR": "1.54",
    "유보율": "1,078.1",
    "code": "019770"
}