{
    "N": "1293",
    "종목명": "에너토크",
    "현재가": "4,340",
    "상태": "상승",
    "전일비": "75",
    "등락률": "+1.76%",
    "액면가": "500",
    "거래량": "53,423",
    "거래대금": "229",
    "전일거래량": "49,344",
    "시가": "4,250",
    "고가": "4,345",
    "저가": "4,180",
    "매수호가": "4,335",
    "매도호가": "4,340",
    "매수총잔량": "2,192",
    "매도총잔량": "7,381",
    "상장주식수": "9,756",
    "시가총액": "423",
    "매출액": "235",
    "자산총계": "429",
    "부채총계": "28",
    "영업이익": "2",
    "당기순이익": "5",
    "주당순이익": "125",
    "보통주배당금": "50",
    "매출액증가율": "1.86",
    "영업이익증가율": "-84.80",
    "외국인비율": "21.07",
    "PER": "34.72",
    "ROE": "1.20",
    "ROA": "1.13",
    "PBR": "1.03",
    "유보율": "749.9",
    "code": "019990"
}