{
    "N": "1377",
    "종목명": "대동금속",
    "현재가": "9,500",
    "상태": "상승",
    "전일비": "220",
    "등락률": "+2.37%",
    "액면가": "1,000",
    "거래량": "18,815",
    "거래대금": "177",
    "전일거래량": "11,568",
    "시가": "9,280",
    "고가": "9,510",
    "저가": "9,190",
    "매수호가": "9,470",
    "매도호가": "9,500",
    "매수총잔량": "4,881",
    "매도총잔량": "3,021",
    "상장주식수": "2,608",
    "시가총액": "248",
    "매출액": "885",
    "자산총계": "1,065",
    "부채총계": "719",
    "영업이익": "33",
    "당기순이익": "0",
    "주당순이익": "270",
    "보통주배당금": "60",
    "매출액증가율": "9.48",
    "영업이익증가율": "71.20",
    "외국인비율": "0.08",
    "PER": "35.19",
    "ROE": "0.00",
    "ROA": "0.00",
    "PBR": "0.69",
    "유보율": "695.2",
    "code": "020400"
}