{
    "N": "807",
    "종목명": "시공테크",
    "현재가": "5,180",
    "상태": "상승",
    "전일비": "50",
    "등락률": "+0.97%",
    "액면가": "500",
    "거래량": "70,278",
    "거래대금": "364",
    "전일거래량": "177,285",
    "시가": "5,140",
    "고가": "5,240",
    "저가": "5,100",
    "매수호가": "5,160",
    "매도호가": "5,180",
    "매수총잔량": "125,448",
    "매도총잔량": "15,509",
    "상장주식수": "20,048",
    "시가총액": "1,038",
    "매출액": "1,198",
    "자산총계": "1,552",
    "부채총계": "469",
    "영업이익": "80",
    "당기순이익": "153",
    "주당순이익": "737",
    "보통주배당금": "80",
    "매출액증가율": "64.17",
    "영업이익증가율": "269.78",
    "외국인비율": "0.73",
    "PER": "7.03",
    "ROE": "15.13",
    "ROA": "11.06",
    "PBR": "0.86",
    "유보율": "980.6",
    "code": "020710"
}