{
    "N": "1470",
    "종목명": "대호피앤씨우",
    "현재가": "1,420",
    "상태": "하락",
    "전일비": "10",
    "등락률": "-0.70%",
    "액면가": "500",
    "거래량": "18,260",
    "거래대금": "26",
    "전일거래량": "42,894",
    "시가": "1,390",
    "고가": "1,425",
    "저가": "1,390",
    "매수호가": "1,410",
    "매도호가": "1,420",
    "매수총잔량": "8,873",
    "매도총잔량": "8,631",
    "상장주식수": "4,242",
    "시가총액": "60",
    "매출액": "N/A",
    "자산총계": "N/A",
    "부채총계": "N/A",
    "영업이익": "N/A",
    "당기순이익": "N/A",
    "주당순이익": "-203",
    "보통주배당금": "N/A",
    "매출액증가율": "N/A",
    "영업이익증가율": "N/A",
    "외국인비율": "2.98",
    "PER": "-7.00",
    "ROE": "N/A",
    "ROA": "N/A",
    "PBR": "1.92",
    "유보율": "N/A",
    "code": "021045"
}