{
    "N": "704",
    "종목명": "에이티넘인베스트",
    "현재가": "2,580",
    "상태": "하락",
    "전일비": "80",
    "등락률": "-3.01%",
    "액면가": "500",
    "거래량": "767,022",
    "거래대금": "1,995",
    "전일거래량": "1,485,160",
    "시가": "2,625",
    "고가": "2,650",
    "저가": "2,560",
    "매수호가": "2,580",
    "매도호가": "2,585",
    "매수총잔량": "69,036",
    "매도총잔량": "21,449",
    "상장주식수": "48,000",
    "시가총액": "1,238",
    "매출액": "214",
    "자산총계": "841",
    "부채총계": "44",
    "영업이익": "85",
    "당기순이익": "67",
    "주당순이익": "196",
    "보통주배당금": "50",
    "매출액증가율": "25.26",
    "영업이익증가율": "6.35",
    "외국인비율": "2.00",
    "PER": "13.16",
    "ROE": "8.70",
    "ROA": "8.30",
    "PBR": "1.49",
    "유보율": "232.2",
    "code": "021080"
}