{
    "N": "1120",
    "종목명": "대호피앤씨",
    "현재가": "862",
    "전일비": "0",
    "등락률": "0.00%",
    "액면가": "500",
    "거래량": "583,334",
    "거래대금": "506",
    "전일거래량": "336,018",
    "시가": "853",
    "고가": "881",
    "저가": "844",
    "매수호가": "861",
    "매도호가": "862",
    "매수총잔량": "37,730",
    "매도총잔량": "72,279",
    "상장주식수": "73,113",
    "시가총액": "630",
    "매출액": "2,042",
    "자산총계": "1,480",
    "부채총계": "759",
    "영업이익": "46",
    "당기순이익": "7",
    "주당순이익": "-203",
    "보통주배당금": "0",
    "매출액증가율": "-2.71",
    "영업이익증가율": "-23.71",
    "외국인비율": "2.36",
    "PER": "-4.25",
    "ROE": "0.96",
    "ROA": "0.46",
    "PBR": "1.16",
    "유보율": "66.4",
    "code": "021040"
}