{
    "N": "456",
    "종목명": "KCC건설",
    "현재가": "9,400",
    "상태": "상승",
    "전일비": "600",
    "등락률": "+6.82%",
    "액면가": "5,000",
    "거래량": "541,940",
    "거래대금": "5,074",
    "전일거래량": "81,133",
    "시가": "8,890",
    "고가": "9,750",
    "저가": "8,820",
    "매수호가": "9,400",
    "매도호가": "9,410",
    "매수총잔량": "9,264",
    "매도총잔량": "10,188",
    "상장주식수": "21,400",
    "시가총액": "2,012",
    "매출액": "16,425",
    "자산총계": "10,392",
    "부채총계": "6,617",
    "영업이익": "588",
    "당기순이익": "282",
    "주당순이익": "1,496",
    "보통주배당금": "150",
    "매출액증가율": "54.43",
    "영업이익증가율": "23.09",
    "외국인비율": "4.47",
    "PER": "6.28",
    "ROE": "7.72",
    "ROA": "2.81",
    "PBR": "0.48",
    "유보율": "254.0",
    "code": "021320"
}