{
    "N": "1064",
    "종목명": "한국큐빅",
    "현재가": "4,250",
    "상태": "상승",
    "전일비": "110",
    "등락률": "+2.66%",
    "액면가": "500",
    "거래량": "2,337,587",
    "거래대금": "10,131",
    "전일거래량": "1,223,503",
    "시가": "4,365",
    "고가": "4,550",
    "저가": "4,150",
    "매수호가": "4,245",
    "매도호가": "4,250",
    "매수총잔량": "21,966",
    "매도총잔량": "24,836",
    "상장주식수": "16,351",
    "시가총액": "695",
    "매출액": "1,568",
    "자산총계": "1,311",
    "부채총계": "739",
    "영업이익": "60",
    "당기순이익": "33",
    "주당순이익": "474",
    "보통주배당금": "25",
    "매출액증가율": "-4.58",
    "영업이익증가율": "88.22",
    "외국인비율": "5.84",
    "PER": "8.97",
    "ROE": "5.99",
    "ROA": "2.46",
    "PBR": "1.05",
    "유보율": "601.6",
    "code": "021650"
}