{
    "N": "1270",
    "종목명": "메이슨캐피탈",
    "현재가": "450",
    "상태": "상승",
    "전일비": "5",
    "등락률": "+1.12%",
    "액면가": "500",
    "거래량": "1,049,808",
    "거래대금": "475",
    "전일거래량": "1,086,469",
    "시가": "445",
    "고가": "459",
    "저가": "445",
    "매수호가": "450",
    "매도호가": "451",
    "매수총잔량": "127,903",
    "매도총잔량": "153,219",
    "상장주식수": "99,184",
    "시가총액": "446",
    "매출액": "83",
    "자산총계": "490",
    "부채총계": "180",
    "영업이익": "-71",
    "당기순이익": "-69",
    "주당순이익": "-49",
    "보통주배당금": "N/A",
    "매출액증가율": "-39.57",
    "영업이익증가율": "-0.29",
    "외국인비율": "2.20",
    "PER": "-9.18",
    "ROE": "-20.06",
    "ROA": "-12.07",
    "PBR": "1.37",
    "유보율": "-37.5",
    "code": "021880"
}