{
    "N": "41",
    "종목명": "포스코 ICT",
    "현재가": "8,660",
    "상태": "상승",
    "전일비": "80",
    "등락률": "+0.93%",
    "액면가": "500",
    "거래량": "9,152,786",
    "거래대금": "78,562",
    "전일거래량": "48,408,592",
    "시가": "8,580",
    "고가": "8,780",
    "저가": "8,340",
    "매수호가": "8,650",
    "매도호가": "8,660",
    "매수총잔량": "96,753",
    "매도총잔량": "115,315",
    "상장주식수": "152,035",
    "시가총액": "13,166",
    "매출액": "9,698",
    "자산총계": "6,754",
    "부채총계": "3,092",
    "영업이익": "481",
    "당기순이익": "397",
    "주당순이익": "238",
    "보통주배당금": "50",
    "매출액증가율": "4.61",
    "영업이익증가율": "14.16",
    "외국인비율": "2.77",
    "PER": "36.39",
    "ROE": "11.13",
    "ROA": "6.17",
    "PBR": "3.45",
    "유보율": "385.6",
    "code": "022100"
}