{
    "N": "841",
    "종목명": "정산애강",
    "현재가": "1,870",
    "전일비": "0",
    "등락률": "0.00%",
    "액면가": "500",
    "거래량": "158,605",
    "거래대금": "296",
    "전일거래량": "164,705",
    "시가": "1,895",
    "고가": "1,895",
    "저가": "1,850",
    "매수호가": "1,865",
    "매도호가": "1,870",
    "매수총잔량": "50,246",
    "매도총잔량": "66,085",
    "상장주식수": "51,795",
    "시가총액": "969",
    "매출액": "714",
    "자산총계": "943",
    "부채총계": "113",
    "영업이익": "102",
    "당기순이익": "115",
    "주당순이익": "83",
    "보통주배당금": "N/A",
    "매출액증가율": "9.89",
    "영업이익증가율": "1.75",
    "외국인비율": "2.35",
    "PER": "22.53",
    "ROE": "14.90",
    "ROA": "12.99",
    "PBR": "1.13",
    "유보율": "222.8",
    "code": "022220"
}