{
    "N": "436",
    "종목명": "태광",
    "현재가": "7,780",
    "상태": "하락",
    "전일비": "150",
    "등락률": "-1.89%",
    "액면가": "500",
    "거래량": "508,972",
    "거래대금": "3,977",
    "전일거래량": "1,313,680",
    "시가": "7,820",
    "고가": "7,930",
    "저가": "7,740",
    "매수호가": "7,780",
    "매도호가": "7,790",
    "매수총잔량": "37,385",
    "매도총잔량": "6,348",
    "상장주식수": "26,500",
    "시가총액": "2,062",
    "매출액": "1,898",
    "자산총계": "4,831",
    "부채총계": "457",
    "영업이익": "87",
    "당기순이익": "108",
    "주당순이익": "86",
    "보통주배당금": "100",
    "매출액증가율": "19.61",
    "영업이익증가율": "115.50",
    "외국인비율": "12.87",
    "PER": "90.47",
    "ROE": "2.53",
    "ROA": "2.29",
    "PBR": "0.47",
    "유보율": "3,264.9",
    "code": "023160"
}