{
    "N": "904",
    "종목명": "CNH",
    "현재가": "2,385",
    "상태": "상승",
    "전일비": "105",
    "등락률": "+4.61%",
    "액면가": "2,500",
    "거래량": "562,901",
    "거래대금": "1,378",
    "전일거래량": "142,629",
    "시가": "2,250",
    "고가": "2,555",
    "저가": "2,250",
    "매수호가": "2,380",
    "매도호가": "2,385",
    "매수총잔량": "15,786",
    "매도총잔량": "5,932",
    "상장주식수": "37,200",
    "시가총액": "887",
    "매출액": "1,678",
    "자산총계": "4,653",
    "부채총계": "3,555",
    "영업이익": "211",
    "당기순이익": "159",
    "주당순이익": "477",
    "보통주배당금": "30",
    "매출액증가율": "168.05",
    "영업이익증가율": "1,113.66",
    "외국인비율": "0.58",
    "PER": "5.00",
    "ROE": "15.27",
    "ROA": "4.03",
    "PBR": "0.73",
    "유보율": "20.0",
    "code": "023460"
}