{
    "N": "228",
    "종목명": "유진기업",
    "현재가": "5,020",
    "상태": "상승",
    "전일비": "230",
    "등락률": "+4.80%",
    "액면가": "500",
    "거래량": "4,245,290",
    "거래대금": "21,294",
    "전일거래량": "730,432",
    "시가": "4,780",
    "고가": "5,250",
    "저가": "4,730",
    "매수호가": "5,020",
    "매도호가": "5,030",
    "매수총잔량": "112,488",
    "매도총잔량": "79,805",
    "상장주식수": "77,311",
    "시가총액": "3,881",
    "매출액": "14,578",
    "자산총계": "45,279",
    "부채총계": "37,365",
    "영업이익": "1,280",
    "당기순이익": "196",
    "주당순이익": "438",
    "보통주배당금": "150",
    "매출액증가율": "0.46",
    "영업이익증가율": "-2.18",
    "외국인비율": "8.76",
    "PER": "11.46",
    "ROE": "2.61",
    "ROA": "0.45",
    "PBR": "0.44",
    "유보율": "1,963.7",
    "code": "023410"
}