{
    "N": "989",
    "종목명": "제일제강",
    "현재가": "2,645",
    "상태": "상승",
    "전일비": "45",
    "등락률": "+1.73%",
    "액면가": "500",
    "거래량": "427,960",
    "거래대금": "1,132",
    "전일거래량": "712,631",
    "시가": "2,605",
    "고가": "2,695",
    "저가": "2,580",
    "매수호가": "2,630",
    "매도호가": "2,645",
    "매수총잔량": "44,080",
    "매도총잔량": "41,833",
    "상장주식수": "29,492",
    "시가총액": "780",
    "매출액": "251",
    "자산총계": "839",
    "부채총계": "228",
    "영업이익": "-33",
    "당기순이익": "-35",
    "주당순이익": "-180",
    "보통주배당금": "N/A",
    "매출액증가율": "-17.77",
    "영업이익증가율": "-556.70",
    "외국인비율": "1.83",
    "PER": "-14.69",
    "ROE": "-5.83",
    "ROA": "-4.08",
    "PBR": "1.36",
    "유보율": "313.1",
    "code": "023440"
}