{
    "N": "499",
    "종목명": "삼보판지",
    "현재가": "11,450",
    "상태": "하락",
    "전일비": "200",
    "등락률": "-1.72%",
    "액면가": "500",
    "거래량": "479,363",
    "거래대금": "5,438",
    "전일거래량": "409,669",
    "시가": "11,500",
    "고가": "11,650",
    "저가": "11,250",
    "매수호가": "11,400",
    "매도호가": "11,450",
    "매수총잔량": "122,832",
    "매도총잔량": "37,498",
    "상장주식수": "16,170",
    "시가총액": "1,851",
    "매출액": "3,670",
    "자산총계": "5,308",
    "부채총계": "1,376",
    "영업이익": "457",
    "당기순이익": "321",
    "주당순이익": "1,695",
    "보통주배당금": "125",
    "매출액증가율": "-2.44",
    "영업이익증가율": "-17.19",
    "외국인비율": "2.57",
    "PER": "6.76",
    "ROE": "8.37",
    "ROA": "5.98",
    "PBR": "0.49",
    "유보율": "4,300.1",
    "code": "023600"
}