{
    "N": "1282",
    "종목명": "동일철강",
    "현재가": "5,900",
    "상태": "하락",
    "전일비": "10",
    "등락률": "-0.17%",
    "액면가": "500",
    "거래량": "165,952",
    "거래대금": "976",
    "전일거래량": "221,774",
    "시가": "5,820",
    "고가": "6,040",
    "저가": "5,760",
    "매수호가": "5,900",
    "매도호가": "5,910",
    "매수총잔량": "7,374",
    "매도총잔량": "4,590",
    "상장주식수": "7,345",
    "시가총액": "433",
    "매출액": "266",
    "자산총계": "901",
    "부채총계": "358",
    "영업이익": "-40",
    "당기순이익": "39",
    "주당순이익": "-809",
    "보통주배당금": "N/A",
    "매출액증가율": "9.66",
    "영업이익증가율": "-86.48",
    "외국인비율": "1.58",
    "PER": "-7.29",
    "ROE": "7.33",
    "ROA": "3.29",
    "PBR": "0.76",
    "유보율": "1,235.8",
    "code": "023790"
}