{
    "N": "496",
    "종목명": "한국캐피탈",
    "현재가": "594",
    "상태": "상승",
    "전일비": "24",
    "등락률": "+4.21%",
    "액면가": "500",
    "거래량": "1,893,108",
    "거래대금": "1,110",
    "전일거래량": "609,796",
    "시가": "572",
    "고가": "598",
    "저가": "569",
    "매수호가": "592",
    "매도호가": "594",
    "매수총잔량": "126,250",
    "매도총잔량": "297,221",
    "상장주식수": "315,610",
    "시가총액": "1,875",
    "매출액": "1,771",
    "자산총계": "22,634",
    "부채총계": "19,803",
    "영업이익": "269",
    "당기순이익": "210",
    "주당순이익": "99",
    "보통주배당금": "25",
    "매출액증가율": "25.86",
    "영업이익증가율": "28.99",
    "외국인비율": "0.36",
    "PER": "6.00",
    "ROE": "7.81",
    "ROA": "1.00",
    "PBR": "0.62",
    "유보율": "80.7",
    "code": "023760"
}