{
    "N": "986",
    "종목명": "플레이위드",
    "현재가": "9,040",
    "상태": "하락",
    "전일비": "40",
    "등락률": "-0.44%",
    "액면가": "500",
    "거래량": "43,286",
    "거래대금": "391",
    "전일거래량": "51,203",
    "시가": "9,050",
    "고가": "9,190",
    "저가": "8,960",
    "매수호가": "9,040",
    "매도호가": "9,090",
    "매수총잔량": "17,148",
    "매도총잔량": "3,076",
    "상장주식수": "8,704",
    "시가총액": "787",
    "매출액": "560",
    "자산총계": "1,227",
    "부채총계": "1,046",
    "영업이익": "136",
    "당기순이익": "91",
    "주당순이익": "2,349",
    "보통주배당금": "0",
    "매출액증가율": "374.23",
    "영업이익증가율": "810.34",
    "외국인비율": "1.85",
    "PER": "3.85",
    "ROE": "81.43",
    "ROA": "8.99",
    "PBR": "2.42",
    "유보율": "791.5",
    "code": "023770"
}