{
    "N": "149",
    "종목명": "한국아트라스비엑스",
    "현재가": "55,800",
    "상태": "하락",
    "전일비": "400",
    "등락률": "-0.71%",
    "액면가": "1,000",
    "거래량": "1,532",
    "거래대금": "85",
    "전일거래량": "1,455",
    "시가": "57,000",
    "고가": "58,000",
    "저가": "55,200",
    "매수호가": "55,400",
    "매도호가": "55,800",
    "매수총잔량": "1,063",
    "매도총잔량": "102",
    "상장주식수": "9,150",
    "시가총액": "5,106",
    "매출액": "6,480",
    "자산총계": "4,803",
    "부채총계": "1,132",
    "영업이익": "646",
    "당기순이익": "531",
    "주당순이익": "5,536",
    "보통주배당금": "400",
    "매출액증가율": "-0.66",
    "영업이익증가율": "0.57",
    "외국인비율": "2.65",
    "PER": "10.08",
    "ROE": "15.60",
    "ROA": "10.99",
    "PBR": "0.52",
    "유보율": "6,847.9",
    "code": "023890"
}