{
    "N": "339",
    "종목명": "풍국주정",
    "현재가": "21,450",
    "전일비": "0",
    "등락률": "0.00%",
    "액면가": "500",
    "거래량": "169,456",
    "거래대금": "3,647",
    "전일거래량": "221,534",
    "시가": "21,600",
    "고가": "21,850",
    "저가": "21,250",
    "매수호가": "21,450",
    "매도호가": "21,500",
    "매수총잔량": "15,540",
    "매도총잔량": "32,362",
    "상장주식수": "12,600",
    "시가총액": "2,703",
    "매출액": "1,214",
    "자산총계": "1,801",
    "부채총계": "326",
    "영업이익": "105",
    "당기순이익": "91",
    "주당순이익": "612",
    "보통주배당금": "160",
    "매출액증가율": "0.81",
    "영업이익증가율": "-21.63",
    "외국인비율": "0.72",
    "PER": "35.05",
    "ROE": "5.95",
    "ROA": "5.14",
    "PBR": "1.93",
    "유보율": "1,966.6",
    "code": "023900"
}