{
    "N": "478",
    "종목명": "대한약품",
    "현재가": "32,050",
    "상태": "하락",
    "전일비": "300",
    "등락률": "-0.93%",
    "액면가": "500",
    "거래량": "58,432",
    "거래대금": "1,876",
    "전일거래량": "82,004",
    "시가": "32,350",
    "고가": "32,750",
    "저가": "31,750",
    "매수호가": "32,050",
    "매도호가": "32,150",
    "매수총잔량": "9,109",
    "매도총잔량": "6,967",
    "상장주식수": "6,000",
    "시가총액": "1,923",
    "매출액": "1,688",
    "자산총계": "2,469",
    "부채총계": "801",
    "영업이익": "336",
    "당기순이익": "282",
    "주당순이익": "4,374",
    "보통주배당금": "400",
    "매출액증가율": "6.33",
    "영업이익증가율": "-7.12",
    "외국인비율": "12.80",
    "PER": "7.33",
    "ROE": "18.34",
    "ROA": "11.70",
    "PBR": "1.05",
    "유보율": "5,459.2",
    "code": "023910"
}