{
    "N": "776",
    "종목명": "흥구석유",
    "현재가": "7,290",
    "상태": "하락",
    "전일비": "30",
    "등락률": "-0.41%",
    "액면가": "100",
    "거래량": "747,046",
    "거래대금": "5,566",
    "전일거래량": "448,832",
    "시가": "7,590",
    "고가": "7,640",
    "저가": "7,250",
    "매수호가": "7,280",
    "매도호가": "7,290",
    "매수총잔량": "22,600",
    "매도총잔량": "5,299",
    "상장주식수": "15,000",
    "시가총액": "1,094",
    "매출액": "1,507",
    "자산총계": "837",
    "부채총계": "67",
    "영업이익": "5",
    "당기순이익": "83",
    "주당순이익": "110",
    "보통주배당금": "150",
    "매출액증가율": "-9.35",
    "영업이익증가율": "-54.16",
    "외국인비율": "0.53",
    "PER": "66.27",
    "ROE": "11.25",
    "ROA": "10.44",
    "PBR": "1.40",
    "유보율": "5,078.9",
    "code": "024060"
}