{
    "N": "926",
    "종목명": "KB오토시스",
    "현재가": "7,470",
    "상태": "하락",
    "전일비": "100",
    "등락률": "-1.32%",
    "액면가": "500",
    "거래량": "80,673",
    "거래대금": "601",
    "전일거래량": "115,854",
    "시가": "7,570",
    "고가": "7,620",
    "저가": "7,360",
    "매수호가": "7,470",
    "매도호가": "7,480",
    "매수총잔량": "6,550",
    "매도총잔량": "7,566",
    "상장주식수": "11,500",
    "시가총액": "859",
    "매출액": "1,478",
    "자산총계": "1,439",
    "부채총계": "414",
    "영업이익": "127",
    "당기순이익": "107",
    "주당순이익": "278",
    "보통주배당금": "230",
    "매출액증가율": "-2.68",
    "영업이익증가율": "-12.94",
    "외국인비율": "34.02",
    "PER": "26.87",
    "ROE": "10.84",
    "ROA": "7.39",
    "PBR": "0.84",
    "유보율": "1,707.2",
    "code": "024120"
}