{
    "N": "1158",
    "종목명": "한일단조",
    "현재가": "1,930",
    "전일비": "0",
    "등락률": "0.00%",
    "액면가": "500",
    "거래량": "605,018",
    "거래대금": "1,168",
    "전일거래량": "457,712",
    "시가": "1,960",
    "고가": "1,960",
    "저가": "1,905",
    "매수호가": "1,920",
    "매도호가": "1,930",
    "매수총잔량": "55,628",
    "매도총잔량": "93,907",
    "상장주식수": "29,891",
    "시가총액": "577",
    "매출액": "1,412",
    "자산총계": "2,335",
    "부채총계": "1,191",
    "영업이익": "57",
    "당기순이익": "35",
    "주당순이익": "-216",
    "보통주배당금": "N/A",
    "매출액증가율": "-7.49",
    "영업이익증가율": "981.50",
    "외국인비율": "2.60",
    "PER": "-8.94",
    "ROE": "2.94",
    "ROA": "1.54",
    "PBR": "0.56",
    "유보율": "623.2",
    "code": "024740"
}