{
    "N": "844",
    "종목명": "케이피에프",
    "현재가": "5,440",
    "상태": "상승",
    "전일비": "140",
    "등락률": "+2.64%",
    "액면가": "500",
    "거래량": "905,514",
    "거래대금": "4,889",
    "전일거래량": "356,423",
    "시가": "5,300",
    "고가": "5,480",
    "저가": "5,200",
    "매수호가": "5,440",
    "매도호가": "5,450",
    "매수총잔량": "28,855",
    "매도총잔량": "98,609",
    "상장주식수": "17,718",
    "시가총액": "964",
    "매출액": "3,763",
    "자산총계": "4,158",
    "부채총계": "2,540",
    "영업이익": "163",
    "당기순이익": "76",
    "주당순이익": "-165",
    "보통주배당금": "160",
    "매출액증가율": "0.33",
    "영업이익증가율": "2.82",
    "외국인비율": "1.35",
    "PER": "-32.97",
    "ROE": "4.91",
    "ROA": "1.85",
    "PBR": "0.57",
    "유보율": "1,822.5",
    "code": "024880"
}