{
    "N": "1132",
    "종목명": "KBI메탈",
    "현재가": "1,875",
    "상태": "상승",
    "전일비": "60",
    "등락률": "+3.31%",
    "액면가": "500",
    "거래량": "650,375",
    "거래대금": "1,219",
    "전일거래량": "360,787",
    "시가": "1,815",
    "고가": "1,910",
    "저가": "1,810",
    "매수호가": "1,870",
    "매도호가": "1,875",
    "매수총잔량": "31,067",
    "매도총잔량": "122,738",
    "상장주식수": "32,951",
    "시가총액": "618",
    "매출액": "4,948",
    "자산총계": "2,194",
    "부채총계": "1,261",
    "영업이익": "103",
    "당기순이익": "68",
    "주당순이익": "346",
    "보통주배당금": "N/A",
    "매출액증가율": "6.69",
    "영업이익증가율": "95.20",
    "외국인비율": "2.97",
    "PER": "5.42",
    "ROE": "7.58",
    "ROA": "3.24",
    "PBR": "0.64",
    "유보율": "469.1",
    "code": "024840"
}