{
    "N": "941",
    "종목명": "유성티엔에스",
    "현재가": "3,100",
    "상태": "상승",
    "전일비": "185",
    "등락률": "+6.35%",
    "액면가": "500",
    "거래량": "1,403,102",
    "거래대금": "4,295",
    "전일거래량": "320,709",
    "시가": "2,900",
    "고가": "3,150",
    "저가": "2,885",
    "매수호가": "3,100",
    "매도호가": "3,105",
    "매수총잔량": "22,369",
    "매도총잔량": "53,532",
    "상장주식수": "27,214",
    "시가총액": "844",
    "매출액": "3,581",
    "자산총계": "3,972",
    "부채총계": "1,927",
    "영업이익": "74",
    "당기순이익": "217",
    "주당순이익": "1,132",
    "보통주배당금": "15",
    "매출액증가율": "-8.88",
    "영업이익증가율": "33.33",
    "외국인비율": "0.31",
    "PER": "2.74",
    "ROE": "11.61",
    "ROA": "5.68",
    "PBR": "0.33",
    "유보율": "1,364.3",
    "code": "024800"
}