{
    "N": "615",
    "종목명": "이화전기",
    "현재가": "202",
    "상태": "상승",
    "전일비": "4",
    "등락률": "+2.02%",
    "액면가": "200",
    "거래량": "35,354,896",
    "거래대금": "7,203",
    "전일거래량": "19,873,872",
    "시가": "198",
    "고가": "213",
    "저가": "195",
    "매수호가": "201",
    "매도호가": "202",
    "매수총잔량": "3,536,064",
    "매도총잔량": "3,056,990",
    "상장주식수": "718,312",
    "시가총액": "1,451",
    "매출액": "568",
    "자산총계": "2,261",
    "부채총계": "165",
    "영업이익": "6",
    "당기순이익": "1",
    "주당순이익": "-13",
    "보통주배당금": "N/A",
    "매출액증가율": "35.20",
    "영업이익증가율": "116.60",
    "외국인비율": "1.75",
    "PER": "-15.54",
    "ROE": "0.04",
    "ROA": "0.04",
    "PBR": "0.77",
    "유보율": "51.2",
    "code": "024810"
}