{
    "N": "1162",
    "종목명": "피에스엠씨",
    "현재가": "1,430",
    "상태": "상승",
    "전일비": "40",
    "등락률": "+2.88%",
    "액면가": "500",
    "거래량": "2,127,163",
    "거래대금": "2,925",
    "전일거래량": "1,503,916",
    "시가": "1,380",
    "고가": "1,440",
    "저가": "1,295",
    "매수호가": "1,430",
    "매도호가": "1,435",
    "매수총잔량": "75,653",
    "매도총잔량": "176,757",
    "상장주식수": "40,017",
    "시가총액": "572",
    "매출액": "380",
    "자산총계": "355",
    "부채총계": "151",
    "영업이익": "-9",
    "당기순이익": "1",
    "주당순이익": "-33",
    "보통주배당금": "N/A",
    "매출액증가율": "-13.18",
    "영업이익증가율": "54.33",
    "외국인비율": "4.05",
    "PER": "-43.33",
    "ROE": "0.49",
    "ROA": "0.28",
    "PBR": "3.06",
    "유보율": "9.6",
    "code": "024850"
}