{
    "N": "727",
    "종목명": "삼천리자전거",
    "현재가": "8,870",
    "상태": "하락",
    "전일비": "90",
    "등락률": "-1.00%",
    "액면가": "500",
    "거래량": "65,717",
    "거래대금": "583",
    "전일거래량": "53,386",
    "시가": "8,990",
    "고가": "8,990",
    "저가": "8,770",
    "매수호가": "8,870",
    "매도호가": "8,880",
    "매수총잔량": "17,704",
    "매도총잔량": "5,413",
    "상장주식수": "13,274",
    "시가총액": "1,177",
    "매출액": "871",
    "자산총계": "1,467",
    "부채총계": "672",
    "영업이익": "-82",
    "당기순이익": "-83",
    "주당순이익": "-918",
    "보통주배당금": "N/A",
    "매출액증가율": "9.41",
    "영업이익증가율": "51.47",
    "외국인비율": "3.10",
    "PER": "-9.66",
    "ROE": "-9.21",
    "ROA": "-5.40",
    "PBR": "1.53",
    "유보율": "1,216.5",
    "code": "024950"
}