{
    "N": "802",
    "종목명": "경창산업",
    "현재가": "2,930",
    "상태": "하락",
    "전일비": "15",
    "등락률": "-0.51%",
    "액면가": "500",
    "거래량": "875,457",
    "거래대금": "2,563",
    "전일거래량": "1,535,850",
    "시가": "2,985",
    "고가": "3,055",
    "저가": "2,700",
    "매수호가": "2,930",
    "매도호가": "2,945",
    "매수총잔량": "23,554",
    "매도총잔량": "8,515",
    "상장주식수": "35,819",
    "시가총액": "1,049",
    "매출액": "5,313",
    "자산총계": "5,649",
    "부채총계": "4,725",
    "영업이익": "-152",
    "당기순이익": "-765",
    "주당순이익": "-1,616",
    "보통주배당금": "N/A",
    "매출액증가율": "-10.92",
    "영업이익증가율": "-191.99",
    "외국인비율": "3.05",
    "PER": "-1.81",
    "ROE": "-65.12",
    "ROA": "-12.72",
    "PBR": "1.44",
    "유보율": "32.7",
    "code": "024910"
}