{
    "N": "1304",
    "종목명": "PN풍년",
    "현재가": "3,995",
    "상태": "하락",
    "전일비": "110",
    "등락률": "-2.68%",
    "액면가": "500",
    "거래량": "199,059",
    "거래대금": "799",
    "전일거래량": "358,795",
    "시가": "4,105",
    "고가": "4,105",
    "저가": "3,955",
    "매수호가": "3,995",
    "매도호가": "4,000",
    "매수총잔량": "7,890",
    "매도총잔량": "8,588",
    "상장주식수": "10,000",
    "시가총액": "400",
    "매출액": "546",
    "자산총계": "524",
    "부채총계": "142",
    "영업이익": "-13",
    "당기순이익": "54",
    "주당순이익": "305",
    "보통주배당금": "25",
    "매출액증가율": "-11.72",
    "영업이익증가율": "-251.37",
    "외국인비율": "0.35",
    "PER": "13.10",
    "ROE": "15.19",
    "ROA": "10.74",
    "PBR": "0.89",
    "유보율": "669.2",
    "code": "024940"
}