{
    "N": "309",
    "종목명": "시노펙스",
    "현재가": "4,060",
    "상태": "하락",
    "전일비": "80",
    "등락률": "-1.93%",
    "액면가": "500",
    "거래량": "1,313,142",
    "거래대금": "5,357",
    "전일거래량": "1,386,046",
    "시가": "4,150",
    "고가": "4,160",
    "저가": "4,045",
    "매수호가": "4,060",
    "매도호가": "4,065",
    "매수총잔량": "143,232",
    "매도총잔량": "54,740",
    "상장주식수": "73,243",
    "시가총액": "2,974",
    "매출액": "2,171",
    "자산총계": "1,536",
    "부채총계": "709",
    "영업이익": "167",
    "당기순이익": "62",
    "주당순이익": "-105",
    "보통주배당금": "0",
    "매출액증가율": "31.23",
    "영업이익증가율": "394.30",
    "외국인비율": "5.26",
    "PER": "-38.67",
    "ROE": "8.27",
    "ROA": "3.97",
    "PBR": "3.54",
    "유보율": "146.6",
    "code": "025320"
}