{
    "N": "753",
    "종목명": "대성엘텍",
    "현재가": "1,140",
    "상태": "하락",
    "전일비": "45",
    "등락률": "-3.80%",
    "액면가": "500",
    "거래량": "59,995,078",
    "거래대금": "74,380",
    "전일거래량": "72,956,655",
    "시가": "1,205",
    "고가": "1,380",
    "저가": "1,095",
    "매수호가": "1,135",
    "매도호가": "1,140",
    "매수총잔량": "506,707",
    "매도총잔량": "253,835",
    "상장주식수": "99,661",
    "시가총액": "1,136",
    "매출액": "3,774",
    "자산총계": "1,105",
    "부채총계": "725",
    "영업이익": "-69",
    "당기순이익": "-99",
    "주당순이익": "-59",
    "보통주배당금": "N/A",
    "매출액증가율": "8.43",
    "영업이익증가율": "-388.63",
    "외국인비율": "43.35",
    "PER": "-19.32",
    "ROE": "-24.15",
    "ROA": "-9.03",
    "PBR": "2.99",
    "유보율": "-33.3",
    "code": "025440"
}