{
    "N": "945",
    "종목명": "한국선재",
    "현재가": "3,415",
    "상태": "하락",
    "전일비": "35",
    "등락률": "-1.01%",
    "액면가": "500",
    "거래량": "423,851",
    "거래대금": "1,456",
    "전일거래량": "394,127",
    "시가": "3,475",
    "고가": "3,515",
    "저가": "3,375",
    "매수호가": "3,415",
    "매도호가": "3,420",
    "매수총잔량": "50,263",
    "매도총잔량": "33,737",
    "상장주식수": "24,522",
    "시가총액": "837",
    "매출액": "1,855",
    "자산총계": "2,290",
    "부채총계": "1,378",
    "영업이익": "67",
    "당기순이익": "31",
    "주당순이익": "116",
    "보통주배당금": "N/A",
    "매출액증가율": "-3.73",
    "영업이익증가율": "-7.37",
    "외국인비율": "0.66",
    "PER": "29.44",
    "ROE": "2.95",
    "ROA": "1.33",
    "PBR": "0.86",
    "유보율": "638.5",
    "code": "025550"
}