{
    "N": "256",
    "종목명": "한국정보통신",
    "현재가": "9,070",
    "상태": "하락",
    "전일비": "150",
    "등락률": "-1.63%",
    "액면가": "500",
    "거래량": "49,087",
    "거래대금": "445",
    "전일거래량": "38,743",
    "시가": "9,160",
    "고가": "9,260",
    "저가": "9,000",
    "매수호가": "9,060",
    "매도호가": "9,070",
    "매수총잔량": "18,508",
    "매도총잔량": "2,588",
    "상장주식수": "37,444",
    "시가총액": "3,396",
    "매출액": "4,988",
    "자산총계": "3,536",
    "부채총계": "1,513",
    "영업이익": "342",
    "당기순이익": "245",
    "주당순이익": "451",
    "보통주배당금": "N/A",
    "매출액증가율": "12.45",
    "영업이익증가율": "2.03",
    "외국인비율": "64.48",
    "PER": "20.11",
    "ROE": "12.70",
    "ROA": "7.64",
    "PBR": "1.58",
    "유보율": "1,015.1",
    "code": "025770"
}