{
    "N": "1336",
    "종목명": "신라에스지",
    "현재가": "8,670",
    "상태": "상승",
    "전일비": "220",
    "등락률": "+2.60%",
    "액면가": "500",
    "거래량": "43,287",
    "거래대금": "369",
    "전일거래량": "27,003",
    "시가": "8,450",
    "고가": "8,670",
    "저가": "8,440",
    "매수호가": "8,660",
    "매도호가": "8,670",
    "매수총잔량": "1,581",
    "매도총잔량": "5,513",
    "상장주식수": "4,000",
    "시가총액": "347",
    "매출액": "894",
    "자산총계": "480",
    "부채총계": "322",
    "영업이익": "21",
    "당기순이익": "7",
    "주당순이익": "-398",
    "보통주배당금": "N/A",
    "매출액증가율": "23.30",
    "영업이익증가율": "144.82",
    "외국인비율": "1.18",
    "PER": "-21.78",
    "ROE": "4.79",
    "ROA": "1.52",
    "PBR": "2.44",
    "유보율": "692.7",
    "code": "025870"
}