{
    "N": "1301",
    "종목명": "케이씨피드",
    "현재가": "2,410",
    "상태": "상승",
    "전일비": "10",
    "등락률": "+0.42%",
    "액면가": "500",
    "거래량": "311,368",
    "거래대금": "750",
    "전일거래량": "285,363",
    "시가": "2,385",
    "고가": "2,435",
    "저가": "2,355",
    "매수호가": "2,405",
    "매도호가": "2,410",
    "매수총잔량": "45,623",
    "매도총잔량": "50,245",
    "상장주식수": "16,716",
    "시가총액": "403",
    "매출액": "643",
    "자산총계": "1,015",
    "부채총계": "490",
    "영업이익": "-17",
    "당기순이익": "-65",
    "주당순이익": "-358",
    "보통주배당금": "15",
    "매출액증가율": "0.90",
    "영업이익증가율": "-575.42",
    "외국인비율": "11.36",
    "PER": "-6.73",
    "ROE": "-11.61",
    "ROA": "-6.29",
    "PBR": "0.72",
    "유보율": "554.1",
    "code": "025880"
}