{
    "N": "49",
    "종목명": "동화기업",
    "현재가": "55,100",
    "상태": "하락",
    "전일비": "200",
    "등락률": "-0.36%",
    "액면가": "500",
    "거래량": "218,085",
    "거래대금": "11,929",
    "전일거래량": "621,274",
    "시가": "55,300",
    "고가": "56,000",
    "저가": "53,500",
    "매수호가": "55,000",
    "매도호가": "55,100",
    "매수총잔량": "7,074",
    "매도총잔량": "15,671",
    "상장주식수": "20,198",
    "시가총액": "11,129",
    "매출액": "7,174",
    "자산총계": "14,406",
    "부채총계": "7,629",
    "영업이익": "585",
    "당기순이익": "434",
    "주당순이익": "1,465",
    "보통주배당금": "150",
    "매출액증가율": "-5.60",
    "영업이익증가율": "-30.47",
    "외국인비율": "42.41",
    "PER": "37.61",
    "ROE": "5.30",
    "ROA": "3.25",
    "PBR": "1.80",
    "유보율": "7,701.1",
    "code": "025900"
}