{
    "N": "97",
    "종목명": "아난티",
    "현재가": "8,280",
    "상태": "상승",
    "전일비": "20",
    "등락률": "+0.24%",
    "액면가": "100",
    "거래량": "1,699,947",
    "거래대금": "14,077",
    "전일거래량": "1,486,400",
    "시가": "8,210",
    "고가": "8,410",
    "저가": "8,180",
    "매수호가": "8,270",
    "매도호가": "8,280",
    "매수총잔량": "104,815",
    "매도총잔량": "63,057",
    "상장주식수": "85,179",
    "시가총액": "7,053",
    "매출액": "1,427",
    "자산총계": "8,460",
    "부채총계": "4,526",
    "영업이익": "47",
    "당기순이익": "-80",
    "주당순이익": "-629",
    "보통주배당금": "0",
    "매출액증가율": "-12.01",
    "영업이익증가율": "-62.91",
    "외국인비율": "5.33",
    "PER": "-13.16",
    "ROE": "-2.02",
    "ROA": "-0.98",
    "PBR": "2.07",
    "유보율": "3,408.7",
    "code": "025980"
}