{
    "N": "224",
    "종목명": "동신건설",
    "현재가": "46,500",
    "상태": "",
    "전일비": "10,700",
    "등락률": "+29.89%",
    "액면가": "500",
    "거래량": "3,447,056",
    "거래대금": "140,375",
    "전일거래량": "1,706,246",
    "시가": "39,000",
    "고가": "46,500",
    "저가": "35,150",
    "매수호가": "46,500",
    "매도호가": "0",
    "매수총잔량": "60,305",
    "매도총잔량": "0",
    "상장주식수": "8,400",
    "시가총액": "3,906",
    "매출액": "240",
    "자산총계": "1,020",
    "부채총계": "148",
    "영업이익": "-4",
    "당기순이익": "8",
    "주당순이익": "-85",
    "보통주배당금": "N/A",
    "매출액증가율": "-11.32",
    "영업이익증가율": "-134.83",
    "외국인비율": "0.23",
    "PER": "-547.06",
    "ROE": "0.96",
    "ROA": "0.84",
    "PBR": "4.42",
    "유보율": "1,977.5",
    "code": "025950"
}