{
    "N": "1337",
    "종목명": "제이에스티나",
    "현재가": "2,100",
    "상태": "상승",
    "전일비": "15",
    "등락률": "+0.72%",
    "액면가": "500",
    "거래량": "91,250",
    "거래대금": "191",
    "전일거래량": "62,354",
    "시가": "2,085",
    "고가": "2,145",
    "저가": "2,000",
    "매수호가": "2,100",
    "매도호가": "2,125",
    "매수총잔량": "2,866",
    "매도총잔량": "24,043",
    "상장주식수": "16,504",
    "시가총액": "347",
    "매출액": "961",
    "자산총계": "820",
    "부채총계": "367",
    "영업이익": "-285",
    "당기순이익": "-334",
    "주당순이익": "-2,027",
    "보통주배당금": "N/A",
    "매출액증가율": "-24.51",
    "영업이익증가율": "-3,232.25",
    "외국인비율": "0.78",
    "PER": "-1.04",
    "ROE": "-57.29",
    "ROA": "-33.91",
    "PBR": "0.91",
    "유보율": "482.0",
    "code": "026040"
}