{
    "N": "741",
    "종목명": "특수건설",
    "현재가": "7,400",
    "상태": "상승",
    "전일비": "210",
    "등락률": "+2.92%",
    "액면가": "500",
    "거래량": "1,550,672",
    "거래대금": "11,465",
    "전일거래량": "465,733",
    "시가": "7,150",
    "고가": "7,550",
    "저가": "7,090",
    "매수호가": "7,400",
    "매도호가": "7,410",
    "매수총잔량": "21,809",
    "매도총잔량": "46,750",
    "상장주식수": "15,626",
    "시가총액": "1,156",
    "매출액": "1,932",
    "자산총계": "1,722",
    "부채총계": "857",
    "영업이익": "9",
    "당기순이익": "8",
    "주당순이익": "93",
    "보통주배당금": "0",
    "매출액증가율": "3.76",
    "영업이익증가율": "-20.12",
    "외국인비율": "1.62",
    "PER": "79.57",
    "ROE": "0.91",
    "ROA": "0.49",
    "PBR": "1.29",
    "유보율": "1,065.3",
    "code": "026150"
}