{
    "N": "1359",
    "종목명": "광진실업",
    "현재가": "4,695",
    "상태": "상승",
    "전일비": "505",
    "등락률": "+12.05%",
    "액면가": "500",
    "거래량": "1,124,937",
    "거래대금": "5,200",
    "전일거래량": "553,622",
    "시가": "4,200",
    "고가": "4,975",
    "저가": "4,150",
    "매수호가": "4,695",
    "매도호가": "4,700",
    "매수총잔량": "6,909",
    "매도총잔량": "15,652",
    "상장주식수": "6,405",
    "시가총액": "301",
    "매출액": "430",
    "자산총계": "361",
    "부채총계": "80",
    "영업이익": "-12",
    "당기순이익": "-10",
    "주당순이익": "-486",
    "보통주배당금": "N/A",
    "매출액증가율": "-1.52",
    "영업이익증가율": "-509.53",
    "외국인비율": "4.21",
    "PER": "-9.66",
    "ROE": "-3.42",
    "ROA": "-2.71",
    "PBR": "1.18",
    "유보율": "776.7",
    "code": "026910"
}