{
    "N": "1115",
    "종목명": "서울전자통신",
    "현재가": "913",
    "상태": "상승",
    "전일비": "30",
    "등락률": "+3.40%",
    "액면가": "500",
    "거래량": "729,146",
    "거래대금": "650",
    "전일거래량": "607,867",
    "시가": "883",
    "고가": "913",
    "저가": "862",
    "매수호가": "912",
    "매도호가": "913",
    "매수총잔량": "22,396",
    "매도총잔량": "103,640",
    "상장주식수": "69,589",
    "시가총액": "635",
    "매출액": "656",
    "자산총계": "1,374",
    "부채총계": "439",
    "영업이익": "-18",
    "당기순이익": "41",
    "주당순이익": "48",
    "보통주배당금": "N/A",
    "매출액증가율": "-22.49",
    "영업이익증가율": "-8.37",
    "외국인비율": "1.19",
    "PER": "19.02",
    "ROE": "6.35",
    "ROA": "3.71",
    "PBR": "0.55",
    "유보율": "22.7",
    "code": "027040"
}