{
    "N": "471",
    "종목명": "코리아나",
    "현재가": "4,880",
    "상태": "상승",
    "전일비": "5",
    "등락률": "+0.10%",
    "액면가": "500",
    "거래량": "461,942",
    "거래대금": "2,253",
    "전일거래량": "381,492",
    "시가": "4,880",
    "고가": "4,920",
    "저가": "4,850",
    "매수호가": "4,880",
    "매도호가": "4,885",
    "매수총잔량": "67,981",
    "매도총잔량": "16,229",
    "상장주식수": "40,000",
    "시가총액": "1,952",
    "매출액": "1,172",
    "자산총계": "1,223",
    "부채총계": "447",
    "영업이익": "31",
    "당기순이익": "5",
    "주당순이익": "-35",
    "보통주배당금": "N/A",
    "매출액증가율": "1.27",
    "영업이익증가율": "50.00",
    "외국인비율": "4.37",
    "PER": "-139.43",
    "ROE": "0.76",
    "ROA": "0.42",
    "PBR": "1.95",
    "유보율": "372.9",
    "code": "027050"
}