{
    "N": "159",
    "종목명": "아주IB투자",
    "현재가": "4,155",
    "상태": "상승",
    "전일비": "15",
    "등락률": "+0.36%",
    "액면가": "500",
    "거래량": "1,333,460",
    "거래대금": "5,519",
    "전일거래량": "1,864,108",
    "시가": "4,140",
    "고가": "4,200",
    "저가": "4,100",
    "매수호가": "4,150",
    "매도호가": "4,155",
    "매수총잔량": "54,335",
    "매도총잔량": "129,148",
    "상장주식수": "119,015",
    "시가총액": "4,945",
    "매출액": "641",
    "자산총계": "3,139",
    "부채총계": "1,464",
    "영업이익": "217",
    "당기순이익": "163",
    "주당순이익": "250",
    "보통주배당금": "35",
    "매출액증가율": "-12.04",
    "영업이익증가율": "45.22",
    "외국인비율": "0.12",
    "PER": "16.62",
    "ROE": "10.07",
    "ROA": "4.99",
    "PBR": "2.63",
    "유보율": "185.3",
    "code": "027360"
}