{
    "N": "1136",
    "종목명": "상보",
    "현재가": "1,300",
    "상태": "하락",
    "전일비": "20",
    "등락률": "-1.52%",
    "액면가": "500",
    "거래량": "865,111",
    "거래대금": "1,120",
    "전일거래량": "566,732",
    "시가": "1,330",
    "고가": "1,330",
    "저가": "1,275",
    "매수호가": "1,300",
    "매도호가": "1,305",
    "매수총잔량": "176,447",
    "매도총잔량": "111,015",
    "상장주식수": "46,818",
    "시가총액": "609",
    "매출액": "489",
    "자산총계": "1,046",
    "부채총계": "751",
    "영업이익": "-50",
    "당기순이익": "-104",
    "주당순이익": "-11",
    "보통주배당금": "0",
    "매출액증가율": "-7.30",
    "영업이익증가율": "-362.21",
    "외국인비율": "2.10",
    "PER": "-118.18",
    "ROE": "-42.03",
    "ROA": "-9.30",
    "PBR": "1.69",
    "유보율": "45.4",
    "code": "027580"
}