{
    "N": "662",
    "종목명": "팜스토리",
    "현재가": "1,205",
    "상태": "상승",
    "전일비": "5",
    "등락률": "+0.42%",
    "액면가": "500",
    "거래량": "1,859,940",
    "거래대금": "2,231",
    "전일거래량": "2,119,613",
    "시가": "1,185",
    "고가": "1,225",
    "저가": "1,175",
    "매수호가": "1,205",
    "매도호가": "1,210",
    "매수총잔량": "304,768",
    "매도총잔량": "498,567",
    "상장주식수": "111,417",
    "시가총액": "1,343",
    "매출액": "9,708",
    "자산총계": "6,413",
    "부채총계": "4,724",
    "영업이익": "148",
    "당기순이익": "-138",
    "주당순이익": "-30",
    "보통주배당금": "25",
    "매출액증가율": "5.34",
    "영업이익증가율": "-23.14",
    "외국인비율": "1.11",
    "PER": "-40.17",
    "ROE": "-3.30",
    "ROA": "-2.12",
    "PBR": "0.67",
    "유보율": "152.5",
    "code": "027710"
}