{
    "N": "983",
    "종목명": "대성창투",
    "현재가": "1,980",
    "상태": "상승",
    "전일비": "10",
    "등락률": "+0.51%",
    "액면가": "500",
    "거래량": "247,642",
    "거래대금": "487",
    "전일거래량": "270,305",
    "시가": "1,960",
    "고가": "1,985",
    "저가": "1,945",
    "매수호가": "1,975",
    "매도호가": "1,980",
    "매수총잔량": "78,774",
    "매도총잔량": "60,308",
    "상장주식수": "40,000",
    "시가총액": "792",
    "매출액": "69",
    "자산총계": "509",
    "부채총계": "9",
    "영업이익": "-4",
    "당기순이익": "-2",
    "주당순이익": "130",
    "보통주배당금": "N/A",
    "매출액증가율": "-28.47",
    "영업이익증가율": "-121.48",
    "외국인비율": "0.79",
    "PER": "15.23",
    "ROE": "-0.35",
    "ROA": "-0.34",
    "PBR": "1.49",
    "유보율": "150.1",
    "code": "027830"
}