{
    "N": "1412",
    "종목명": "미래SCI",
    "현재가": "279",
    "전일비": "0",
    "등락률": "0.00%",
    "액면가": "500",
    "거래량": "0",
    "거래대금": "0",
    "전일거래량": "0",
    "시가": "0",
    "고가": "0",
    "저가": "0",
    "매수호가": "0",
    "매도호가": "0",
    "매수총잔량": "0",
    "매도총잔량": "0",
    "상장주식수": "44,980",
    "시가총액": "125",
    "매출액": "148",
    "자산총계": "544",
    "부채총계": "375",
    "영업이익": "-60",
    "당기순이익": "-206",
    "주당순이익": "-138",
    "보통주배당금": "N/A",
    "매출액증가율": "-74.31",
    "영업이익증가율": "-39.78",
    "외국인비율": "3.62",
    "PER": "-2.02",
    "ROE": "-102.20",
    "ROA": "-34.20",
    "PBR": "0.78",
    "유보율": "-18.2",
    "code": "028040"
}