{
    "N": "1171",
    "종목명": "휴맥스홀딩스",
    "현재가": "4,455",
    "상태": "하락",
    "전일비": "75",
    "등락률": "-1.66%",
    "액면가": "500",
    "거래량": "73,086",
    "거래대금": "324",
    "전일거래량": "138,129",
    "시가": "4,530",
    "고가": "4,580",
    "저가": "4,390",
    "매수호가": "4,450",
    "매도호가": "4,455",
    "매수총잔량": "2,624",
    "매도총잔량": "2,704",
    "상장주식수": "12,578",
    "시가총액": "560",
    "매출액": "93",
    "자산총계": "1,696",
    "부채총계": "165",
    "영업이익": "10",
    "당기순이익": "58",
    "주당순이익": "-1,912",
    "보통주배당금": "N/A",
    "매출액증가율": "N/A",
    "영업이익증가율": "N/A",
    "외국인비율": "0.74",
    "PER": "-2.33",
    "ROE": "N/A",
    "ROA": "N/A",
    "PBR": "0.38",
    "유보율": "2,715.8",
    "code": "028080"
}