{
    "N": "67",
    "종목명": "GS홈쇼핑",
    "현재가": "138,300",
    "상태": "하락",
    "전일비": "100",
    "등락률": "-0.07%",
    "액면가": "5,000",
    "거래량": "35,824",
    "거래대금": "4,949",
    "전일거래량": "23,802",
    "시가": "137,500",
    "고가": "139,600",
    "저가": "137,200",
    "매수호가": "138,300",
    "매도호가": "138,400",
    "매수총잔량": "2,853",
    "매도총잔량": "1,982",
    "상장주식수": "6,562",
    "시가총액": "9,076",
    "매출액": "12,304",
    "자산총계": "14,470",
    "부채총계": "2,998",
    "영업이익": "1,211",
    "당기순이익": "1,098",
    "주당순이익": "17,917",
    "보통주배당금": "6,500",
    "매출액증가율": "11.41",
    "영업이익증가율": "-11.48",
    "외국인비율": "25.79",
    "PER": "7.72",
    "ROE": "9.81",
    "ROA": "7.73",
    "PBR": "0.68",
    "유보율": "3,727.7",
    "code": "028150"
}