{
    "N": "3",
    "종목명": "에이치엘비",
    "현재가": "105,700",
    "상태": "상승",
    "전일비": "12,400",
    "등락률": "+13.29%",
    "액면가": "500",
    "거래량": "1,254,654",
    "거래대금": "121,963",
    "전일거래량": "691,250",
    "시가": "92,500",
    "고가": "105,700",
    "저가": "91,600",
    "매수호가": "105,600",
    "매도호가": "105,700",
    "매수총잔량": "17,790",
    "매도총잔량": "12,744",
    "상장주식수": "52,970",
    "시가총액": "55,989",
    "매출액": "384",
    "자산총계": "3,626",
    "부채총계": "1,734",
    "영업이익": "-487",
    "당기순이익": "-597",
    "주당순이익": "-838",
    "보통주배당금": "0",
    "매출액증가율": "6.18",
    "영업이익증가율": "-66.23",
    "외국인비율": "12.59",
    "PER": "-126.13",
    "ROE": "-24.69",
    "ROA": "-17.90",
    "PBR": "11.67",
    "유보율": "1,770.6",
    "code": "028300"
}