{
    "N": "1264",
    "종목명": "릭스솔루션",
    "현재가": "566",
    "상태": "하락",
    "전일비": "17",
    "등락률": "-2.92%",
    "액면가": "100",
    "거래량": "1,643,743",
    "거래대금": "941",
    "전일거래량": "1,751,909",
    "시가": "583",
    "고가": "587",
    "저가": "565",
    "매수호가": "565",
    "매도호가": "566",
    "매수총잔량": "96,211",
    "매도총잔량": "45,993",
    "상장주식수": "79,666",
    "시가총액": "451",
    "매출액": "365",
    "자산총계": "631",
    "부채총계": "403",
    "영업이익": "-30",
    "당기순이익": "-64",
    "주당순이익": "-171",
    "보통주배당금": "0",
    "매출액증가율": "58.11",
    "영업이익증가율": "-125.62",
    "외국인비율": "3.08",
    "PER": "-3.31",
    "ROE": "-38.68",
    "ROA": "-14.02",
    "PBR": "2.62",
    "유보율": "273.8",
    "code": "029480"
}