{
    "N": "184",
    "종목명": "코엔텍",
    "현재가": "9,190",
    "상태": "하락",
    "전일비": "140",
    "등락률": "-1.50%",
    "액면가": "500",
    "거래량": "785,180",
    "거래대금": "7,194",
    "전일거래량": "608,837",
    "시가": "9,330",
    "고가": "9,330",
    "저가": "9,050",
    "매수호가": "9,180",
    "매도호가": "9,190",
    "매수총잔량": "93,049",
    "매도총잔량": "40,185",
    "상장주식수": "50,000",
    "시가총액": "4,595",
    "매출액": "711",
    "자산총계": "1,982",
    "부채총계": "454",
    "영업이익": "284",
    "당기순이익": "241",
    "주당순이익": "467",
    "보통주배당금": "540",
    "매출액증가율": "-1.56",
    "영업이익증가율": "-2.95",
    "외국인비율": "7.97",
    "PER": "19.68",
    "ROE": "16.01",
    "ROA": "12.23",
    "PBR": "3.15",
    "유보율": "511.6",
    "code": "029960"
}