{
    "N": "36",
    "종목명": "NICE평가정보",
    "현재가": "23,400",
    "상태": "하락",
    "전일비": "950",
    "등락률": "-3.90%",
    "액면가": "500",
    "거래량": "412,529",
    "거래대금": "9,603",
    "전일거래량": "227,005",
    "시가": "24,150",
    "고가": "24,150",
    "저가": "22,900",
    "매수호가": "23,400",
    "매도호가": "23,450",
    "매수총잔량": "11,552",
    "매도총잔량": "7,838",
    "상장주식수": "60,715",
    "시가총액": "14,207",
    "매출액": "4,109",
    "자산총계": "3,191",
    "부채총계": "949",
    "영업이익": "513",
    "당기순이익": "408",
    "주당순이익": "752",
    "보통주배당금": "230",
    "매출액증가율": "7.07",
    "영업이익증가율": "5.63",
    "외국인비율": "37.98",
    "PER": "31.12",
    "ROE": "19.30",
    "ROA": "13.89",
    "PBR": "5.63",
    "유보율": "676.4",
    "code": "030190"
}