{
    "N": "1286",
    "종목명": "드래곤플라이",
    "현재가": "2,515",
    "상태": "상승",
    "전일비": "50",
    "등락률": "+2.03%",
    "액면가": "500",
    "거래량": "174,624",
    "거래대금": "435",
    "전일거래량": "270,819",
    "시가": "2,465",
    "고가": "2,520",
    "저가": "2,450",
    "매수호가": "2,510",
    "매도호가": "2,515",
    "매수총잔량": "18,955",
    "매도총잔량": "11,127",
    "상장주식수": "17,107",
    "시가총액": "430",
    "매출액": "61",
    "자산총계": "149",
    "부채총계": "25",
    "영업이익": "-45",
    "당기순이익": "-57",
    "주당순이익": "-340",
    "보통주배당금": "0",
    "매출액증가율": "N/A",
    "영업이익증가율": "N/A",
    "외국인비율": "1.88",
    "PER": "-7.40",
    "ROE": "N/A",
    "ROA": "N/A",
    "PBR": "4.02",
    "유보율": "143.2",
    "code": "030350"
}