{
    "N": "185",
    "종목명": "한글과컴퓨터",
    "현재가": "18,500",
    "상태": "하락",
    "전일비": "50",
    "등락률": "-0.27%",
    "액면가": "500",
    "거래량": "242,032",
    "거래대금": "4,455",
    "전일거래량": "314,885",
    "시가": "18,550",
    "고가": "18,650",
    "저가": "18,300",
    "매수호가": "18,500",
    "매도호가": "18,550",
    "매수총잔량": "64,132",
    "매도총잔량": "46,077",
    "상장주식수": "24,575",
    "시가총액": "4,546",
    "매출액": "3,193",
    "자산총계": "6,517",
    "부채총계": "3,180",
    "영업이익": "332",
    "당기순이익": "221",
    "주당순이익": "1,405",
    "보통주배당금": "0",
    "매출액증가율": "49.99",
    "영업이익증가율": "-21.75",
    "외국인비율": "11.17",
    "PER": "13.17",
    "ROE": "8.87",
    "ROA": "3.39",
    "PBR": "1.64",
    "유보율": "1,846.6",
    "code": "030520"
}