{
    "N": "172",
    "종목명": "원익홀딩스",
    "현재가": "6,190",
    "상태": "하락",
    "전일비": "80",
    "등락률": "-1.28%",
    "액면가": "500",
    "거래량": "1,391,986",
    "거래대금": "8,601",
    "전일거래량": "1,135,663",
    "시가": "6,230",
    "고가": "6,370",
    "저가": "6,080",
    "매수호가": "6,190",
    "매도호가": "6,200",
    "매수총잔량": "54,148",
    "매도총잔량": "48,828",
    "상장주식수": "77,238",
    "시가총액": "4,781",
    "매출액": "4,508",
    "자산총계": "12,252",
    "부채총계": "2,866",
    "영업이익": "616",
    "당기순이익": "490",
    "주당순이익": "787",
    "보통주배당금": "N/A",
    "매출액증가율": "-9.88",
    "영업이익증가율": "-21.44",
    "외국인비율": "9.58",
    "PER": "7.87",
    "ROE": "4.42",
    "ROA": "4.02",
    "PBR": "0.54",
    "유보율": "1,918.1",
    "code": "030530"
}