{
    "N": "579",
    "종목명": "양지사",
    "현재가": "9,750",
    "상태": "하락",
    "전일비": "30",
    "등락률": "-0.31%",
    "액면가": "500",
    "거래량": "21,018",
    "거래대금": "204",
    "전일거래량": "21,112",
    "시가": "9,790",
    "고가": "9,810",
    "저가": "9,620",
    "매수호가": "9,750",
    "매도호가": "9,760",
    "매수총잔량": "1,629",
    "매도총잔량": "5,128",
    "상장주식수": "15,980",
    "시가총액": "1,558",
    "매출액": "489",
    "자산총계": "2,383",
    "부채총계": "495",
    "영업이익": "17",
    "당기순이익": "1,207",
    "주당순이익": "7,525",
    "보통주배당금": "50",
    "매출액증가율": "-7.27",
    "영업이익증가율": "-32.45",
    "외국인비율": "0.10",
    "PER": "1.30",
    "ROE": "93.94",
    "ROA": "73.70",
    "PBR": "0.71",
    "유보율": "2,292.2",
    "code": "030960"
}