{
    "N": "99",
    "종목명": "녹십자셀",
    "현재가": "56,000",
    "상태": "하락",
    "전일비": "4,300",
    "등락률": "-7.13%",
    "액면가": "500",
    "거래량": "1,391,830",
    "거래대금": "78,047",
    "전일거래량": "6,052,905",
    "시가": "57,900",
    "고가": "58,500",
    "저가": "54,300",
    "매수호가": "55,900",
    "매도호가": "56,000",
    "매수총잔량": "26,182",
    "매도총잔량": "12,368",
    "상장주식수": "12,504",
    "시가총액": "7,002",
    "매출액": "379",
    "자산총계": "1,537",
    "부채총계": "686",
    "영업이익": "57",
    "당기순이익": "111",
    "주당순이익": "181",
    "보통주배당금": "100",
    "매출액증가율": "28.02",
    "영업이익증가율": "50.81",
    "외국인비율": "6.27",
    "PER": "309.39",
    "ROE": "14.52",
    "ROA": "7.92",
    "PBR": "7.00",
    "유보율": "1,327.8",
    "code": "031390"
}