{
    "N": "380",
    "종목명": "에스에이엠티",
    "현재가": "2,405",
    "상태": "상승",
    "전일비": "20",
    "등락률": "+0.84%",
    "액면가": "500",
    "거래량": "654,183",
    "거래대금": "1,563",
    "전일거래량": "1,413,294",
    "시가": "2,385",
    "고가": "2,405",
    "저가": "2,365",
    "매수호가": "2,400",
    "매도호가": "2,405",
    "매수총잔량": "176,023",
    "매도총잔량": "64,862",
    "상장주식수": "99,995",
    "시가총액": "2,405",
    "매출액": "12,138",
    "자산총계": "2,857",
    "부채총계": "474",
    "영업이익": "337",
    "당기순이익": "376",
    "주당순이익": "373",
    "보통주배당금": "140",
    "매출액증가율": "3.22",
    "영업이익증가율": "-0.47",
    "외국인비율": "3.99",
    "PER": "6.45",
    "ROE": "16.62",
    "ROA": "12.38",
    "PBR": "0.94",
    "유보율": "362.8",
    "code": "031330"
}