{
    "N": "1131",
    "종목명": "아이즈비전",
    "현재가": "3,920",
    "상태": "하락",
    "전일비": "15",
    "등락률": "-0.38%",
    "액면가": "500",
    "거래량": "69,099",
    "거래대금": "270",
    "전일거래량": "147,983",
    "시가": "3,935",
    "고가": "3,945",
    "저가": "3,860",
    "매수호가": "3,910",
    "매도호가": "3,920",
    "매수총잔량": "13,609",
    "매도총잔량": "5,832",
    "상장주식수": "15,773",
    "시가총액": "618",
    "매출액": "1,315",
    "자산총계": "1,549",
    "부채총계": "441",
    "영업이익": "-5",
    "당기순이익": "-3",
    "주당순이익": "453",
    "보통주배당금": "N/A",
    "매출액증가율": "-17.87",
    "영업이익증가율": "-103.68",
    "외국인비율": "0.78",
    "PER": "8.65",
    "ROE": "-1.12",
    "ROA": "-0.17",
    "PBR": "0.59",
    "유보율": "1,017.8",
    "code": "031310"
}