{
    "N": "969",
    "종목명": "오스템",
    "현재가": "2,895",
    "상태": "하락",
    "전일비": "35",
    "등락률": "-1.19%",
    "액면가": "500",
    "거래량": "308,659",
    "거래대금": "897",
    "전일거래량": "554,344",
    "시가": "2,905",
    "고가": "2,950",
    "저가": "2,875",
    "매수호가": "2,895",
    "매도호가": "2,900",
    "매수총잔량": "38,058",
    "매도총잔량": "22,954",
    "상장주식수": "28,000",
    "시가총액": "811",
    "매출액": "1,470",
    "자산총계": "2,214",
    "부채총계": "1,114",
    "영업이익": "-46",
    "당기순이익": "-139",
    "주당순이익": "-432",
    "보통주배당금": "20",
    "매출액증가율": "-3.49",
    "영업이익증가율": "-372.28",
    "외국인비율": "3.75",
    "PER": "-6.70",
    "ROE": "-11.97",
    "ROA": "-6.08",
    "PBR": "0.64",
    "유보율": "726.2",
    "code": "031510"
}