{
    "N": "1056",
    "종목명": "엔에스엔",
    "현재가": "1,360",
    "상태": "하락",
    "전일비": "20",
    "등락률": "-1.45%",
    "액면가": "500",
    "거래량": "688,095",
    "거래대금": "941",
    "전일거래량": "958,775",
    "시가": "1,375",
    "고가": "1,405",
    "저가": "1,355",
    "매수호가": "1,355",
    "매도호가": "1,360",
    "매수총잔량": "207,247",
    "매도총잔량": "48,017",
    "상장주식수": "51,740",
    "시가총액": "704",
    "매출액": "154",
    "자산총계": "683",
    "부채총계": "455",
    "영업이익": "-79",
    "당기순이익": "-73",
    "주당순이익": "-312",
    "보통주배당금": "0",
    "매출액증가율": "49.12",
    "영업이익증가율": "-119.01",
    "외국인비율": "1.50",
    "PER": "-4.36",
    "ROE": "-29.57",
    "ROA": "-14.75",
    "PBR": "1.28",
    "유보율": "92.3",
    "code": "031860"
}