{
    "N": "503",
    "종목명": "피에스케이홀딩스",
    "현재가": "8,510",
    "상태": "상승",
    "전일비": "40",
    "등락률": "+0.47%",
    "액면가": "500",
    "거래량": "28,083",
    "거래대금": "237",
    "전일거래량": "31,825",
    "시가": "8,460",
    "고가": "8,520",
    "저가": "8,330",
    "매수호가": "8,510",
    "매도호가": "8,520",
    "매수총잔량": "4,236",
    "매도총잔량": "13,538",
    "상장주식수": "21,562",
    "시가총액": "1,835",
    "매출액": "421",
    "자산총계": "1,016",
    "부채총계": "128",
    "영업이익": "15",
    "당기순이익": "84",
    "주당순이익": "3,370",
    "보통주배당금": "150",
    "매출액증가율": "-26.05",
    "영업이익증가율": "-82.91",
    "외국인비율": "0.78",
    "PER": "2.53",
    "ROE": "4.66",
    "ROA": "3.98",
    "PBR": "0.85",
    "유보율": "8,605.7",
    "code": "031980"
}