{
    "N": "1309",
    "종목명": "아즈텍WB",
    "현재가": "1,825",
    "상태": "상승",
    "전일비": "15",
    "등락률": "+0.83%",
    "액면가": "500",
    "거래량": "168,621",
    "거래대금": "307",
    "전일거래량": "172,221",
    "시가": "1,810",
    "고가": "1,885",
    "저가": "1,795",
    "매수호가": "1,820",
    "매도호가": "1,825",
    "매수총잔량": "49,634",
    "매도총잔량": "16,265",
    "상장주식수": "21,491",
    "시가총액": "392",
    "매출액": "446",
    "자산총계": "1,174",
    "부채총계": "220",
    "영업이익": "29",
    "당기순이익": "48",
    "주당순이익": "134",
    "보통주배당금": "N/A",
    "매출액증가율": "-5.17",
    "영업이익증가율": "42.94",
    "외국인비율": "1.28",
    "PER": "13.62",
    "ROE": "5.12",
    "ROA": "4.27",
    "PBR": "0.40",
    "유보율": "796.2",
    "code": "032080"
}