{
    "N": "160",
    "종목명": "다우데이타",
    "현재가": "12,900",
    "상태": "하락",
    "전일비": "50",
    "등락률": "-0.39%",
    "액면가": "500",
    "거래량": "282,586",
    "거래대금": "3,665",
    "전일거래량": "291,801",
    "시가": "13,000",
    "고가": "13,300",
    "저가": "12,800",
    "매수호가": "12,900",
    "매도호가": "12,950",
    "매수총잔량": "57,491",
    "매도총잔량": "71,271",
    "상장주식수": "38,300",
    "시가총액": "4,941",
    "매출액": "36,056",
    "자산총계": "246,446",
    "부채총계": "218,677",
    "영업이익": "5,590",
    "당기순이익": "4,088",
    "주당순이익": "2,853",
    "보통주배당금": "180",
    "매출액증가율": "35.05",
    "영업이익증가율": "54.57",
    "외국인비율": "4.48",
    "PER": "4.52",
    "ROE": "13.08",
    "ROA": "1.86",
    "PBR": "0.67",
    "유보율": "2,901.8",
    "code": "032190"
}