{
    "N": "1347",
    "종목명": "삼일",
    "현재가": "2,045",
    "상태": "상승",
    "전일비": "30",
    "등락률": "+1.49%",
    "액면가": "1,000",
    "거래량": "99,840",
    "거래대금": "203",
    "전일거래량": "83,646",
    "시가": "2,030",
    "고가": "2,060",
    "저가": "2,010",
    "매수호가": "2,040",
    "매도호가": "2,045",
    "매수총잔량": "32,984",
    "매도총잔량": "77,646",
    "상장주식수": "16,214",
    "시가총액": "332",
    "매출액": "961",
    "자산총계": "987",
    "부채총계": "338",
    "영업이익": "25",
    "당기순이익": "33",
    "주당순이익": "-220",
    "보통주배당금": "50",
    "매출액증가율": "-1.49",
    "영업이익증가율": "-24.56",
    "외국인비율": "1.09",
    "PER": "-9.30",
    "ROE": "5.18",
    "ROA": "3.50",
    "PBR": "0.53",
    "유보율": "308.5",
    "code": "032280"
}