{
    "N": "379",
    "종목명": "한국파마",
    "현재가": "22,050",
    "상태": "상승",
    "전일비": "250",
    "등락률": "+1.15%",
    "액면가": "500",
    "거래량": "260,228",
    "거래대금": "5,776",
    "전일거래량": "209,225",
    "시가": "21,800",
    "고가": "22,800",
    "저가": "21,600",
    "매수호가": "22,050",
    "매도호가": "22,100",
    "매수총잔량": "18,101",
    "매도총잔량": "16,785",
    "상장주식수": "10,907",
    "시가총액": "2,405",
    "매출액": "661",
    "자산총계": "667",
    "부채총계": "401",
    "영업이익": "72",
    "당기순이익": "55",
    "주당순이익": "629",
    "보통주배당금": "50",
    "매출액증가율": "9.34",
    "영업이익증가율": "27.31",
    "외국인비율": "0.12",
    "PER": "35.06",
    "ROE": "22.64",
    "ROA": "8.57",
    "PBR": "5.28",
    "유보율": "401.0",
    "code": "032300"
}