{
    "N": "1281",
    "종목명": "피델릭스",
    "현재가": "1,365",
    "전일비": "0",
    "등락률": "0.00%",
    "액면가": "500",
    "거래량": "222,778",
    "거래대금": "302",
    "전일거래량": "490,753",
    "시가": "1,350",
    "고가": "1,375",
    "저가": "1,345",
    "매수호가": "1,360",
    "매도호가": "1,365",
    "매수총잔량": "64,002",
    "매도총잔량": "81,515",
    "상장주식수": "31,808",
    "시가총액": "434",
    "매출액": "560",
    "자산총계": "687",
    "부채총계": "327",
    "영업이익": "-5",
    "당기순이익": "-12",
    "주당순이익": "-78",
    "보통주배당금": "0",
    "매출액증가율": "-25.72",
    "영업이익증가율": "-112.70",
    "외국인비율": "30.14",
    "PER": "-17.50",
    "ROE": "-3.72",
    "ROA": "-1.83",
    "PBR": "1.10",
    "유보율": "182.8",
    "code": "032580"
}