{
    "N": "11",
    "종목명": "케이엠더블유",
    "현재가": "81,200",
    "상태": "하락",
    "전일비": "600",
    "등락률": "-0.73%",
    "액면가": "500",
    "거래량": "653,765",
    "거래대금": "52,810",
    "전일거래량": "596,632",
    "시가": "80,700",
    "고가": "82,500",
    "저가": "80,000",
    "매수호가": "81,200",
    "매도호가": "81,300",
    "매수총잔량": "31,341",
    "매도총잔량": "36,499",
    "상장주식수": "39,821",
    "시가총액": "32,335",
    "매출액": "6,829",
    "자산총계": "4,270",
    "부채총계": "2,103",
    "영업이익": "1,367",
    "당기순이익": "1,027",
    "주당순이익": "334",
    "보통주배당금": "N/A",
    "매출액증가율": "130.49",
    "영업이익증가율": "621.14",
    "외국인비율": "8.94",
    "PER": "243.11",
    "ROE": "67.76",
    "ROA": "29.31",
    "PBR": "13.19",
    "유보율": "971.5",
    "code": "032500"
}