{
    "N": "1290",
    "종목명": "TJ미디어",
    "현재가": "3,060",
    "상태": "하락",
    "전일비": "20",
    "등락률": "-0.65%",
    "액면가": "500",
    "거래량": "14,945",
    "거래대금": "46",
    "전일거래량": "25,853",
    "시가": "3,075",
    "고가": "3,080",
    "저가": "3,025",
    "매수호가": "3,050",
    "매도호가": "3,060",
    "매수총잔량": "4,705",
    "매도총잔량": "10,749",
    "상장주식수": "13,932",
    "시가총액": "426",
    "매출액": "754",
    "자산총계": "1,059",
    "부채총계": "277",
    "영업이익": "5",
    "당기순이익": "9",
    "주당순이익": "86",
    "보통주배당금": "50",
    "매출액증가율": "10.06",
    "영업이익증가율": "125.51",
    "외국인비율": "0.19",
    "PER": "35.58",
    "ROE": "1.15",
    "ROA": "0.88",
    "PBR": "0.55",
    "유보율": "1,069.7",
    "code": "032540"
}