{
    "N": "152",
    "종목명": "유비케어",
    "현재가": "9,640",
    "전일비": "0",
    "등락률": "0.00%",
    "액면가": "500",
    "거래량": "677,983",
    "거래대금": "6,547",
    "전일거래량": "427,853",
    "시가": "9,570",
    "고가": "10,200",
    "저가": "9,400",
    "매수호가": "9,640",
    "매도호가": "9,670",
    "매수총잔량": "15,926",
    "매도총잔량": "14,080",
    "상장주식수": "52,197",
    "시가총액": "5,032",
    "매출액": "1,109",
    "자산총계": "1,367",
    "부채총계": "309",
    "영업이익": "124",
    "당기순이익": "73",
    "주당순이익": "166",
    "보통주배당금": "40",
    "매출액증가율": "10.97",
    "영업이익증가율": "29.23",
    "외국인비율": "1.58",
    "PER": "58.07",
    "ROE": "6.66",
    "ROA": "5.50",
    "PBR": "4.46",
    "유보율": "320.6",
    "code": "032620"
}