{
    "N": "1058",
    "종목명": "소프트센",
    "현재가": "1,960",
    "상태": "하락",
    "전일비": "20",
    "등락률": "-1.01%",
    "액면가": "500",
    "거래량": "395,814",
    "거래대금": "776",
    "전일거래량": "405,203",
    "시가": "1,965",
    "고가": "1,990",
    "저가": "1,945",
    "매수호가": "1,960",
    "매도호가": "1,965",
    "매수총잔량": "94,923",
    "매도총잔량": "44,771",
    "상장주식수": "35,776",
    "시가총액": "701",
    "매출액": "950",
    "자산총계": "594",
    "부채총계": "265",
    "영업이익": "2",
    "당기순이익": "-34",
    "주당순이익": "-209",
    "보통주배당금": "0",
    "매출액증가율": "-28.90",
    "영업이익증가율": "-82.27",
    "외국인비율": "5.70",
    "PER": "-9.38",
    "ROE": "-9.79",
    "ROA": "-4.80",
    "PBR": "1.93",
    "유보율": "95.7",
    "code": "032680"
}