{
    "N": "1471",
    "종목명": "소프트센우",
    "현재가": "30,550",
    "상태": "하락",
    "전일비": "50",
    "등락률": "-0.16%",
    "액면가": "500",
    "거래량": "887",
    "거래대금": "27",
    "전일거래량": "642",
    "시가": "30,600",
    "고가": "30,600",
    "저가": "30,500",
    "매수호가": "30,500",
    "매도호가": "30,550",
    "매수총잔량": "364",
    "매도총잔량": "193",
    "상장주식수": "143",
    "시가총액": "44",
    "매출액": "N/A",
    "자산총계": "N/A",
    "부채총계": "N/A",
    "영업이익": "N/A",
    "당기순이익": "N/A",
    "주당순이익": "-209",
    "보통주배당금": "N/A",
    "매출액증가율": "N/A",
    "영업이익증가율": "N/A",
    "외국인비율": "0.54",
    "PER": "-146.17",
    "ROE": "N/A",
    "ROA": "N/A",
    "PBR": "30.07",
    "유보율": "N/A",
    "code": "032685"
}