{
    "N": "1082",
    "종목명": "삼진",
    "현재가": "11,250",
    "전일비": "0",
    "등락률": "0.00%",
    "액면가": "500",
    "거래량": "49,075",
    "거래대금": "547",
    "전일거래량": "53,294",
    "시가": "11,200",
    "고가": "11,250",
    "저가": "11,000",
    "매수호가": "11,200",
    "매도호가": "11,250",
    "매수총잔량": "19,183",
    "매도총잔량": "15,882",
    "상장주식수": "6,000",
    "시가총액": "675",
    "매출액": "1,352",
    "자산총계": "964",
    "부채총계": "197",
    "영업이익": "117",
    "당기순이익": "121",
    "주당순이익": "1,376",
    "보통주배당금": "200",
    "매출액증가율": "54.21",
    "영업이익증가율": "1,081.41",
    "외국인비율": "2.39",
    "PER": "8.18",
    "ROE": "17.15",
    "ROA": "13.83",
    "PBR": "0.82",
    "유보율": "2,432.5",
    "code": "032750"
}