{
    "N": "534",
    "종목명": "우리기술",
    "현재가": "1,360",
    "상태": "상승",
    "전일비": "15",
    "등락률": "+1.12%",
    "액면가": "500",
    "거래량": "3,784,513",
    "거래대금": "5,148",
    "전일거래량": "2,768,949",
    "시가": "1,340",
    "고가": "1,380",
    "저가": "1,295",
    "매수호가": "1,360",
    "매도호가": "1,365",
    "매수총잔량": "259,940",
    "매도총잔량": "676,935",
    "상장주식수": "127,508",
    "시가총액": "1,734",
    "매출액": "326",
    "자산총계": "1,040",
    "부채총계": "708",
    "영업이익": "-90",
    "당기순이익": "-114",
    "주당순이익": "-13",
    "보통주배당금": "0",
    "매출액증가율": "15.61",
    "영업이익증가율": "-213.90",
    "외국인비율": "2.38",
    "PER": "-104.62",
    "ROE": "-33.29",
    "ROA": "-11.61",
    "PBR": "3.32",
    "유보율": "-50.7",
    "code": "032820"
}