{
    "N": "1134",
    "종목명": "판타지오",
    "현재가": "840",
    "상태": "하락",
    "전일비": "30",
    "등락률": "-3.45%",
    "액면가": "500",
    "거래량": "2,071,875",
    "거래대금": "1,754",
    "전일거래량": "1,350,982",
    "시가": "869",
    "고가": "871",
    "저가": "840",
    "매수호가": "840",
    "매도호가": "843",
    "매수총잔량": "190,500",
    "매도총잔량": "42,206",
    "상장주식수": "72,704",
    "시가총액": "611",
    "매출액": "185",
    "자산총계": "331",
    "부채총계": "113",
    "영업이익": "5",
    "당기순이익": "-158",
    "주당순이익": "-140",
    "보통주배당금": "0",
    "매출액증가율": "35.98",
    "영업이익증가율": "40.74",
    "외국인비율": "1.00",
    "PER": "-6.00",
    "ROE": "-50.53",
    "ROA": "-39.75",
    "PBR": "2.65",
    "유보율": "-25.2",
    "code": "032800"
}