{
    "N": "511",
    "종목명": "비트컴퓨터",
    "현재가": "10,850",
    "상태": "하락",
    "전일비": "150",
    "등락률": "-1.36%",
    "액면가": "500",
    "거래량": "409,760",
    "거래대금": "4,459",
    "전일거래량": "435,068",
    "시가": "10,900",
    "고가": "11,050",
    "저가": "10,750",
    "매수호가": "10,850",
    "매도호가": "10,900",
    "매수총잔량": "94,868",
    "매도총잔량": "42,468",
    "상장주식수": "16,623",
    "시가총액": "1,804",
    "매출액": "374",
    "자산총계": "625",
    "부채총계": "134",
    "영업이익": "61",
    "당기순이익": "71",
    "주당순이익": "359",
    "보통주배당금": "61",
    "매출액증가율": "14.06",
    "영업이익증가율": "379.88",
    "외국인비율": "2.02",
    "PER": "30.22",
    "ROE": "15.57",
    "ROA": "11.97",
    "PBR": "3.44",
    "유보율": "505.4",
    "code": "032850"
}