{
    "N": "853",
    "종목명": "글로스퍼랩스",
    "현재가": "11,400",
    "상태": "상승",
    "전일비": "1,590",
    "등락률": "+16.21%",
    "액면가": "500",
    "거래량": "1,019,664",
    "거래대금": "10,956",
    "전일거래량": "337,259",
    "시가": "9,760",
    "고가": "12,050",
    "저가": "9,760",
    "매수호가": "11,350",
    "매도호가": "11,400",
    "매수총잔량": "11,368",
    "매도총잔량": "10,278",
    "상장주식수": "8,335",
    "시가총액": "950",
    "매출액": "707",
    "자산총계": "412",
    "부채총계": "203",
    "영업이익": "-18",
    "당기순이익": "-35",
    "주당순이익": "-761",
    "보통주배당금": "0",
    "매출액증가율": "-32.71",
    "영업이익증가율": "73.75",
    "외국인비율": "3.45",
    "PER": "-14.98",
    "ROE": "-18.24",
    "ROA": "-8.22",
    "PBR": "4.45",
    "유보율": "-37.9",
    "code": "032860"
}