{
    "N": "902",
    "종목명": "바이온",
    "현재가": "1,415",
    "상태": "상승",
    "전일비": "5",
    "등락률": "+0.35%",
    "액면가": "500",
    "거래량": "480,373",
    "거래대금": "681",
    "전일거래량": "469,613",
    "시가": "1,405",
    "고가": "1,445",
    "저가": "1,380",
    "매수호가": "1,410",
    "매도호가": "1,415",
    "매수총잔량": "76,886",
    "매도총잔량": "130,569",
    "상장주식수": "62,786",
    "시가총액": "888",
    "매출액": "196",
    "자산총계": "618",
    "부채총계": "271",
    "영업이익": "-100",
    "당기순이익": "-213",
    "주당순이익": "-290",
    "보통주배당금": "0",
    "매출액증가율": "-44.01",
    "영업이익증가율": "-449.45",
    "외국인비율": "1.77",
    "PER": "-4.88",
    "ROE": "-52.99",
    "ROA": "-30.45",
    "PBR": "2.29",
    "유보율": "31.9",
    "code": "032980"
}