{
    "N": "913",
    "종목명": "원익",
    "현재가": "4,810",
    "상태": "상승",
    "전일비": "20",
    "등락률": "+0.42%",
    "액면가": "500",
    "거래량": "575,330",
    "거래대금": "2,895",
    "전일거래량": "232,449",
    "시가": "4,840",
    "고가": "5,250",
    "저가": "4,790",
    "매수호가": "4,810",
    "매도호가": "4,830",
    "매수총잔량": "19,775",
    "매도총잔량": "3,587",
    "상장주식수": "18,193",
    "시가총액": "875",
    "매출액": "904",
    "자산총계": "1,795",
    "부채총계": "642",
    "영업이익": "42",
    "당기순이익": "465",
    "주당순이익": "134",
    "보통주배당금": "N/A",
    "매출액증가율": "12.57",
    "영업이익증가율": "49.25",
    "외국인비율": "5.05",
    "PER": "35.90",
    "ROE": "50.98",
    "ROA": "29.65",
    "PBR": "0.96",
    "유보율": "1,129.9",
    "code": "032940"
}