{
    "N": "1274",
    "종목명": "동일기연",
    "현재가": "13,000",
    "상태": "상승",
    "전일비": "900",
    "등락률": "+7.44%",
    "액면가": "500",
    "거래량": "58,418",
    "거래대금": "733",
    "전일거래량": "18,918",
    "시가": "12,000",
    "고가": "13,150",
    "저가": "12,000",
    "매수호가": "12,950",
    "매도호가": "13,000",
    "매수총잔량": "42,261",
    "매도총잔량": "12,393",
    "상장주식수": "3,407",
    "시가총액": "443",
    "매출액": "290",
    "자산총계": "584",
    "부채총계": "61",
    "영업이익": "9",
    "당기순이익": "21",
    "주당순이익": "397",
    "보통주배당금": "56",
    "매출액증가율": "7.51",
    "영업이익증가율": "167.42",
    "외국인비율": "1.21",
    "PER": "32.75",
    "ROE": "5.30",
    "ROA": "3.48",
    "PBR": "0.81",
    "유보율": "1,025.5",
    "code": "032960"
}