{
    "N": "1329",
    "종목명": "제이엠아이",
    "현재가": "1,115",
    "상태": "하락",
    "전일비": "45",
    "등락률": "-3.88%",
    "액면가": "1,000",
    "거래량": "477,186",
    "거래대금": "534",
    "전일거래량": "373,361",
    "시가": "1,160",
    "고가": "1,160",
    "저가": "1,100",
    "매수호가": "1,115",
    "매도호가": "1,120",
    "매수총잔량": "362,602",
    "매도총잔량": "60,641",
    "상장주식수": "32,579",
    "시가총액": "363",
    "매출액": "701",
    "자산총계": "833",
    "부채총계": "477",
    "영업이익": "-49",
    "당기순이익": "-80",
    "주당순이익": "-127",
    "보통주배당금": "N/A",
    "매출액증가율": "-43.79",
    "영업이익증가율": "33.96",
    "외국인비율": "1.79",
    "PER": "-8.78",
    "ROE": "-20.42",
    "ROA": "-8.54",
    "PBR": "1.09",
    "유보율": "11.9",
    "code": "033050"
}