{
    "N": "735",
    "종목명": "디지틀조선",
    "현재가": "3,140",
    "상태": "하락",
    "전일비": "10",
    "등락률": "-0.32%",
    "액면가": "500",
    "거래량": "809,664",
    "거래대금": "2,503",
    "전일거래량": "1,412,185",
    "시가": "3,080",
    "고가": "3,165",
    "저가": "3,025",
    "매수호가": "3,140",
    "매도호가": "3,145",
    "매수총잔량": "35,956",
    "매도총잔량": "117,705",
    "상장주식수": "37,115",
    "시가총액": "1,165",
    "매출액": "338",
    "자산총계": "859",
    "부채총계": "86",
    "영업이익": "29",
    "당기순이익": "35",
    "주당순이익": "78",
    "보통주배당금": "30",
    "매출액증가율": "-14.71",
    "영업이익증가율": "-53.85",
    "외국인비율": "2.18",
    "PER": "40.26",
    "ROE": "4.54",
    "ROA": "4.16",
    "PBR": "1.50",
    "유보율": "306.9",
    "code": "033130"
}