{
    "N": "373",
    "종목명": "엠케이전자",
    "현재가": "11,250",
    "상태": "하락",
    "전일비": "150",
    "등락률": "-1.32%",
    "액면가": "500",
    "거래량": "884,329",
    "거래대금": "9,944",
    "전일거래량": "1,740,023",
    "시가": "11,400",
    "고가": "11,700",
    "저가": "10,900",
    "매수호가": "11,200",
    "매도호가": "11,250",
    "매수총잔량": "76,265",
    "매도총잔량": "113,848",
    "상장주식수": "21,808",
    "시가총액": "2,453",
    "매출액": "7,316",
    "자산총계": "18,314",
    "부채총계": "9,577",
    "영업이익": "1,267",
    "당기순이익": "769",
    "주당순이익": "206",
    "보통주배당금": "40",
    "매출액증가율": "3.56",
    "영업이익증가율": "-27.06",
    "외국인비율": "3.83",
    "PER": "54.61",
    "ROE": "2.34",
    "ROA": "4.26",
    "PBR": "0.70",
    "유보율": "2,941.6",
    "code": "033160"
}