{
    "N": "1369",
    "종목명": "코너스톤네트웍스",
    "현재가": "204",
    "전일비": "0",
    "등락률": "0.00%",
    "액면가": "500",
    "거래량": "0",
    "거래대금": "0",
    "전일거래량": "0",
    "시가": "0",
    "고가": "0",
    "저가": "0",
    "매수호가": "0",
    "매도호가": "0",
    "매수총잔량": "0",
    "매도총잔량": "0",
    "상장주식수": "129,772",
    "시가총액": "265",
    "매출액": "136",
    "자산총계": "797",
    "부채총계": "431",
    "영업이익": "-109",
    "당기순이익": "-520",
    "주당순이익": "-663",
    "보통주배당금": "0",
    "매출액증가율": "52.83",
    "영업이익증가율": "-117.69",
    "외국인비율": "1.56",
    "PER": "-0.31",
    "ROE": "-162.33",
    "ROA": "-77.76",
    "PBR": "50.34",
    "유보율": "-22.9",
    "code": "033110"
}