{
    "N": "900",
    "종목명": "제룡전기",
    "현재가": "5,540",
    "상태": "상승",
    "전일비": "100",
    "등락률": "+1.84%",
    "액면가": "500",
    "거래량": "453,964",
    "거래대금": "2,505",
    "전일거래량": "307,274",
    "시가": "5,420",
    "고가": "5,630",
    "저가": "5,410",
    "매수호가": "5,540",
    "매도호가": "5,550",
    "매수총잔량": "18,334",
    "매도총잔량": "33,088",
    "상장주식수": "16,062",
    "시가총액": "890",
    "매출액": "452",
    "자산총계": "643",
    "부채총계": "82",
    "영업이익": "57",
    "당기순이익": "56",
    "주당순이익": "355",
    "보통주배당금": "50",
    "매출액증가율": "6.40",
    "영업이익증가율": "107.05",
    "외국인비율": "1.15",
    "PER": "15.61",
    "ROE": "10.40",
    "ROA": "9.06",
    "PBR": "1.54",
    "유보율": "759.5",
    "code": "033100"
}