{
    "N": "508",
    "종목명": "모아텍",
    "현재가": "12,650",
    "상태": "상승",
    "전일비": "350",
    "등락률": "+2.85%",
    "액면가": "500",
    "거래량": "2,005,766",
    "거래대금": "25,629",
    "전일거래량": "1,500,372",
    "시가": "13,200",
    "고가": "13,750",
    "저가": "11,400",
    "매수호가": "12,600",
    "매도호가": "12,650",
    "매수총잔량": "20,470",
    "매도총잔량": "33,700",
    "상장주식수": "14,331",
    "시가총액": "1,813",
    "매출액": "275",
    "자산총계": "799",
    "부채총계": "49",
    "영업이익": "-28",
    "당기순이익": "-24",
    "주당순이익": "-236",
    "보통주배당금": "N/A",
    "매출액증가율": "-28.79",
    "영업이익증가율": "-394.82",
    "외국인비율": "50.94",
    "PER": "-53.60",
    "ROE": "-3.36",
    "ROA": "-3.03",
    "PBR": "1.60",
    "유보율": "1,206.9",
    "code": "033200"
}