{
    "N": "161",
    "종목명": "코웰패션",
    "현재가": "5,550",
    "상태": "하락",
    "전일비": "60",
    "등락률": "-1.07%",
    "액면가": "500",
    "거래량": "367,143",
    "거래대금": "2,043",
    "전일거래량": "266,884",
    "시가": "5,600",
    "고가": "5,630",
    "저가": "5,530",
    "매수호가": "5,550",
    "매도호가": "5,570",
    "매수총잔량": "90,552",
    "매도총잔량": "20,012",
    "상장주식수": "88,500",
    "시가총액": "4,912",
    "매출액": "3,947",
    "자산총계": "3,644",
    "부채총계": "1,080",
    "영업이익": "761",
    "당기순이익": "544",
    "주당순이익": "662",
    "보통주배당금": "100",
    "매출액증가율": "16.29",
    "영업이익증가율": "7.15",
    "외국인비율": "4.71",
    "PER": "8.38",
    "ROE": "22.72",
    "ROA": "15.86",
    "PBR": "1.69",
    "유보율": "445.6",
    "code": "033290"
}