{
    "N": "1090",
    "종목명": "인성정보",
    "현재가": "3,075",
    "상태": "하락",
    "전일비": "10",
    "등락률": "-0.32%",
    "액면가": "500",
    "거래량": "139,764",
    "거래대금": "429",
    "전일거래량": "115,793",
    "시가": "3,090",
    "고가": "3,095",
    "저가": "3,040",
    "매수호가": "3,070",
    "매도호가": "3,075",
    "매수총잔량": "64,325",
    "매도총잔량": "28,935",
    "상장주식수": "21,579",
    "시가총액": "664",
    "매출액": "2,467",
    "자산총계": "1,829",
    "부채총계": "1,434",
    "영업이익": "35",
    "당기순이익": "-4",
    "주당순이익": "-340",
    "보통주배당금": "0",
    "매출액증가율": "-4.41",
    "영업이익증가율": "11.70",
    "외국인비율": "0.53",
    "PER": "-9.04",
    "ROE": "-1.01",
    "ROA": "-0.20",
    "PBR": "1.92",
    "유보율": "344.2",
    "code": "033230"
}