{
    "N": "552",
    "종목명": "제이씨현시스템",
    "현재가": "8,630",
    "상태": "하락",
    "전일비": "30",
    "등락률": "-0.35%",
    "액면가": "500",
    "거래량": "416,533",
    "거래대금": "3,595",
    "전일거래량": "579,311",
    "시가": "8,610",
    "고가": "8,740",
    "저가": "8,550",
    "매수호가": "8,620",
    "매도호가": "8,630",
    "매수총잔량": "41,841",
    "매도총잔량": "22,015",
    "상장주식수": "19,114",
    "시가총액": "1,650",
    "매출액": "2,092",
    "자산총계": "1,303",
    "부채총계": "419",
    "영업이익": "25",
    "당기순이익": "10",
    "주당순이익": "341",
    "보통주배당금": "N/A",
    "매출액증가율": "-23.84",
    "영업이익증가율": "-81.44",
    "외국인비율": "2.11",
    "PER": "25.31",
    "ROE": "0.83",
    "ROA": "0.73",
    "PBR": "1.78",
    "유보율": "792.6",
    "code": "033320"
}