{
    "N": "1052",
    "종목명": "좋은사람들",
    "현재가": "1,420",
    "상태": "하락",
    "전일비": "5",
    "등락률": "-0.35%",
    "액면가": "500",
    "거래량": "346,150",
    "거래대금": "488",
    "전일거래량": "602,351",
    "시가": "1,430",
    "고가": "1,430",
    "저가": "1,385",
    "매수호가": "1,415",
    "매도호가": "1,420",
    "매수총잔량": "103,930",
    "매도총잔량": "74,647",
    "상장주식수": "49,908",
    "시가총액": "709",
    "매출액": "1,267",
    "자산총계": "1,102",
    "부채총계": "332",
    "영업이익": "-92",
    "당기순이익": "-104",
    "주당순이익": "-452",
    "보통주배당금": "0",
    "매출액증가율": "-1.31",
    "영업이익증가율": "-462.98",
    "외국인비율": "1.77",
    "PER": "-3.14",
    "ROE": "-12.65",
    "ROA": "-9.74",
    "PBR": "0.72",
    "유보율": "412.2",
    "code": "033340"
}