{
    "N": "267",
    "종목명": "엠투엔",
    "현재가": "14,900",
    "상태": "상승",
    "전일비": "200",
    "등락률": "+1.36%",
    "액면가": "500",
    "거래량": "237,234",
    "거래대금": "3,539",
    "전일거래량": "341,228",
    "시가": "14,600",
    "고가": "15,300",
    "저가": "14,400",
    "매수호가": "14,850",
    "매도호가": "14,900",
    "매수총잔량": "19,629",
    "매도총잔량": "39,980",
    "상장주식수": "22,190",
    "시가총액": "3,306",
    "매출액": "465",
    "자산총계": "991",
    "부채총계": "387",
    "영업이익": "4",
    "당기순이익": "43",
    "주당순이익": "114",
    "보통주배당금": "0",
    "매출액증가율": "-12.75",
    "영업이익증가율": "-75.20",
    "외국인비율": "0.80",
    "PER": "130.70",
    "ROE": "7.75",
    "ROA": "4.38",
    "PBR": "4.35",
    "유보율": "588.3",
    "code": "033310"
}