{
    "N": "1380",
    "종목명": "디에스티",
    "현재가": "370",
    "전일비": "0",
    "등락률": "0.00%",
    "액면가": "100",
    "거래량": "0",
    "거래대금": "0",
    "전일거래량": "0",
    "시가": "0",
    "고가": "0",
    "저가": "0",
    "매수호가": "0",
    "매도호가": "0",
    "매수총잔량": "0",
    "매도총잔량": "0",
    "상장주식수": "64,191",
    "시가총액": "238",
    "매출액": "208",
    "자산총계": "545",
    "부채총계": "507",
    "영업이익": "-41",
    "당기순이익": "-180",
    "주당순이익": "-130",
    "보통주배당금": "0",
    "매출액증가율": "-24.60",
    "영업이익증가율": "-10.38",
    "외국인비율": "0.00",
    "PER": "-2.85",
    "ROE": "-323.28",
    "ROA": "-35.74",
    "PBR": "3.09",
    "유보율": "62.9",
    "code": "033430"
}