{
    "N": "830",
    "종목명": "블루콤",
    "현재가": "5,490",
    "상태": "상승",
    "전일비": "100",
    "등락률": "+1.86%",
    "액면가": "500",
    "거래량": "158,590",
    "거래대금": "854",
    "전일거래량": "136,613",
    "시가": "5,340",
    "고가": "5,500",
    "저가": "5,220",
    "매수호가": "5,480",
    "매도호가": "5,490",
    "매수총잔량": "13,974",
    "매도총잔량": "8,282",
    "상장주식수": "18,088",
    "시가총액": "993",
    "매출액": "286",
    "자산총계": "1,739",
    "부채총계": "71",
    "영업이익": "-121",
    "당기순이익": "18",
    "주당순이익": "324",
    "보통주배당금": "N/A",
    "매출액증가율": "-61.33",
    "영업이익증가율": "-14,737.30",
    "외국인비율": "3.78",
    "PER": "16.94",
    "ROE": "1.09",
    "ROA": "1.05",
    "PBR": "0.60",
    "유보율": "1,637.4",
    "code": "033560"
}