{
    "N": "391",
    "종목명": "파라텍",
    "현재가": "13,750",
    "상태": "하락",
    "전일비": "250",
    "등락률": "-1.79%",
    "액면가": "500",
    "거래량": "497,401",
    "거래대금": "6,809",
    "전일거래량": "714,600",
    "시가": "14,100",
    "고가": "14,200",
    "저가": "13,400",
    "매수호가": "13,700",
    "매도호가": "13,750",
    "매수총잔량": "20,840",
    "매도총잔량": "52,090",
    "상장주식수": "16,984",
    "시가총액": "2,335",
    "매출액": "1,266",
    "자산총계": "1,236",
    "부채총계": "705",
    "영업이익": "-370",
    "당기순이익": "-296",
    "주당순이익": "536",
    "보통주배당금": "N/A",
    "매출액증가율": "-33.77",
    "영업이익증가율": "-26,620.88",
    "외국인비율": "0.43",
    "PER": "25.65",
    "ROE": "-42.65",
    "ROA": "-21.87",
    "PBR": "3.34",
    "유보율": "567.2",
    "code": "033540"
}