{
    "N": "253",
    "종목명": "동성화인텍",
    "현재가": "12,400",
    "상태": "상승",
    "전일비": "250",
    "등락률": "+2.06%",
    "액면가": "500",
    "거래량": "809,468",
    "거래대금": "9,941",
    "전일거래량": "788,473",
    "시가": "12,150",
    "고가": "12,500",
    "저가": "12,000",
    "매수호가": "12,400",
    "매도호가": "12,450",
    "매수총잔량": "151,824",
    "매도총잔량": "185,173",
    "상장주식수": "27,494",
    "시가총액": "3,409",
    "매출액": "2,533",
    "자산총계": "2,631",
    "부채총계": "1,682",
    "영업이익": "269",
    "당기순이익": "169",
    "주당순이익": "1,260",
    "보통주배당금": "220",
    "매출액증가율": "34.63",
    "영업이익증가율": "415.83",
    "외국인비율": "4.62",
    "PER": "9.84",
    "ROE": "19.99",
    "ROA": "7.21",
    "PBR": "2.94",
    "유보율": "606.2",
    "code": "033500"
}