{
    "N": "60",
    "종목명": "네패스",
    "현재가": "42,200",
    "상태": "하락",
    "전일비": "1,050",
    "등락률": "-2.43%",
    "액면가": "500",
    "거래량": "1,910,366",
    "거래대금": "81,682",
    "전일거래량": "2,872,514",
    "시가": "42,550",
    "고가": "44,500",
    "저가": "41,600",
    "매수호가": "42,200",
    "매도호가": "42,250",
    "매수총잔량": "46,007",
    "매도총잔량": "3,466",
    "상장주식수": "23,059",
    "시가총액": "9,731",
    "매출액": "3,516",
    "자산총계": "5,198",
    "부채총계": "3,306",
    "영업이익": "600",
    "당기순이익": "298",
    "주당순이익": "-722",
    "보통주배당금": "270",
    "매출액증가율": "29.92",
    "영업이익증가율": "175.73",
    "외국인비율": "7.85",
    "PER": "-58.45",
    "ROE": "16.52",
    "ROA": "7.44",
    "PBR": "5.31",
    "유보율": "1,699.7",
    "code": "033640"
}