{
    "N": "38",
    "종목명": "파라다이스",
    "현재가": "15,200",
    "전일비": "0",
    "등락률": "0.00%",
    "액면가": "500",
    "거래량": "561,452",
    "거래대금": "8,516",
    "전일거래량": "686,191",
    "시가": "15,000",
    "고가": "15,350",
    "저가": "15,000",
    "매수호가": "15,200",
    "매도호가": "15,250",
    "매수총잔량": "243,639",
    "매도총잔량": "91,844",
    "상장주식수": "90,943",
    "시가총액": "13,823",
    "매출액": "9,794",
    "자산총계": "34,704",
    "부채총계": "18,662",
    "영업이익": "519",
    "당기순이익": "67",
    "주당순이익": "-661",
    "보통주배당금": "100",
    "매출액증가율": "24.35",
    "영업이익증가율": "2,054.20",
    "외국인비율": "8.54",
    "PER": "-23.00",
    "ROE": "1.19",
    "ROA": "0.20",
    "PBR": "1.08",
    "유보율": "1,997.1",
    "code": "034230"
}