{
    "N": "419",
    "종목명": "해성산업",
    "현재가": "12,000",
    "상태": "하락",
    "전일비": "50",
    "등락률": "-0.41%",
    "액면가": "500",
    "거래량": "170,511",
    "거래대금": "2,045",
    "전일거래량": "98,224",
    "시가": "11,950",
    "고가": "12,200",
    "저가": "11,850",
    "매수호가": "11,950",
    "매도호가": "12,000",
    "매수총잔량": "52,334",
    "매도총잔량": "32,323",
    "상장주식수": "18,119",
    "시가총액": "2,174",
    "매출액": "203",
    "자산총계": "2,123",
    "부채총계": "728",
    "영업이익": "52",
    "당기순이익": "23",
    "주당순이익": "29,622",
    "보통주배당금": "175",
    "매출액증가율": "35.69",
    "영업이익증가율": "90.72",
    "외국인비율": "1.49",
    "PER": "0.41",
    "ROE": "1.65",
    "ROA": "1.15",
    "PBR": "0.37",
    "유보율": "2,812.3",
    "code": "034810"
}