{
    "N": "573",
    "종목명": "조아제약",
    "현재가": "5,050",
    "상태": "상승",
    "전일비": "100",
    "등락률": "+2.02%",
    "액면가": "500",
    "거래량": "871,613",
    "거래대금": "4,385",
    "전일거래량": "461,568",
    "시가": "4,890",
    "고가": "5,140",
    "저가": "4,890",
    "매수호가": "5,050",
    "매도호가": "5,060",
    "매수총잔량": "35,083",
    "매도총잔량": "64,757",
    "상장주식수": "30,980",
    "시가총액": "1,564",
    "매출액": "675",
    "자산총계": "867",
    "부채총계": "350",
    "영업이익": "-4",
    "당기순이익": "-11",
    "주당순이익": "-23",
    "보통주배당금": "0",
    "매출액증가율": "7.05",
    "영업이익증가율": "-127.65",
    "외국인비율": "1.12",
    "PER": "-219.57",
    "ROE": "-1.69",
    "ROA": "-1.31",
    "PBR": "2.62",
    "유보율": "275.6",
    "code": "034940"
}