{
    "N": "194",
    "종목명": "한국기업평가",
    "현재가": "94,200",
    "상태": "하락",
    "전일비": "3,200",
    "등락률": "-3.29%",
    "액면가": "5,000",
    "거래량": "37,312",
    "거래대금": "3,508",
    "전일거래량": "42,752",
    "시가": "97,000",
    "고가": "97,000",
    "저가": "93,000",
    "매수호가": "94,200",
    "매도호가": "94,300",
    "매수총잔량": "1,946",
    "매도총잔량": "805",
    "상장주식수": "4,541",
    "시가총액": "4,277",
    "매출액": "927",
    "자산총계": "1,603",
    "부채총계": "359",
    "영업이익": "316",
    "당기순이익": "248",
    "주당순이익": "4,314",
    "보통주배당금": "8,618",
    "매출액증가율": "10.21",
    "영업이익증가율": "24.71",
    "외국인비율": "76.32",
    "PER": "21.84",
    "ROE": "20.96",
    "ROA": "17.01",
    "PBR": "4.81",
    "유보율": "375.8",
    "code": "034950"
}