{
    "N": "522",
    "종목명": "인터파크",
    "현재가": "2,180",
    "전일비": "0",
    "등락률": "0.00%",
    "액면가": "500",
    "거래량": "292,596",
    "거래대금": "631",
    "전일거래량": "560,957",
    "시가": "2,170",
    "고가": "2,180",
    "저가": "2,140",
    "매수호가": "2,170",
    "매도호가": "2,180",
    "매수총잔량": "119,455",
    "매도총잔량": "34,170",
    "상장주식수": "81,189",
    "시가총액": "1,770",
    "매출액": "34,123",
    "자산총계": "17,801",
    "부채총계": "11,105",
    "영업이익": "452",
    "당기순이익": "65",
    "주당순이익": "-595",
    "보통주배당금": "70",
    "매출액증가율": "-0.83",
    "영업이익증가율": "126.23",
    "외국인비율": "8.43",
    "PER": "-3.66",
    "ROE": "-1.60",
    "ROA": "0.36",
    "PBR": "0.54",
    "유보율": "931.7",
    "code": "035080"
}