{
    "N": "1256",
    "종목명": "프럼파스트",
    "현재가": "4,690",
    "상태": "상승",
    "전일비": "50",
    "등락률": "+1.08%",
    "액면가": "500",
    "거래량": "85,698",
    "거래대금": "401",
    "전일거래량": "69,999",
    "시가": "4,595",
    "고가": "4,735",
    "저가": "4,595",
    "매수호가": "4,690",
    "매도호가": "4,695",
    "매수총잔량": "13,671",
    "매도총잔량": "21,530",
    "상장주식수": "9,731",
    "시가총액": "456",
    "매출액": "294",
    "자산총계": "382",
    "부채총계": "30",
    "영업이익": "15",
    "당기순이익": "12",
    "주당순이익": "140",
    "보통주배당금": "0",
    "매출액증가율": "-10.12",
    "영업이익증가율": "-38.55",
    "외국인비율": "1.38",
    "PER": "33.50",
    "ROE": "3.34",
    "ROA": "3.02",
    "PBR": "1.16",
    "유보율": "645.0",
    "code": "035200"
}