{
    "N": "1312",
    "종목명": "기산텔레콤",
    "현재가": "2,670",
    "상태": "상승",
    "전일비": "25",
    "등락률": "+0.95%",
    "액면가": "500",
    "거래량": "145,834",
    "거래대금": "387",
    "전일거래량": "91,889",
    "시가": "2,630",
    "고가": "2,690",
    "저가": "2,620",
    "매수호가": "2,665",
    "매도호가": "2,670",
    "매수총잔량": "20,097",
    "매도총잔량": "12,768",
    "상장주식수": "14,577",
    "시가총액": "389",
    "매출액": "671",
    "자산총계": "668",
    "부채총계": "321",
    "영업이익": "40",
    "당기순이익": "35",
    "주당순이익": "166",
    "보통주배당금": "N/A",
    "매출액증가율": "18.80",
    "영업이익증가율": "236.50",
    "외국인비율": "2.74",
    "PER": "16.08",
    "ROE": "10.87",
    "ROA": "5.69",
    "PBR": "1.21",
    "유보율": "403.4",
    "code": "035460"
}