{
    "N": "547",
    "종목명": "솔본",
    "현재가": "6,130",
    "상태": "상승",
    "전일비": "30",
    "등락률": "+0.49%",
    "액면가": "500",
    "거래량": "626,854",
    "거래대금": "3,854",
    "전일거래량": "553,956",
    "시가": "6,110",
    "고가": "6,340",
    "저가": "6,040",
    "매수호가": "6,120",
    "매도호가": "6,130",
    "매수총잔량": "19,021",
    "매도총잔량": "18,113",
    "상장주식수": "27,346",
    "시가총액": "1,676",
    "매출액": "803",
    "자산총계": "2,081",
    "부채총계": "251",
    "영업이익": "3",
    "당기순이익": "58",
    "주당순이익": "-191",
    "보통주배당금": "N/A",
    "매출액증가율": "-4.89",
    "영업이익증가율": "-97.95",
    "외국인비율": "1.11",
    "PER": "-32.09",
    "ROE": "1.28",
    "ROA": "2.85",
    "PBR": "1.12",
    "유보율": "1,031.2",
    "code": "035610"
}