{
    "N": "769",
    "종목명": "바른손이앤에이",
    "현재가": "1,505",
    "상태": "상승",
    "전일비": "20",
    "등락률": "+1.35%",
    "액면가": "500",
    "거래량": "842,519",
    "거래대금": "1,262",
    "전일거래량": "860,934",
    "시가": "1,485",
    "고가": "1,515",
    "저가": "1,470",
    "매수호가": "1,505",
    "매도호가": "1,510",
    "매수총잔량": "125,038",
    "매도총잔량": "249,071",
    "상장주식수": "73,489",
    "시가총액": "1,106",
    "매출액": "170",
    "자산총계": "1,032",
    "부채총계": "322",
    "영업이익": "-177",
    "당기순이익": "-241",
    "주당순이익": "-64",
    "보통주배당금": "0",
    "매출액증가율": "-43.50",
    "영업이익증가율": "22.83",
    "외국인비율": "1.41",
    "PER": "-23.52",
    "ROE": "-22.31",
    "ROA": "-22.15",
    "PBR": "1.39",
    "유보율": "148.3",
    "code": "035620"
}