{
    "N": "143",
    "종목명": "KG이니시스",
    "현재가": "19,650",
    "상태": "하락",
    "전일비": "150",
    "등락률": "-0.76%",
    "액면가": "500",
    "거래량": "246,450",
    "거래대금": "4,817",
    "전일거래량": "364,863",
    "시가": "19,800",
    "고가": "19,800",
    "저가": "19,450",
    "매수호가": "19,600",
    "매도호가": "19,650",
    "매수총잔량": "74,024",
    "매도총잔량": "50,582",
    "상장주식수": "27,904",
    "시가총액": "5,483",
    "매출액": "9,561",
    "자산총계": "12,780",
    "부채총계": "8,973",
    "영업이익": "861",
    "당기순이익": "600",
    "주당순이익": "1,474",
    "보통주배당금": "330",
    "매출액증가율": "3.40",
    "영업이익증가율": "42.57",
    "외국인비율": "17.90",
    "PER": "13.33",
    "ROE": "21.61",
    "ROA": "5.43",
    "PBR": "1.86",
    "유보율": "1,815.5",
    "code": "035600"
}