{
    "N": "10",
    "종목명": "CJ ENM",
    "현재가": "147,600",
    "상태": "상승",
    "전일비": "5,800",
    "등락률": "+4.09%",
    "액면가": "5,000",
    "거래량": "313,782",
    "거래대금": "45,686",
    "전일거래량": "156,069",
    "시가": "141,200",
    "고가": "148,200",
    "저가": "140,400",
    "매수호가": "147,600",
    "매도호가": "147,700",
    "매수총잔량": "5,968",
    "매도총잔량": "3,131",
    "상장주식수": "21,929",
    "시가총액": "32,367",
    "매출액": "37,897",
    "자산총계": "54,349",
    "부채총계": "22,830",
    "영업이익": "2,694",
    "당기순이익": "586",
    "주당순이익": "2,688",
    "보통주배당금": "1,400",
    "매출액증가율": "60.56",
    "영업이익증가율": "47.96",
    "외국인비율": "21.13",
    "PER": "54.91",
    "ROE": "3.65",
    "ROA": "0.96",
    "PBR": "0.92",
    "유보율": "3,142.7",
    "code": "035760"
}