{
    "N": "392",
    "종목명": "이지홀딩스",
    "현재가": "4,195",
    "상태": "상승",
    "전일비": "110",
    "등락률": "+2.69%",
    "액면가": "500",
    "거래량": "974,208",
    "거래대금": "4,063",
    "전일거래량": "308,364",
    "시가": "4,070",
    "고가": "4,240",
    "저가": "4,070",
    "매수호가": "4,195",
    "매도호가": "4,200",
    "매수총잔량": "39,731",
    "매도총잔량": "30,803",
    "상장주식수": "55,641",
    "시가총액": "2,334",
    "매출액": "16,149",
    "자산총계": "17,827",
    "부채총계": "10,524",
    "영업이익": "416",
    "당기순이익": "-130",
    "주당순이익": "1,141",
    "보통주배당금": "50",
    "매출액증가율": "6.99",
    "영업이익증가율": "-55.22",
    "외국인비율": "3.77",
    "PER": "3.68",
    "ROE": "1.45",
    "ROA": "-0.75",
    "PBR": "0.52",
    "유보율": "1,248.4",
    "code": "035810"
}