{
    "N": "223",
    "종목명": "서희건설",
    "현재가": "1,700",
    "상태": "상승",
    "전일비": "90",
    "등락률": "+5.59%",
    "액면가": "500",
    "거래량": "6,780,862",
    "거래대금": "11,443",
    "전일거래량": "5,228,125",
    "시가": "1,620",
    "고가": "1,730",
    "저가": "1,585",
    "매수호가": "1,700",
    "매도호가": "1,705",
    "매수총잔량": "141,192",
    "매도총잔량": "548,853",
    "상장주식수": "229,808",
    "시가총액": "3,907",
    "매출액": "12,430",
    "자산총계": "9,761",
    "부채총계": "5,817",
    "영업이익": "1,182",
    "당기순이익": "618",
    "주당순이익": "582",
    "보통주배당금": "30",
    "매출액증가율": "9.15",
    "영업이익증가율": "42.33",
    "외국인비율": "7.20",
    "PER": "2.92",
    "ROE": "18.62",
    "ROA": "6.76",
    "PBR": "0.74",
    "유보율": "282.2",
    "code": "035890"
}