{
    "N": "40",
    "종목명": "JYP Ent.",
    "현재가": "37,250",
    "상태": "하락",
    "전일비": "300",
    "등락률": "-0.80%",
    "액면가": "500",
    "거래량": "750,099",
    "거래대금": "27,730",
    "전일거래량": "677,984",
    "시가": "37,550",
    "고가": "37,650",
    "저가": "36,650",
    "매수호가": "37,200",
    "매도호가": "37,250",
    "매수총잔량": "40,975",
    "매도총잔량": "28,920",
    "상장주식수": "35,497",
    "시가총액": "13,223",
    "매출액": "1,554",
    "자산총계": "2,078",
    "부채총계": "455",
    "영업이익": "435",
    "당기순이익": "312",
    "주당순이익": "847",
    "보통주배당금": "155",
    "매출액증가율": "24.53",
    "영업이익증가율": "51.17",
    "외국인비율": "21.69",
    "PER": "43.98",
    "ROE": "21.91",
    "ROA": "17.01",
    "PBR": "6.94",
    "유보율": "849.5",
    "code": "035900"
}