{
    "N": "762",
    "종목명": "아비코전자",
    "현재가": "8,430",
    "상태": "하락",
    "전일비": "140",
    "등락률": "-1.63%",
    "액면가": "500",
    "거래량": "264,427",
    "거래대금": "2,211",
    "전일거래량": "404,564",
    "시가": "8,500",
    "고가": "8,660",
    "저가": "8,160",
    "매수호가": "8,420",
    "매도호가": "8,430",
    "매수총잔량": "11,551",
    "매도총잔량": "5,886",
    "상장주식수": "13,293",
    "시가총액": "1,121",
    "매출액": "1,233",
    "자산총계": "1,211",
    "부채총계": "186",
    "영업이익": "-23",
    "당기순이익": "-51",
    "주당순이익": "-263",
    "보통주배당금": "70",
    "매출액증가율": "23.51",
    "영업이익증가율": "-135.40",
    "외국인비율": "16.57",
    "PER": "-32.05",
    "ROE": "-4.76",
    "ROA": "-4.10",
    "PBR": "1.10",
    "유보율": "1,375.1",
    "code": "036010"
}