{
    "N": "637",
    "종목명": "위지트",
    "현재가": "1,630",
    "상태": "하락",
    "전일비": "120",
    "등락률": "-6.86%",
    "액면가": "500",
    "거래량": "20,933,123",
    "거래대금": "34,477",
    "전일거래량": "101,702,425",
    "시가": "1,675",
    "고가": "1,710",
    "저가": "1,595",
    "매수호가": "1,625",
    "매도호가": "1,630",
    "매수총잔량": "521,809",
    "매도총잔량": "347,545",
    "상장주식수": "85,811",
    "시가총액": "1,399",
    "매출액": "317",
    "자산총계": "1,085",
    "부채총계": "321",
    "영업이익": "-11",
    "당기순이익": "22",
    "주당순이익": "13",
    "보통주배당금": "0",
    "매출액증가율": "-29.27",
    "영업이익증가율": "-121.65",
    "외국인비율": "1.19",
    "PER": "125.38",
    "ROE": "4.20",
    "ROA": "2.14",
    "PBR": "1.75",
    "유보율": "92.4",
    "code": "036090"
}