{
    "N": "445",
    "종목명": "KTH",
    "현재가": "5,710",
    "상태": "하락",
    "전일비": "30",
    "등락률": "-0.52%",
    "액면가": "1,000",
    "거래량": "131,517",
    "거래대금": "747",
    "전일거래량": "157,714",
    "시가": "5,760",
    "고가": "5,760",
    "저가": "5,650",
    "매수호가": "5,700",
    "매도호가": "5,710",
    "매수총잔량": "44,689",
    "매도총잔량": "16,000",
    "상장주식수": "35,715",
    "시가총액": "2,039",
    "매출액": "3,223",
    "자산총계": "2,798",
    "부채총계": "748",
    "영업이익": "107",
    "당기순이익": "14",
    "주당순이익": "-185",
    "보통주배당금": "0",
    "매출액증가율": "15.57",
    "영업이익증가율": "92.83",
    "외국인비율": "2.72",
    "PER": "-30.86",
    "ROE": "0.69",
    "ROA": "0.52",
    "PBR": "1.02",
    "유보율": "500.1",
    "code": "036030"
}