{
    "N": "1074",
    "종목명": "예림당",
    "현재가": "2,965",
    "상태": "상승",
    "전일비": "15",
    "등락률": "+0.51%",
    "액면가": "500",
    "거래량": "166,998",
    "거래대금": "488",
    "전일거래량": "133,248",
    "시가": "2,960",
    "고가": "2,965",
    "저가": "2,880",
    "매수호가": "2,955",
    "매도호가": "2,965",
    "매수총잔량": "11,685",
    "매도총잔량": "16,686",
    "상장주식수": "23,034",
    "시가총액": "683",
    "매출액": "8,359",
    "자산총계": "9,629",
    "부채총계": "6,305",
    "영업이익": "-247",
    "당기순이익": "-490",
    "주당순이익": "-1,670",
    "보통주배당금": "N/A",
    "매출액증가율": "9.83",
    "영업이익증가율": "-158.67",
    "외국인비율": "0.53",
    "PER": "-1.78",
    "ROE": "-7.39",
    "ROA": "-6.28",
    "PBR": "0.51",
    "유보율": "1,750.2",
    "code": "036000"
}