{
    "N": "577",
    "종목명": "SCI평가정보",
    "현재가": "4,390",
    "상태": "하락",
    "전일비": "60",
    "등락률": "-1.35%",
    "액면가": "500",
    "거래량": "515,239",
    "거래대금": "2,272",
    "전일거래량": "864,278",
    "시가": "4,410",
    "고가": "4,485",
    "저가": "4,365",
    "매수호가": "4,385",
    "매도호가": "4,390",
    "매수총잔량": "49,391",
    "매도총잔량": "11,653",
    "상장주식수": "35,500",
    "시가총액": "1,558",
    "매출액": "526",
    "자산총계": "322",
    "부채총계": "78",
    "영업이익": "69",
    "당기순이익": "51",
    "주당순이익": "171",
    "보통주배당금": "69",
    "매출액증가율": "5.43",
    "영업이익증가율": "423.30",
    "외국인비율": "0.22",
    "PER": "25.67",
    "ROE": "25.42",
    "ROA": "18.16",
    "PBR": "5.91",
    "유보율": "15.6",
    "code": "036120"
}