{
    "N": "912",
    "종목명": "라이브파이낸셜",
    "현재가": "1,940",
    "상태": "하락",
    "전일비": "10",
    "등락률": "-0.51%",
    "액면가": "1,000",
    "거래량": "1,544,254",
    "거래대금": "2,979",
    "전일거래량": "2,907,530",
    "시가": "1,930",
    "고가": "1,970",
    "저가": "1,900",
    "매수호가": "1,935",
    "매도호가": "1,940",
    "매수총잔량": "113,246",
    "매도총잔량": "75,845",
    "상장주식수": "45,121",
    "시가총액": "875",
    "매출액": "135",
    "자산총계": "1,022",
    "부채총계": "139",
    "영업이익": "0",
    "당기순이익": "-138",
    "주당순이익": "-316",
    "보통주배당금": "0",
    "매출액증가율": "-6.41",
    "영업이익증가율": "-101.33",
    "외국인비율": "1.81",
    "PER": "-6.14",
    "ROE": "-16.79",
    "ROA": "-12.89",
    "PBR": "0.93",
    "유보율": "125.1",
    "code": "036170"
}