{
    "N": "544",
    "종목명": "금화피에스시",
    "현재가": "28,150",
    "상태": "상승",
    "전일비": "100",
    "등락률": "+0.36%",
    "액면가": "500",
    "거래량": "5,166",
    "거래대금": "145",
    "전일거래량": "8,929",
    "시가": "27,850",
    "고가": "28,500",
    "저가": "27,800",
    "매수호가": "28,050",
    "매도호가": "28,150",
    "매수총잔량": "2,140",
    "매도총잔량": "1,080",
    "상장주식수": "6,000",
    "시가총액": "1,689",
    "매출액": "2,094",
    "자산총계": "2,817",
    "부채총계": "423",
    "영업이익": "343",
    "당기순이익": "277",
    "주당순이익": "5,248",
    "보통주배당금": "1,300",
    "매출액증가율": "-10.24",
    "영업이익증가율": "-17.05",
    "외국인비율": "28.84",
    "PER": "5.36",
    "ROE": "12.04",
    "ROA": "10.17",
    "PBR": "0.66",
    "유보율": "7,886.1",
    "code": "036190"
}