{
    "N": "1343",
    "종목명": "에이프런티어",
    "현재가": "1,205",
    "전일비": "0",
    "등락률": "0.00%",
    "액면가": "500",
    "거래량": "0",
    "거래대금": "0",
    "전일거래량": "0",
    "시가": "0",
    "고가": "0",
    "저가": "0",
    "매수호가": "0",
    "매도호가": "0",
    "매수총잔량": "0",
    "매도총잔량": "0",
    "상장주식수": "27,923",
    "시가총액": "336",
    "매출액": "446",
    "자산총계": "1,012",
    "부채총계": "775",
    "영업이익": "5",
    "당기순이익": "-46",
    "주당순이익": "-97",
    "보통주배당금": "0",
    "매출액증가율": "N/A",
    "영업이익증가율": "N/A",
    "외국인비율": "6.27",
    "PER": "-12.42",
    "ROE": "N/A",
    "ROA": "N/A",
    "PBR": "0.88",
    "유보율": "170.1",
    "code": "036180"
}