{
    "N": "341",
    "종목명": "유니셈",
    "현재가": "8,700",
    "상태": "상승",
    "전일비": "40",
    "등락률": "+0.46%",
    "액면가": "500",
    "거래량": "1,077,254",
    "거래대금": "9,274",
    "전일거래량": "1,258,047",
    "시가": "8,600",
    "고가": "8,830",
    "저가": "8,450",
    "매수호가": "8,700",
    "매도호가": "8,710",
    "매수총잔량": "16,079",
    "매도총잔량": "34,762",
    "상장주식수": "30,664",
    "시가총액": "2,668",
    "매출액": "1,790",
    "자산총계": "1,677",
    "부채총계": "439",
    "영업이익": "240",
    "당기순이익": "213",
    "주당순이익": "961",
    "보통주배당금": "50",
    "매출액증가율": "-16.46",
    "영업이익증가율": "-8.10",
    "외국인비율": "6.93",
    "PER": "9.05",
    "ROE": "18.57",
    "ROA": "13.76",
    "PBR": "1.75",
    "유보율": "723.4",
    "code": "036200"
}