{
    "N": "1113",
    "종목명": "대성미생물",
    "현재가": "16,750",
    "상태": "상승",
    "전일비": "350",
    "등락률": "+2.13%",
    "액면가": "500",
    "거래량": "145,683",
    "거래대금": "2,447",
    "전일거래량": "45,615",
    "시가": "16,450",
    "고가": "17,350",
    "저가": "16,250",
    "매수호가": "16,750",
    "매도호가": "16,800",
    "매수총잔량": "10,335",
    "매도총잔량": "8,625",
    "상장주식수": "3,800",
    "시가총액": "636",
    "매출액": "251",
    "자산총계": "508",
    "부채총계": "157",
    "영업이익": "34",
    "당기순이익": "28",
    "주당순이익": "641",
    "보통주배당금": "85",
    "매출액증가율": "0.15",
    "영업이익증가율": "-0.85",
    "외국인비율": "1.81",
    "PER": "26.13",
    "ROE": "8.37",
    "ROA": "6.41",
    "PBR": "1.74",
    "유보율": "1,746.9",
    "code": "036480"
}