{
    "N": "7",
    "종목명": "SK머티리얼즈",
    "현재가": "347,000",
    "상태": "하락",
    "전일비": "8,600",
    "등락률": "-2.42%",
    "액면가": "500",
    "거래량": "58,429",
    "거래대금": "20,267",
    "전일거래량": "66,764",
    "시가": "352,900",
    "고가": "354,500",
    "저가": "342,900",
    "매수호가": "347,000",
    "매도호가": "347,100",
    "매수총잔량": "982",
    "매도총잔량": "286",
    "상장주식수": "10,548",
    "시가총액": "36,600",
    "매출액": "7,722",
    "자산총계": "16,158",
    "부채총계": "10,955",
    "영업이익": "2,148",
    "당기순이익": "1,433",
    "주당순이익": "11,583",
    "보통주배당금": "3,850",
    "매출액증가율": "12.36",
    "영업이익증가율": "17.42",
    "외국인비율": "15.75",
    "PER": "29.96",
    "ROE": "30.22",
    "ROA": "9.51",
    "PBR": "7.64",
    "유보율": "12,004.2",
    "code": "036490"
}