{
    "N": "63",
    "종목명": "SFA반도체",
    "현재가": "5,770",
    "상태": "하락",
    "전일비": "190",
    "등락률": "-3.19%",
    "액면가": "500",
    "거래량": "4,543,258",
    "거래대금": "26,340",
    "전일거래량": "9,263,019",
    "시가": "5,850",
    "고가": "5,960",
    "저가": "5,690",
    "매수호가": "5,760",
    "매도호가": "5,770",
    "매수총잔량": "409,701",
    "매도총잔량": "100,498",
    "상장주식수": "164,460",
    "시가총액": "9,489",
    "매출액": "5,889",
    "자산총계": "6,612",
    "부채총계": "3,454",
    "영업이익": "391",
    "당기순이익": "208",
    "주당순이익": "95",
    "보통주배당금": "0",
    "매출액증가율": "28.63",
    "영업이익증가율": "15.99",
    "외국인비율": "5.38",
    "PER": "60.74",
    "ROE": "7.34",
    "ROA": "3.23",
    "PBR": "2.78",
    "유보율": "315.6",
    "code": "036540"
}