{
    "N": "761",
    "종목명": "KCI",
    "현재가": "9,960",
    "상태": "하락",
    "전일비": "30",
    "등락률": "-0.30%",
    "액면가": "500",
    "거래량": "66,748",
    "거래대금": "666",
    "전일거래량": "45,102",
    "시가": "10,000",
    "고가": "10,050",
    "저가": "9,940",
    "매수호가": "9,950",
    "매도호가": "9,960",
    "매수총잔량": "11,606",
    "매도총잔량": "41,903",
    "상장주식수": "11,270",
    "시가총액": "1,122",
    "매출액": "696",
    "자산총계": "783",
    "부채총계": "132",
    "영업이익": "145",
    "당기순이익": "114",
    "주당순이익": "1,083",
    "보통주배당금": "200",
    "매출액증가율": "14.94",
    "영업이익증가율": "27.20",
    "외국인비율": "1.96",
    "PER": "9.20",
    "ROE": "18.92",
    "ROA": "15.84",
    "PBR": "1.47",
    "유보율": "1,140.5",
    "code": "036670"
}