{
    "N": "1230",
    "종목명": "버추얼텍",
    "현재가": "713",
    "전일비": "0",
    "등락률": "0.00%",
    "액면가": "500",
    "거래량": "356,130",
    "거래대금": "254",
    "전일거래량": "389,956",
    "시가": "720",
    "고가": "720",
    "저가": "706",
    "매수호가": "712",
    "매도호가": "713",
    "매수총잔량": "121,864",
    "매도총잔량": "14,121",
    "상장주식수": "69,111",
    "시가총액": "493",
    "매출액": "74",
    "자산총계": "392",
    "부채총계": "229",
    "영업이익": "-14",
    "당기순이익": "-60",
    "주당순이익": "-132",
    "보통주배당금": "0",
    "매출액증가율": "-17.13",
    "영업이익증가율": "24.06",
    "외국인비율": "5.99",
    "PER": "-5.40",
    "ROE": "-44.39",
    "ROA": "-21.38",
    "PBR": "2.17",
    "유보율": "44.8",
    "code": "036620"
}