{
    "N": "896",
    "종목명": "HRS",
    "현재가": "5,470",
    "상태": "하락",
    "전일비": "270",
    "등락률": "-4.70%",
    "액면가": "500",
    "거래량": "244,769",
    "거래대금": "1,366",
    "전일거래량": "176,414",
    "시가": "5,740",
    "고가": "5,840",
    "저가": "5,400",
    "매수호가": "5,470",
    "매도호가": "5,510",
    "매수총잔량": "25,407",
    "매도총잔량": "4,927",
    "상장주식수": "16,355",
    "시가총액": "895",
    "매출액": "667",
    "자산총계": "901",
    "부채총계": "169",
    "영업이익": "16",
    "당기순이익": "10",
    "주당순이익": "425",
    "보통주배당금": "N/A",
    "매출액증가율": "-10.58",
    "영업이익증가율": "-55.69",
    "외국인비율": "5.16",
    "PER": "12.87",
    "ROE": "1.36",
    "ROA": "1.01",
    "PBR": "1.12",
    "유보율": "796.2",
    "code": "036640"
}