{
    "N": "311",
    "종목명": "세종텔레콤",
    "현재가": "493",
    "상태": "상승",
    "전일비": "8",
    "등락률": "+1.65%",
    "액면가": "500",
    "거래량": "5,093,175",
    "거래대금": "2,508",
    "전일거래량": "7,338,892",
    "시가": "485",
    "고가": "507",
    "저가": "482",
    "매수호가": "492",
    "매도호가": "493",
    "매수총잔량": "338,928",
    "매도총잔량": "342,456",
    "상장주식수": "600,326",
    "시가총액": "2,960",
    "매출액": "2,696",
    "자산총계": "4,483",
    "부채총계": "1,115",
    "영업이익": "-98",
    "당기순이익": "22",
    "주당순이익": "3",
    "보통주배당금": "N/A",
    "매출액증가율": "27.66",
    "영업이익증가율": "-9,818.19",
    "외국인비율": "1.99",
    "PER": "164.33",
    "ROE": "0.79",
    "ROA": "0.51",
    "PBR": "0.90",
    "유보율": "11.3",
    "code": "036630"
}