{
    "N": "903",
    "종목명": "코맥스",
    "현재가": "5,920",
    "상태": "하락",
    "전일비": "70",
    "등락률": "-1.17%",
    "액면가": "500",
    "거래량": "381,059",
    "거래대금": "2,240",
    "전일거래량": "1,019,129",
    "시가": "5,900",
    "고가": "5,980",
    "저가": "5,760",
    "매수호가": "5,920",
    "매도호가": "5,930",
    "매수총잔량": "24,519",
    "매도총잔량": "31,115",
    "상장주식수": "14,992",
    "시가총액": "888",
    "매출액": "1,431",
    "자산총계": "1,102",
    "부채총계": "406",
    "영업이익": "64",
    "당기순이익": "39",
    "주당순이익": "188",
    "보통주배당금": "62",
    "매출액증가율": "-0.90",
    "영업이익증가율": "16.84",
    "외국인비율": "3.32",
    "PER": "31.49",
    "ROE": "5.68",
    "ROA": "3.62",
    "PBR": "1.28",
    "유보율": "742.6",
    "code": "036690"
}