{
    "N": "786",
    "종목명": "심텍홀딩스",
    "현재가": "2,660",
    "상태": "상승",
    "전일비": "40",
    "등락률": "+1.53%",
    "액면가": "500",
    "거래량": "834,739",
    "거래대금": "2,214",
    "전일거래량": "1,007,999",
    "시가": "2,600",
    "고가": "2,705",
    "저가": "2,585",
    "매수호가": "2,660",
    "매도호가": "2,665",
    "매수총잔량": "32,531",
    "매도총잔량": "34,659",
    "상장주식수": "40,664",
    "시가총액": "1,082",
    "매출액": "10,003",
    "자산총계": "8,653",
    "부채총계": "6,801",
    "영업이익": "-171",
    "당기순이익": "-386",
    "주당순이익": "624",
    "보통주배당금": "10",
    "매출액증가율": "-0.67",
    "영업이익증가율": "-157.59",
    "외국인비율": "2.10",
    "PER": "4.26",
    "ROE": "-12.11",
    "ROA": "-4.53",
    "PBR": "0.75",
    "유보율": "485.4",
    "code": "036710"
}