{
    "N": "335",
    "종목명": "진성티이씨",
    "현재가": "12,350",
    "전일비": "0",
    "등락률": "0.00%",
    "액면가": "500",
    "거래량": "1,184,278",
    "거래대금": "14,879",
    "전일거래량": "1,209,795",
    "시가": "12,200",
    "고가": "12,950",
    "저가": "12,100",
    "매수호가": "12,350",
    "매도호가": "12,400",
    "매수총잔량": "63,929",
    "매도총잔량": "71,995",
    "상장주식수": "22,482",
    "시가총액": "2,777",
    "매출액": "3,556",
    "자산총계": "2,755",
    "부채총계": "1,359",
    "영업이익": "299",
    "당기순이익": "220",
    "주당순이익": "618",
    "보통주배당금": "200",
    "매출액증가율": "0.25",
    "영업이익증가율": "6.96",
    "외국인비율": "1.41",
    "PER": "19.98",
    "ROE": "16.91",
    "ROA": "8.38",
    "PBR": "1.66",
    "유보율": "1,282.1",
    "code": "036890"
}