{
    "N": "301",
    "종목명": "나이스정보통신",
    "현재가": "30,100",
    "상태": "상승",
    "전일비": "450",
    "등락률": "+1.52%",
    "액면가": "500",
    "거래량": "111,852",
    "거래대금": "3,362",
    "전일거래량": "206,352",
    "시가": "30,100",
    "고가": "30,500",
    "저가": "29,750",
    "매수호가": "30,100",
    "매도호가": "30,150",
    "매수총잔량": "12,483",
    "매도총잔량": "6,094",
    "상장주식수": "10,000",
    "시가총액": "3,010",
    "매출액": "4,529",
    "자산총계": "6,419",
    "부채총계": "4,109",
    "영업이익": "350",
    "당기순이익": "295",
    "주당순이익": "2,580",
    "보통주배당금": "460",
    "매출액증가율": "9.14",
    "영업이익증가율": "-0.66",
    "외국인비율": "21.52",
    "PER": "11.67",
    "ROE": "13.88",
    "ROA": "4.97",
    "PBR": "1.14",
    "유보율": "4,614.7",
    "code": "036800"
}