{
    "N": "61",
    "종목명": "솔브레인홀딩스",
    "현재가": "46,050",
    "상태": "하락",
    "전일비": "400",
    "등락률": "-0.86%",
    "액면가": "500",
    "거래량": "163,534",
    "거래대금": "7,593",
    "전일거래량": "180,403",
    "시가": "46,500",
    "고가": "47,400",
    "저가": "45,750",
    "매수호가": "46,050",
    "매도호가": "46,100",
    "매수총잔량": "12,131",
    "매도총잔량": "2,150",
    "상장주식수": "20,964",
    "시가총액": "9,654",
    "매출액": "10,213",
    "자산총계": "11,595",
    "부채총계": "3,178",
    "영업이익": "1,742",
    "당기순이익": "1,193",
    "주당순이익": "91,522",
    "보통주배당금": "850",
    "매출액증가율": "6.00",
    "영업이익증가율": "6.16",
    "외국인비율": "9.52",
    "PER": "0.50",
    "ROE": "15.06",
    "ROA": "11.02",
    "PBR": "0.80",
    "유보율": "9,645.0",
    "code": "036830"
}