{
    "N": "108",
    "종목명": "에프에스티",
    "현재가": "32,350",
    "상태": "상승",
    "전일비": "1,650",
    "등락률": "+5.37%",
    "액면가": "500",
    "거래량": "2,854,724",
    "거래대금": "92,049",
    "전일거래량": "2,748,230",
    "시가": "31,200",
    "고가": "34,300",
    "저가": "30,500",
    "매수호가": "32,350",
    "매도호가": "32,400",
    "매수총잔량": "11,326",
    "매도총잔량": "11,270",
    "상장주식수": "20,234",
    "시가총액": "6,546",
    "매출액": "1,257",
    "자산총계": "1,811",
    "부채총계": "680",
    "영업이익": "189",
    "당기순이익": "183",
    "주당순이익": "1,038",
    "보통주배당금": "80",
    "매출액증가율": "-23.83",
    "영업이익증가율": "-5.64",
    "외국인비율": "2.33",
    "PER": "31.17",
    "ROE": "17.52",
    "ROA": "11.32",
    "PBR": "4.54",
    "유보율": "1,075.8",
    "code": "036810"
}