{
    "N": "226",
    "종목명": "주성엔지니어링",
    "현재가": "8,080",
    "상태": "하락",
    "전일비": "100",
    "등락률": "-1.22%",
    "액면가": "500",
    "거래량": "1,258,060",
    "거래대금": "10,189",
    "전일거래량": "1,207,198",
    "시가": "8,180",
    "고가": "8,260",
    "저가": "8,010",
    "매수호가": "8,070",
    "매도호가": "8,080",
    "매수총잔량": "117,616",
    "매도총잔량": "19,223",
    "상장주식수": "48,249",
    "시가총액": "3,899",
    "매출액": "2,591",
    "자산총계": "4,500",
    "부채총계": "2,022",
    "영업이익": "309",
    "당기순이익": "266",
    "주당순이익": "-436",
    "보통주배당금": "70",
    "매출액증가율": "-1.88",
    "영업이익증가율": "-25.24",
    "외국인비율": "5.17",
    "PER": "-18.53",
    "ROE": "11.50",
    "ROA": "6.53",
    "PBR": "1.76",
    "유보율": "798.8",
    "code": "036930"
}