{
    "N": "476",
    "종목명": "파세코",
    "현재가": "13,800",
    "상태": "상승",
    "전일비": "250",
    "등락률": "+1.85%",
    "액면가": "500",
    "거래량": "227,829",
    "거래대금": "3,105",
    "전일거래량": "184,674",
    "시가": "13,550",
    "고가": "13,800",
    "저가": "13,500",
    "매수호가": "13,800",
    "매도호가": "13,850",
    "매수총잔량": "48,870",
    "매도총잔량": "47,936",
    "상장주식수": "14,000",
    "시가총액": "1,932",
    "매출액": "1,804",
    "자산총계": "1,114",
    "부채총계": "356",
    "영업이익": "108",
    "당기순이익": "86",
    "주당순이익": "967",
    "보통주배당금": "250",
    "매출액증가율": "20.75",
    "영업이익증가율": "103.01",
    "외국인비율": "0.48",
    "PER": "14.27",
    "ROE": "11.86",
    "ROA": "8.12",
    "PBR": "2.29",
    "유보율": "984.8",
    "code": "037070"
}