{
    "N": "847",
    "종목명": "파워넷",
    "현재가": "6,020",
    "상태": "상승",
    "전일비": "30",
    "등락률": "+0.50%",
    "액면가": "1,000",
    "거래량": "1,835,813",
    "거래대금": "11,186",
    "전일거래량": "1,216,201",
    "시가": "5,920",
    "고가": "6,220",
    "저가": "5,870",
    "매수호가": "6,010",
    "매도호가": "6,020",
    "매수총잔량": "36,887",
    "매도총잔량": "28,588",
    "상장주식수": "15,987",
    "시가총액": "962",
    "매출액": "1,286",
    "자산총계": "1,063",
    "부채총계": "532",
    "영업이익": "52",
    "당기순이익": "54",
    "주당순이익": "281",
    "보통주배당금": "0",
    "매출액증가율": "10.00",
    "영업이익증가율": "85.91",
    "외국인비율": "0.75",
    "PER": "21.42",
    "ROE": "10.78",
    "ROA": "5.74",
    "PBR": "1.32",
    "유보율": "344.3",
    "code": "037030"
}