{
    "N": "587",
    "종목명": "한국팩키지",
    "현재가": "6,110",
    "상태": "하락",
    "전일비": "140",
    "등락률": "-2.24%",
    "액면가": "500",
    "거래량": "1,487,971",
    "거래대금": "9,396",
    "전일거래량": "1,660,353",
    "시가": "6,370",
    "고가": "6,510",
    "저가": "6,110",
    "매수호가": "6,110",
    "매도호가": "6,130",
    "매수총잔량": "53,741",
    "매도총잔량": "23,845",
    "상장주식수": "25,000",
    "시가총액": "1,528",
    "매출액": "584",
    "자산총계": "706",
    "부채총계": "308",
    "영업이익": "26",
    "당기순이익": "18",
    "주당순이익": "90",
    "보통주배당금": "35",
    "매출액증가율": "2.68",
    "영업이익증가율": "10.71",
    "외국인비율": "0.27",
    "PER": "67.89",
    "ROE": "4.38",
    "ROA": "2.93",
    "PBR": "3.74",
    "유보율": "248.2",
    "code": "037230"
}