{
    "N": "1027",
    "종목명": "성도이엔지",
    "현재가": "4,770",
    "상태": "상승",
    "전일비": "5",
    "등락률": "+0.10%",
    "액면가": "500",
    "거래량": "103,936",
    "거래대금": "493",
    "전일거래량": "277,517",
    "시가": "4,760",
    "고가": "4,795",
    "저가": "4,700",
    "매수호가": "4,770",
    "매도호가": "4,775",
    "매수총잔량": "8,920",
    "매도총잔량": "9,598",
    "상장주식수": "15,470",
    "시가총액": "738",
    "매출액": "6,957",
    "자산총계": "5,195",
    "부채총계": "3,804",
    "영업이익": "190",
    "당기순이익": "-656",
    "주당순이익": "-3,604",
    "보통주배당금": "50",
    "매출액증가율": "31.47",
    "영업이익증가율": "-7.57",
    "외국인비율": "7.16",
    "PER": "-1.32",
    "ROE": "-37.95",
    "ROA": "-13.45",
    "PBR": "0.43",
    "유보율": "1,723.7",
    "code": "037350"
}