{
    "N": "990",
    "종목명": "EG",
    "현재가": "10,400",
    "상태": "상승",
    "전일비": "200",
    "등락률": "+1.96%",
    "액면가": "1,000",
    "거래량": "69,240",
    "거래대금": "710",
    "전일거래량": "193,464",
    "시가": "10,000",
    "고가": "10,450",
    "저가": "9,980",
    "매수호가": "10,350",
    "매도호가": "10,400",
    "매수총잔량": "14,030",
    "매도총잔량": "15,808",
    "상장주식수": "7,500",
    "시가총액": "780",
    "매출액": "672",
    "자산총계": "772",
    "부채총계": "436",
    "영업이익": "15",
    "당기순이익": "-6",
    "주당순이익": "-386",
    "보통주배당금": "N/A",
    "매출액증가율": "-40.28",
    "영업이익증가율": "116.71",
    "외국인비율": "2.21",
    "PER": "-26.94",
    "ROE": "-2.22",
    "ROA": "-0.86",
    "PBR": "2.59",
    "유보율": "342.3",
    "code": "037370"
}