{
    "N": "591",
    "종목명": "인지디스플레",
    "현재가": "3,450",
    "상태": "하락",
    "전일비": "85",
    "등락률": "-2.40%",
    "액면가": "500",
    "거래량": "882,934",
    "거래대금": "3,062",
    "전일거래량": "1,226,606",
    "시가": "3,510",
    "고가": "3,555",
    "저가": "3,435",
    "매수호가": "3,450",
    "매도호가": "3,455",
    "매수총잔량": "71,044",
    "매도총잔량": "24,428",
    "상장주식수": "43,885",
    "시가총액": "1,514",
    "매출액": "5,578",
    "자산총계": "4,416",
    "부채총계": "2,531",
    "영업이익": "238",
    "당기순이익": "86",
    "주당순이익": "221",
    "보통주배당금": "75",
    "매출액증가율": "8.44",
    "영업이익증가율": "7.66",
    "외국인비율": "4.46",
    "PER": "15.61",
    "ROE": "2.70",
    "ROA": "2.40",
    "PBR": "0.82",
    "유보율": "661.7",
    "code": "037330"
}