{
    "N": "442",
    "종목명": "삼지전자",
    "현재가": "12,550",
    "상태": "상승",
    "전일비": "150",
    "등락률": "+1.21%",
    "액면가": "500",
    "거래량": "435,120",
    "거래대금": "5,447",
    "전일거래량": "259,357",
    "시가": "12,400",
    "고가": "12,700",
    "저가": "12,350",
    "매수호가": "12,550",
    "매도호가": "12,600",
    "매수총잔량": "42,193",
    "매도총잔량": "156,164",
    "상장주식수": "16,319",
    "시가총액": "2,048",
    "매출액": "14,950",
    "자산총계": "5,595",
    "부채총계": "2,280",
    "영업이익": "362",
    "당기순이익": "339",
    "주당순이익": "1,515",
    "보통주배당금": "140",
    "매출액증가율": "3.85",
    "영업이익증가율": "11.51",
    "외국인비율": "1.96",
    "PER": "8.28",
    "ROE": "7.12",
    "ROA": "6.02",
    "PBR": "0.88",
    "유보율": "1,941.9",
    "code": "037460"
}