{
    "N": "1184",
    "종목명": "희림",
    "현재가": "3,910",
    "상태": "하락",
    "전일비": "30",
    "등락률": "-0.76%",
    "액면가": "500",
    "거래량": "28,243",
    "거래대금": "111",
    "전일거래량": "41,107",
    "시가": "3,925",
    "고가": "3,955",
    "저가": "3,900",
    "매수호가": "3,910",
    "매도호가": "3,915",
    "매수총잔량": "9,524",
    "매도총잔량": "11,652",
    "상장주식수": "13,922",
    "시가총액": "544",
    "매출액": "1,786",
    "자산총계": "1,616",
    "부채총계": "1,068",
    "영업이익": "72",
    "당기순이익": "36",
    "주당순이익": "264",
    "보통주배당금": "150",
    "매출액증가율": "5.36",
    "영업이익증가율": "6.39",
    "외국인비율": "0.79",
    "PER": "14.81",
    "ROE": "7.01",
    "ROA": "2.41",
    "PBR": "0.94",
    "유보율": "802.1",
    "code": "037440"
}