{
    "N": "1212",
    "종목명": "우리조명",
    "현재가": "2,065",
    "상태": "하락",
    "전일비": "5",
    "등락률": "-0.24%",
    "액면가": "500",
    "거래량": "237,196",
    "거래대금": "486",
    "전일거래량": "150,168",
    "시가": "2,060",
    "고가": "2,085",
    "저가": "2,025",
    "매수호가": "2,055",
    "매도호가": "2,065",
    "매수총잔량": "26,616",
    "매도총잔량": "44,828",
    "상장주식수": "24,923",
    "시가총액": "515",
    "매출액": "16,977",
    "자산총계": "6,750",
    "부채총계": "5,099",
    "영업이익": "271",
    "당기순이익": "54",
    "주당순이익": "312",
    "보통주배당금": "N/A",
    "매출액증가율": "30.37",
    "영업이익증가율": "328.54",
    "외국인비율": "1.97",
    "PER": "6.62",
    "ROE": "1.69",
    "ROA": "0.80",
    "PBR": "0.62",
    "유보율": "-191.6",
    "code": "037400"
}