{
    "N": "685",
    "종목명": "엘컴텍",
    "현재가": "1,520",
    "상태": "하락",
    "전일비": "10",
    "등락률": "-0.65%",
    "액면가": "500",
    "거래량": "765,911",
    "거래대금": "1,181",
    "전일거래량": "605,580",
    "시가": "1,550",
    "고가": "1,575",
    "저가": "1,515",
    "매수호가": "1,520",
    "매도호가": "1,525",
    "매수총잔량": "72,466",
    "매도총잔량": "96,668",
    "상장주식수": "84,448",
    "시가총액": "1,284",
    "매출액": "462",
    "자산총계": "835",
    "부채총계": "101",
    "영업이익": "35",
    "당기순이익": "-6",
    "주당순이익": "-116",
    "보통주배당금": "35",
    "매출액증가율": "14.95",
    "영업이익증가율": "239.12",
    "외국인비율": "1.42",
    "PER": "-13.10",
    "ROE": "1.51",
    "ROA": "-0.68",
    "PBR": "2.00",
    "유보율": "115.3",
    "code": "037950"
}