{
    "N": "1105",
    "종목명": "제일테크노스",
    "현재가": "7,130",
    "상태": "상승",
    "전일비": "20",
    "등락률": "+0.28%",
    "액면가": "500",
    "거래량": "182,949",
    "거래대금": "1,296",
    "전일거래량": "294,694",
    "시가": "7,010",
    "고가": "7,190",
    "저가": "6,890",
    "매수호가": "7,130",
    "매도호가": "7,150",
    "매수총잔량": "8,069",
    "매도총잔량": "8,288",
    "상장주식수": "9,000",
    "시가총액": "642",
    "매출액": "1,670",
    "자산총계": "1,591",
    "부채총계": "828",
    "영업이익": "49",
    "당기순이익": "43",
    "주당순이익": "-91",
    "보통주배당금": "90",
    "매출액증가율": "3.89",
    "영업이익증가율": "-45.10",
    "외국인비율": "0.64",
    "PER": "-78.35",
    "ROE": "5.58",
    "ROA": "2.69",
    "PBR": "0.80",
    "유보율": "1,391.5",
    "code": "038010"
}