{
    "N": "772",
    "종목명": "서린바이오",
    "현재가": "13,750",
    "상태": "하락",
    "전일비": "250",
    "등락률": "-1.79%",
    "액면가": "500",
    "거래량": "255,959",
    "거래대금": "3,523",
    "전일거래량": "532,000",
    "시가": "14,150",
    "고가": "14,150",
    "저가": "13,500",
    "매수호가": "13,700",
    "매도호가": "13,750",
    "매수총잔량": "31,275",
    "매도총잔량": "34,033",
    "상장주식수": "8,001",
    "시가총액": "1,100",
    "매출액": "544",
    "자산총계": "807",
    "부채총계": "194",
    "영업이익": "18",
    "당기순이익": "89",
    "주당순이익": "512",
    "보통주배당금": "122",
    "매출액증가율": "9.09",
    "영업이익증가율": "2.83",
    "외국인비율": "2.05",
    "PER": "26.86",
    "ROE": "15.67",
    "ROA": "11.71",
    "PBR": "1.77",
    "유보율": "1,567.1",
    "code": "038070"
}