{
    "N": "608",
    "종목명": "루멘스",
    "현재가": "3,070",
    "상태": "하락",
    "전일비": "45",
    "등락률": "-1.44%",
    "액면가": "500",
    "거래량": "940,633",
    "거래대금": "2,837",
    "전일거래량": "974,497",
    "시가": "3,090",
    "고가": "3,130",
    "저가": "2,940",
    "매수호가": "3,065",
    "매도호가": "3,070",
    "매수총잔량": "30,187",
    "매도총잔량": "38,511",
    "상장주식수": "47,719",
    "시가총액": "1,465",
    "매출액": "3,236",
    "자산총계": "2,785",
    "부채총계": "1,479",
    "영업이익": "-392",
    "당기순이익": "-611",
    "주당순이익": "-1,106",
    "보통주배당금": "N/A",
    "매출액증가율": "-0.69",
    "영업이익증가율": "-92.40",
    "외국인비율": "7.70",
    "PER": "-2.78",
    "ROE": "-41.78",
    "ROA": "-19.99",
    "PBR": "1.15",
    "유보율": "466.5",
    "code": "038060"
}