{
    "N": "1173",
    "종목명": "에코플라스틱",
    "현재가": "2,175",
    "상태": "하락",
    "전일비": "30",
    "등락률": "-1.36%",
    "액면가": "500",
    "거래량": "782,626",
    "거래대금": "1,683",
    "전일거래량": "2,826,197",
    "시가": "2,165",
    "고가": "2,205",
    "저가": "2,105",
    "매수호가": "2,170",
    "매도호가": "2,175",
    "매수총잔량": "42,584",
    "매도총잔량": "25,777",
    "상장주식수": "25,669",
    "시가총액": "558",
    "매출액": "12,163",
    "자산총계": "6,281",
    "부채총계": "5,106",
    "영업이익": "109",
    "당기순이익": "-5",
    "주당순이익": "-294",
    "보통주배당금": "30",
    "매출액증가율": "12.18",
    "영업이익증가율": "393.95",
    "외국인비율": "2.28",
    "PER": "-7.40",
    "ROE": "-0.73",
    "ROA": "-0.09",
    "PBR": "0.53",
    "유보율": "764.7",
    "code": "038110"
}