{
    "N": "297",
    "종목명": "마크로젠",
    "현재가": "28,600",
    "상태": "상승",
    "전일비": "1,500",
    "등락률": "+5.54%",
    "액면가": "500",
    "거래량": "291,717",
    "거래대금": "8,195",
    "전일거래량": "92,613",
    "시가": "27,100",
    "고가": "29,000",
    "저가": "27,100",
    "매수호가": "28,600",
    "매도호가": "28,650",
    "매수총잔량": "10,723",
    "매도총잔량": "23,452",
    "상장주식수": "10,632",
    "시가총액": "3,041",
    "매출액": "1,223",
    "자산총계": "2,255",
    "부채총계": "1,177",
    "영업이익": "7",
    "당기순이익": "-134",
    "주당순이익": "-2,033",
    "보통주배당금": "0",
    "매출액증가율": "8.35",
    "영업이익증가율": "-22.47",
    "외국인비율": "1.43",
    "PER": "-14.07",
    "ROE": "-3.03",
    "ROA": "-6.61",
    "PBR": "2.66",
    "유보율": "2,354.6",
    "code": "038290"
}