{
    "N": "553",
    "종목명": "레드캡투어",
    "현재가": "19,200",
    "상태": "하락",
    "전일비": "100",
    "등락률": "-0.52%",
    "액면가": "500",
    "거래량": "24,703",
    "거래대금": "472",
    "전일거래량": "18,024",
    "시가": "18,950",
    "고가": "19,500",
    "저가": "18,950",
    "매수호가": "19,150",
    "매도호가": "19,200",
    "매수총잔량": "4,869",
    "매도총잔량": "5,722",
    "상장주식수": "8,589",
    "시가총액": "1,649",
    "매출액": "2,588",
    "자산총계": "4,167",
    "부채총계": "2,527",
    "영업이익": "350",
    "당기순이익": "222",
    "주당순이익": "2,011",
    "보통주배당금": "800",
    "매출액증가율": "1.50",
    "영업이익증가율": "37.30",
    "외국인비율": "11.58",
    "PER": "9.55",
    "ROE": "14.22",
    "ROA": "5.52",
    "PBR": "0.92",
    "유보율": "3,930.7",
    "code": "038390"
}