{
    "N": "956",
    "종목명": "UCI",
    "현재가": "2,210",
    "상태": "상승",
    "전일비": "10",
    "등락률": "+0.45%",
    "액면가": "500",
    "거래량": "986,570",
    "거래대금": "2,138",
    "전일거래량": "598,420",
    "시가": "2,195",
    "고가": "2,230",
    "저가": "2,100",
    "매수호가": "2,200",
    "매도호가": "2,210",
    "매수총잔량": "33,416",
    "매도총잔량": "32,050",
    "상장주식수": "37,397",
    "시가총액": "826",
    "매출액": "187",
    "자산총계": "546",
    "부채총계": "174",
    "영업이익": "-46",
    "당기순이익": "-86",
    "주당순이익": "-409",
    "보통주배당금": "0",
    "매출액증가율": "-5.65",
    "영업이익증가율": "-1,710.23",
    "외국인비율": "0.00",
    "PER": "-5.40",
    "ROE": "-37.16",
    "ROA": "-23.72",
    "PBR": "2.08",
    "유보율": "116.9",
    "code": "038340"
}