{
    "N": "562",
    "종목명": "바이오스마트",
    "현재가": "8,000",
    "전일비": "0",
    "등락률": "0.00%",
    "액면가": "500",
    "거래량": "374,237",
    "거래대금": "2,950",
    "전일거래량": "273,538",
    "시가": "7,950",
    "고가": "8,030",
    "저가": "7,770",
    "매수호가": "7,990",
    "매도호가": "8,000",
    "매수총잔량": "18,741",
    "매도총잔량": "6,249",
    "상장주식수": "20,088",
    "시가총액": "1,607",
    "매출액": "1,590",
    "자산총계": "1,835",
    "부채총계": "775",
    "영업이익": "31",
    "당기순이익": "199",
    "주당순이익": "162",
    "보통주배당금": "63",
    "매출액증가율": "35.02",
    "영업이익증가율": "-67.27",
    "외국인비율": "1.56",
    "PER": "49.38",
    "ROE": "23.82",
    "ROA": "12.24",
    "PBR": "1.45",
    "유보율": "942.6",
    "code": "038460"
}