{
    "N": "854",
    "종목명": "골드퍼시픽",
    "현재가": "1,435",
    "전일비": "0",
    "등락률": "0.00%",
    "액면가": "500",
    "거래량": "1,111,261",
    "거래대금": "1,590",
    "전일거래량": "1,248,564",
    "시가": "1,425",
    "고가": "1,455",
    "저가": "1,410",
    "매수호가": "1,435",
    "매도호가": "1,440",
    "매수총잔량": "254,086",
    "매도총잔량": "198,635",
    "상장주식수": "66,197",
    "시가총액": "950",
    "매출액": "116",
    "자산총계": "732",
    "부채총계": "519",
    "영업이익": "-30",
    "당기순이익": "-316",
    "주당순이익": "-993",
    "보통주배당금": "0",
    "매출액증가율": "45.68",
    "영업이익증가율": "-235.60",
    "외국인비율": "1.79",
    "PER": "-1.45",
    "ROE": "-151.91",
    "ROA": "-56.76",
    "PBR": "2.27",
    "유보율": "26.7",
    "code": "038530"
}