{
    "N": "247",
    "종목명": "상상인",
    "현재가": "6,370",
    "상태": "하락",
    "전일비": "20",
    "등락률": "-0.31%",
    "액면가": "1,000",
    "거래량": "344,871",
    "거래대금": "2,200",
    "전일거래량": "331,692",
    "시가": "6,320",
    "고가": "6,440",
    "저가": "6,320",
    "매수호가": "6,370",
    "매도호가": "6,400",
    "매수총잔량": "57,399",
    "매도총잔량": "21,584",
    "상장주식수": "55,328",
    "시가총액": "3,524",
    "매출액": "5,413",
    "자산총계": "36,272",
    "부채총계": "30,085",
    "영업이익": "1,824",
    "당기순이익": "1,204",
    "주당순이익": "1,248",
    "보통주배당금": "200",
    "매출액증가율": "11.76",
    "영업이익증가율": "3.74",
    "외국인비율": "6.52",
    "PER": "5.10",
    "ROE": "26.51",
    "ROA": "3.72",
    "PBR": "0.62",
    "유보율": "848.0",
    "code": "038540"
}