{
    "N": "190",
    "종목명": "삼표시멘트",
    "현재가": "4,035",
    "상태": "상승",
    "전일비": "50",
    "등락률": "+1.25%",
    "액면가": "500",
    "거래량": "865,076",
    "거래대금": "3,480",
    "전일거래량": "540,297",
    "시가": "3,960",
    "고가": "4,075",
    "저가": "3,925",
    "매수호가": "4,035",
    "매도호가": "4,040",
    "매수총잔량": "39,822",
    "매도총잔량": "59,001",
    "상장주식수": "107,357",
    "시가총액": "4,332",
    "매출액": "5,955",
    "자산총계": "13,470",
    "부채총계": "7,118",
    "영업이익": "481",
    "당기순이익": "186",
    "주당순이익": "141",
    "보통주배당금": "50",
    "매출액증가율": "3.38",
    "영업이익증가율": "6,348.81",
    "외국인비율": "2.21",
    "PER": "28.62",
    "ROE": "2.96",
    "ROA": "1.40",
    "PBR": "0.68",
    "유보율": "1,095.0",
    "code": "038500"
}