{
    "N": "1170",
    "종목명": "위즈코프",
    "현재가": "1,445",
    "상태": "하락",
    "전일비": "55",
    "등락률": "-3.67%",
    "액면가": "500",
    "거래량": "872,609",
    "거래대금": "1,264",
    "전일거래량": "1,358,289",
    "시가": "1,485",
    "고가": "1,490",
    "저가": "1,420",
    "매수호가": "1,445",
    "매도호가": "1,450",
    "매수총잔량": "99,149",
    "매도총잔량": "37,089",
    "상장주식수": "38,831",
    "시가총액": "561",
    "매출액": "368",
    "자산총계": "417",
    "부채총계": "17",
    "영업이익": "10",
    "당기순이익": "0",
    "주당순이익": "80",
    "보통주배당금": "0",
    "매출액증가율": "-7.19",
    "영업이익증가율": "63.19",
    "외국인비율": "3.31",
    "PER": "18.06",
    "ROE": "0.13",
    "ROA": "0.06",
    "PBR": "1.21",
    "유보율": "128.9",
    "code": "038620"
}