{
    "N": "747",
    "종목명": "에스넷",
    "현재가": "7,120",
    "상태": "상승",
    "전일비": "70",
    "등락률": "+0.99%",
    "액면가": "500",
    "거래량": "229,244",
    "거래대금": "1,613",
    "전일거래량": "141,117",
    "시가": "7,050",
    "고가": "7,120",
    "저가": "6,980",
    "매수호가": "7,110",
    "매도호가": "7,120",
    "매수총잔량": "16,546",
    "매도총잔량": "48,400",
    "상장주식수": "16,075",
    "시가총액": "1,145",
    "매출액": "3,168",
    "자산총계": "1,721",
    "부채총계": "937",
    "영업이익": "78",
    "당기순이익": "69",
    "주당순이익": "-46",
    "보통주배당금": "120",
    "매출액증가율": "16.98",
    "영업이익증가율": "-12.96",
    "외국인비율": "1.48",
    "PER": "-154.78",
    "ROE": "8.59",
    "ROA": "4.31",
    "PBR": "1.55",
    "유보율": "917.6",
    "code": "038680"
}