{
    "N": "294",
    "종목명": "아이에이",
    "현재가": "1,110",
    "상태": "상승",
    "전일비": "65",
    "등락률": "+6.22%",
    "액면가": "100",
    "거래량": "21,791,685",
    "거래대금": "23,426",
    "전일거래량": "24,611,251",
    "시가": "1,045",
    "고가": "1,135",
    "저가": "1,000",
    "매수호가": "1,110",
    "매도호가": "1,115",
    "매수총잔량": "1,027,426",
    "매도총잔량": "1,812,151",
    "상장주식수": "275,455",
    "시가총액": "3,058",
    "매출액": "678",
    "자산총계": "1,093",
    "부채총계": "495",
    "영업이익": "27",
    "당기순이익": "12",
    "주당순이익": "28",
    "보통주배당금": "0",
    "매출액증가율": "0.85",
    "영업이익증가율": "364.89",
    "외국인비율": "1.30",
    "PER": "39.64",
    "ROE": "3.34",
    "ROA": "1.15",
    "PBR": "3.77",
    "유보율": "134.7",
    "code": "038880"
}