{
    "N": "748",
    "종목명": "에코바이오",
    "현재가": "9,840",
    "상태": "상승",
    "전일비": "20",
    "등락률": "+0.20%",
    "액면가": "500",
    "거래량": "219,345",
    "거래대금": "2,150",
    "전일거래량": "294,715",
    "시가": "9,800",
    "고가": "9,910",
    "저가": "9,630",
    "매수호가": "9,830",
    "매도호가": "9,840",
    "매수총잔량": "17,571",
    "매도총잔량": "19,245",
    "상장주식수": "11,611",
    "시가총액": "1,143",
    "매출액": "173",
    "자산총계": "746",
    "부채총계": "129",
    "영업이익": "10",
    "당기순이익": "71",
    "주당순이익": "552",
    "보통주배당금": "N/A",
    "매출액증가율": "-21.44",
    "영업이익증가율": "-48.76",
    "외국인비율": "1.54",
    "PER": "17.83",
    "ROE": "12.12",
    "ROA": "7.16",
    "PBR": "1.70",
    "유보율": "991.5",
    "code": "038870"
}