{
    "N": "1028",
    "종목명": "파인디지털",
    "현재가": "7,190",
    "상태": "상승",
    "전일비": "10",
    "등락률": "+0.14%",
    "액면가": "500",
    "거래량": "572,507",
    "거래대금": "4,122",
    "전일거래량": "416,618",
    "시가": "7,020",
    "고가": "7,480",
    "저가": "6,920",
    "매수호가": "7,190",
    "매도호가": "7,220",
    "매수총잔량": "19,988",
    "매도총잔량": "13,266",
    "상장주식수": "10,211",
    "시가총액": "734",
    "매출액": "961",
    "자산총계": "1,066",
    "부채총계": "172",
    "영업이익": "-2",
    "당기순이익": "-1",
    "주당순이익": "770",
    "보통주배당금": "50",
    "매출액증가율": "11.65",
    "영업이익증가율": "-115.18",
    "외국인비율": "1.00",
    "PER": "9.34",
    "ROE": "-0.14",
    "ROA": "-0.10",
    "PBR": "0.66",
    "유보율": "1,748.9",
    "code": "038950"
}