{
    "N": "1087",
    "종목명": "이건홀딩스",
    "현재가": "2,970",
    "전일비": "0",
    "등락률": "0.00%",
    "액면가": "1,000",
    "거래량": "186,948",
    "거래대금": "553",
    "전일거래량": "291,307",
    "시가": "2,955",
    "고가": "3,000",
    "저가": "2,920",
    "매수호가": "2,965",
    "매도호가": "2,970",
    "매수총잔량": "29,245",
    "매도총잔량": "26,314",
    "상장주식수": "22,585",
    "시가총액": "671",
    "매출액": "4,703",
    "자산총계": "6,803",
    "부채총계": "3,954",
    "영업이익": "166",
    "당기순이익": "49",
    "주당순이익": "-59",
    "보통주배당금": "70",
    "매출액증가율": "52.83",
    "영업이익증가율": "26.37",
    "외국인비율": "0.60",
    "PER": "-50.34",
    "ROE": "2.80",
    "ROA": "0.72",
    "PBR": "0.43",
    "유보율": "540.3",
    "code": "039020"
}