{
    "N": "1048",
    "종목명": "현대통신",
    "현재가": "8,270",
    "상태": "상승",
    "전일비": "30",
    "등락률": "+0.36%",
    "액면가": "500",
    "거래량": "19,857",
    "거래대금": "164",
    "전일거래량": "41,691",
    "시가": "8,240",
    "고가": "8,340",
    "저가": "8,160",
    "매수호가": "8,270",
    "매도호가": "8,290",
    "매수총잔량": "1,241",
    "매도총잔량": "3,656",
    "상장주식수": "8,625",
    "시가총액": "713",
    "매출액": "1,046",
    "자산총계": "1,092",
    "부채총계": "277",
    "영업이익": "105",
    "당기순이익": "107",
    "주당순이익": "1,026",
    "보통주배당금": "300",
    "매출액증가율": "-17.89",
    "영업이익증가율": "-47.76",
    "외국인비율": "6.05",
    "PER": "8.06",
    "ROE": "13.60",
    "ROA": "9.67",
    "PBR": "0.80",
    "유보율": "1,852.0",
    "code": "039010"
}