{
    "N": "35",
    "종목명": "이오테크닉스",
    "현재가": "116,500",
    "상태": "하락",
    "전일비": "1,400",
    "등락률": "-1.19%",
    "액면가": "500",
    "거래량": "184,550",
    "거래대금": "21,493",
    "전일거래량": "186,967",
    "시가": "116,800",
    "고가": "118,400",
    "저가": "114,100",
    "매수호가": "116,500",
    "매도호가": "116,600",
    "매수총잔량": "8,443",
    "매도총잔량": "3,747",
    "상장주식수": "12,320",
    "시가총액": "14,352",
    "매출액": "2,065",
    "자산총계": "4,464",
    "부채총계": "526",
    "영업이익": "71",
    "당기순이익": "118",
    "주당순이익": "2,585",
    "보통주배당금": "150",
    "매출액증가율": "-29.80",
    "영업이익증가율": "-60.24",
    "외국인비율": "15.39",
    "PER": "45.07",
    "ROE": "3.17",
    "ROA": "2.71",
    "PBR": "3.39",
    "유보율": "6,225.4",
    "code": "039030"
}