{
    "N": "643",
    "종목명": "인포뱅크",
    "현재가": "15,850",
    "상태": "상승",
    "전일비": "1,400",
    "등락률": "+9.69%",
    "액면가": "500",
    "거래량": "16,991,637",
    "거래대금": "284,104",
    "전일거래량": "4,970,095",
    "시가": "14,950",
    "고가": "18,250",
    "저가": "14,900",
    "매수호가": "15,800",
    "매도호가": "15,850",
    "매수총잔량": "52,913",
    "매도총잔량": "35,367",
    "상장주식수": "8,694",
    "시가총액": "1,378",
    "매출액": "1,195",
    "자산총계": "730",
    "부채총계": "174",
    "영업이익": "8",
    "당기순이익": "12",
    "주당순이익": "104",
    "보통주배당금": "10",
    "매출액증가율": "-2.10",
    "영업이익증가율": "-66.63",
    "외국인비율": "0.41",
    "PER": "152.40",
    "ROE": "1.59",
    "ROA": "1.59",
    "PBR": "2.50",
    "유보율": "1,201.1",
    "code": "039290"
}