{
    "N": "21",
    "종목명": "오스코텍",
    "현재가": "68,400",
    "상태": "하락",
    "전일비": "500",
    "등락률": "-0.73%",
    "액면가": "500",
    "거래량": "556,201",
    "거래대금": "37,907",
    "전일거래량": "723,408",
    "시가": "67,800",
    "고가": "69,900",
    "저가": "66,100",
    "매수호가": "68,400",
    "매도호가": "68,500",
    "매수총잔량": "12,345",
    "매도총잔량": "13,262",
    "상장주식수": "29,200",
    "시가총액": "19,973",
    "매출액": "44",
    "자산총계": "724",
    "부채총계": "180",
    "영업이익": "-199",
    "당기순이익": "-250",
    "주당순이익": "-518",
    "보통주배당금": "N/A",
    "매출액증가율": "-76.64",
    "영업이익증가율": "-421.42",
    "외국인비율": "10.64",
    "PER": "-132.05",
    "ROE": "-45.99",
    "ROA": "-35.00",
    "PBR": "45.46",
    "유보율": "206.0",
    "code": "039200"
}