{
    "N": "1243",
    "종목명": "경남스틸",
    "현재가": "1,890",
    "상태": "상승",
    "전일비": "15",
    "등락률": "+0.80%",
    "액면가": "100",
    "거래량": "253,130",
    "거래대금": "476",
    "전일거래량": "143,662",
    "시가": "1,875",
    "고가": "1,905",
    "저가": "1,855",
    "매수호가": "1,885",
    "매도호가": "1,890",
    "매수총잔량": "52,056",
    "매도총잔량": "50,360",
    "상장주식수": "25,000",
    "시가총액": "472",
    "매출액": "3,182",
    "자산총계": "1,419",
    "부채총계": "547",
    "영업이익": "61",
    "당기순이익": "46",
    "주당순이익": "134",
    "보통주배당금": "90",
    "매출액증가율": "15.74",
    "영업이익증가율": "-3.17",
    "외국인비율": "1.86",
    "PER": "14.10",
    "ROE": "5.40",
    "ROA": "3.27",
    "PBR": "0.54",
    "유보율": "3,390.7",
    "code": "039240"
}