{
    "N": "1216",
    "종목명": "세중",
    "현재가": "2,825",
    "상태": "하락",
    "전일비": "10",
    "등락률": "-0.35%",
    "액면가": "500",
    "거래량": "103,028",
    "거래대금": "291",
    "전일거래량": "166,256",
    "시가": "2,865",
    "고가": "2,865",
    "저가": "2,760",
    "매수호가": "2,825",
    "매도호가": "2,840",
    "매수총잔량": "9,223",
    "매도총잔량": "31,170",
    "상장주식수": "18,122",
    "시가총액": "512",
    "매출액": "1,532",
    "자산총계": "1,248",
    "부채총계": "389",
    "영업이익": "39",
    "당기순이익": "23",
    "주당순이익": "126",
    "보통주배당금": "N/A",
    "매출액증가율": "19.85",
    "영업이익증가율": "496.43",
    "외국인비율": "1.57",
    "PER": "22.42",
    "ROE": "2.73",
    "ROA": "1.95",
    "PBR": "0.60",
    "유보율": "870.1",
    "code": "039310"
}