{
    "N": "334",
    "종목명": "에스티아이",
    "현재가": "17,700",
    "상태": "하락",
    "전일비": "400",
    "등락률": "-2.21%",
    "액면가": "500",
    "거래량": "487,255",
    "거래대금": "8,537",
    "전일거래량": "336,855",
    "시가": "18,000",
    "고가": "18,100",
    "저가": "17,250",
    "매수호가": "17,700",
    "매도호가": "17,750",
    "매수총잔량": "48,078",
    "매도총잔량": "26,946",
    "상장주식수": "15,830",
    "시가총액": "2,802",
    "매출액": "3,189",
    "자산총계": "2,657",
    "부채총계": "978",
    "영업이익": "271",
    "당기순이익": "230",
    "주당순이익": "965",
    "보통주배당금": "250",
    "매출액증가율": "11.25",
    "영업이익증가율": "22.89",
    "외국인비율": "5.67",
    "PER": "18.34",
    "ROE": "14.59",
    "ROA": "8.83",
    "PBR": "1.52",
    "유보율": "2,131.8",
    "code": "039440"
}