{
    "N": "1081",
    "종목명": "케이엘넷",
    "현재가": "2,795",
    "상태": "상승",
    "전일비": "10",
    "등락률": "+0.36%",
    "액면가": "500",
    "거래량": "326,059",
    "거래대금": "903",
    "전일거래량": "411,673",
    "시가": "2,755",
    "고가": "2,800",
    "저가": "2,730",
    "매수호가": "2,790",
    "매도호가": "2,795",
    "매수총잔량": "23,042",
    "매도총잔량": "65,087",
    "상장주식수": "24,155",
    "시가총액": "675",
    "매출액": "385",
    "자산총계": "449",
    "부채총계": "84",
    "영업이익": "41",
    "당기순이익": "38",
    "주당순이익": "151",
    "보통주배당금": "60",
    "매출액증가율": "-8.59",
    "영업이익증가율": "1.16",
    "외국인비율": "1.58",
    "PER": "18.51",
    "ROE": "10.41",
    "ROA": "8.78",
    "PBR": "1.63",
    "유보율": "251.5",
    "code": "039420"
}