{
    "N": "175",
    "종목명": "다산네트웍스",
    "현재가": "13,450",
    "상태": "하락",
    "전일비": "250",
    "등락률": "-1.82%",
    "액면가": "500",
    "거래량": "850,915",
    "거래대금": "11,435",
    "전일거래량": "1,017,975",
    "시가": "13,550",
    "고가": "13,850",
    "저가": "13,200",
    "매수호가": "13,400",
    "매도호가": "13,450",
    "매수총잔량": "164,358",
    "매도총잔량": "119,064",
    "상장주식수": "35,090",
    "시가총액": "4,720",
    "매출액": "4,466",
    "자산총계": "4,535",
    "부채총계": "2,212",
    "영업이익": "-2",
    "당기순이익": "-95",
    "주당순이익": "-97",
    "보통주배당금": "0",
    "매출액증가율": "25.17",
    "영업이익증가율": "-101.59",
    "외국인비율": "2.02",
    "PER": "-138.66",
    "ROE": "1.11",
    "ROA": "-2.33",
    "PBR": "2.50",
    "유보율": "1,003.1",
    "code": "039560"
}