{
    "N": "1078",
    "종목명": "한류타임즈",
    "현재가": "3,680",
    "전일비": "0",
    "등락률": "0.00%",
    "액면가": "500",
    "거래량": "0",
    "거래대금": "0",
    "전일거래량": "0",
    "시가": "0",
    "고가": "0",
    "저가": "0",
    "매수호가": "0",
    "매도호가": "0",
    "매수총잔량": "0",
    "매도총잔량": "0",
    "상장주식수": "18,422",
    "시가총액": "678",
    "매출액": "238",
    "자산총계": "216",
    "부채총계": "247",
    "영업이익": "-77",
    "당기순이익": "-221",
    "주당순이익": "248",
    "보통주배당금": "0",
    "매출액증가율": "-13.27",
    "영업이익증가율": "-30.47",
    "외국인비율": "0.76",
    "PER": "14.84",
    "ROE": "-258.38",
    "ROA": "-47.32",
    "PBR": "1.33",
    "유보율": "-106.3",
    "code": "039670"
}