{
    "N": "1346",
    "종목명": "한국정보공학",
    "현재가": "4,160",
    "상태": "상승",
    "전일비": "50",
    "등락률": "+1.22%",
    "액면가": "500",
    "거래량": "185,759",
    "거래대금": "764",
    "전일거래량": "1,097,649",
    "시가": "4,035",
    "고가": "4,260",
    "저가": "3,985",
    "매수호가": "4,155",
    "매도호가": "4,160",
    "매수총잔량": "2,624",
    "매도총잔량": "25,606",
    "상장주식수": "8,018",
    "시가총액": "334",
    "매출액": "1,617",
    "자산총계": "851",
    "부채총계": "444",
    "영업이익": "10",
    "당기순이익": "17",
    "주당순이익": "-59",
    "보통주배당금": "N/A",
    "매출액증가율": "-8.18",
    "영업이익증가율": "161.67",
    "외국인비율": "0.96",
    "PER": "-70.51",
    "ROE": "4.53",
    "ROA": "2.31",
    "PBR": "0.89",
    "유보율": "939.4",
    "code": "039740"
}