{
    "N": "167",
    "종목명": "디오",
    "현재가": "31,300",
    "상태": "상승",
    "전일비": "50",
    "등락률": "+0.16%",
    "액면가": "500",
    "거래량": "83,260",
    "거래대금": "2,595",
    "전일거래량": "103,950",
    "시가": "31,200",
    "고가": "31,350",
    "저가": "30,850",
    "매수호가": "31,300",
    "매도호가": "31,350",
    "매수총잔량": "11,488",
    "매도총잔량": "5,231",
    "상장주식수": "15,524",
    "시가총액": "4,859",
    "매출액": "1,272",
    "자산총계": "2,732",
    "부채총계": "1,295",
    "영업이익": "348",
    "당기순이익": "256",
    "주당순이익": "647",
    "보통주배당금": "N/A",
    "매출액증가율": "39.68",
    "영업이익증가율": "330.04",
    "외국인비율": "19.73",
    "PER": "48.38",
    "ROE": "16.97",
    "ROA": "10.27",
    "PBR": "2.87",
    "유보율": "1,824.7",
    "code": "039840"
}