{
    "N": "395",
    "종목명": "나노엔텍",
    "현재가": "8,680",
    "상태": "상승",
    "전일비": "10",
    "등락률": "+0.12%",
    "액면가": "500",
    "거래량": "299,632",
    "거래대금": "2,578",
    "전일거래량": "184,803",
    "시가": "8,550",
    "고가": "8,750",
    "저가": "8,510",
    "매수호가": "8,680",
    "매도호가": "8,690",
    "매수총잔량": "25,972",
    "매도총잔량": "27,806",
    "상장주식수": "26,796",
    "시가총액": "2,326",
    "매출액": "263",
    "자산총계": "466",
    "부채총계": "56",
    "영업이익": "31",
    "당기순이익": "57",
    "주당순이익": "146",
    "보통주배당금": "0",
    "매출액증가율": "1.78",
    "영업이익증가율": "7.97",
    "외국인비율": "0.92",
    "PER": "59.45",
    "ROE": "15.10",
    "ROA": "12.95",
    "PBR": "5.25",
    "유보율": "276.9",
    "code": "039860"
}