{
    "N": "819",
    "종목명": "오로라",
    "현재가": "9,500",
    "상태": "상승",
    "전일비": "10",
    "등락률": "+0.11%",
    "액면가": "500",
    "거래량": "77,514",
    "거래대금": "732",
    "전일거래량": "84,953",
    "시가": "9,490",
    "고가": "9,500",
    "저가": "9,370",
    "매수호가": "9,480",
    "매도호가": "9,500",
    "매수총잔량": "9,237",
    "매도총잔량": "10,945",
    "상장주식수": "10,763",
    "시가총액": "1,022",
    "매출액": "1,571",
    "자산총계": "2,509",
    "부채총계": "1,447",
    "영업이익": "126",
    "당기순이익": "38",
    "주당순이익": "41",
    "보통주배당금": "200",
    "매출액증가율": "6.98",
    "영업이익증가율": "-3.82",
    "외국인비율": "1.33",
    "PER": "231.71",
    "ROE": "3.62",
    "ROA": "1.57",
    "PBR": "0.89",
    "유보율": "2,012.9",
    "code": "039830"
}