{
    "N": "1208",
    "종목명": "리노스",
    "현재가": "1,245",
    "상태": "상승",
    "전일비": "45",
    "등락률": "+3.75%",
    "액면가": "500",
    "거래량": "3,497,903",
    "거래대금": "4,402",
    "전일거래량": "467,058",
    "시가": "1,195",
    "고가": "1,310",
    "저가": "1,185",
    "매수호가": "1,245",
    "매도호가": "1,250",
    "매수총잔량": "261,513",
    "매도총잔량": "184,476",
    "상장주식수": "41,541",
    "시가총액": "517",
    "매출액": "813",
    "자산총계": "1,119",
    "부채총계": "370",
    "영업이익": "-3",
    "당기순이익": "-4",
    "주당순이익": "-75",
    "보통주배당금": "23",
    "매출액증가율": "13.46",
    "영업이익증가율": "-119.83",
    "외국인비율": "1.98",
    "PER": "-16.60",
    "ROE": "-0.59",
    "ROA": "-0.43",
    "PBR": "0.74",
    "유보율": "287.4",
    "code": "039980"
}