{
    "N": "796",
    "종목명": "누리텔레콤",
    "현재가": "8,770",
    "상태": "상승",
    "전일비": "240",
    "등락률": "+2.81%",
    "액면가": "500",
    "거래량": "589,382",
    "거래대금": "5,139",
    "전일거래량": "448,306",
    "시가": "8,550",
    "고가": "8,950",
    "저가": "8,430",
    "매수호가": "8,770",
    "매도호가": "8,780",
    "매수총잔량": "9,277",
    "매도총잔량": "17,078",
    "상장주식수": "12,056",
    "시가총액": "1,057",
    "매출액": "1,479",
    "자산총계": "1,286",
    "부채총계": "602",
    "영업이익": "116",
    "당기순이익": "89",
    "주당순이익": "1,093",
    "보통주배당금": "50",
    "매출액증가율": "-22.29",
    "영업이익증가율": "-33.00",
    "외국인비율": "31.55",
    "PER": "8.02",
    "ROE": "13.73",
    "ROA": "6.89",
    "PBR": "1.35",
    "유보율": "1,087.0",
    "code": "040160"
}