{
    "N": "387",
    "종목명": "큐로컴",
    "현재가": "1,990",
    "전일비": "0",
    "등락률": "0.00%",
    "액면가": "500",
    "거래량": "671,770",
    "거래대금": "1,325",
    "전일거래량": "560,611",
    "시가": "1,980",
    "고가": "2,005",
    "저가": "1,945",
    "매수호가": "1,985",
    "매도호가": "1,990",
    "매수총잔량": "42,238",
    "매도총잔량": "60,423",
    "상장주식수": "119,467",
    "시가총액": "2,377",
    "매출액": "151",
    "자산총계": "966",
    "부채총계": "590",
    "영업이익": "-118",
    "당기순이익": "-247",
    "주당순이익": "-182",
    "보통주배당금": "0",
    "매출액증가율": "8.17",
    "영업이익증가율": "-12.27",
    "외국인비율": "1.91",
    "PER": "-10.93",
    "ROE": "-33.26",
    "ROA": "-25.91",
    "PBR": "4.59",
    "유보율": "-14.7",
    "code": "040350"
}