{
    "N": "586",
    "종목명": "YTN",
    "현재가": "3,640",
    "상태": "상승",
    "전일비": "475",
    "등락률": "+15.01%",
    "액면가": "1,000",
    "거래량": "2,236,688",
    "거래대금": "7,983",
    "전일거래량": "382,817",
    "시가": "3,165",
    "고가": "3,815",
    "저가": "3,120",
    "매수호가": "3,635",
    "매도호가": "3,640",
    "매수총잔량": "18,983",
    "매도총잔량": "12,050",
    "상장주식수": "42,000",
    "시가총액": "1,529",
    "매출액": "1,308",
    "자산총계": "2,839",
    "부채총계": "967",
    "영업이익": "5",
    "당기순이익": "-15",
    "주당순이익": "136",
    "보통주배당금": "10",
    "매출액증가율": "-1.18",
    "영업이익증가율": "-42.95",
    "외국인비율": "0.59",
    "PER": "26.76",
    "ROE": "-0.78",
    "ROA": "-0.53",
    "PBR": "0.83",
    "유보율": "343.3",
    "code": "040300"
}