{
    "N": "843",
    "종목명": "정상제이엘에스",
    "현재가": "6,170",
    "상태": "상승",
    "전일비": "40",
    "등락률": "+0.65%",
    "액면가": "500",
    "거래량": "38,051",
    "거래대금": "234",
    "전일거래량": "122,700",
    "시가": "6,110",
    "고가": "6,190",
    "저가": "6,090",
    "매수호가": "6,170",
    "매도호가": "6,180",
    "매수총잔량": "25,812",
    "매도총잔량": "9,606",
    "상장주식수": "15,678",
    "시가총액": "967",
    "매출액": "936",
    "자산총계": "1,108",
    "부채총계": "468",
    "영업이익": "134",
    "당기순이익": "77",
    "주당순이익": "320",
    "보통주배당금": "430",
    "매출액증가율": "7.44",
    "영업이익증가율": "23.03",
    "외국인비율": "1.69",
    "PER": "19.28",
    "ROE": "12.20",
    "ROA": "7.79",
    "PBR": "1.47",
    "유보율": "766.3",
    "code": "040420"
}