{
    "N": "1189",
    "종목명": "SG&G",
    "현재가": "1,590",
    "상태": "상승",
    "전일비": "15",
    "등락률": "+0.95%",
    "액면가": "500",
    "거래량": "209,360",
    "거래대금": "330",
    "전일거래량": "151,031",
    "시가": "1,575",
    "고가": "1,590",
    "저가": "1,560",
    "매수호가": "1,585",
    "매도호가": "1,590",
    "매수총잔량": "93,258",
    "매도총잔량": "40,951",
    "상장주식수": "34,087",
    "시가총액": "542",
    "매출액": "9,389",
    "자산총계": "11,215",
    "부채총계": "4,972",
    "영업이익": "117",
    "당기순이익": "34",
    "주당순이익": "294",
    "보통주배당금": "N/A",
    "매출액증가율": "-13.77",
    "영업이익증가율": "31.94",
    "외국인비율": "2.25",
    "PER": "5.41",
    "ROE": "0.56",
    "ROA": "0.29",
    "PBR": "0.20",
    "유보율": "1,391.8",
    "code": "040610"
}