{
    "N": "274",
    "종목명": "아이씨디",
    "현재가": "18,150",
    "상태": "하락",
    "전일비": "250",
    "등락률": "-1.36%",
    "액면가": "500",
    "거래량": "643,228",
    "거래대금": "11,540",
    "전일거래량": "573,177",
    "시가": "18,250",
    "고가": "18,500",
    "저가": "17,550",
    "매수호가": "18,100",
    "매도호가": "18,150",
    "매수총잔량": "61,440",
    "매도총잔량": "50,523",
    "상장주식수": "17,948",
    "시가총액": "3,258",
    "매출액": "1,216",
    "자산총계": "2,038",
    "부채총계": "567",
    "영업이익": "143",
    "당기순이익": "112",
    "주당순이익": "2,641",
    "보통주배당금": "150",
    "매출액증가율": "-48.03",
    "영업이익증가율": "-63.99",
    "외국인비율": "5.23",
    "PER": "6.87",
    "ROE": "8.01",
    "ROA": "5.65",
    "PBR": "1.62",
    "유보율": "1,691.6",
    "code": "040910"
}