{
    "N": "977",
    "종목명": "인프라웨어",
    "현재가": "2,150",
    "상태": "상승",
    "전일비": "40",
    "등락률": "+1.90%",
    "액면가": "500",
    "거래량": "689,714",
    "거래대금": "1,477",
    "전일거래량": "674,583",
    "시가": "2,140",
    "고가": "2,195",
    "저가": "2,100",
    "매수호가": "2,150",
    "매도호가": "2,155",
    "매수총잔량": "70,684",
    "매도총잔량": "54,614",
    "상장주식수": "37,463",
    "시가총액": "805",
    "매출액": "210",
    "자산총계": "352",
    "부채총계": "71",
    "영업이익": "-59",
    "당기순이익": "-78",
    "주당순이익": "-116",
    "보통주배당금": "N/A",
    "매출액증가율": "-6.63",
    "영업이익증가율": "-1,051.23",
    "외국인비율": "2.46",
    "PER": "-18.53",
    "ROE": "-20.96",
    "ROA": "-19.85",
    "PBR": "2.33",
    "유보율": "82.8",
    "code": "041020"
}