{
    "N": "210",
    "종목명": "우리기술투자",
    "현재가": "4,890",
    "상태": "하락",
    "전일비": "250",
    "등락률": "-4.86%",
    "액면가": "500",
    "거래량": "5,756,558",
    "거래대금": "28,421",
    "전일거래량": "15,704,465",
    "시가": "5,040",
    "고가": "5,040",
    "저가": "4,850",
    "매수호가": "4,890",
    "매도호가": "4,895",
    "매수총잔량": "195,178",
    "매도총잔량": "71,207",
    "상장주식수": "84,000",
    "시가총액": "4,108",
    "매출액": "229",
    "자산총계": "831",
    "부채총계": "76",
    "영업이익": "133",
    "당기순이익": "106",
    "주당순이익": "253",
    "보통주배당금": "N/A",
    "매출액증가율": "22.48",
    "영업이익증가율": "3.41",
    "외국인비율": "2.77",
    "PER": "19.33",
    "ROE": "15.11",
    "ROA": "13.76",
    "PBR": "4.28",
    "유보율": "89.0",
    "code": "041190"
}