{
    "N": "168",
    "종목명": "넥슨지티",
    "현재가": "13,600",
    "상태": "상승",
    "전일비": "650",
    "등락률": "+5.02%",
    "액면가": "500",
    "거래량": "1,487,037",
    "거래대금": "20,422",
    "전일거래량": "194,010",
    "시가": "12,950",
    "고가": "14,700",
    "저가": "12,750",
    "매수호가": "13,550",
    "매도호가": "13,600",
    "매수총잔량": "44,327",
    "매도총잔량": "48,312",
    "상장주식수": "35,373",
    "시가총액": "4,811",
    "매출액": "302",
    "자산총계": "1,446",
    "부채총계": "370",
    "영업이익": "-287",
    "당기순이익": "29",
    "주당순이익": "734",
    "보통주배당금": "N/A",
    "매출액증가율": "-6.92",
    "영업이익증가율": "-13.98",
    "외국인비율": "3.08",
    "PER": "18.53",
    "ROE": "2.78",
    "ROA": "1.86",
    "PBR": "4.20",
    "유보율": "564.6",
    "code": "041140"
}