{
    "N": "645",
    "종목명": "한국전자인증",
    "현재가": "6,410",
    "상태": "상승",
    "전일비": "30",
    "등락률": "+0.47%",
    "액면가": "500",
    "거래량": "185,201",
    "거래대금": "1,185",
    "전일거래량": "271,847",
    "시가": "6,400",
    "고가": "6,480",
    "저가": "6,330",
    "매수호가": "6,400",
    "매도호가": "6,410",
    "매수총잔량": "49,588",
    "매도총잔량": "11,151",
    "상장주식수": "21,459",
    "시가총액": "1,376",
    "매출액": "287",
    "자산총계": "576",
    "부채총계": "169",
    "영업이익": "23",
    "당기순이익": "16",
    "주당순이익": "67",
    "보통주배당금": "46",
    "매출액증가율": "7.91",
    "영업이익증가율": "-35.45",
    "외국인비율": "1.44",
    "PER": "95.67",
    "ROE": "4.42",
    "ROA": "2.87",
    "PBR": "3.00",
    "유보율": "315.1",
    "code": "041460"
}