{
    "N": "995",
    "종목명": "에버다임",
    "현재가": "4,300",
    "상태": "상승",
    "전일비": "10",
    "등락률": "+0.23%",
    "액면가": "500",
    "거래량": "48,141",
    "거래대금": "206",
    "전일거래량": "31,343",
    "시가": "4,290",
    "고가": "4,315",
    "저가": "4,245",
    "매수호가": "4,300",
    "매도호가": "4,305",
    "매수총잔량": "1,158",
    "매도총잔량": "3,648",
    "상장주식수": "17,916",
    "시가총액": "770",
    "매출액": "2,486",
    "자산총계": "2,804",
    "부채총계": "905",
    "영업이익": "31",
    "당기순이익": "12",
    "주당순이익": "9",
    "보통주배당금": "40",
    "매출액증가율": "-20.10",
    "영업이익증가율": "-78.37",
    "외국인비율": "1.06",
    "PER": "477.78",
    "ROE": "0.61",
    "ROA": "0.42",
    "PBR": "0.40",
    "유보율": "1,987.5",
    "code": "041440"
}