{
    "N": "492",
    "종목명": "이라이콤",
    "현재가": "15,400",
    "상태": "하락",
    "전일비": "600",
    "등락률": "-3.75%",
    "액면가": "500",
    "거래량": "485,286",
    "거래대금": "7,624",
    "전일거래량": "521,087",
    "시가": "15,800",
    "고가": "16,300",
    "저가": "15,150",
    "매수호가": "15,350",
    "매도호가": "15,400",
    "매수총잔량": "39,205",
    "매도총잔량": "22,334",
    "상장주식수": "12,189",
    "시가총액": "1,877",
    "매출액": "2,771",
    "자산총계": "2,373",
    "부채총계": "322",
    "영업이익": "-55",
    "당기순이익": "-6",
    "주당순이익": "1,214",
    "보통주배당금": "100",
    "매출액증가율": "-24.52",
    "영업이익증가율": "-164.26",
    "외국인비율": "4.58",
    "PER": "12.69",
    "ROE": "-0.28",
    "ROA": "-0.21",
    "PBR": "0.85",
    "유보율": "3,163.0",
    "code": "041520"
}