{
    "N": "102",
    "종목명": "에스엠",
    "현재가": "29,250",
    "상태": "하락",
    "전일비": "300",
    "등락률": "-1.02%",
    "액면가": "500",
    "거래량": "285,192",
    "거래대금": "8,333",
    "전일거래량": "289,108",
    "시가": "29,300",
    "고가": "29,500",
    "저가": "29,050",
    "매수호가": "29,200",
    "매도호가": "29,250",
    "매수총잔량": "59,131",
    "매도총잔량": "24,926",
    "상장주식수": "23,453",
    "시가총액": "6,860",
    "매출액": "6,578",
    "자산총계": "11,156",
    "부채총계": "4,829",
    "영업이익": "404",
    "당기순이익": "-162",
    "주당순이익": "-1,560",
    "보통주배당금": "0",
    "매출액증가율": "7.45",
    "영업이익증가율": "-15.39",
    "외국인비율": "16.10",
    "PER": "-18.75",
    "ROE": "-2.10",
    "ROA": "-1.53",
    "PBR": "1.54",
    "유보율": "3,495.5",
    "code": "041510"
}