{
    "N": "1097",
    "종목명": "젬백스지오",
    "현재가": "847",
    "상태": "상승",
    "전일비": "100",
    "등락률": "+13.39%",
    "액면가": "500",
    "거래량": "20,622,272",
    "거래대금": "17,520",
    "전일거래량": "989,443",
    "시가": "746",
    "고가": "896",
    "저가": "733",
    "매수호가": "846",
    "매도호가": "847",
    "매수총잔량": "23,553",
    "매도총잔량": "17,905",
    "상장주식수": "77,426",
    "시가총액": "656",
    "매출액": "189",
    "자산총계": "1,467",
    "부채총계": "700",
    "영업이익": "-40",
    "당기순이익": "-592",
    "주당순이익": "-446",
    "보통주배당금": "0",
    "매출액증가율": "-25.71",
    "영업이익증가율": "-1,264.99",
    "외국인비율": "1.30",
    "PER": "-1.90",
    "ROE": "-68.98",
    "ROA": "-39.55",
    "PBR": "0.79",
    "유보율": "90.7",
    "code": "041590"
}