{
    "N": "371",
    "종목명": "인바디",
    "현재가": "17,950",
    "상태": "상승",
    "전일비": "450",
    "등락률": "+2.57%",
    "액면가": "500",
    "거래량": "148,892",
    "거래대금": "2,635",
    "전일거래량": "106,029",
    "시가": "17,450",
    "고가": "17,950",
    "저가": "17,300",
    "매수호가": "17,900",
    "매도호가": "17,950",
    "매수총잔량": "12,844",
    "매도총잔량": "20,089",
    "상장주식수": "13,684",
    "시가총액": "2,456",
    "매출액": "1,171",
    "자산총계": "1,549",
    "부채총계": "151",
    "영업이익": "276",
    "당기순이익": "204",
    "주당순이익": "1,059",
    "보통주배당금": "140",
    "매출액증가율": "17.49",
    "영업이익증가율": "16.68",
    "외국인비율": "18.58",
    "PER": "16.95",
    "ROE": "15.47",
    "ROA": "14.24",
    "PBR": "1.62",
    "유보율": "2,053.8",
    "code": "041830"
}