{
    "N": "600",
    "종목명": "에스텍파마",
    "현재가": "12,450",
    "상태": "하락",
    "전일비": "250",
    "등락률": "-1.97%",
    "액면가": "500",
    "거래량": "179,044",
    "거래대금": "2,240",
    "전일거래량": "110,956",
    "시가": "12,600",
    "고가": "12,700",
    "저가": "12,400",
    "매수호가": "12,450",
    "매도호가": "12,500",
    "매수총잔량": "65,617",
    "매도총잔량": "29,539",
    "상장주식수": "11,898",
    "시가총액": "1,481",
    "매출액": "465",
    "자산총계": "1,164",
    "부채총계": "137",
    "영업이익": "38",
    "당기순이익": "152",
    "주당순이익": "947",
    "보통주배당금": "100",
    "매출액증가율": "15.26",
    "영업이익증가율": "148.87",
    "외국인비율": "1.02",
    "PER": "13.15",
    "ROE": "15.87",
    "ROA": "14.18",
    "PBR": "1.31",
    "유보율": "1,668.7",
    "code": "041910"
}