{
    "N": "532",
    "종목명": "동아화성",
    "현재가": "11,000",
    "상태": "상승",
    "전일비": "100",
    "등락률": "+0.92%",
    "액면가": "500",
    "거래량": "1,011,401",
    "거래대금": "11,082",
    "전일거래량": "1,651,898",
    "시가": "11,000",
    "고가": "11,300",
    "저가": "10,700",
    "매수호가": "10,950",
    "매도호가": "11,000",
    "매수총잔량": "128,726",
    "매도총잔량": "171,927",
    "상장주식수": "15,800",
    "시가총액": "1,738",
    "매출액": "2,885",
    "자산총계": "2,384",
    "부채총계": "1,275",
    "영업이익": "107",
    "당기순이익": "102",
    "주당순이익": "252",
    "보통주배당금": "50",
    "매출액증가율": "13.87",
    "영업이익증가율": "-18.60",
    "외국인비율": "0.44",
    "PER": "43.65",
    "ROE": "9.72",
    "ROA": "4.59",
    "PBR": "1.44",
    "유보율": "1,257.7",
    "code": "041930"
}