{
    "N": "72",
    "종목명": "코미팜",
    "현재가": "13,150",
    "전일비": "0",
    "등락률": "0.00%",
    "액면가": "100",
    "거래량": "498,685",
    "거래대금": "6,544",
    "전일거래량": "358,282",
    "시가": "13,050",
    "고가": "13,250",
    "저가": "13,000",
    "매수호가": "13,150",
    "매도호가": "13,200",
    "매수총잔량": "187,550",
    "매도총잔량": "63,491",
    "상장주식수": "64,186",
    "시가총액": "8,440",
    "매출액": "355",
    "자산총계": "1,256",
    "부채총계": "495",
    "영업이익": "-54",
    "당기순이익": "-233",
    "주당순이익": "-333",
    "보통주배당금": "0",
    "매출액증가율": "1.42",
    "영업이익증가율": "12.54",
    "외국인비율": "3.72",
    "PER": "-39.49",
    "ROE": "-25.64",
    "ROA": "-17.52",
    "PBR": "10.75",
    "유보율": "1,071.2",
    "code": "041960"
}