{
    "N": "624",
    "종목명": "메디아나",
    "현재가": "16,600",
    "상태": "상승",
    "전일비": "500",
    "등락률": "+3.11%",
    "액면가": "500",
    "거래량": "221,065",
    "거래대금": "3,633",
    "전일거래량": "174,736",
    "시가": "16,100",
    "고가": "16,800",
    "저가": "15,900",
    "매수호가": "16,500",
    "매도호가": "16,600",
    "매수총잔량": "24,075",
    "매도총잔량": "30,584",
    "상장주식수": "8,650",
    "시가총액": "1,436",
    "매출액": "484",
    "자산총계": "648",
    "부채총계": "78",
    "영업이익": "77",
    "당기순이익": "67",
    "주당순이익": "1,370",
    "보통주배당금": "N/A",
    "매출액증가율": "3.36",
    "영업이익증가율": "121.65",
    "외국인비율": "0.62",
    "PER": "12.12",
    "ROE": "12.68",
    "ROA": "11.10",
    "PBR": "2.08",
    "유보율": "1,142.7",
    "code": "041920"
}