{
    "N": "204",
    "종목명": "케이피엠테크",
    "현재가": "3,010",
    "상태": "하락",
    "전일비": "15",
    "등락률": "-0.50%",
    "액면가": "100",
    "거래량": "8,078,899",
    "거래대금": "24,812",
    "전일거래량": "2,661,871",
    "시가": "3,000",
    "고가": "3,215",
    "저가": "2,945",
    "매수호가": "3,010",
    "매도호가": "3,015",
    "매수총잔량": "203,738",
    "매도총잔량": "38,782",
    "상장주식수": "138,127",
    "시가총액": "4,158",
    "매출액": "177",
    "자산총계": "1,621",
    "부채총계": "553",
    "영업이익": "-102",
    "당기순이익": "-353",
    "주당순이익": "-228",
    "보통주배당금": "0",
    "매출액증가율": "-39.99",
    "영업이익증가율": "-1,010.09",
    "외국인비율": "1.98",
    "PER": "-13.20",
    "ROE": "-28.53",
    "ROA": "-19.57",
    "PBR": "3.26",
    "유보율": "1,041.5",
    "code": "042040"
}