{
    "N": "116",
    "종목명": "카페24",
    "현재가": "65,500",
    "상태": "상승",
    "전일비": "2,100",
    "등락률": "+3.31%",
    "액면가": "500",
    "거래량": "360,320",
    "거래대금": "23,492",
    "전일거래량": "109,834",
    "시가": "63,400",
    "고가": "66,000",
    "저가": "63,300",
    "매수호가": "65,400",
    "매도호가": "65,500",
    "매수총잔량": "5,886",
    "매도총잔량": "47,640",
    "상장주식수": "9,431",
    "시가총액": "6,177",
    "매출액": "2,172",
    "자산총계": "2,314",
    "부채총계": "792",
    "영업이익": "98",
    "당기순이익": "78",
    "주당순이익": "498",
    "보통주배당금": "N/A",
    "매출액증가율": "31.36",
    "영업이익증가율": "-36.89",
    "외국인비율": "22.95",
    "PER": "131.53",
    "ROE": "5.91",
    "ROA": "4.10",
    "PBR": "5.17",
    "유보율": "2,374.0",
    "code": "042000"
}