{
    "N": "973",
    "종목명": "에스씨디",
    "현재가": "1,670",
    "상태": "하락",
    "전일비": "10",
    "등락률": "-0.60%",
    "액면가": "500",
    "거래량": "921,647",
    "거래대금": "1,538",
    "전일거래량": "1,114,388",
    "시가": "1,675",
    "고가": "1,710",
    "저가": "1,645",
    "매수호가": "1,665",
    "매도호가": "1,670",
    "매수총잔량": "65,968",
    "매도총잔량": "104,495",
    "상장주식수": "48,330",
    "시가총액": "807",
    "매출액": "1,749",
    "자산총계": "1,392",
    "부채총계": "385",
    "영업이익": "35",
    "당기순이익": "-10",
    "주당순이익": "53",
    "보통주배당금": "15",
    "매출액증가율": "9.84",
    "영업이익증가율": "-29.56",
    "외국인비율": "54.67",
    "PER": "31.51",
    "ROE": "-0.98",
    "ROA": "-0.74",
    "PBR": "0.79",
    "유보율": "319.9",
    "code": "042110"
}