{
    "N": "430",
    "종목명": "비츠로테크",
    "현재가": "9,360",
    "상태": "하락",
    "전일비": "170",
    "등락률": "-1.78%",
    "액면가": "500",
    "거래량": "463,704",
    "거래대금": "4,341",
    "전일거래량": "674,515",
    "시가": "9,430",
    "고가": "9,500",
    "저가": "9,280",
    "매수호가": "9,360",
    "매도호가": "9,370",
    "매수총잔량": "30,665",
    "매도총잔량": "11,395",
    "상장주식수": "22,354",
    "시가총액": "2,092",
    "매출액": "3,130",
    "자산총계": "3,675",
    "부채총계": "1,205",
    "영업이익": "374",
    "당기순이익": "298",
    "주당순이익": "869",
    "보통주배당금": "50",
    "매출액증가율": "115.95",
    "영업이익증가율": "82.54",
    "외국인비율": "2.43",
    "PER": "10.77",
    "ROE": "11.37",
    "ROA": "8.45",
    "PBR": "1.23",
    "유보율": "1,287.6",
    "code": "042370"
}