{
    "N": "607",
    "종목명": "네오위즈홀딩스",
    "현재가": "16,600",
    "상태": "상승",
    "전일비": "200",
    "등락률": "+1.22%",
    "액면가": "500",
    "거래량": "27,559",
    "거래대금": "454",
    "전일거래량": "35,149",
    "시가": "16,500",
    "고가": "16,600",
    "저가": "16,350",
    "매수호가": "16,500",
    "매도호가": "16,600",
    "매수총잔량": "6,166",
    "매도총잔량": "6,493",
    "상장주식수": "8,857",
    "시가총액": "1,470",
    "매출액": "2,539",
    "자산총계": "6,221",
    "부채총계": "729",
    "영업이익": "294",
    "당기순이익": "409",
    "주당순이익": "4,889",
    "보통주배당금": "123",
    "매출액증가율": "17.83",
    "영업이익증가율": "40.73",
    "외국인비율": "7.92",
    "PER": "3.40",
    "ROE": "6.57",
    "ROA": "6.74",
    "PBR": "0.35",
    "유보율": "8,570.6",
    "code": "042420"
}