{
    "N": "703",
    "종목명": "라온시큐어",
    "현재가": "3,510",
    "상태": "하락",
    "전일비": "60",
    "등락률": "-1.68%",
    "액면가": "500",
    "거래량": "486,094",
    "거래대금": "1,706",
    "전일거래량": "717,102",
    "시가": "3,480",
    "고가": "3,565",
    "저가": "3,480",
    "매수호가": "3,510",
    "매도호가": "3,515",
    "매수총잔량": "59,069",
    "매도총잔량": "18,873",
    "상장주식수": "35,295",
    "시가총액": "1,239",
    "매출액": "304",
    "자산총계": "511",
    "부채총계": "283",
    "영업이익": "21",
    "당기순이익": "25",
    "주당순이익": "-148",
    "보통주배당금": "0",
    "매출액증가율": "23.70",
    "영업이익증가율": "-47.28",
    "외국인비율": "0.92",
    "PER": "-23.72",
    "ROE": "10.15",
    "ROA": "6.45",
    "PBR": "6.76",
    "유보율": "76.7",
    "code": "042510"
}