{
    "N": "671",
    "종목명": "한스바이오메드",
    "현재가": "13,050",
    "상태": "하락",
    "전일비": "50",
    "등락률": "-0.38%",
    "액면가": "500",
    "거래량": "398,005",
    "거래대금": "5,068",
    "전일거래량": "238,732",
    "시가": "12,800",
    "고가": "13,100",
    "저가": "12,300",
    "매수호가": "13,000",
    "매도호가": "13,050",
    "매수총잔량": "27,873",
    "매도총잔량": "24,329",
    "상장주식수": "10,103",
    "시가총액": "1,318",
    "매출액": "801",
    "자산총계": "1,318",
    "부채총계": "625",
    "영업이익": "-34",
    "당기순이익": "-182",
    "주당순이익": "-1,796",
    "보통주배당금": "N/A",
    "매출액증가율": "19.57",
    "영업이익증가율": "-127.06",
    "외국인비율": "5.20",
    "PER": "-7.27",
    "ROE": "-26.39",
    "ROA": "-13.67",
    "PBR": "2.17",
    "유보율": "1,134.9",
    "code": "042520"
}