{
    "N": "765",
    "종목명": "링네트",
    "현재가": "7,320",
    "상태": "상승",
    "전일비": "70",
    "등락률": "+0.97%",
    "액면가": "500",
    "거래량": "775,538",
    "거래대금": "5,677",
    "전일거래량": "662,393",
    "시가": "7,170",
    "고가": "7,480",
    "저가": "7,160",
    "매수호가": "7,310",
    "매도호가": "7,320",
    "매수총잔량": "31,430",
    "매도총잔량": "19,684",
    "상장주식수": "15,217",
    "시가총액": "1,114",
    "매출액": "1,319",
    "자산총계": "944",
    "부채총계": "364",
    "영업이익": "70",
    "당기순이익": "70",
    "주당순이익": "396",
    "보통주배당금": "0",
    "매출액증가율": "-4.10",
    "영업이익증가율": "72.57",
    "외국인비율": "0.57",
    "PER": "18.48",
    "ROE": "12.73",
    "ROA": "7.51",
    "PBR": "1.45",
    "유보율": "787.8",
    "code": "042500"
}