{
    "N": "549",
    "종목명": "새로닉스",
    "현재가": "13,450",
    "상태": "하락",
    "전일비": "600",
    "등락률": "-4.27%",
    "액면가": "500",
    "거래량": "503,373",
    "거래대금": "6,837",
    "전일거래량": "1,753,522",
    "시가": "13,700",
    "고가": "14,150",
    "저가": "13,150",
    "매수호가": "13,450",
    "매도호가": "13,500",
    "매수총잔량": "34,089",
    "매도총잔량": "19,670",
    "상장주식수": "12,424",
    "시가총액": "1,671",
    "매출액": "1,638",
    "자산총계": "1,346",
    "부채총계": "529",
    "영업이익": "1",
    "당기순이익": "-19",
    "주당순이익": "227",
    "보통주배당금": "40",
    "매출액증가율": "15.26",
    "영업이익증가율": "-98.20",
    "외국인비율": "0.44",
    "PER": "59.25",
    "ROE": "-2.43",
    "ROA": "-1.42",
    "PBR": "1.99",
    "유보율": "1,131.1",
    "code": "042600"
}