{
    "N": "1070",
    "종목명": "상지카일룸",
    "현재가": "1,195",
    "상태": "상승",
    "전일비": "10",
    "등락률": "+0.84%",
    "액면가": "500",
    "거래량": "460,705",
    "거래대금": "544",
    "전일거래량": "705,773",
    "시가": "1,180",
    "고가": "1,200",
    "저가": "1,160",
    "매수호가": "1,190",
    "매도호가": "1,195",
    "매수총잔량": "208,383",
    "매도총잔량": "78,715",
    "상장주식수": "57,609",
    "시가총액": "688",
    "매출액": "1,049",
    "자산총계": "1,544",
    "부채총계": "1,095",
    "영업이익": "6",
    "당기순이익": "-51",
    "주당순이익": "-305",
    "보통주배당금": "0",
    "매출액증가율": "238.28",
    "영업이익증가율": "-67.84",
    "외국인비율": "0.58",
    "PER": "-3.92",
    "ROE": "-11.48",
    "ROA": "-3.64",
    "PBR": "1.23",
    "유보율": "114.0",
    "code": "042940"
}