{
    "N": "1268",
    "종목명": "큐브앤컴퍼니",
    "현재가": "1,375",
    "상태": "하락",
    "전일비": "35",
    "등락률": "-2.48%",
    "액면가": "500",
    "거래량": "539,090",
    "거래대금": "743",
    "전일거래량": "447,111",
    "시가": "1,415",
    "고가": "1,475",
    "저가": "1,345",
    "매수호가": "1,370",
    "매도호가": "1,375",
    "매수총잔량": "92,034",
    "매도총잔량": "56,549",
    "상장주식수": "32,590",
    "시가총액": "448",
    "매출액": "74",
    "자산총계": "281",
    "부채총계": "59",
    "영업이익": "-42",
    "당기순이익": "-80",
    "주당순이익": "-201",
    "보통주배당금": "0",
    "매출액증가율": "-34.38",
    "영업이익증가율": "-10.69",
    "외국인비율": "0.64",
    "PER": "-6.84",
    "ROE": "-39.36",
    "ROA": "-30.03",
    "PBR": "1.79",
    "유보율": "144.1",
    "code": "043090"
}