{
    "N": "241",
    "종목명": "바텍",
    "현재가": "24,600",
    "상태": "상승",
    "전일비": "1,500",
    "등락률": "+6.49%",
    "액면가": "500",
    "거래량": "564,629",
    "거래대금": "13,669",
    "전일거래량": "119,652",
    "시가": "23,100",
    "고가": "24,800",
    "저가": "23,050",
    "매수호가": "24,550",
    "매도호가": "24,600",
    "매수총잔량": "60,463",
    "매도총잔량": "45,384",
    "상장주식수": "14,854",
    "시가총액": "3,654",
    "매출액": "2,717",
    "자산총계": "3,870",
    "부채총계": "1,332",
    "영업이익": "429",
    "당기순이익": "356",
    "주당순이익": "1,007",
    "보통주배당금": "100",
    "매출액증가율": "15.92",
    "영업이익증가율": "8.93",
    "외국인비율": "19.43",
    "PER": "24.43",
    "ROE": "14.49",
    "ROA": "9.66",
    "PBR": "1.41",
    "유보율": "3,238.4",
    "code": "043150"
}