{
    "N": "930",
    "종목명": "케이맥",
    "현재가": "2,290",
    "상태": "하락",
    "전일비": "115",
    "등락률": "-4.78%",
    "액면가": "100",
    "거래량": "1,117,479",
    "거래대금": "2,589",
    "전일거래량": "2,567,350",
    "시가": "2,410",
    "고가": "2,450",
    "저가": "2,240",
    "매수호가": "2,280",
    "매도호가": "2,290",
    "매수총잔량": "40,825",
    "매도총잔량": "15,728",
    "상장주식수": "37,161",
    "시가총액": "851",
    "매출액": "630",
    "자산총계": "864",
    "부채총계": "424",
    "영업이익": "-63",
    "당기순이익": "-111",
    "주당순이익": "-217",
    "보통주배당금": "0",
    "매출액증가율": "-41.04",
    "영업이익증가율": "-178.64",
    "외국인비율": "2.34",
    "PER": "-10.55",
    "ROE": "-21.99",
    "ROA": "-12.78",
    "PBR": "1.94",
    "유보율": "1,107.0",
    "code": "043290"
}