{
    "N": "707",
    "종목명": "에이치엘비파워",
    "현재가": "1,350",
    "상태": "상승",
    "전일비": "55",
    "등락률": "+4.25%",
    "액면가": "500",
    "거래량": "1,353,845",
    "거래대금": "1,763",
    "전일거래량": "1,175,767",
    "시가": "1,295",
    "고가": "1,350",
    "저가": "1,275",
    "매수호가": "1,345",
    "매도호가": "1,350",
    "매수총잔량": "119,865",
    "매도총잔량": "171,231",
    "상장주식수": "91,115",
    "시가총액": "1,230",
    "매출액": "427",
    "자산총계": "634",
    "부채총계": "288",
    "영업이익": "34",
    "당기순이익": "9",
    "주당순이익": "11",
    "보통주배당금": "N/A",
    "매출액증가율": "7.93",
    "영업이익증가율": "127.13",
    "외국인비율": "0.51",
    "PER": "122.73",
    "ROE": "3.56",
    "ROA": "1.55",
    "PBR": "2.91",
    "유보율": "19.1",
    "code": "043220"
}