{
    "N": "783",
    "종목명": "파루",
    "현재가": "2,795",
    "상태": "상승",
    "전일비": "65",
    "등락률": "+2.38%",
    "액면가": "500",
    "거래량": "1,332,825",
    "거래대금": "3,679",
    "전일거래량": "509,839",
    "시가": "2,715",
    "고가": "2,825",
    "저가": "2,705",
    "매수호가": "2,790",
    "매도호가": "2,795",
    "매수총잔량": "64,188",
    "매도총잔량": "67,440",
    "상장주식수": "38,785",
    "시가총액": "1,084",
    "매출액": "531",
    "자산총계": "677",
    "부채총계": "221",
    "영업이익": "2",
    "당기순이익": "2",
    "주당순이익": "-289",
    "보통주배당금": "0",
    "매출액증가율": "46.19",
    "영업이익증가율": "100.62",
    "외국인비율": "1.19",
    "PER": "-9.67",
    "ROE": "1.12",
    "ROA": "0.37",
    "PBR": "2.46",
    "유보율": "157.4",
    "code": "043200"
}