{
    "N": "922",
    "종목명": "성호전자",
    "현재가": "1,635",
    "상태": "상승",
    "전일비": "85",
    "등락률": "+5.48%",
    "액면가": "500",
    "거래량": "2,892,970",
    "거래대금": "4,611",
    "전일거래량": "952,584",
    "시가": "1,540",
    "고가": "1,645",
    "저가": "1,540",
    "매수호가": "1,630",
    "매도호가": "1,635",
    "매수총잔량": "134,650",
    "매도총잔량": "244,468",
    "상장주식수": "52,696",
    "시가총액": "862",
    "매출액": "993",
    "자산총계": "957",
    "부채총계": "545",
    "영업이익": "-31",
    "당기순이익": "-51",
    "주당순이익": "81",
    "보통주배당금": "0",
    "매출액증가율": "8.68",
    "영업이익증가율": "-2,167.90",
    "외국인비율": "1.89",
    "PER": "20.19",
    "ROE": "-12.14",
    "ROA": "-5.25",
    "PBR": "1.23",
    "유보율": "29.7",
    "code": "043260"
}