{
    "N": "1381",
    "종목명": "디지아이",
    "현재가": "2,560",
    "상태": "상승",
    "전일비": "75",
    "등락률": "+3.02%",
    "액면가": "500",
    "거래량": "66,423",
    "거래대금": "168",
    "전일거래량": "31,748",
    "시가": "2,485",
    "고가": "2,565",
    "저가": "2,485",
    "매수호가": "2,550",
    "매도호가": "2,560",
    "매수총잔량": "5,516",
    "매도총잔량": "26,108",
    "상장주식수": "9,000",
    "시가총액": "230",
    "매출액": "154",
    "자산총계": "488",
    "부채총계": "32",
    "영업이익": "-33",
    "당기순이익": "-34",
    "주당순이익": "-198",
    "보통주배당금": "N/A",
    "매출액증가율": "-27.04",
    "영업이익증가율": "-119.94",
    "외국인비율": "0.23",
    "PER": "-12.93",
    "ROE": "-7.24",
    "ROA": "-6.72",
    "PBR": "0.50",
    "유보율": "926.3",
    "code": "043360"
}