{
    "N": "462",
    "종목명": "평화정공",
    "현재가": "9,480",
    "상태": "하락",
    "전일비": "170",
    "등락률": "-1.76%",
    "액면가": "500",
    "거래량": "665,944",
    "거래대금": "6,326",
    "전일거래량": "1,855,240",
    "시가": "9,530",
    "고가": "9,740",
    "저가": "9,190",
    "매수호가": "9,480",
    "매도호가": "9,490",
    "매수총잔량": "23,435",
    "매도총잔량": "8,504",
    "상장주식수": "21,000",
    "시가총액": "1,991",
    "매출액": "10,884",
    "자산총계": "9,206",
    "부채총계": "3,441",
    "영업이익": "156",
    "당기순이익": "316",
    "주당순이익": "265",
    "보통주배당금": "180",
    "매출액증가율": "2.05",
    "영업이익증가율": "-19.41",
    "외국인비율": "9.35",
    "PER": "35.77",
    "ROE": "5.65",
    "ROA": "3.46",
    "PBR": "0.34",
    "유보율": "5,536.7",
    "code": "043370"
}