{
    "N": "942",
    "종목명": "에쎈테크",
    "현재가": "1,170",
    "전일비": "0",
    "등락률": "0.00%",
    "액면가": "500",
    "거래량": "306,871",
    "거래대금": "356",
    "전일거래량": "229,239",
    "시가": "1,160",
    "고가": "1,180",
    "저가": "1,150",
    "매수호가": "1,170",
    "매도호가": "1,175",
    "매수총잔량": "183,518",
    "매도총잔량": "86,121",
    "상장주식수": "72,000",
    "시가총액": "842",
    "매출액": "517",
    "자산총계": "429",
    "부채총계": "151",
    "영업이익": "4",
    "당기순이익": "-5",
    "주당순이익": "-13",
    "보통주배당금": "N/A",
    "매출액증가율": "-12.05",
    "영업이익증가율": "-83.39",
    "외국인비율": "0.55",
    "PER": "-90.00",
    "ROE": "-1.71",
    "ROA": "-1.09",
    "PBR": "3.03",
    "유보율": "-19.1",
    "code": "043340"
}