{
    "N": "405",
    "종목명": "지니뮤직",
    "현재가": "3,835",
    "상태": "상승",
    "전일비": "30",
    "등락률": "+0.79%",
    "액면가": "500",
    "거래량": "264,373",
    "거래대금": "1,009",
    "전일거래량": "255,438",
    "시가": "3,770",
    "고가": "3,845",
    "저가": "3,765",
    "매수호가": "3,835",
    "매도호가": "3,840",
    "매수총잔량": "31,605",
    "매도총잔량": "24,902",
    "상장주식수": "58,115",
    "시가총액": "2,229",
    "매출액": "2,305",
    "자산총계": "2,339",
    "부채총계": "812",
    "영업이익": "81",
    "당기순이익": "73",
    "주당순이익": "170",
    "보통주배당금": "N/A",
    "매출액증가율": "34.59",
    "영업이익증가율": "17.97",
    "외국인비율": "0.89",
    "PER": "22.56",
    "ROE": "4.91",
    "ROA": "3.21",
    "PBR": "1.38",
    "유보율": "431.2",
    "code": "043610"
}