{
    "N": "835",
    "종목명": "국순당",
    "현재가": "5,500",
    "상태": "하락",
    "전일비": "50",
    "등락률": "-0.90%",
    "액면가": "500",
    "거래량": "19,288",
    "거래대금": "107",
    "전일거래량": "43,402",
    "시가": "5,590",
    "고가": "5,590",
    "저가": "5,500",
    "매수호가": "5,500",
    "매도호가": "5,550",
    "매수총잔량": "4,475",
    "매도총잔량": "6,966",
    "상장주식수": "17,858",
    "시가총액": "982",
    "매출액": "1,021",
    "자산총계": "2,525",
    "부채총계": "475",
    "영업이익": "-60",
    "당기순이익": "-83",
    "주당순이익": "312",
    "보통주배당금": "100",
    "매출액증가율": "66.02",
    "영업이익증가율": "-99.27",
    "외국인비율": "0.16",
    "PER": "17.63",
    "ROE": "-2.47",
    "ROA": "-3.37",
    "PBR": "0.42",
    "유보율": "2,198.0",
    "code": "043650"
}