{
    "N": "733",
    "종목명": "조광ILI",
    "현재가": "9,380",
    "상태": "하락",
    "전일비": "120",
    "등락률": "-1.26%",
    "액면가": "500",
    "거래량": "181,070",
    "거래대금": "1,708",
    "전일거래량": "226,999",
    "시가": "9,380",
    "고가": "9,600",
    "저가": "9,290",
    "매수호가": "9,380",
    "매도호가": "9,400",
    "매수총잔량": "14,745",
    "매도총잔량": "9,560",
    "상장주식수": "12,452",
    "시가총액": "1,168",
    "매출액": "245",
    "자산총계": "934",
    "부채총계": "367",
    "영업이익": "42",
    "당기순이익": "36",
    "주당순이익": "419",
    "보통주배당금": "0",
    "매출액증가율": "-0.28",
    "영업이익증가율": "-26.13",
    "외국인비율": "3.52",
    "PER": "22.39",
    "ROE": "6.40",
    "ROA": "4.52",
    "PBR": "1.53",
    "유보율": "911.2",
    "code": "044060"
}