{
    "N": "1395",
    "종목명": "KD",
    "현재가": "1,250",
    "상태": "상승",
    "전일비": "5",
    "등락률": "+0.40%",
    "액면가": "500",
    "거래량": "227,795",
    "거래대금": "282",
    "전일거래량": "154,753",
    "시가": "1,230",
    "고가": "1,265",
    "저가": "1,200",
    "매수호가": "1,245",
    "매도호가": "1,250",
    "매수총잔량": "57,262",
    "매도총잔량": "32,556",
    "상장주식수": "16,525",
    "시가총액": "207",
    "매출액": "843",
    "자산총계": "1,383",
    "부채총계": "1,055",
    "영업이익": "53",
    "당기순이익": "93",
    "주당순이익": "163",
    "보통주배당금": "0",
    "매출액증가율": "170.19",
    "영업이익증가율": "185.10",
    "외국인비율": "2.77",
    "PER": "7.67",
    "ROE": "35.12",
    "ROA": "6.45",
    "PBR": "0.78",
    "유보율": "-18.3",
    "code": "044180"
}