{
    "N": "220",
    "종목명": "위닉스",
    "현재가": "22,150",
    "상태": "하락",
    "전일비": "600",
    "등락률": "-2.64%",
    "액면가": "500",
    "거래량": "381,637",
    "거래대금": "8,426",
    "전일거래량": "466,003",
    "시가": "22,600",
    "고가": "22,650",
    "저가": "21,700",
    "매수호가": "22,150",
    "매도호가": "22,200",
    "매수총잔량": "56,146",
    "매도총잔량": "16,029",
    "상장주식수": "17,873",
    "시가총액": "3,959",
    "매출액": "3,862",
    "자산총계": "2,763",
    "부채총계": "1,230",
    "영업이익": "514",
    "당기순이익": "399",
    "주당순이익": "2,204",
    "보통주배당금": "500",
    "매출액증가율": "16.84",
    "영업이익증가율": "149.83",
    "외국인비율": "4.84",
    "PER": "10.05",
    "ROE": "29.85",
    "ROA": "16.05",
    "PBR": "1.92",
    "유보율": "1,859.5",
    "code": "044340"
}