{
    "N": "275",
    "종목명": "태웅",
    "현재가": "16,250",
    "상태": "상승",
    "전일비": "600",
    "등락률": "+3.83%",
    "액면가": "500",
    "거래량": "630,146",
    "거래대금": "10,161",
    "전일거래량": "235,463",
    "시가": "15,500",
    "고가": "16,600",
    "저가": "15,500",
    "매수호가": "16,250",
    "매도호가": "16,300",
    "매수총잔량": "53,928",
    "매도총잔량": "93,728",
    "상장주식수": "20,007",
    "시가총액": "3,251",
    "매출액": "3,740",
    "자산총계": "9,933",
    "부채총계": "4,251",
    "영업이익": "-300",
    "당기순이익": "-338",
    "주당순이익": "-508",
    "보통주배당금": "N/A",
    "매출액증가율": "29.18",
    "영업이익증가율": "6.30",
    "외국인비율": "2.77",
    "PER": "-31.99",
    "ROE": "-5.77",
    "ROA": "-3.34",
    "PBR": "0.57",
    "유보율": "4,930.0",
    "code": "044490"
}