{
    "N": "1165",
    "종목명": "경남바이오파마",
    "현재가": "3,440",
    "상태": "하락",
    "전일비": "160",
    "등락률": "-4.44%",
    "액면가": "500",
    "거래량": "205,220",
    "거래대금": "711",
    "전일거래량": "112,700",
    "시가": "3,600",
    "고가": "3,645",
    "저가": "3,390",
    "매수호가": "3,435",
    "매도호가": "3,440",
    "매수총잔량": "6,389",
    "매도총잔량": "7,460",
    "상장주식수": "16,475",
    "시가총액": "567",
    "매출액": "375",
    "자산총계": "1,401",
    "부채총계": "487",
    "영업이익": "-37",
    "당기순이익": "-36",
    "주당순이익": "-1,706",
    "보통주배당금": "0",
    "매출액증가율": "144.20",
    "영업이익증가율": "-389.04",
    "외국인비율": "1.12",
    "PER": "-2.02",
    "ROE": "-1.00",
    "ROA": "-3.77",
    "PBR": "1.69",
    "유보율": "581.2",
    "code": "044480"
}