{
    "N": "1339",
    "종목명": "에이치케이",
    "현재가": "1,845",
    "상태": "상승",
    "전일비": "25",
    "등락률": "+1.37%",
    "액면가": "500",
    "거래량": "386,566",
    "거래대금": "713",
    "전일거래량": "299,347",
    "시가": "1,820",
    "고가": "1,875",
    "저가": "1,820",
    "매수호가": "1,845",
    "매도호가": "1,850",
    "매수총잔량": "37,040",
    "매도총잔량": "389,498",
    "상장주식수": "18,506",
    "시가총액": "341",
    "매출액": "550",
    "자산총계": "814",
    "부채총계": "325",
    "영업이익": "9",
    "당기순이익": "8",
    "주당순이익": "33",
    "보통주배당금": "N/A",
    "매출액증가율": "-0.96",
    "영업이익증가율": "-11.77",
    "외국인비율": "3.78",
    "PER": "55.91",
    "ROE": "1.71",
    "ROA": "1.00",
    "PBR": "0.69",
    "유보율": "423.8",
    "code": "044780"
}