{
    "N": "676",
    "종목명": "이글벳",
    "현재가": "10,350",
    "상태": "상승",
    "전일비": "300",
    "등락률": "+2.99%",
    "액면가": "500",
    "거래량": "5,126,947",
    "거래대금": "54,202",
    "전일거래량": "423,130",
    "시가": "10,450",
    "고가": "11,050",
    "저가": "9,940",
    "매수호가": "10,350",
    "매도호가": "10,400",
    "매수총잔량": "162,981",
    "매도총잔량": "75,205",
    "상장주식수": "12,642",
    "시가총액": "1,308",
    "매출액": "344",
    "자산총계": "459",
    "부채총계": "104",
    "영업이익": "19",
    "당기순이익": "12",
    "주당순이익": "149",
    "보통주배당금": "20",
    "매출액증가율": "13.75",
    "영업이익증가율": "69.81",
    "외국인비율": "0.99",
    "PER": "69.46",
    "ROE": "3.52",
    "ROA": "2.68",
    "PBR": "3.43",
    "유보율": "495.3",
    "code": "044960"
}