{
    "N": "947",
    "종목명": "오공",
    "현재가": "4,940",
    "상태": "상승",
    "전일비": "25",
    "등락률": "+0.51%",
    "액면가": "500",
    "거래량": "234,934",
    "거래대금": "1,162",
    "전일거래량": "455,207",
    "시가": "4,930",
    "고가": "4,975",
    "저가": "4,915",
    "매수호가": "4,940",
    "매도호가": "4,950",
    "매수총잔량": "48,322",
    "매도총잔량": "13,703",
    "상장주식수": "16,942",
    "시가총액": "837",
    "매출액": "1,519",
    "자산총계": "1,269",
    "부채총계": "462",
    "영업이익": "89",
    "당기순이익": "76",
    "주당순이익": "461",
    "보통주배당금": "50",
    "매출액증가율": "0.84",
    "영업이익증가율": "18.85",
    "외국인비율": "1.54",
    "PER": "10.72",
    "ROE": "9.79",
    "ROA": "5.98",
    "PBR": "1.00",
    "유보율": "843.6",
    "code": "045060"
}