{
    "N": "289",
    "종목명": "한양이엔지",
    "현재가": "17,200",
    "상태": "상승",
    "전일비": "250",
    "등락률": "+1.47%",
    "액면가": "500",
    "거래량": "308,011",
    "거래대금": "5,224",
    "전일거래량": "332,349",
    "시가": "16,750",
    "고가": "17,300",
    "저가": "16,600",
    "매수호가": "17,150",
    "매도호가": "17,200",
    "매수총잔량": "46,550",
    "매도총잔량": "34,671",
    "상장주식수": "18,000",
    "시가총액": "3,096",
    "매출액": "7,721",
    "자산총계": "5,291",
    "부채총계": "2,017",
    "영업이익": "334",
    "당기순이익": "295",
    "주당순이익": "2,506",
    "보통주배당금": "450",
    "매출액증가율": "-2.12",
    "영업이익증가율": "-65.60",
    "외국인비율": "7.01",
    "PER": "6.86",
    "ROE": "9.34",
    "ROA": "5.85",
    "PBR": "0.81",
    "유보율": "3,624.1",
    "code": "045100"
}