{
    "N": "1251",
    "종목명": "성우테크론",
    "현재가": "4,900",
    "상태": "상승",
    "전일비": "125",
    "등락률": "+2.62%",
    "액면가": "500",
    "거래량": "170,262",
    "거래대금": "831",
    "전일거래량": "63,682",
    "시가": "4,750",
    "고가": "4,975",
    "저가": "4,750",
    "매수호가": "4,875",
    "매도호가": "4,900",
    "매수총잔량": "8,421",
    "매도총잔량": "8,280",
    "상장주식수": "9,406",
    "시가총액": "461",
    "매출액": "330",
    "자산총계": "752",
    "부채총계": "245",
    "영업이익": "22",
    "당기순이익": "45",
    "주당순이익": "329",
    "보통주배당금": "48",
    "매출액증가율": "-16.60",
    "영업이익증가율": "-69.38",
    "외국인비율": "3.42",
    "PER": "14.89",
    "ROE": "9.37",
    "ROA": "6.26",
    "PBR": "0.88",
    "유보율": "795.1",
    "code": "045300"
}