{
    "N": "197",
    "종목명": "대아티아이",
    "현재가": "5,980",
    "상태": "하락",
    "전일비": "40",
    "등락률": "-0.66%",
    "액면가": "100",
    "거래량": "17,841,093",
    "거래대금": "110,767",
    "전일거래량": "6,215,422",
    "시가": "6,000",
    "고가": "6,500",
    "저가": "5,950",
    "매수호가": "5,980",
    "매도호가": "5,990",
    "매수총잔량": "281,779",
    "매도총잔량": "78,559",
    "상장주식수": "71,152",
    "시가총액": "4,255",
    "매출액": "1,142",
    "자산총계": "1,483",
    "부채총계": "516",
    "영업이익": "90",
    "당기순이익": "23",
    "주당순이익": "10",
    "보통주배당금": "20",
    "매출액증가율": "11.22",
    "영업이익증가율": "15.70",
    "외국인비율": "7.58",
    "PER": "598.00",
    "ROE": "2.32",
    "ROA": "1.71",
    "PBR": "4.28",
    "유보율": "1,207.7",
    "code": "045390"
}