{
    "N": "1004",
    "종목명": "토탈소프트",
    "현재가": "8,830",
    "상태": "상승",
    "전일비": "630",
    "등락률": "+7.68%",
    "액면가": "500",
    "거래량": "3,251,265",
    "거래대금": "27,987",
    "전일거래량": "2,128,520",
    "시가": "8,250",
    "고가": "9,470",
    "저가": "7,900",
    "매수호가": "8,830",
    "매도호가": "8,840",
    "매수총잔량": "54,069",
    "매도총잔량": "8,802",
    "상장주식수": "8,558",
    "시가총액": "756",
    "매출액": "118",
    "자산총계": "214",
    "부채총계": "101",
    "영업이익": "24",
    "당기순이익": "26",
    "주당순이익": "323",
    "보통주배당금": "N/A",
    "매출액증가율": "1.61",
    "영업이익증가율": "24.41",
    "외국인비율": "0.57",
    "PER": "27.34",
    "ROE": "25.64",
    "ROA": "12.35",
    "PBR": "5.59",
    "유보율": "162.6",
    "code": "045340"
}