{
    "N": "486",
    "종목명": "크린앤사이언스",
    "현재가": "29,000",
    "상태": "하락",
    "전일비": "300",
    "등락률": "-1.02%",
    "액면가": "500",
    "거래량": "102,893",
    "거래대금": "2,981",
    "전일거래량": "123,966",
    "시가": "29,350",
    "고가": "29,350",
    "저가": "28,750",
    "매수호가": "29,000",
    "매도호가": "29,050",
    "매수총잔량": "26,000",
    "매도총잔량": "7,328",
    "상장주식수": "6,500",
    "시가총액": "1,885",
    "매출액": "1,183",
    "자산총계": "1,159",
    "부채총계": "737",
    "영업이익": "109",
    "당기순이익": "81",
    "주당순이익": "2,414",
    "보통주배당금": "300",
    "매출액증가율": "24.23",
    "영업이익증가율": "34.07",
    "외국인비율": "2.79",
    "PER": "12.01",
    "ROE": "20.57",
    "ROA": "8.23",
    "PBR": "3.28",
    "유보율": "1,031.2",
    "code": "045520"
}