{
    "N": "1135",
    "종목명": "정원엔시스",
    "현재가": "1,890",
    "상태": "하락",
    "전일비": "95",
    "등락률": "-4.79%",
    "액면가": "500",
    "거래량": "140,766",
    "거래대금": "270",
    "전일거래량": "104,138",
    "시가": "1,985",
    "고가": "1,995",
    "저가": "1,890",
    "매수호가": "1,890",
    "매도호가": "1,910",
    "매수총잔량": "36,092",
    "매도총잔량": "14,860",
    "상장주식수": "32,209",
    "시가총액": "609",
    "매출액": "1,692",
    "자산총계": "911",
    "부채총계": "523",
    "영업이익": "18",
    "당기순이익": "8",
    "주당순이익": "-9",
    "보통주배당금": "N/A",
    "매출액증가율": "14.47",
    "영업이익증가율": "-29.25",
    "외국인비율": "0.71",
    "PER": "-210.00",
    "ROE": "2.08",
    "ROA": "0.94",
    "PBR": "1.56",
    "유보율": "138.2",
    "code": "045510"
}