{
    "N": "321",
    "종목명": "에이텍",
    "현재가": "34,900",
    "상태": "상승",
    "전일비": "1,800",
    "등락률": "+5.44%",
    "액면가": "500",
    "거래량": "937,696",
    "거래대금": "31,737",
    "전일거래량": "1,555,721",
    "시가": "33,700",
    "고가": "35,250",
    "저가": "32,400",
    "매수호가": "34,900",
    "매도호가": "34,950",
    "매수총잔량": "27,058",
    "매도총잔량": "29,346",
    "상장주식수": "8,260",
    "시가총액": "2,883",
    "매출액": "993",
    "자산총계": "912",
    "부채총계": "157",
    "영업이익": "44",
    "당기순이익": "64",
    "주당순이익": "967",
    "보통주배당금": "100",
    "매출액증가율": "2.00",
    "영업이익증가율": "16.47",
    "외국인비율": "0.86",
    "PER": "36.09",
    "ROE": "8.83",
    "ROA": "7.23",
    "PBR": "3.45",
    "유보율": "2,249.9",
    "code": "045660"
}