{
    "N": "344",
    "종목명": "코아시아",
    "현재가": "10,100",
    "상태": "상승",
    "전일비": "230",
    "등락률": "+2.33%",
    "액면가": "500",
    "거래량": "1,095,187",
    "거래대금": "11,031",
    "전일거래량": "1,384,392",
    "시가": "9,870",
    "고가": "10,300",
    "저가": "9,840",
    "매수호가": "10,050",
    "매도호가": "10,100",
    "매수총잔량": "30,719",
    "매도총잔량": "231,888",
    "상장주식수": "26,315",
    "시가총액": "2,658",
    "매출액": "4,389",
    "자산총계": "3,263",
    "부채총계": "1,840",
    "영업이익": "205",
    "당기순이익": "123",
    "주당순이익": "-22",
    "보통주배당금": "77",
    "매출액증가율": "21.34",
    "영업이익증가율": "365.67",
    "외국인비율": "1.12",
    "PER": "-459.09",
    "ROE": "5.82",
    "ROA": "3.76",
    "PBR": "1.78",
    "유보율": "967.5",
    "code": "045970"
}