{
    "N": "1188",
    "종목명": "코다코",
    "현재가": "1,390",
    "상태": "상승",
    "전일비": "80",
    "등락률": "+6.11%",
    "액면가": "500",
    "거래량": "1,824,047",
    "거래대금": "2,459",
    "전일거래량": "1,631,992",
    "시가": "1,310",
    "고가": "1,400",
    "저가": "1,290",
    "매수호가": "1,385",
    "매도호가": "1,390",
    "매수총잔량": "63,619",
    "매도총잔량": "157,473",
    "상장주식수": "39,064",
    "시가총액": "543",
    "매출액": "2,234",
    "자산총계": "3,302",
    "부채총계": "2,998",
    "영업이익": "-108",
    "당기순이익": "-234",
    "주당순이익": "-766",
    "보통주배당금": "N/A",
    "매출액증가율": "-6.70",
    "영업이익증가율": "32.92",
    "외국인비율": "1.63",
    "PER": "-1.81",
    "ROE": "-55.81",
    "ROA": "-6.84",
    "PBR": "2.26",
    "유보율": "61.8",
    "code": "046070"
}