{
    "N": "701",
    "종목명": "오르비텍",
    "현재가": "5,220",
    "상태": "상승",
    "전일비": "400",
    "등락률": "+8.30%",
    "액면가": "500",
    "거래량": "4,932,063",
    "거래대금": "25,178",
    "전일거래량": "1,594,647",
    "시가": "4,845",
    "고가": "5,260",
    "저가": "4,845",
    "매수호가": "5,210",
    "매도호가": "5,220",
    "매수총잔량": "30,948",
    "매도총잔량": "124,026",
    "상장주식수": "23,791",
    "시가총액": "1,242",
    "매출액": "749",
    "자산총계": "1,267",
    "부채총계": "579",
    "영업이익": "41",
    "당기순이익": "10",
    "주당순이익": "-135",
    "보통주배당금": "0",
    "매출액증가율": "8.28",
    "영업이익증가율": "-1.66",
    "외국인비율": "2.30",
    "PER": "-38.67",
    "ROE": "1.47",
    "ROA": "0.77",
    "PBR": "1.89",
    "유보율": "488.7",
    "code": "046120"
}