{
    "N": "1156",
    "종목명": "한일네트웍스",
    "현재가": "4,830",
    "상태": "하락",
    "전일비": "80",
    "등락률": "-1.63%",
    "액면가": "500",
    "거래량": "182,306",
    "거래대금": "874",
    "전일거래량": "92,325",
    "시가": "4,905",
    "고가": "4,905",
    "저가": "4,755",
    "매수호가": "4,825",
    "매도호가": "4,830",
    "매수총잔량": "15,057",
    "매도총잔량": "3,942",
    "상장주식수": "11,954",
    "시가총액": "577",
    "매출액": "1,216",
    "자산총계": "1,249",
    "부채총계": "575",
    "영업이익": "87",
    "당기순이익": "70",
    "주당순이익": "640",
    "보통주배당금": "230",
    "매출액증가율": "-3.92",
    "영업이익증가율": "46.93",
    "외국인비율": "2.33",
    "PER": "7.55",
    "ROE": "10.85",
    "ROA": "6.77",
    "PBR": "0.82",
    "유보율": "1,022.0",
    "code": "046110"
}