{
    "N": "641",
    "종목명": "SBS콘텐츠허브",
    "현재가": "6,460",
    "상태": "상승",
    "전일비": "170",
    "등락률": "+2.70%",
    "액면가": "500",
    "거래량": "107,993",
    "거래대금": "685",
    "전일거래량": "68,787",
    "시가": "6,290",
    "고가": "6,470",
    "저가": "6,240",
    "매수호가": "6,460",
    "매도호가": "6,470",
    "매수총잔량": "8,672",
    "매도총잔량": "13,441",
    "상장주식수": "21,464",
    "시가총액": "1,387",
    "매출액": "1,621",
    "자산총계": "1,971",
    "부채총계": "418",
    "영업이익": "19",
    "당기순이익": "6",
    "주당순이익": "195",
    "보통주배당금": "N/A",
    "매출액증가율": "1.44",
    "영업이익증가율": "-40.31",
    "외국인비율": "1.24",
    "PER": "33.13",
    "ROE": "0.36",
    "ROA": "0.27",
    "PBR": "0.82",
    "유보율": "1,326.1",
    "code": "046140"
}