{
    "N": "561",
    "종목명": "파나진",
    "현재가": "5,010",
    "상태": "상승",
    "전일비": "305",
    "등락률": "+6.48%",
    "액면가": "500",
    "거래량": "315,360",
    "거래대금": "1,562",
    "전일거래량": "192,268",
    "시가": "4,680",
    "고가": "5,150",
    "저가": "4,610",
    "매수호가": "5,010",
    "매도호가": "5,030",
    "매수총잔량": "5,299",
    "매도총잔량": "8,765",
    "상장주식수": "32,137",
    "시가총액": "1,610",
    "매출액": "80",
    "자산총계": "218",
    "부채총계": "16",
    "영업이익": "-6",
    "당기순이익": "35",
    "주당순이익": "125",
    "보통주배당금": "N/A",
    "매출액증가율": "3.20",
    "영업이익증가율": "54.66",
    "외국인비율": "0.53",
    "PER": "40.08",
    "ROE": "19.20",
    "ROA": "15.28",
    "PBR": "6.71",
    "유보율": "24.5",
    "code": "046210"
}