{
    "N": "1217",
    "종목명": "백금T&A",
    "현재가": "3,115",
    "전일비": "0",
    "등락률": "0.00%",
    "액면가": "500",
    "거래량": "1,863,038",
    "거래대금": "5,829",
    "전일거래량": "1,404,315",
    "시가": "3,200",
    "고가": "3,210",
    "저가": "3,050",
    "매수호가": "3,100",
    "매도호가": "3,115",
    "매수총잔량": "26,374",
    "매도총잔량": "74,713",
    "상장주식수": "16,419",
    "시가총액": "511",
    "매출액": "1,556",
    "자산총계": "933",
    "부채총계": "407",
    "영업이익": "185",
    "당기순이익": "88",
    "주당순이익": "-74",
    "보통주배당금": "50",
    "매출액증가율": "38.69",
    "영업이익증가율": "182.23",
    "외국인비율": "2.08",
    "PER": "-42.09",
    "ROE": "4.52",
    "ROA": "10.34",
    "PBR": "1.20",
    "유보율": "448.4",
    "code": "046310"
}