{
    "N": "46",
    "종목명": "서울반도체",
    "현재가": "21,200",
    "전일비": "0",
    "등락률": "0.00%",
    "액면가": "500",
    "거래량": "1,390,346",
    "거래대금": "28,920",
    "전일거래량": "1,866,575",
    "시가": "20,850",
    "고가": "21,200",
    "저가": "20,350",
    "매수호가": "21,150",
    "매도호가": "21,200",
    "매수총잔량": "173,977",
    "매도총잔량": "98,353",
    "상장주식수": "58,305",
    "시가총액": "12,361",
    "매출액": "11,299",
    "자산총계": "13,221",
    "부채총계": "5,764",
    "영업이익": "495",
    "당기순이익": "358",
    "주당순이익": "390",
    "보통주배당금": "156",
    "매출액증가율": "-5.38",
    "영업이익증가율": "-47.79",
    "외국인비율": "11.81",
    "PER": "54.36",
    "ROE": "5.27",
    "ROA": "2.74",
    "PBR": "1.72",
    "유보율": "2,370.6",
    "code": "046890"
}