{
    "N": "938",
    "종목명": "한빛소프트",
    "현재가": "3,410",
    "상태": "상승",
    "전일비": "10",
    "등락률": "+0.29%",
    "액면가": "500",
    "거래량": "140,105",
    "거래대금": "476",
    "전일거래량": "154,009",
    "시가": "3,395",
    "고가": "3,450",
    "저가": "3,365",
    "매수호가": "3,410",
    "매도호가": "3,415",
    "매수총잔량": "14,158",
    "매도총잔량": "36,628",
    "상장주식수": "24,780",
    "시가총액": "845",
    "매출액": "435",
    "자산총계": "431",
    "부채총계": "268",
    "영업이익": "-3",
    "당기순이익": "23",
    "주당순이익": "285",
    "보통주배당금": "N/A",
    "매출액증가율": "17.12",
    "영업이익증가율": "-146.43",
    "외국인비율": "1.66",
    "PER": "11.96",
    "ROE": "17.52",
    "ROA": "5.41",
    "PBR": "3.95",
    "유보율": "42.4",
    "code": "047080"
}