{
    "N": "279",
    "종목명": "파워로직스",
    "현재가": "9,180",
    "상태": "하락",
    "전일비": "120",
    "등락률": "-1.29%",
    "액면가": "500",
    "거래량": "2,417,329",
    "거래대금": "22,280",
    "전일거래량": "4,566,601",
    "시가": "9,330",
    "고가": "9,400",
    "저가": "9,100",
    "매수호가": "9,180",
    "매도호가": "9,190",
    "매수총잔량": "113,886",
    "매도총잔량": "27,831",
    "상장주식수": "34,421",
    "시가총액": "3,160",
    "매출액": "11,079",
    "자산총계": "4,114",
    "부채총계": "1,710",
    "영업이익": "506",
    "당기순이익": "550",
    "주당순이익": "-106",
    "보통주배당금": "50",
    "매출액증가율": "46.96",
    "영업이익증가율": "92.91",
    "외국인비율": "3.60",
    "PER": "-86.60",
    "ROE": "26.19",
    "ROA": "14.54",
    "PBR": "1.37",
    "유보율": "1,289.7",
    "code": "047310"
}