{
    "N": "894",
    "종목명": "이스트소프트",
    "현재가": "9,050",
    "상태": "하락",
    "전일비": "60",
    "등락률": "-0.66%",
    "액면가": "500",
    "거래량": "22,311",
    "거래대금": "202",
    "전일거래량": "41,834",
    "시가": "9,080",
    "고가": "9,120",
    "저가": "8,930",
    "매수호가": "9,040",
    "매도호가": "9,050",
    "매수총잔량": "1,055",
    "매도총잔량": "2,854",
    "상장주식수": "9,899",
    "시가총액": "896",
    "매출액": "689",
    "자산총계": "1,346",
    "부채총계": "801",
    "영업이익": "-28",
    "당기순이익": "-161",
    "주당순이익": "228",
    "보통주배당금": "N/A",
    "매출액증가율": "6.52",
    "영업이익증가율": "-239.38",
    "외국인비율": "1.38",
    "PER": "39.69",
    "ROE": "-36.66",
    "ROA": "-14.14",
    "PBR": "2.21",
    "유보율": "132.6",
    "code": "047560"
}