{
    "N": "837",
    "종목명": "코데즈컴바인",
    "현재가": "2,590",
    "상태": "상승",
    "전일비": "30",
    "등락률": "+1.17%",
    "액면가": "500",
    "거래량": "146,866",
    "거래대금": "379",
    "전일거래량": "132,708",
    "시가": "2,525",
    "고가": "2,600",
    "저가": "2,525",
    "매수호가": "2,580",
    "매도호가": "2,590",
    "매수총잔량": "29,582",
    "매도총잔량": "25,211",
    "상장주식수": "37,843",
    "시가총액": "980",
    "매출액": "358",
    "자산총계": "716",
    "부채총계": "292",
    "영업이익": "45",
    "당기순이익": "69",
    "주당순이익": "116",
    "보통주배당금": "N/A",
    "매출액증가율": "22.06",
    "영업이익증가율": "-6.08",
    "외국인비율": "1.68",
    "PER": "22.33",
    "ROE": "17.88",
    "ROA": "10.15",
    "PBR": "2.21",
    "유보율": "118.7",
    "code": "047770"
}