{
    "N": "357",
    "종목명": "초록뱀",
    "현재가": "2,010",
    "상태": "하락",
    "전일비": "10",
    "등락률": "-0.50%",
    "액면가": "500",
    "거래량": "6,322,963",
    "거래대금": "12,758",
    "전일거래량": "7,345,483",
    "시가": "2,000",
    "고가": "2,070",
    "저가": "1,960",
    "매수호가": "2,005",
    "매도호가": "2,010",
    "매수총잔량": "546,668",
    "매도총잔량": "284,307",
    "상장주식수": "126,571",
    "시가총액": "2,544",
    "매출액": "485",
    "자산총계": "1,865",
    "부채총계": "783",
    "영업이익": "14",
    "당기순이익": "89",
    "주당순이익": "-360",
    "보통주배당금": "0",
    "매출액증가율": "-24.04",
    "영업이익증가율": "9.25",
    "외국인비율": "3.10",
    "PER": "-5.58",
    "ROE": "8.35",
    "ROA": "5.01",
    "PBR": "3.11",
    "유보율": "162.9",
    "code": "047820"
}