{
    "N": "240",
    "종목명": "에이치엘비제약",
    "현재가": "17,600",
    "상태": "상승",
    "전일비": "800",
    "등락률": "+4.76%",
    "액면가": "500",
    "거래량": "583,949",
    "거래대금": "9,630",
    "전일거래량": "413,318",
    "시가": "16,650",
    "고가": "17,600",
    "저가": "16,100",
    "매수호가": "17,600",
    "매도호가": "17,700",
    "매수총잔량": "18,047",
    "매도총잔량": "11,080",
    "상장주식수": "20,877",
    "시가총액": "3,674",
    "매출액": "361",
    "자산총계": "458",
    "부채총계": "279",
    "영업이익": "14",
    "당기순이익": "5",
    "주당순이익": "-661",
    "보통주배당금": "0",
    "매출액증가율": "75.75",
    "영업이익증가율": "124.73",
    "외국인비율": "0.61",
    "PER": "-26.63",
    "ROE": "2.71",
    "ROA": "1.15",
    "PBR": "11.23",
    "유보율": "139.4",
    "code": "047920"
}