{
    "N": "94",
    "종목명": "오스템임플란트",
    "현재가": "50,100",
    "상태": "하락",
    "전일비": "400",
    "등락률": "-0.79%",
    "액면가": "500",
    "거래량": "186,059",
    "거래대금": "9,289",
    "전일거래량": "164,112",
    "시가": "50,500",
    "고가": "50,500",
    "저가": "49,650",
    "매수호가": "50,000",
    "매도호가": "50,100",
    "매수총잔량": "25,879",
    "매도총잔량": "9,385",
    "상장주식수": "14,286",
    "시가총액": "7,157",
    "매출액": "5,650",
    "자산총계": "7,974",
    "부채총계": "7,150",
    "영업이익": "429",
    "당기순이익": "-220",
    "주당순이익": "4,799",
    "보통주배당금": "N/A",
    "매출액증가율": "22.80",
    "영업이익증가율": "38.50",
    "외국인비율": "37.32",
    "PER": "10.44",
    "ROE": "-17.24",
    "ROA": "-3.06",
    "PBR": "4.64",
    "유보율": "1,706.8",
    "code": "048260"
}