{
    "N": "50",
    "종목명": "현대바이오",
    "현재가": "30,900",
    "상태": "상승",
    "전일비": "1,200",
    "등락률": "+4.04%",
    "액면가": "500",
    "거래량": "13,452,778",
    "거래대금": "417,013",
    "전일거래량": "9,142,162",
    "시가": "28,500",
    "고가": "36,150",
    "저가": "27,450",
    "매수호가": "30,900",
    "매도호가": "30,950",
    "매수총잔량": "64,682",
    "매도총잔량": "34,813",
    "상장주식수": "35,916",
    "시가총액": "11,098",
    "매출액": "301",
    "자산총계": "632",
    "부채총계": "162",
    "영업이익": "26",
    "당기순이익": "8",
    "주당순이익": "-73",
    "보통주배당금": "N/A",
    "매출액증가율": "-3.68",
    "영업이익증가율": "22.89",
    "외국인비율": "6.97",
    "PER": "-423.29",
    "ROE": "1.75",
    "ROA": "1.31",
    "PBR": "18.88",
    "유보율": "232.8",
    "code": "048410"
}