{
    "N": "625",
    "종목명": "유라테크",
    "현재가": "12,450",
    "전일비": "0",
    "등락률": "0.00%",
    "액면가": "500",
    "거래량": "162,640",
    "거래대금": "2,020",
    "전일거래량": "115,251",
    "시가": "12,450",
    "고가": "12,600",
    "저가": "12,300",
    "매수호가": "12,400",
    "매도호가": "12,450",
    "매수총잔량": "37,582",
    "매도총잔량": "35,600",
    "상장주식수": "11,520",
    "시가총액": "1,434",
    "매출액": "2,035",
    "자산총계": "1,329",
    "부채총계": "252",
    "영업이익": "22",
    "당기순이익": "23",
    "주당순이익": "332",
    "보통주배당금": "100",
    "매출액증가율": "2.67",
    "영업이익증가율": "414.10",
    "외국인비율": "0.58",
    "PER": "37.50",
    "ROE": "2.15",
    "ROA": "1.76",
    "PBR": "1.29",
    "유보율": "1,727.2",
    "code": "048430"
}