{
    "N": "1200",
    "종목명": "대동스틸",
    "현재가": "5,240",
    "상태": "상승",
    "전일비": "345",
    "등락률": "+7.05%",
    "액면가": "500",
    "거래량": "865,859",
    "거래대금": "4,487",
    "전일거래량": "50,832",
    "시가": "4,890",
    "고가": "5,370",
    "저가": "4,865",
    "매수호가": "5,230",
    "매도호가": "5,240",
    "매수총잔량": "12,313",
    "매도총잔량": "23,547",
    "상장주식수": "10,000",
    "시가총액": "524",
    "매출액": "1,133",
    "자산총계": "783",
    "부채총계": "172",
    "영업이익": "-5",
    "당기순이익": "3",
    "주당순이익": "-77",
    "보통주배당금": "30",
    "매출액증가율": "11.57",
    "영업이익증가율": "-24.11",
    "외국인비율": "1.48",
    "PER": "-68.05",
    "ROE": "0.51",
    "ROA": "0.41",
    "PBR": "0.88",
    "유보율": "1,158.4",
    "code": "048470"
}