{
    "N": "54",
    "종목명": "인트론바이오",
    "현재가": "33,050",
    "상태": "상승",
    "전일비": "850",
    "등락률": "+2.64%",
    "액면가": "500",
    "거래량": "2,999,972",
    "거래대금": "95,546",
    "전일거래량": "2,929,590",
    "시가": "34,200",
    "고가": "34,500",
    "저가": "29,150",
    "매수호가": "33,050",
    "매도호가": "33,100",
    "매수총잔량": "21,089",
    "매도총잔량": "38,396",
    "상장주식수": "32,923",
    "시가총액": "10,881",
    "매출액": "83",
    "자산총계": "890",
    "부채총계": "240",
    "영업이익": "-44",
    "당기순이익": "-32",
    "주당순이익": "238",
    "보통주배당금": "0",
    "매출액증가율": "-59.45",
    "영업이익증가율": "-184.56",
    "외국인비율": "11.66",
    "PER": "138.87",
    "ROE": "-6.13",
    "ROA": "-4.43",
    "PBR": "13.37",
    "유보율": "318.6",
    "code": "048530"
}