{
    "N": "1178",
    "종목명": "TPC",
    "현재가": "4,085",
    "상태": "하락",
    "전일비": "5",
    "등락률": "-0.12%",
    "액면가": "500",
    "거래량": "80,329",
    "거래대금": "328",
    "전일거래량": "113,472",
    "시가": "4,060",
    "고가": "4,155",
    "저가": "4,050",
    "매수호가": "4,070",
    "매도호가": "4,085",
    "매수총잔량": "7,698",
    "매도총잔량": "10,019",
    "상장주식수": "13,480",
    "시가총액": "551",
    "매출액": "1,011",
    "자산총계": "1,082",
    "부채총계": "804",
    "영업이익": "2",
    "당기순이익": "-41",
    "주당순이익": "23",
    "보통주배당금": "15",
    "매출액증가율": "-3.38",
    "영업이익증가율": "-94.48",
    "외국인비율": "4.33",
    "PER": "177.61",
    "ROE": "-14.31",
    "ROA": "-3.68",
    "PBR": "1.95",
    "유보율": "209.3",
    "code": "048770"
}