{
    "N": "1316",
    "종목명": "엔피케이",
    "현재가": "2,050",
    "상태": "상승",
    "전일비": "30",
    "등락률": "+1.49%",
    "액면가": "500",
    "거래량": "194,725",
    "거래대금": "393",
    "전일거래량": "304,168",
    "시가": "2,025",
    "고가": "2,060",
    "저가": "1,980",
    "매수호가": "2,040",
    "매도호가": "2,050",
    "매수총잔량": "58,530",
    "매도총잔량": "40,817",
    "상장주식수": "18,724",
    "시가총액": "384",
    "매출액": "650",
    "자산총계": "765",
    "부채총계": "362",
    "영업이익": "-3",
    "당기순이익": "-8",
    "주당순이익": "-90",
    "보통주배당금": "30",
    "매출액증가율": "-3.33",
    "영업이익증가율": "-442.35",
    "외국인비율": "39.19",
    "PER": "-22.78",
    "ROE": "-2.05",
    "ROA": "-1.09",
    "PBR": "0.96",
    "유보율": "333.9",
    "code": "048830"
}