{
    "N": "354",
    "종목명": "시너지이노베이션",
    "현재가": "3,515",
    "상태": "하락",
    "전일비": "90",
    "등락률": "-2.50%",
    "액면가": "500",
    "거래량": "576,643",
    "거래대금": "2,032",
    "전일거래량": "672,698",
    "시가": "3,635",
    "고가": "3,635",
    "저가": "3,460",
    "매수호가": "3,515",
    "매도호가": "3,520",
    "매수총잔량": "25,010",
    "매도총잔량": "21,609",
    "상장주식수": "73,220",
    "시가총액": "2,574",
    "매출액": "546",
    "자산총계": "1,473",
    "부채총계": "546",
    "영업이익": "12",
    "당기순이익": "42",
    "주당순이익": "-253",
    "보통주배당금": "0",
    "매출액증가율": "29.81",
    "영업이익증가율": "-66.84",
    "외국인비율": "13.58",
    "PER": "-13.89",
    "ROE": "5.20",
    "ROA": "3.14",
    "PBR": "2.90",
    "유보율": "141.4",
    "code": "048870"
}