{
    "N": "732",
    "종목명": "대원미디어",
    "현재가": "9,290",
    "상태": "상승",
    "전일비": "130",
    "등락률": "+1.42%",
    "액면가": "500",
    "거래량": "339,266",
    "거래대금": "3,141",
    "전일거래량": "492,627",
    "시가": "9,160",
    "고가": "9,430",
    "저가": "9,090",
    "매수호가": "9,290",
    "매도호가": "9,300",
    "매수총잔량": "5,931",
    "매도총잔량": "11,809",
    "상장주식수": "12,579",
    "시가총액": "1,169",
    "매출액": "1,915",
    "자산총계": "1,361",
    "부채총계": "349",
    "영업이익": "37",
    "당기순이익": "32",
    "주당순이익": "223",
    "보통주배당금": "N/A",
    "매출액증가율": "17.24",
    "영업이익증가율": "-42.87",
    "외국인비율": "3.47",
    "PER": "41.66",
    "ROE": "1.38",
    "ROA": "2.43",
    "PBR": "1.38",
    "유보율": "998.0",
    "code": "048910"
}