{
    "N": "477",
    "종목명": "기가레인",
    "현재가": "3,070",
    "상태": "상승",
    "전일비": "20",
    "등락률": "+0.66%",
    "액면가": "500",
    "거래량": "1,620,327",
    "거래대금": "4,968",
    "전일거래량": "3,440,898",
    "시가": "3,050",
    "고가": "3,135",
    "저가": "3,015",
    "매수호가": "3,065",
    "매도호가": "3,070",
    "매수총잔량": "112,906",
    "매도총잔량": "79,933",
    "상장주식수": "62,851",
    "시가총액": "1,930",
    "매출액": "728",
    "자산총계": "1,178",
    "부채총계": "897",
    "영업이익": "-296",
    "당기순이익": "-461",
    "주당순이익": "-771",
    "보통주배당금": "0",
    "매출액증가율": "-41.68",
    "영업이익증가율": "-1,085.14",
    "외국인비율": "4.03",
    "PER": "-3.98",
    "ROE": "-95.33",
    "ROA": "-31.03",
    "PBR": "7.22",
    "유보율": "5.1",
    "code": "049080"
}