{
    "N": "155",
    "종목명": "인탑스",
    "현재가": "29,200",
    "상태": "하락",
    "전일비": "400",
    "등락률": "-1.35%",
    "액면가": "500",
    "거래량": "302,631",
    "거래대금": "8,672",
    "전일거래량": "216,151",
    "시가": "29,550",
    "고가": "29,600",
    "저가": "27,850",
    "매수호가": "29,200",
    "매도호가": "29,250",
    "매수총잔량": "5,396",
    "매도총잔량": "8,068",
    "상장주식수": "17,200",
    "시가총액": "5,022",
    "매출액": "9,105",
    "자산총계": "6,922",
    "부채총계": "1,713",
    "영업이익": "707",
    "당기순이익": "604",
    "주당순이익": "1,485",
    "보통주배당금": "250",
    "매출액증가율": "27.24",
    "영업이익증가율": "106.69",
    "외국인비율": "36.16",
    "PER": "19.66",
    "ROE": "8.50",
    "ROA": "9.09",
    "PBR": "1.10",
    "유보율": "4,979.3",
    "code": "049070"
}