{
    "N": "1257",
    "종목명": "파인디앤씨",
    "현재가": "1,730",
    "상태": "하락",
    "전일비": "5",
    "등락률": "-0.29%",
    "액면가": "500",
    "거래량": "39,807",
    "거래대금": "69",
    "전일거래량": "56,940",
    "시가": "1,735",
    "고가": "1,760",
    "저가": "1,720",
    "매수호가": "1,730",
    "매도호가": "1,745",
    "매수총잔량": "51,131",
    "매도총잔량": "31,036",
    "상장주식수": "26,360",
    "시가총액": "456",
    "매출액": "775",
    "자산총계": "1,036",
    "부채총계": "583",
    "영업이익": "-4",
    "당기순이익": "-37",
    "주당순이익": "-156",
    "보통주배당금": "25",
    "매출액증가율": "0.25",
    "영업이익증가율": "-120.81",
    "외국인비율": "0.88",
    "PER": "-11.09",
    "ROE": "-8.43",
    "ROA": "-3.76",
    "PBR": "1.06",
    "유보율": "437.0",
    "code": "049120"
}