{
    "N": "1277",
    "종목명": "SGA",
    "현재가": "897",
    "상태": "상승",
    "전일비": "66",
    "등락률": "+7.94%",
    "액면가": "1,000",
    "거래량": "2,226,054",
    "거래대금": "1,936",
    "전일거래량": "531,518",
    "시가": "847",
    "고가": "897",
    "저가": "838",
    "매수호가": "895",
    "매도호가": "897",
    "매수총잔량": "75,732",
    "매도총잔량": "113,384",
    "상장주식수": "48,812",
    "시가총액": "438",
    "매출액": "815",
    "자산총계": "1,004",
    "부채총계": "622",
    "영업이익": "-110",
    "당기순이익": "-304",
    "주당순이익": "-232",
    "보통주배당금": "0",
    "매출액증가율": "-8.34",
    "영업이익증가율": "-36.90",
    "외국인비율": "3.16",
    "PER": "-3.87",
    "ROE": "-48.41",
    "ROA": "-26.02",
    "PBR": "1.58",
    "유보율": "-26.8",
    "code": "049470"
}