{
    "N": "975",
    "종목명": "코메론",
    "현재가": "8,910",
    "상태": "하락",
    "전일비": "10",
    "등락률": "-0.11%",
    "액면가": "500",
    "거래량": "32,397",
    "거래대금": "287",
    "전일거래량": "35,108",
    "시가": "8,850",
    "고가": "8,950",
    "저가": "8,800",
    "매수호가": "8,900",
    "매도호가": "8,910",
    "매수총잔량": "4,658",
    "매도총잔량": "10,665",
    "상장주식수": "9,048",
    "시가총액": "806",
    "매출액": "666",
    "자산총계": "1,538",
    "부채총계": "133",
    "영업이익": "139",
    "당기순이익": "143",
    "주당순이익": "1,269",
    "보통주배당금": "200",
    "매출액증가율": "-3.08",
    "영업이익증가율": "11.99",
    "외국인비율": "15.41",
    "PER": "7.02",
    "ROE": "10.64",
    "ROA": "9.65",
    "PBR": "0.50",
    "유보율": "3,089.9",
    "code": "049430"
}