{
    "N": "820",
    "종목명": "오픈베이스",
    "현재가": "3,240",
    "상태": "하락",
    "전일비": "10",
    "등락률": "-0.31%",
    "액면가": "500",
    "거래량": "444,746",
    "거래대금": "1,435",
    "전일거래량": "491,747",
    "시가": "3,220",
    "고가": "3,255",
    "저가": "3,205",
    "매수호가": "3,235",
    "매도호가": "3,240",
    "매수총잔량": "62,106",
    "매도총잔량": "50,239",
    "상장주식수": "31,422",
    "시가총액": "1,018",
    "매출액": "1,574",
    "자산총계": "1,345",
    "부채총계": "613",
    "영업이익": "26",
    "당기순이익": "14",
    "주당순이익": "33",
    "보통주배당금": "15",
    "매출액증가율": "7.29",
    "영업이익증가율": "284.48",
    "외국인비율": "1.21",
    "PER": "98.18",
    "ROE": "2.46",
    "ROA": "1.05",
    "PBR": "1.61",
    "유보율": "305.8",
    "code": "049480"
}