{
    "N": "1045",
    "종목명": "잉크테크",
    "현재가": "4,465",
    "상태": "상승",
    "전일비": "60",
    "등락률": "+1.36%",
    "액면가": "500",
    "거래량": "48,182",
    "거래대금": "215",
    "전일거래량": "71,512",
    "시가": "4,450",
    "고가": "4,565",
    "저가": "4,385",
    "매수호가": "4,460",
    "매도호가": "4,465",
    "매수총잔량": "8,246",
    "매도총잔량": "9,841",
    "상장주식수": "16,020",
    "시가총액": "715",
    "매출액": "591",
    "자산총계": "1,081",
    "부채총계": "722",
    "영업이익": "-13",
    "당기순이익": "-28",
    "주당순이익": "-171",
    "보통주배당금": "N/A",
    "매출액증가율": "6.74",
    "영업이익증가율": "-40.51",
    "외국인비율": "0.55",
    "PER": "-26.11",
    "ROE": "-7.52",
    "ROA": "-2.60",
    "PBR": "1.94",
    "유보율": "108.7",
    "code": "049550"
}