{
    "N": "921",
    "종목명": "유아이엘",
    "현재가": "3,965",
    "상태": "상승",
    "전일비": "5",
    "등락률": "+0.13%",
    "액면가": "500",
    "거래량": "120,208",
    "거래대금": "476",
    "전일거래량": "271,971",
    "시가": "3,960",
    "고가": "3,995",
    "저가": "3,940",
    "매수호가": "3,965",
    "매도호가": "3,970",
    "매수총잔량": "45,492",
    "매도총잔량": "22,834",
    "상장주식수": "21,785",
    "시가총액": "864",
    "매출액": "4,085",
    "자산총계": "2,116",
    "부채총계": "419",
    "영업이익": "89",
    "당기순이익": "82",
    "주당순이익": "-295",
    "보통주배당금": "400",
    "매출액증가율": "-3.57",
    "영업이익증가율": "5.88",
    "외국인비율": "8.15",
    "PER": "-13.44",
    "ROE": "4.92",
    "ROA": "3.81",
    "PBR": "0.52",
    "유보율": "1,482.0",
    "code": "049520"
}