{
    "N": "960",
    "종목명": "재영솔루텍",
    "현재가": "1,115",
    "상태": "하락",
    "전일비": "20",
    "등락률": "-1.76%",
    "액면가": "500",
    "거래량": "1,131,085",
    "거래대금": "1,263",
    "전일거래량": "1,402,854",
    "시가": "1,120",
    "고가": "1,135",
    "저가": "1,105",
    "매수호가": "1,110",
    "매도호가": "1,115",
    "매수총잔량": "385,993",
    "매도총잔량": "280,220",
    "상장주식수": "73,375",
    "시가총액": "818",
    "매출액": "1,334",
    "자산총계": "1,645",
    "부채총계": "1,088",
    "영업이익": "80",
    "당기순이익": "60",
    "주당순이익": "-53",
    "보통주배당금": "0",
    "매출액증가율": "3.70",
    "영업이익증가율": "157.07",
    "외국인비율": "0.53",
    "PER": "-21.04",
    "ROE": "12.79",
    "ROA": "3.67",
    "PBR": "1.49",
    "유보율": "40.6",
    "code": "049630"
}