{
    "N": "416",
    "종목명": "쎌바이오텍",
    "현재가": "23,350",
    "상태": "하락",
    "전일비": "100",
    "등락률": "-0.43%",
    "액면가": "500",
    "거래량": "162,873",
    "거래대금": "3,858",
    "전일거래량": "145,213",
    "시가": "23,100",
    "고가": "24,600",
    "저가": "22,550",
    "매수호가": "23,350",
    "매도호가": "23,400",
    "매수총잔량": "9,777",
    "매도총잔량": "2,862",
    "상장주식수": "9,400",
    "시가총액": "2,195",
    "매출액": "460",
    "자산총계": "1,083",
    "부채총계": "47",
    "영업이익": "58",
    "당기순이익": "72",
    "주당순이익": "628",
    "보통주배당금": "600",
    "매출액증가율": "-26.52",
    "영업이익증가율": "-73.27",
    "외국인비율": "13.37",
    "PER": "37.18",
    "ROE": "6.91",
    "ROA": "6.56",
    "PBR": "1.64",
    "유보율": "2,481.0",
    "code": "049960"
}