{
    "N": "250",
    "종목명": "미래컴퍼니",
    "현재가": "41,200",
    "상태": "상승",
    "전일비": "750",
    "등락률": "+1.85%",
    "액면가": "500",
    "거래량": "127,371",
    "거래대금": "5,222",
    "전일거래량": "120,549",
    "시가": "40,650",
    "고가": "42,150",
    "저가": "39,950",
    "매수호가": "41,150",
    "매도호가": "41,200",
    "매수총잔량": "1,564",
    "매도총잔량": "6,622",
    "상장주식수": "8,362",
    "시가총액": "3,445",
    "매출액": "974",
    "자산총계": "1,338",
    "부채총계": "209",
    "영업이익": "37",
    "당기순이익": "120",
    "주당순이익": "-1,120",
    "보통주배당금": "229",
    "매출액증가율": "-54.34",
    "영업이익증가율": "-86.08",
    "외국인비율": "1.20",
    "PER": "-36.79",
    "ROE": "11.06",
    "ROA": "8.68",
    "PBR": "2.98",
    "유보율": "2,885.4",
    "code": "049950"
}