{
    "N": "865",
    "종목명": "휘닉스소재",
    "현재가": "1,180",
    "상태": "하락",
    "전일비": "60",
    "등락률": "-4.84%",
    "액면가": "500",
    "거래량": "5,711,631",
    "거래대금": "6,777",
    "전일거래량": "24,575,764",
    "시가": "1,220",
    "고가": "1,230",
    "저가": "1,145",
    "매수호가": "1,175",
    "매도호가": "1,180",
    "매수총잔량": "310,661",
    "매도총잔량": "146,309",
    "상장주식수": "79,139",
    "시가총액": "934",
    "매출액": "130",
    "자산총계": "443",
    "부채총계": "170",
    "영업이익": "0",
    "당기순이익": "-20",
    "주당순이익": "-27",
    "보통주배당금": "N/A",
    "매출액증가율": "19.14",
    "영업이익증가율": "96.84",
    "외국인비율": "0.43",
    "PER": "-43.70",
    "ROE": "-7.12",
    "ROA": "-5.05",
    "PBR": "2.99",
    "유보율": "-17.8",
    "code": "050090"
}