{
    "N": "473",
    "종목명": "캠시스",
    "현재가": "2,830",
    "상태": "하락",
    "전일비": "40",
    "등락률": "-1.39%",
    "액면가": "500",
    "거래량": "1,463,813",
    "거래대금": "4,155",
    "전일거래량": "1,965,701",
    "시가": "2,850",
    "고가": "2,870",
    "저가": "2,810",
    "매수호가": "2,825",
    "매도호가": "2,830",
    "매수총잔량": "190,940",
    "매도총잔량": "119,025",
    "상장주식수": "68,761",
    "시가총액": "1,946",
    "매출액": "6,848",
    "자산총계": "4,326",
    "부채총계": "3,004",
    "영업이익": "160",
    "당기순이익": "42",
    "주당순이익": "-116",
    "보통주배당금": "0",
    "매출액증가율": "25.77",
    "영업이익증가율": "-0.02",
    "외국인비율": "3.22",
    "PER": "-24.40",
    "ROE": "2.10",
    "ROA": "1.11",
    "PBR": "1.69",
    "유보율": "184.6",
    "code": "050110"
}