{
    "N": "1010",
    "종목명": "라이브플렉스",
    "현재가": "555",
    "상태": "하락",
    "전일비": "7",
    "등락률": "-1.25%",
    "액면가": "500",
    "거래량": "816,548",
    "거래대금": "454",
    "전일거래량": "683,198",
    "시가": "555",
    "고가": "562",
    "저가": "550",
    "매수호가": "555",
    "매도호가": "556",
    "매수총잔량": "170,861",
    "매도총잔량": "261,465",
    "상장주식수": "135,641",
    "시가총액": "753",
    "매출액": "437",
    "자산총계": "4,640",
    "부채총계": "3,899",
    "영업이익": "-26",
    "당기순이익": "-138",
    "주당순이익": "-272",
    "보통주배당금": "0",
    "매출액증가율": "29.45",
    "영업이익증가율": "-116.09",
    "외국인비율": "1.00",
    "PER": "-2.04",
    "ROE": "-21.76",
    "ROA": "-4.78",
    "PBR": "0.93",
    "유보율": "33.4",
    "code": "050120"
}