{
    "N": "1175",
    "종목명": "아세아텍",
    "현재가": "3,175",
    "상태": "상승",
    "전일비": "15",
    "등락률": "+0.47%",
    "액면가": "500",
    "거래량": "162,045",
    "거래대금": "511",
    "전일거래량": "159,000",
    "시가": "3,110",
    "고가": "3,190",
    "저가": "3,110",
    "매수호가": "3,175",
    "매도호가": "3,180",
    "매수총잔량": "29,478",
    "매도총잔량": "15,061",
    "상장주식수": "17,500",
    "시가총액": "556",
    "매출액": "1,130",
    "자산총계": "1,361",
    "부채총계": "375",
    "영업이익": "52",
    "당기순이익": "10",
    "주당순이익": "51",
    "보통주배당금": "50",
    "매출액증가율": "9.91",
    "영업이익증가율": "108.74",
    "외국인비율": "3.32",
    "PER": "62.25",
    "ROE": "1.00",
    "ROA": "0.76",
    "PBR": "0.53",
    "유보율": "912.9",
    "code": "050860"
}