{
    "N": "128",
    "종목명": "쏠리드",
    "현재가": "11,300",
    "상태": "하락",
    "전일비": "50",
    "등락률": "-0.44%",
    "액면가": "500",
    "거래량": "1,312,923",
    "거래대금": "14,771",
    "전일거래량": "1,358,959",
    "시가": "11,200",
    "고가": "11,450",
    "저가": "11,100",
    "매수호가": "11,250",
    "매도호가": "11,300",
    "매수총잔량": "200,027",
    "매도총잔량": "354,612",
    "상장주식수": "52,185",
    "시가총액": "5,897",
    "매출액": "2,293",
    "자산총계": "2,838",
    "부채총계": "1,601",
    "영업이익": "-35",
    "당기순이익": "54",
    "주당순이익": "58",
    "보통주배당금": "N/A",
    "매출액증가율": "3.01",
    "영업이익증가율": "-432.40",
    "외국인비율": "4.25",
    "PER": "194.83",
    "ROE": "4.97",
    "ROA": "1.96",
    "PBR": "5.14",
    "유보율": "359.0",
    "code": "050890"
}