{
    "N": "878",
    "종목명": "수산아이앤티",
    "현재가": "13,600",
    "상태": "상승",
    "전일비": "50",
    "등락률": "+0.37%",
    "액면가": "500",
    "거래량": "262,686",
    "거래대금": "3,512",
    "전일거래량": "411,999",
    "시가": "13,550",
    "고가": "13,900",
    "저가": "13,000",
    "매수호가": "13,600",
    "매도호가": "13,650",
    "매수총잔량": "18,792",
    "매도총잔량": "17,120",
    "상장주식수": "6,751",
    "시가총액": "918",
    "매출액": "160",
    "자산총계": "795",
    "부채총계": "34",
    "영업이익": "28",
    "당기순이익": "29",
    "주당순이익": "540",
    "보통주배당금": "75",
    "매출액증가율": "-1.65",
    "영업이익증가율": "5.27",
    "외국인비율": "0.26",
    "PER": "25.19",
    "ROE": "3.90",
    "ROA": "3.76",
    "PBR": "1.20",
    "유보율": "2,105.0",
    "code": "050960"
}