{
    "N": "466",
    "종목명": "지어소프트",
    "현재가": "13,550",
    "상태": "하락",
    "전일비": "600",
    "등락률": "-4.24%",
    "액면가": "500",
    "거래량": "499,925",
    "거래대금": "6,834",
    "전일거래량": "623,819",
    "시가": "14,250",
    "고가": "14,250",
    "저가": "13,400",
    "매수호가": "13,550",
    "매도호가": "13,600",
    "매수총잔량": "60,768",
    "매도총잔량": "42,786",
    "상장주식수": "14,575",
    "시가총액": "1,975",
    "매출액": "1,596",
    "자산총계": "431",
    "부채총계": "336",
    "영업이익": "-1",
    "당기순이익": "-15",
    "주당순이익": "301",
    "보통주배당금": "N/A",
    "매출액증가율": "21.29",
    "영업이익증가율": "-111.05",
    "외국인비율": "5.26",
    "PER": "45.02",
    "ROE": "-19.38",
    "ROA": "-4.14",
    "PBR": "13.67",
    "유보율": "32.6",
    "code": "051160"
}