{
    "N": "693",
    "종목명": "토비스",
    "현재가": "7,570",
    "상태": "하락",
    "전일비": "160",
    "등락률": "-2.07%",
    "액면가": "500",
    "거래량": "182,411",
    "거래대금": "1,382",
    "전일거래량": "221,207",
    "시가": "7,690",
    "고가": "7,730",
    "저가": "7,500",
    "매수호가": "7,560",
    "매도호가": "7,570",
    "매수총잔량": "21,928",
    "매도총잔량": "17,092",
    "상장주식수": "16,717",
    "시가총액": "1,265",
    "매출액": "4,189",
    "자산총계": "2,812",
    "부채총계": "871",
    "영업이익": "307",
    "당기순이익": "221",
    "주당순이익": "41",
    "보통주배당금": "240",
    "매출액증가율": "-2.63",
    "영업이익증가율": "7.55",
    "외국인비율": "8.54",
    "PER": "184.63",
    "ROE": "11.88",
    "ROA": "7.69",
    "PBR": "0.60",
    "유보율": "2,360.2",
    "code": "051360"
}