{
    "N": "935",
    "종목명": "피씨디렉트",
    "현재가": "11,050",
    "상태": "하락",
    "전일비": "50",
    "등락률": "-0.45%",
    "액면가": "500",
    "거래량": "60,875",
    "거래대금": "667",
    "전일거래량": "44,535",
    "시가": "11,100",
    "고가": "11,150",
    "저가": "10,750",
    "매수호가": "11,050",
    "매도호가": "11,100",
    "매수총잔량": "25,991",
    "매도총잔량": "6,068",
    "상장주식수": "7,669",
    "시가총액": "847",
    "매출액": "2,786",
    "자산총계": "676",
    "부채총계": "315",
    "영업이익": "57",
    "당기순이익": "38",
    "주당순이익": "711",
    "보통주배당금": "100",
    "매출액증가율": "16.06",
    "영업이익증가율": "20.19",
    "외국인비율": "0.35",
    "PER": "15.54",
    "ROE": "10.89",
    "ROA": "6.07",
    "PBR": "2.18",
    "유보율": "858.2",
    "code": "051380"
}