{
    "N": "1249",
    "종목명": "YW",
    "현재가": "4,080",
    "상태": "상승",
    "전일비": "90",
    "등락률": "+2.26%",
    "액면가": "500",
    "거래량": "474,575",
    "거래대금": "1,996",
    "전일거래량": "43,762",
    "시가": "3,990",
    "고가": "4,350",
    "저가": "3,985",
    "매수호가": "4,080",
    "매도호가": "4,085",
    "매수총잔량": "9,245",
    "매도총잔량": "9,874",
    "상장주식수": "11,355",
    "시가총액": "463",
    "매출액": "192",
    "자산총계": "1,124",
    "부채총계": "412",
    "영업이익": "28",
    "당기순이익": "20",
    "주당순이익": "169",
    "보통주배당금": "50",
    "매출액증가율": "-34.57",
    "영업이익증가율": "-15.94",
    "외국인비율": "0.21",
    "PER": "24.14",
    "ROE": "2.79",
    "ROA": "1.79",
    "PBR": "0.49",
    "유보율": "1,304.8",
    "code": "051390"
}