{
    "N": "221",
    "종목명": "인터플렉스",
    "현재가": "16,950",
    "상태": "하락",
    "전일비": "450",
    "등락률": "-2.59%",
    "액면가": "500",
    "거래량": "372,544",
    "거래대금": "6,331",
    "전일거래량": "345,934",
    "시가": "17,250",
    "고가": "17,400",
    "저가": "16,750",
    "매수호가": "16,950",
    "매도호가": "17,000",
    "매수총잔량": "63,626",
    "매도총잔량": "25,119",
    "상장주식수": "23,327",
    "시가총액": "3,954",
    "매출액": "4,392",
    "자산총계": "3,514",
    "부채총계": "1,336",
    "영업이익": "-168",
    "당기순이익": "-283",
    "주당순이익": "-1,898",
    "보통주배당금": "N/A",
    "매출액증가율": "39.89",
    "영업이익증가율": "74.67",
    "외국인비율": "3.24",
    "PER": "-8.93",
    "ROE": "-12.24",
    "ROA": "-7.86",
    "PBR": "1.93",
    "유보율": "1,773.0",
    "code": "051370"
}