{
    "N": "470",
    "종목명": "나라엠앤디",
    "현재가": "13,750",
    "상태": "상승",
    "전일비": "450",
    "등락률": "+3.38%",
    "액면가": "500",
    "거래량": "5,596,204",
    "거래대금": "77,144",
    "전일거래량": "12,054,979",
    "시가": "13,150",
    "고가": "14,400",
    "저가": "13,000",
    "매수호가": "13,700",
    "매도호가": "13,750",
    "매수총잔량": "111,283",
    "매도총잔량": "162,085",
    "상장주식수": "14,200",
    "시가총액": "1,952",
    "매출액": "1,560",
    "자산총계": "2,172",
    "부채총계": "1,365",
    "영업이익": "21",
    "당기순이익": "11",
    "주당순이익": "146",
    "보통주배당금": "60",
    "매출액증가율": "10.04",
    "영업이익증가율": "-55.24",
    "외국인비율": "0.42",
    "PER": "94.18",
    "ROE": "1.37",
    "ROA": "0.55",
    "PBR": "2.34",
    "유보율": "1,041.9",
    "code": "051490"
}