{
    "N": "402",
    "종목명": "CJ프레시웨이",
    "현재가": "19,100",
    "상태": "상승",
    "전일비": "200",
    "등락률": "+1.06%",
    "액면가": "1,000",
    "거래량": "87,812",
    "거래대금": "1,673",
    "전일거래량": "118,550",
    "시가": "18,900",
    "고가": "19,300",
    "저가": "18,750",
    "매수호가": "19,050",
    "매도호가": "19,100",
    "매수총잔량": "31,601",
    "매도총잔량": "25,255",
    "상장주식수": "11,872",
    "시가총액": "2,267",
    "매출액": "30,551",
    "자산총계": "11,817",
    "부채총계": "8,925",
    "영업이익": "581",
    "당기순이익": "96",
    "주당순이익": "-2,263",
    "보통주배당금": "250",
    "매출액증가율": "8.03",
    "영업이익증가율": "14.64",
    "외국인비율": "13.91",
    "PER": "-8.44",
    "ROE": "2.59",
    "ROA": "0.91",
    "PBR": "1.32",
    "유보율": "1,045.9",
    "code": "051500"
}