{
    "N": "999",
    "종목명": "큐로홀딩스",
    "현재가": "632",
    "상태": "상승",
    "전일비": "2",
    "등락률": "+0.32%",
    "액면가": "500",
    "거래량": "146,168",
    "거래대금": "91",
    "전일거래량": "253,521",
    "시가": "635",
    "고가": "636",
    "저가": "617",
    "매수호가": "627",
    "매도호가": "632",
    "매수총잔량": "61,980",
    "매도총잔량": "86,416",
    "상장주식수": "120,601",
    "시가총액": "762",
    "매출액": "258",
    "자산총계": "492",
    "부채총계": "240",
    "영업이익": "8",
    "당기순이익": "-91",
    "주당순이익": "-86",
    "보통주배당금": "0",
    "매출액증가율": "2.12",
    "영업이익증가율": "237.46",
    "외국인비율": "0.71",
    "PER": "-7.35",
    "ROE": "-34.12",
    "ROA": "-18.09",
    "PBR": "2.32",
    "유보율": "-21.0",
    "code": "051780"
}