{
    "N": "488",
    "종목명": "센트럴바이오",
    "현재가": "3,140",
    "상태": "상승",
    "전일비": "220",
    "등락률": "+7.53%",
    "액면가": "500",
    "거래량": "5,155,695",
    "거래대금": "15,781",
    "전일거래량": "3,589,956",
    "시가": "2,875",
    "고가": "3,260",
    "저가": "2,875",
    "매수호가": "3,140",
    "매도호가": "3,145",
    "매수총잔량": "76,772",
    "매도총잔량": "261,400",
    "상장주식수": "59,885",
    "시가총액": "1,880",
    "매출액": "98",
    "자산총계": "350",
    "부채총계": "105",
    "영업이익": "-85",
    "당기순이익": "-80",
    "주당순이익": "-144",
    "보통주배당금": "0",
    "매출액증가율": "-12.95",
    "영업이익증가율": "-264.10",
    "외국인비율": "1.80",
    "PER": "-21.81",
    "ROE": "-41.23",
    "ROA": "-27.80",
    "PBR": "9.24",
    "유보율": "13.1",
    "code": "051980"
}