{
    "N": "284",
    "종목명": "에스티큐브",
    "현재가": "10,300",
    "전일비": "0",
    "등락률": "0.00%",
    "액면가": "500",
    "거래량": "433,292",
    "거래대금": "4,385",
    "전일거래량": "587,595",
    "시가": "10,250",
    "고가": "10,350",
    "저가": "9,970",
    "매수호가": "10,200",
    "매도호가": "10,300",
    "매수총잔량": "36,545",
    "매도총잔량": "85,430",
    "상장주식수": "30,385",
    "시가총액": "3,130",
    "매출액": "174",
    "자산총계": "524",
    "부채총계": "236",
    "영업이익": "-31",
    "당기순이익": "-120",
    "주당순이익": "-509",
    "보통주배당금": "0",
    "매출액증가율": "66.08",
    "영업이익증가율": "70.29",
    "외국인비율": "3.07",
    "PER": "-20.24",
    "ROE": "-35.69",
    "ROA": "-21.71",
    "PBR": "10.24",
    "유보율": "47.4",
    "code": "052020"
}