{
    "N": "237",
    "종목명": "현대바이오랜드",
    "현재가": "24,800",
    "상태": "상승",
    "전일비": "500",
    "등락률": "+2.06%",
    "액면가": "500",
    "거래량": "256,230",
    "거래대금": "6,282",
    "전일거래량": "177,653",
    "시가": "24,200",
    "고가": "24,800",
    "저가": "24,100",
    "매수호가": "24,750",
    "매도호가": "24,800",
    "매수총잔량": "19,378",
    "매도총잔량": "37,429",
    "상장주식수": "15,000",
    "시가총액": "3,720",
    "매출액": "1,063",
    "자산총계": "2,091",
    "부채총계": "533",
    "영업이익": "145",
    "당기순이익": "108",
    "주당순이익": "368",
    "보통주배당금": "350",
    "매출액증가율": "5.69",
    "영업이익증가율": "-15.22",
    "외국인비율": "5.04",
    "PER": "67.39",
    "ROE": "7.12",
    "ROA": "5.39",
    "PBR": "2.42",
    "유보율": "1,979.1",
    "code": "052260"
}