{
    "N": "780",
    "종목명": "iMBC",
    "현재가": "4,720",
    "상태": "상승",
    "전일비": "240",
    "등락률": "+5.36%",
    "액면가": "500",
    "거래량": "1,216,092",
    "거래대금": "5,588",
    "전일거래량": "1,390,486",
    "시가": "4,480",
    "고가": "4,750",
    "저가": "4,405",
    "매수호가": "4,720",
    "매도호가": "4,725",
    "매수총잔량": "8,515",
    "매도총잔량": "30,902",
    "상장주식수": "23,000",
    "시가총액": "1,086",
    "매출액": "516",
    "자산총계": "666",
    "부채총계": "132",
    "영업이익": "17",
    "당기순이익": "23",
    "주당순이익": "44",
    "보통주배당금": "N/A",
    "매출액증가율": "-11.23",
    "영업이익증가율": "84.14",
    "외국인비율": "1.30",
    "PER": "107.27",
    "ROE": "4.17",
    "ROA": "3.52",
    "PBR": "2.05",
    "유보율": "352.9",
    "code": "052220"
}