{
    "N": "1037",
    "종목명": "W홀딩컴퍼니",
    "현재가": "311",
    "상태": "상승",
    "전일비": "1",
    "등락률": "+0.32%",
    "액면가": "100",
    "거래량": "1,812,753",
    "거래대금": "559",
    "전일거래량": "3,608,226",
    "시가": "307",
    "고가": "312",
    "저가": "305",
    "매수호가": "310",
    "매도호가": "311",
    "매수총잔량": "479,255",
    "매도총잔량": "325,203",
    "상장주식수": "232,418",
    "시가총액": "723",
    "매출액": "180",
    "자산총계": "1,424",
    "부채총계": "555",
    "영업이익": "-38",
    "당기순이익": "-177",
    "주당순이익": "46",
    "보통주배당금": "0",
    "매출액증가율": "-65.34",
    "영업이익증가율": "-4.41",
    "외국인비율": "1.56",
    "PER": "6.76",
    "ROE": "-20.04",
    "ROA": "-11.96",
    "PBR": "0.74",
    "유보율": "387.1",
    "code": "052300"
}