{
    "N": "634",
    "종목명": "코텍",
    "현재가": "9,010",
    "상태": "상승",
    "전일비": "10",
    "등락률": "+0.11%",
    "액면가": "500",
    "거래량": "65,710",
    "거래대금": "589",
    "전일거래량": "63,674",
    "시가": "8,930",
    "고가": "9,100",
    "저가": "8,850",
    "매수호가": "9,010",
    "매도호가": "9,050",
    "매수총잔량": "7,306",
    "매도총잔량": "3,676",
    "상장주식수": "15,575",
    "시가총액": "1,403",
    "매출액": "2,853",
    "자산총계": "3,531",
    "부채총계": "352",
    "영업이익": "331",
    "당기순이익": "308",
    "주당순이익": "183",
    "보통주배당금": "400",
    "매출액증가율": "N/A",
    "영업이익증가율": "N/A",
    "외국인비율": "24.72",
    "PER": "49.23",
    "ROE": "N/A",
    "ROA": "N/A",
    "PBR": "0.42",
    "유보율": "3,884.7",
    "code": "052330"
}