{
    "N": "278",
    "종목명": "오성첨단소재",
    "현재가": "4,690",
    "상태": "상승",
    "전일비": "175",
    "등락률": "+3.88%",
    "액면가": "500",
    "거래량": "12,681,083",
    "거래대금": "59,920",
    "전일거래량": "3,958,923",
    "시가": "4,635",
    "고가": "4,845",
    "저가": "4,610",
    "매수호가": "4,690",
    "매도호가": "4,695",
    "매수총잔량": "135,749",
    "매도총잔량": "122,964",
    "상장주식수": "67,735",
    "시가총액": "3,177",
    "매출액": "666",
    "자산총계": "2,281",
    "부채총계": "538",
    "영업이익": "19",
    "당기순이익": "146",
    "주당순이익": "345",
    "보통주배당금": "0",
    "매출액증가율": "51.02",
    "영업이익증가율": "166.31",
    "외국인비율": "0.54",
    "PER": "13.59",
    "ROE": "9.68",
    "ROA": "7.77",
    "PBR": "1.59",
    "유보율": "473.7",
    "code": "052420"
}