{
    "N": "1133",
    "종목명": "아이크래프트",
    "현재가": "4,185",
    "상태": "하락",
    "전일비": "60",
    "등락률": "-1.41%",
    "액면가": "500",
    "거래량": "232,357",
    "거래대금": "979",
    "전일거래량": "480,535",
    "시가": "4,235",
    "고가": "4,360",
    "저가": "4,105",
    "매수호가": "4,180",
    "매도호가": "4,185",
    "매수총잔량": "11,043",
    "매도총잔량": "9,012",
    "상장주식수": "14,608",
    "시가총액": "611",
    "매출액": "738",
    "자산총계": "534",
    "부채총계": "211",
    "영업이익": "0",
    "당기순이익": "-3",
    "주당순이익": "17",
    "보통주배당금": "N/A",
    "매출액증가율": "0.83",
    "영업이익증가율": "-83.41",
    "외국인비율": "0.64",
    "PER": "246.18",
    "ROE": "-0.69",
    "ROA": "-0.51",
    "PBR": "1.83",
    "유보율": "417.3",
    "code": "052460"
}