{
    "N": "203",
    "종목명": "코나아이",
    "현재가": "26,750",
    "상태": "하락",
    "전일비": "250",
    "등락률": "-0.93%",
    "액면가": "500",
    "거래량": "129,076",
    "거래대금": "3,424",
    "전일거래량": "145,127",
    "시가": "26,950",
    "고가": "27,050",
    "저가": "26,150",
    "매수호가": "26,700",
    "매도호가": "26,750",
    "매수총잔량": "4,550",
    "매도총잔량": "5,291",
    "상장주식수": "15,559",
    "시가총액": "4,162",
    "매출액": "1,245",
    "자산총계": "2,908",
    "부채총계": "2,010",
    "영업이익": "-14",
    "당기순이익": "-58",
    "주당순이익": "87",
    "보통주배당금": "N/A",
    "매출액증가율": "38.41",
    "영업이익증가율": "95.50",
    "외국인비율": "1.92",
    "PER": "307.47",
    "ROE": "-5.96",
    "ROA": "-2.60",
    "PBR": "4.15",
    "유보율": "1,285.4",
    "code": "052400"
}