{
    "N": "690",
    "종목명": "제일바이오",
    "현재가": "8,480",
    "상태": "상승",
    "전일비": "970",
    "등락률": "+12.92%",
    "액면가": "500",
    "거래량": "16,229,497",
    "거래대금": "138,603",
    "전일거래량": "230,703",
    "시가": "7,950",
    "고가": "9,070",
    "저가": "7,550",
    "매수호가": "8,470",
    "매도호가": "8,480",
    "매수총잔량": "42,572",
    "매도총잔량": "51,458",
    "상장주식수": "15,000",
    "시가총액": "1,272",
    "매출액": "230",
    "자산총계": "346",
    "부채총계": "30",
    "영업이익": "5",
    "당기순이익": "20",
    "주당순이익": "23",
    "보통주배당금": "N/A",
    "매출액증가율": "-17.35",
    "영업이익증가율": "-62.93",
    "외국인비율": "0.41",
    "PER": "368.70",
    "ROE": "6.67",
    "ROA": "6.10",
    "PBR": "3.15",
    "유보율": "407.9",
    "code": "052670"
}