{
    "N": "1012",
    "종목명": "한네트",
    "현재가": "6,450",
    "상태": "하락",
    "전일비": "80",
    "등락률": "-1.23%",
    "액면가": "500",
    "거래량": "221,689",
    "거래대금": "1,425",
    "전일거래량": "335,394",
    "시가": "6,550",
    "고가": "6,550",
    "저가": "6,330",
    "매수호가": "6,410",
    "매도호가": "6,450",
    "매수총잔량": "14,487",
    "매도총잔량": "21,970",
    "상장주식수": "11,564",
    "시가총액": "746",
    "매출액": "259",
    "자산총계": "638",
    "부채총계": "287",
    "영업이익": "19",
    "당기순이익": "11",
    "주당순이익": "110",
    "보통주배당금": "100",
    "매출액증가율": "-4.50",
    "영업이익증가율": "-8.36",
    "외국인비율": "1.31",
    "PER": "58.64",
    "ROE": "3.20",
    "ROA": "1.73",
    "PBR": "2.13",
    "유보율": "552.1",
    "code": "052600"
}