{
    "N": "1349",
    "종목명": "아이톡시",
    "현재가": "4,460",
    "전일비": "0",
    "등락률": "0.00%",
    "액면가": "500",
    "거래량": "0",
    "거래대금": "0",
    "전일거래량": "0",
    "시가": "0",
    "고가": "0",
    "저가": "0",
    "매수호가": "0",
    "매도호가": "0",
    "매수총잔량": "0",
    "매도총잔량": "0",
    "상장주식수": "7,291",
    "시가총액": "325",
    "매출액": "38",
    "자산총계": "86",
    "부채총계": "34",
    "영업이익": "-21",
    "당기순이익": "-29",
    "주당순이익": "-353",
    "보통주배당금": "0",
    "매출액증가율": "-73.89",
    "영업이익증가율": "65.98",
    "외국인비율": "0.39",
    "PER": "-12.63",
    "ROE": "98.30",
    "ROA": "-45.50",
    "PBR": "9.20",
    "유보율": "24.5",
    "code": "052770"
}