{
    "N": "791",
    "종목명": "액토즈소프트",
    "현재가": "9,420",
    "상태": "하락",
    "전일비": "120",
    "등락률": "-1.26%",
    "액면가": "500",
    "거래량": "53,846",
    "거래대금": "507",
    "전일거래량": "48,782",
    "시가": "9,520",
    "고가": "9,570",
    "저가": "9,340",
    "매수호가": "9,420",
    "매도호가": "9,450",
    "매수총잔량": "6,528",
    "매도총잔량": "2,107",
    "상장주식수": "11,331",
    "시가총액": "1,067",
    "매출액": "627",
    "자산총계": "1,754",
    "부채총계": "573",
    "영업이익": "257",
    "당기순이익": "208",
    "주당순이익": "1,661",
    "보통주배당금": "N/A",
    "매출액증가율": "66.43",
    "영업이익증가율": "2,485.36",
    "외국인비율": "50.42",
    "PER": "5.67",
    "ROE": "19.76",
    "ROA": "13.73",
    "PBR": "0.65",
    "유보율": "1,924.5",
    "code": "052790"
}