{
    "N": "232",
    "종목명": "아모텍",
    "현재가": "39,000",
    "상태": "하락",
    "전일비": "100",
    "등락률": "-0.26%",
    "액면가": "500",
    "거래량": "874,244",
    "거래대금": "35,788",
    "전일거래량": "207,509",
    "시가": "42,000",
    "고가": "43,700",
    "저가": "38,200",
    "매수호가": "39,000",
    "매도호가": "39,050",
    "매수총잔량": "6,503",
    "매도총잔량": "7,228",
    "상장주식수": "9,743",
    "시가총액": "3,800",
    "매출액": "2,486",
    "자산총계": "4,305",
    "부채총계": "2,317",
    "영업이익": "70",
    "당기순이익": "4",
    "주당순이익": "-1,538",
    "보통주배당금": "N/A",
    "매출액증가율": "-1.92",
    "영업이익증가율": "-38.13",
    "외국인비율": "5.43",
    "PER": "-25.36",
    "ROE": "0.18",
    "ROA": "0.09",
    "PBR": "1.97",
    "유보율": "3,585.5",
    "code": "052710"
}