{
    "N": "994",
    "종목명": "아이앤씨",
    "현재가": "4,360",
    "상태": "하락",
    "전일비": "70",
    "등락률": "-1.58%",
    "액면가": "500",
    "거래량": "288,502",
    "거래대금": "1,261",
    "전일거래량": "412,204",
    "시가": "4,430",
    "고가": "4,460",
    "저가": "4,300",
    "매수호가": "4,355",
    "매도호가": "4,360",
    "매수총잔량": "42,413",
    "매도총잔량": "10,140",
    "상장주식수": "17,694",
    "시가총액": "771",
    "매출액": "456",
    "자산총계": "725",
    "부채총계": "173",
    "영업이익": "43",
    "당기순이익": "57",
    "주당순이익": "-289",
    "보통주배당금": "100",
    "매출액증가율": "45.57",
    "영업이익증가율": "135.31",
    "외국인비율": "2.11",
    "PER": "-15.09",
    "ROE": "11.21",
    "ROA": "8.44",
    "PBR": "1.45",
    "유보율": "560.0",
    "code": "052860"
}