{
    "N": "1007",
    "종목명": "KMH하이텍",
    "현재가": "1,610",
    "상태": "하락",
    "전일비": "20",
    "등락률": "-1.23%",
    "액면가": "500",
    "거래량": "1,105,527",
    "거래대금": "1,792",
    "전일거래량": "1,170,856",
    "시가": "1,625",
    "고가": "1,650",
    "저가": "1,600",
    "매수호가": "1,610",
    "매도호가": "1,615",
    "매수총잔량": "130,655",
    "매도총잔량": "174,036",
    "상장주식수": "46,885",
    "시가총액": "755",
    "매출액": "590",
    "자산총계": "754",
    "부채총계": "118",
    "영업이익": "52",
    "당기순이익": "22",
    "주당순이익": "62",
    "보통주배당금": "N/A",
    "매출액증가율": "-3.42",
    "영업이익증가율": "25.25",
    "외국인비율": "3.55",
    "PER": "25.97",
    "ROE": "3.45",
    "ROA": "2.91",
    "PBR": "1.07",
    "유보율": "169.4",
    "code": "052900"
}