{
    "N": "432",
    "종목명": "원방테크",
    "현재가": "48,300",
    "상태": "상승",
    "전일비": "450",
    "등락률": "+0.94%",
    "액면가": "500",
    "거래량": "144,330",
    "거래대금": "6,940",
    "전일거래량": "157,738",
    "시가": "47,850",
    "고가": "48,800",
    "저가": "47,250",
    "매수호가": "48,250",
    "매도호가": "48,300",
    "매수총잔량": "8,535",
    "매도총잔량": "3,814",
    "상장주식수": "4,294",
    "시가총액": "2,074",
    "매출액": "2,284",
    "자산총계": "1,967",
    "부채총계": "965",
    "영업이익": "193",
    "당기순이익": "143",
    "주당순이익": "3,545",
    "보통주배당금": "0",
    "매출액증가율": "42.49",
    "영업이익증가율": "1.07",
    "외국인비율": "0.39",
    "PER": "13.62",
    "ROE": "13.00",
    "ROA": "8.15",
    "PBR": "1.54",
    "유보율": "6,162.4",
    "code": "053080"
}