{
    "N": "81",
    "종목명": "바이넥스",
    "현재가": "25,450",
    "상태": "하락",
    "전일비": "750",
    "등락률": "-2.86%",
    "액면가": "500",
    "거래량": "881,945",
    "거래대금": "22,637",
    "전일거래량": "1,073,633",
    "시가": "26,250",
    "고가": "26,500",
    "저가": "25,150",
    "매수호가": "25,450",
    "매도호가": "25,500",
    "매수총잔량": "103,420",
    "매도총잔량": "34,229",
    "상장주식수": "31,751",
    "시가총액": "8,081",
    "매출액": "1,253",
    "자산총계": "2,028",
    "부채총계": "414",
    "영업이익": "113",
    "당기순이익": "84",
    "주당순이익": "440",
    "보통주배당금": "0",
    "매출액증가율": "20.39",
    "영업이익증가율": "63.91",
    "외국인비율": "6.90",
    "PER": "57.84",
    "ROE": "5.49",
    "ROA": "4.26",
    "PBR": "4.46",
    "유보율": "880.3",
    "code": "053030"
}