{
    "N": "1385",
    "종목명": "세동",
    "현재가": "1,960",
    "상태": "상승",
    "전일비": "10",
    "등락률": "+0.51%",
    "액면가": "500",
    "거래량": "384,974",
    "거래대금": "774",
    "전일거래량": "355,641",
    "시가": "1,950",
    "고가": "2,170",
    "저가": "1,945",
    "매수호가": "1,955",
    "매도호가": "1,960",
    "매수총잔량": "29,120",
    "매도총잔량": "38,297",
    "상장주식수": "11,595",
    "시가총액": "227",
    "매출액": "1,473",
    "자산총계": "1,221",
    "부채총계": "1,031",
    "영업이익": "-12",
    "당기순이익": "-22",
    "주당순이익": "-1,059",
    "보통주배당금": "0",
    "매출액증가율": "4.67",
    "영업이익증가율": "49.25",
    "외국인비율": "3.69",
    "PER": "-1.85",
    "ROE": "-11.05",
    "ROA": "-1.82",
    "PBR": "10.52",
    "유보율": "-1.2",
    "code": "053060"
}