{
    "N": "1226",
    "종목명": "지에스이",
    "현재가": "1,665",
    "상태": "상승",
    "전일비": "15",
    "등락률": "+0.91%",
    "액면가": "500",
    "거래량": "286,466",
    "거래대금": "472",
    "전일거래량": "282,503",
    "시가": "1,635",
    "고가": "1,665",
    "저가": "1,630",
    "매수호가": "1,660",
    "매도호가": "1,665",
    "매수총잔량": "89,106",
    "매도총잔량": "113,961",
    "상장주식수": "29,988",
    "시가총액": "499",
    "매출액": "1,364",
    "자산총계": "1,593",
    "부채총계": "901",
    "영업이익": "56",
    "당기순이익": "43",
    "주당순이익": "118",
    "보통주배당금": "40",
    "매출액증가율": "2.11",
    "영업이익증가율": "-23.90",
    "외국인비율": "1.94",
    "PER": "14.11",
    "ROE": "6.34",
    "ROA": "2.75",
    "PBR": "0.65",
    "유보율": "383.2",
    "code": "053050"
}