{
    "N": "1345",
    "종목명": "소리바다",
    "현재가": "338",
    "상태": "하락",
    "전일비": "2",
    "등락률": "-0.59%",
    "액면가": "500",
    "거래량": "1,105,880",
    "거래대금": "372",
    "전일거래량": "1,624,165",
    "시가": "340",
    "고가": "342",
    "저가": "328",
    "매수호가": "338",
    "매도호가": "339",
    "매수총잔량": "191,285",
    "매도총잔량": "139,939",
    "상장주식수": "98,807",
    "시가총액": "334",
    "매출액": "458",
    "자산총계": "558",
    "부채총계": "332",
    "영업이익": "-75",
    "당기순이익": "-129",
    "주당순이익": "-282",
    "보통주배당금": "0",
    "매출액증가율": "15.33",
    "영업이익증가율": "-28.56",
    "외국인비율": "1.00",
    "PER": "-1.20",
    "ROE": "-53.13",
    "ROA": "-21.75",
    "PBR": "1.15",
    "유보율": "-13.9",
    "code": "053110"
}