{
    "N": "635",
    "종목명": "프리엠스",
    "현재가": "23,350",
    "상태": "상승",
    "전일비": "4,350",
    "등락률": "+22.89%",
    "액면가": "500",
    "거래량": "2,763,745",
    "거래대금": "59,213",
    "전일거래량": "1,400,186",
    "시가": "20,100",
    "고가": "24,500",
    "저가": "18,200",
    "매수호가": "23,350",
    "매도호가": "23,400",
    "매수총잔량": "9,998",
    "매도총잔량": "11,447",
    "상장주식수": "6,000",
    "시가총액": "1,401",
    "매출액": "184",
    "자산총계": "483",
    "부채총계": "28",
    "영업이익": "-4",
    "당기순이익": "5",
    "주당순이익": "-68",
    "보통주배당금": "50",
    "매출액증가율": "-32.38",
    "영업이익증가율": "-129.26",
    "외국인비율": "0.22",
    "PER": "-343.38",
    "ROE": "1.19",
    "ROA": "1.12",
    "PBR": "2.66",
    "유보율": "1,367.3",
    "code": "053160"
}