{
    "N": "1246",
    "종목명": "NE능률",
    "현재가": "2,840",
    "상태": "상승",
    "전일비": "60",
    "등락률": "+2.16%",
    "액면가": "500",
    "거래량": "75,163",
    "거래대금": "212",
    "전일거래량": "106,415",
    "시가": "2,860",
    "고가": "2,860",
    "저가": "2,785",
    "매수호가": "2,835",
    "매도호가": "2,840",
    "매수총잔량": "11,038",
    "매도총잔량": "12,252",
    "상장주식수": "16,526",
    "시가총액": "469",
    "매출액": "846",
    "자산총계": "923",
    "부채총계": "348",
    "영업이익": "29",
    "당기순이익": "7",
    "주당순이익": "-201",
    "보통주배당금": "0",
    "매출액증가율": "-1.58",
    "영업이익증가율": "232.51",
    "외국인비율": "0.91",
    "PER": "-14.13",
    "ROE": "1.26",
    "ROA": "0.77",
    "PBR": "0.77",
    "유보율": "785.4",
    "code": "053290"
}