{
    "N": "1269",
    "종목명": "구영테크",
    "현재가": "1,695",
    "상태": "하락",
    "전일비": "5",
    "등락률": "-0.29%",
    "액면가": "500",
    "거래량": "385,161",
    "거래대금": "655",
    "전일거래량": "593,729",
    "시가": "1,690",
    "고가": "1,725",
    "저가": "1,675",
    "매수호가": "1,695",
    "매도호가": "1,700",
    "매수총잔량": "76,630",
    "매도총잔량": "134,353",
    "상장주식수": "26,394",
    "시가총액": "447",
    "매출액": "2,309",
    "자산총계": "2,066",
    "부채총계": "1,349",
    "영업이익": "52",
    "당기순이익": "34",
    "주당순이익": "-103",
    "보통주배당금": "30",
    "매출액증가율": "18.24",
    "영업이익증가율": "-2.60",
    "외국인비율": "2.64",
    "PER": "-16.46",
    "ROE": "4.80",
    "ROA": "1.66",
    "PBR": "0.60",
    "유보율": "479.9",
    "code": "053270"
}