{
    "N": "345",
    "종목명": "예스24",
    "현재가": "15,450",
    "상태": "하락",
    "전일비": "200",
    "등락률": "-1.28%",
    "액면가": "500",
    "거래량": "142,438",
    "거래대금": "2,188",
    "전일거래량": "324,837",
    "시가": "15,550",
    "고가": "15,650",
    "저가": "15,200",
    "매수호가": "15,400",
    "매도호가": "15,450",
    "매수총잔량": "33,671",
    "매도총잔량": "30,372",
    "상장주식수": "17,200",
    "시가총액": "2,657",
    "매출액": "5,330",
    "자산총계": "2,399",
    "부채총계": "1,755",
    "영업이익": "63",
    "당기순이익": "-2",
    "주당순이익": "-533",
    "보통주배당금": "200",
    "매출액증가율": "5.25",
    "영업이익증가율": "441.56",
    "외국인비율": "0.58",
    "PER": "-28.99",
    "ROE": "0.01",
    "ROA": "-0.08",
    "PBR": "4.58",
    "유보율": "652.6",
    "code": "053280"
}