{
    "N": "1092",
    "종목명": "금강철강",
    "현재가": "3,535",
    "상태": "하락",
    "전일비": "15",
    "등락률": "-0.42%",
    "액면가": "500",
    "거래량": "23,284",
    "거래대금": "82",
    "전일거래량": "15,324",
    "시가": "3,550",
    "고가": "3,560",
    "저가": "3,485",
    "매수호가": "3,535",
    "매도호가": "3,540",
    "매수총잔량": "4,503",
    "매도총잔량": "3,622",
    "상장주식수": "18,720",
    "시가총액": "662",
    "매출액": "1,713",
    "자산총계": "1,366",
    "부채총계": "265",
    "영업이익": "22",
    "당기순이익": "44",
    "주당순이익": "217",
    "보통주배당금": "100",
    "매출액증가율": "-12.16",
    "영업이익증가율": "44.09",
    "외국인비율": "1.97",
    "PER": "16.29",
    "ROE": "4.00",
    "ROA": "3.25",
    "PBR": "0.52",
    "유보율": "1,076.6",
    "code": "053260"
}