{
    "N": "860",
    "종목명": "이니텍",
    "현재가": "4,745",
    "상태": "하락",
    "전일비": "75",
    "등락률": "-1.56%",
    "액면가": "500",
    "거래량": "36,990",
    "거래대금": "175",
    "전일거래량": "108,817",
    "시가": "4,820",
    "고가": "4,820",
    "저가": "4,705",
    "매수호가": "4,740",
    "매도호가": "4,745",
    "매수총잔량": "6,583",
    "매도총잔량": "5,888",
    "상장주식수": "19,791",
    "시가총액": "939",
    "매출액": "2,880",
    "자산총계": "2,600",
    "부채총계": "591",
    "영업이익": "58",
    "당기순이익": "-76",
    "주당순이익": "-542",
    "보통주배당금": "20",
    "매출액증가율": "9.74",
    "영업이익증가율": "-34.23",
    "외국인비율": "1.66",
    "PER": "-8.75",
    "ROE": "-7.31",
    "ROA": "-3.09",
    "PBR": "0.79",
    "유보율": "1,108.4",
    "code": "053350"
}