{
    "N": "360",
    "종목명": "한국정보인증",
    "현재가": "8,070",
    "상태": "하락",
    "전일비": "110",
    "등락률": "-1.34%",
    "액면가": "500",
    "거래량": "451,609",
    "거래대금": "3,652",
    "전일거래량": "1,808,395",
    "시가": "8,140",
    "고가": "8,180",
    "저가": "8,020",
    "매수호가": "8,070",
    "매도호가": "8,080",
    "매수총잔량": "59,402",
    "매도총잔량": "41,754",
    "상장주식수": "31,165",
    "시가총액": "2,515",
    "매출액": "426",
    "자산총계": "1,092",
    "부채총계": "240",
    "영업이익": "93",
    "당기순이익": "71",
    "주당순이익": "289",
    "보통주배당금": "100",
    "매출액증가율": "9.49",
    "영업이익증가율": "2.88",
    "외국인비율": "1.14",
    "PER": "27.92",
    "ROE": "8.65",
    "ROA": "6.81",
    "PBR": "2.86",
    "유보율": "442.9",
    "code": "053300"
}