{
    "N": "825",
    "종목명": "세코닉스",
    "현재가": "7,860",
    "상태": "상승",
    "전일비": "440",
    "등락률": "+5.93%",
    "액면가": "500",
    "거래량": "678,377",
    "거래대금": "5,252",
    "전일거래량": "566,887",
    "시가": "7,420",
    "고가": "7,940",
    "저가": "7,420",
    "매수호가": "7,850",
    "매도호가": "7,860",
    "매수총잔량": "5,998",
    "매도총잔량": "22,871",
    "상장주식수": "12,742",
    "시가총액": "1,002",
    "매출액": "4,622",
    "자산총계": "3,575",
    "부채총계": "2,482",
    "영업이익": "11",
    "당기순이익": "-175",
    "주당순이익": "-4,059",
    "보통주배당금": "50",
    "매출액증가율": "10.54",
    "영업이익증가율": "-87.12",
    "외국인비율": "4.86",
    "PER": "-1.94",
    "ROE": "-14.76",
    "ROA": "-4.63",
    "PBR": "0.97",
    "유보율": "1,856.6",
    "code": "053450"
}