{
    "N": "173",
    "종목명": "웹케시",
    "현재가": "70,400",
    "상태": "하락",
    "전일비": "500",
    "등락률": "-0.71%",
    "액면가": "500",
    "거래량": "28,266",
    "거래대금": "1,986",
    "전일거래량": "29,768",
    "시가": "70,800",
    "고가": "70,800",
    "저가": "69,900",
    "매수호가": "70,300",
    "매도호가": "70,400",
    "매수총잔량": "6,399",
    "매도총잔량": "2,402",
    "상장주식수": "6,764",
    "시가총액": "4,762",
    "매출액": "612",
    "자산총계": "633",
    "부채총계": "90",
    "영업이익": "93",
    "당기순이익": "93",
    "주당순이익": "1,602",
    "보통주배당금": "200",
    "매출액증가율": "-20.06",
    "영업이익증가율": "59.92",
    "외국인비율": "22.28",
    "PER": "43.95",
    "ROE": "24.24",
    "ROA": "18.48",
    "PBR": "7.83",
    "유보율": "1,637.4",
    "code": "053580"
}