{
    "N": "766",
    "종목명": "한국테크놀로지",
    "현재가": "1,050",
    "상태": "하락",
    "전일비": "25",
    "등락률": "-2.33%",
    "액면가": "500",
    "거래량": "1,890,937",
    "거래대금": "1,988",
    "전일거래량": "1,888,078",
    "시가": "1,070",
    "고가": "1,075",
    "저가": "1,035",
    "매수호가": "1,050",
    "매도호가": "1,060",
    "매수총잔량": "413,531",
    "매도총잔량": "302,236",
    "상장주식수": "106,023",
    "시가총액": "1,113",
    "매출액": "2,162",
    "자산총계": "1,672",
    "부채총계": "1,324",
    "영업이익": "-42",
    "당기순이익": "-174",
    "주당순이익": "-122",
    "보통주배당금": "0",
    "매출액증가율": "N/A",
    "영업이익증가율": "N/A",
    "외국인비율": "0.36",
    "PER": "-8.61",
    "ROE": "N/A",
    "ROA": "N/A",
    "PBR": "3.00",
    "유보율": "-31.0",
    "code": "053590"
}