{
    "N": "1393",
    "종목명": "현진소재",
    "현재가": "400",
    "전일비": "0",
    "등락률": "0.00%",
    "액면가": "500",
    "거래량": "0",
    "거래대금": "0",
    "전일거래량": "0",
    "시가": "0",
    "고가": "0",
    "저가": "0",
    "매수호가": "0",
    "매도호가": "0",
    "매수총잔량": "0",
    "매도총잔량": "0",
    "상장주식수": "53,201",
    "시가총액": "213",
    "매출액": "1,042",
    "자산총계": "1,340",
    "부채총계": "1,428",
    "영업이익": "-311",
    "당기순이익": "-673",
    "주당순이익": "-1,154",
    "보통주배당금": "0",
    "매출액증가율": "-14.08",
    "영업이익증가율": "-69.84",
    "외국인비율": "0.80",
    "PER": "-0.35",
    "ROE": "-282.54",
    "ROA": "-38.66",
    "PBR": "-0.49",
    "유보율": "41.5",
    "code": "053660"
}