{
    "N": "312",
    "종목명": "프로텍",
    "현재가": "26,800",
    "상태": "하락",
    "전일비": "550",
    "등락률": "-2.01%",
    "액면가": "500",
    "거래량": "79,480",
    "거래대금": "2,136",
    "전일거래량": "61,317",
    "시가": "27,400",
    "고가": "27,500",
    "저가": "26,500",
    "매수호가": "26,800",
    "매도호가": "26,850",
    "매수총잔량": "14,499",
    "매도총잔량": "3,378",
    "상장주식수": "11,000",
    "시가총액": "2,948",
    "매출액": "1,798",
    "자산총계": "2,325",
    "부채총계": "249",
    "영업이익": "460",
    "당기순이익": "374",
    "주당순이익": "789",
    "보통주배당금": "400",
    "매출액증가율": "16.74",
    "영업이익증가율": "43.19",
    "외국인비율": "3.64",
    "PER": "33.97",
    "ROE": "19.94",
    "ROA": "17.34",
    "PBR": "1.30",
    "유보율": "3,780.9",
    "code": "053610"
}