{
    "N": "738",
    "종목명": "삼보모터스",
    "현재가": "6,790",
    "상태": "하락",
    "전일비": "50",
    "등락률": "-0.73%",
    "액면가": "500",
    "거래량": "381,127",
    "거래대금": "2,572",
    "전일거래량": "1,519,324",
    "시가": "6,700",
    "고가": "6,850",
    "저가": "6,580",
    "매수호가": "6,790",
    "매도호가": "6,800",
    "매수총잔량": "8,649",
    "매도총잔량": "26,303",
    "상장주식수": "17,085",
    "시가총액": "1,160",
    "매출액": "9,395",
    "자산총계": "7,356",
    "부채총계": "5,374",
    "영업이익": "-107",
    "당기순이익": "-155",
    "주당순이익": "-1,925",
    "보통주배당금": "0",
    "매출액증가율": "-0.68",
    "영업이익증가율": "-182.43",
    "외국인비율": "0.00",
    "PER": "-3.53",
    "ROE": "-7.41",
    "ROA": "-2.14",
    "PBR": "0.57",
    "유보율": "2,467.1",
    "code": "053700"
}