{
    "N": "70",
    "종목명": "안랩",
    "현재가": "85,900",
    "상태": "상승",
    "전일비": "1,400",
    "등락률": "+1.66%",
    "액면가": "500",
    "거래량": "361,525",
    "거래대금": "30,426",
    "전일거래량": "1,008,888",
    "시가": "83,500",
    "고가": "86,100",
    "저가": "82,400",
    "매수호가": "85,800",
    "매도호가": "85,900",
    "매수총잔량": "8,493",
    "매도총잔량": "17,905",
    "상장주식수": "10,014",
    "시가총액": "8,602",
    "매출액": "1,670",
    "자산총계": "2,602",
    "부채총계": "545",
    "영업이익": "184",
    "당기순이익": "191",
    "주당순이익": "1,998",
    "보통주배당금": "900",
    "매출액증가율": "4.49",
    "영업이익증가율": "4.08",
    "외국인비율": "20.79",
    "PER": "42.99",
    "ROE": "9.57",
    "ROA": "7.58",
    "PBR": "3.51",
    "유보율": "4,283.8",
    "code": "053800"
}