{
    "N": "546",
    "종목명": "오상자이엘",
    "현재가": "9,460",
    "상태": "하락",
    "전일비": "40",
    "등락률": "-0.42%",
    "액면가": "500",
    "거래량": "94,457",
    "거래대금": "890",
    "전일거래량": "100,246",
    "시가": "9,450",
    "고가": "9,600",
    "저가": "9,360",
    "매수호가": "9,450",
    "매도호가": "9,460",
    "매수총잔량": "12,109",
    "매도총잔량": "6,310",
    "상장주식수": "17,748",
    "시가총액": "1,679",
    "매출액": "742",
    "자산총계": "739",
    "부채총계": "361",
    "영업이익": "-26",
    "당기순이익": "-148",
    "주당순이익": "412",
    "보통주배당금": "N/A",
    "매출액증가율": "14.70",
    "영업이익증가율": "-127.55",
    "외국인비율": "0.77",
    "PER": "22.96",
    "ROE": "-33.88",
    "ROA": "-18.78",
    "PBR": "2.73",
    "유보율": "285.6",
    "code": "053980"
}