{
    "N": "617",
    "종목명": "경남제약",
    "현재가": "8,310",
    "상태": "상승",
    "전일비": "250",
    "등락률": "+3.10%",
    "액면가": "500",
    "거래량": "252,670",
    "거래대금": "2,083",
    "전일거래량": "132,648",
    "시가": "8,060",
    "고가": "8,370",
    "저가": "8,020",
    "매수호가": "8,310",
    "매도호가": "8,320",
    "매수총잔량": "13,725",
    "매도총잔량": "25,755",
    "상장주식수": "17,443",
    "시가총액": "1,449",
    "매출액": "448",
    "자산총계": "745",
    "부채총계": "133",
    "영업이익": "-31",
    "당기순이익": "-45",
    "주당순이익": "-281",
    "보통주배당금": "0",
    "매출액증가율": "8.14",
    "영업이익증가율": "-274.42",
    "외국인비율": "1.74",
    "PER": "-29.57",
    "ROE": "-10.09",
    "ROA": "-7.13",
    "PBR": "2.33",
    "유보율": "613.2",
    "code": "053950"
}