{
    "N": "539",
    "종목명": "농우바이오",
    "현재가": "10,700",
    "상태": "상승",
    "전일비": "200",
    "등락률": "+1.90%",
    "액면가": "500",
    "거래량": "320,836",
    "거래대금": "3,459",
    "전일거래량": "111,458",
    "시가": "10,650",
    "고가": "10,950",
    "저가": "10,550",
    "매수호가": "10,700",
    "매도호가": "10,750",
    "매수총잔량": "40,986",
    "매도총잔량": "89,722",
    "상장주식수": "16,031",
    "시가총액": "1,715",
    "매출액": "1,213",
    "자산총계": "2,899",
    "부채총계": "581",
    "영업이익": "39",
    "당기순이익": "70",
    "주당순이익": "562",
    "보통주배당금": "200",
    "매출액증가율": "16.57",
    "영업이익증가율": "-24.22",
    "외국인비율": "0.74",
    "PER": "19.04",
    "ROE": "3.05",
    "ROA": "2.52",
    "PBR": "0.72",
    "유보율": "2,770.8",
    "code": "054050"
}