{
    "N": "890",
    "종목명": "삼진엘앤디",
    "현재가": "3,625",
    "상태": "하락",
    "전일비": "140",
    "등락률": "-3.72%",
    "액면가": "500",
    "거래량": "3,861,255",
    "거래대금": "13,929",
    "전일거래량": "20,603,084",
    "시가": "3,670",
    "고가": "3,675",
    "저가": "3,510",
    "매수호가": "3,620",
    "매도호가": "3,625",
    "매수총잔량": "103,058",
    "매도총잔량": "84,405",
    "상장주식수": "24,959",
    "시가총액": "905",
    "매출액": "2,308",
    "자산총계": "1,704",
    "부채총계": "778",
    "영업이익": "38",
    "당기순이익": "5",
    "주당순이익": "-90",
    "보통주배당금": "75",
    "매출액증가율": "7.24",
    "영업이익증가율": "-49.13",
    "외국인비율": "0.73",
    "PER": "-40.28",
    "ROE": "0.63",
    "ROA": "0.27",
    "PBR": "0.93",
    "유보율": "660.0",
    "code": "054090"
}