{
    "N": "1244",
    "종목명": "한국컴퓨터",
    "현재가": "2,940",
    "상태": "상승",
    "전일비": "10",
    "등락률": "+0.34%",
    "액면가": "500",
    "거래량": "182,763",
    "거래대금": "539",
    "전일거래량": "191,348",
    "시가": "2,915",
    "고가": "2,980",
    "저가": "2,910",
    "매수호가": "2,940",
    "매도호가": "2,945",
    "매수총잔량": "38,055",
    "매도총잔량": "9,921",
    "상장주식수": "16,071",
    "시가총액": "472",
    "매출액": "1,104",
    "자산총계": "1,286",
    "부채총계": "346",
    "영업이익": "72",
    "당기순이익": "76",
    "주당순이익": "-16",
    "보통주배당금": "130",
    "매출액증가율": "-3.32",
    "영업이익증가율": "235.54",
    "외국인비율": "2.38",
    "PER": "-183.75",
    "ROE": "8.40",
    "ROA": "5.75",
    "PBR": "0.48",
    "유보율": "1,101.6",
    "code": "054040"
}