{
    "N": "952",
    "종목명": "메디콕스",
    "현재가": "1,895",
    "상태": "상승",
    "전일비": "5",
    "등락률": "+0.26%",
    "액면가": "500",
    "거래량": "3,061,780",
    "거래대금": "5,768",
    "전일거래량": "8,585,600",
    "시가": "1,860",
    "고가": "1,925",
    "저가": "1,820",
    "매수호가": "1,890",
    "매도호가": "1,895",
    "매수총잔량": "133,127",
    "매도총잔량": "196,127",
    "상장주식수": "43,760",
    "시가총액": "829",
    "매출액": "104",
    "자산총계": "592",
    "부채총계": "380",
    "영업이익": "-6",
    "당기순이익": "-21",
    "주당순이익": "-173",
    "보통주배당금": "0",
    "매출액증가율": "-58.96",
    "영업이익증가율": "-30.80",
    "외국인비율": "0.00",
    "PER": "-10.95",
    "ROE": "-9.76",
    "ROA": "-3.59",
    "PBR": "2.31",
    "유보율": "1.8",
    "code": "054180"
}