{
    "N": "421",
    "종목명": "이랜텍",
    "현재가": "8,990",
    "상태": "하락",
    "전일비": "310",
    "등락률": "-3.33%",
    "액면가": "500",
    "거래량": "1,351,384",
    "거래대금": "11,959",
    "전일거래량": "1,185,624",
    "시가": "9,300",
    "고가": "9,330",
    "저가": "8,550",
    "매수호가": "8,980",
    "매도호가": "8,990",
    "매수총잔량": "16,285",
    "매도총잔량": "12,735",
    "상장주식수": "24,038",
    "시가총액": "2,161",
    "매출액": "7,290",
    "자산총계": "4,205",
    "부채총계": "2,559",
    "영업이익": "363",
    "당기순이익": "121",
    "주당순이익": "-958",
    "보통주배당금": "100",
    "매출액증가율": "61.36",
    "영업이익증가율": "2,800.25",
    "외국인비율": "2.51",
    "PER": "-9.38",
    "ROE": "7.92",
    "ROA": "2.88",
    "PBR": "1.30",
    "유보율": "1,513.8",
    "code": "054210"
}