{
    "N": "1322",
    "종목명": "팬스타엔터프라이즈",
    "현재가": "721",
    "상태": "하락",
    "전일비": "4",
    "등락률": "-0.55%",
    "액면가": "500",
    "거래량": "254,148",
    "거래대금": "183",
    "전일거래량": "299,908",
    "시가": "722",
    "고가": "728",
    "저가": "713",
    "매수호가": "721",
    "매도호가": "722",
    "매수총잔량": "37,623",
    "매도총잔량": "59,125",
    "상장주식수": "52,448",
    "시가총액": "378",
    "매출액": "372",
    "자산총계": "693",
    "부채총계": "264",
    "영업이익": "16",
    "당기순이익": "8",
    "주당순이익": "-95",
    "보통주배당금": "0",
    "매출액증가율": "31.11",
    "영업이익증가율": "117.92",
    "외국인비율": "3.29",
    "PER": "-7.59",
    "ROE": "2.07",
    "ROA": "1.35",
    "PBR": "0.97",
    "유보율": "52.0",
    "code": "054300"
}