{
    "N": "491",
    "종목명": "텔레칩스",
    "현재가": "13,900",
    "상태": "하락",
    "전일비": "250",
    "등락률": "-1.77%",
    "액면가": "500",
    "거래량": "1,090,453",
    "거래대금": "15,097",
    "전일거래량": "2,192,502",
    "시가": "14,150",
    "고가": "14,150",
    "저가": "13,600",
    "매수호가": "13,850",
    "매도호가": "13,900",
    "매수총잔량": "97,995",
    "매도총잔량": "71,527",
    "상장주식수": "13,506",
    "시가총액": "1,877",
    "매출액": "1,322",
    "자산총계": "1,557",
    "부채총계": "528",
    "영업이익": "76",
    "당기순이익": "83",
    "주당순이익": "-530",
    "보통주배당금": "120",
    "매출액증가율": "4.84",
    "영업이익증가율": "-6.24",
    "외국인비율": "0.77",
    "PER": "-26.23",
    "ROE": "8.32",
    "ROA": "5.66",
    "PBR": "1.86",
    "유보율": "1,509.7",
    "code": "054450"
}