{
    "N": "1353",
    "종목명": "케이피티유",
    "현재가": "6,290",
    "상태": "상승",
    "전일비": "340",
    "등락률": "+5.71%",
    "액면가": "500",
    "거래량": "116,636",
    "거래대금": "722",
    "전일거래량": "36,808",
    "시가": "5,960",
    "고가": "6,310",
    "저가": "5,960",
    "매수호가": "6,280",
    "매도호가": "6,290",
    "매수총잔량": "1,883",
    "매도총잔량": "7,314",
    "상장주식수": "5,060",
    "시가총액": "318",
    "매출액": "243",
    "자산총계": "622",
    "부채총계": "293",
    "영업이익": "6",
    "당기순이익": "-8",
    "주당순이익": "142",
    "보통주배당금": "N/A",
    "매출액증가율": "-3.48",
    "영업이익증가율": "-64.43",
    "외국인비율": "4.41",
    "PER": "44.30",
    "ROE": "-2.35",
    "ROA": "-1.20",
    "PBR": "0.94",
    "유보율": "1,122.3",
    "code": "054410"
}