{
    "N": "1029",
    "종목명": "삼영엠텍",
    "현재가": "5,640",
    "상태": "상승",
    "전일비": "120",
    "등락률": "+2.17%",
    "액면가": "500",
    "거래량": "388,918",
    "거래대금": "2,184",
    "전일거래량": "198,882",
    "시가": "5,480",
    "고가": "5,680",
    "저가": "5,480",
    "매수호가": "5,640",
    "매도호가": "5,650",
    "매수총잔량": "38,976",
    "매도총잔량": "71,434",
    "상장주식수": "13,000",
    "시가총액": "733",
    "매출액": "698",
    "자산총계": "1,200",
    "부채총계": "401",
    "영업이익": "31",
    "당기순이익": "35",
    "주당순이익": "631",
    "보통주배당금": "100",
    "매출액증가율": "1.06",
    "영업이익증가율": "270.25",
    "외국인비율": "2.00",
    "PER": "8.94",
    "ROE": "4.57",
    "ROA": "3.03",
    "PBR": "0.84",
    "유보율": "1,018.8",
    "code": "054540"
}