{
    "N": "498",
    "종목명": "대한뉴팜",
    "현재가": "12,950",
    "상태": "상승",
    "전일비": "350",
    "등락률": "+2.78%",
    "액면가": "500",
    "거래량": "409,644",
    "거래대금": "5,271",
    "전일거래량": "98,003",
    "시가": "12,550",
    "고가": "13,150",
    "저가": "12,450",
    "매수호가": "12,950",
    "매도호가": "13,000",
    "매수총잔량": "27,642",
    "매도총잔량": "58,839",
    "상장주식수": "14,355",
    "시가총액": "1,859",
    "매출액": "1,341",
    "자산총계": "1,279",
    "부채총계": "668",
    "영업이익": "207",
    "당기순이익": "152",
    "주당순이익": "821",
    "보통주배당금": "N/A",
    "매출액증가율": "12.19",
    "영업이익증가율": "3.39",
    "외국인비율": "0.00",
    "PER": "15.77",
    "ROE": "29.27",
    "ROA": "12.88",
    "PBR": "3.89",
    "유보율": "798.2",
    "code": "054670"
}