{
    "N": "1222",
    "종목명": "에이디칩스",
    "현재가": "971",
    "상태": "하락",
    "전일비": "6",
    "등락률": "-0.61%",
    "액면가": "500",
    "거래량": "1,793,738",
    "거래대금": "1,764",
    "전일거래량": "1,398,659",
    "시가": "977",
    "고가": "1,020",
    "저가": "960",
    "매수호가": "971",
    "매도호가": "975",
    "매수총잔량": "120,833",
    "매도총잔량": "20,305",
    "상장주식수": "51,968",
    "시가총액": "505",
    "매출액": "177",
    "자산총계": "428",
    "부채총계": "127",
    "영업이익": "-27",
    "당기순이익": "-129",
    "주당순이익": "-254",
    "보통주배당금": "0",
    "매출액증가율": "39.89",
    "영업이익증가율": "29.68",
    "외국인비율": "1.60",
    "PER": "-3.82",
    "ROE": "-46.50",
    "ROA": "-30.37",
    "PBR": "1.43",
    "유보율": "36.0",
    "code": "054630"
}