{
    "N": "559",
    "종목명": "APS홀딩스",
    "현재가": "7,900",
    "상태": "하락",
    "전일비": "100",
    "등락률": "-1.25%",
    "액면가": "500",
    "거래량": "190,283",
    "거래대금": "1,509",
    "전일거래량": "300,316",
    "시가": "7,970",
    "고가": "8,100",
    "저가": "7,870",
    "매수호가": "7,900",
    "매도호가": "7,920",
    "매수총잔량": "27,880",
    "매도총잔량": "5,550",
    "상장주식수": "20,394",
    "시가총액": "1,611",
    "매출액": "232",
    "자산총계": "2,977",
    "부채총계": "829",
    "영업이익": "-106",
    "당기순이익": "-46",
    "주당순이익": "88",
    "보통주배당금": "N/A",
    "매출액증가율": "-18.53",
    "영업이익증가율": "-192.70",
    "외국인비율": "3.36",
    "PER": "89.77",
    "ROE": "-1.22",
    "ROA": "-1.58",
    "PBR": "0.68",
    "유보율": "8,290.5",
    "code": "054620"
}