{
    "N": "490",
    "종목명": "키이스트",
    "현재가": "11,000",
    "상태": "하락",
    "전일비": "300",
    "등락률": "-2.65%",
    "액면가": "500",
    "거래량": "277,530",
    "거래대금": "3,059",
    "전일거래량": "224,432",
    "시가": "11,250",
    "고가": "11,350",
    "저가": "10,850",
    "매수호가": "10,950",
    "매도호가": "11,000",
    "매수총잔량": "50,078",
    "매도총잔량": "31,859",
    "상장주식수": "17,071",
    "시가총액": "1,878",
    "매출액": "1,002",
    "자산총계": "1,084",
    "부채총계": "403",
    "영업이익": "-15",
    "당기순이익": "-107",
    "주당순이익": "379",
    "보통주배당금": "0",
    "매출액증가율": "-3.37",
    "영업이익증가율": "36.82",
    "외국인비율": "8.36",
    "PER": "29.02",
    "ROE": "-17.44",
    "ROA": "-10.16",
    "PBR": "4.12",
    "유보율": "437.1",
    "code": "054780"
}