{
    "N": "674",
    "종목명": "아이디스홀딩스",
    "현재가": "12,700",
    "상태": "상승",
    "전일비": "200",
    "등락률": "+1.60%",
    "액면가": "500",
    "거래량": "25,520",
    "거래대금": "322",
    "전일거래량": "246,746",
    "시가": "12,500",
    "고가": "12,800",
    "저가": "12,450",
    "매수호가": "12,650",
    "매도호가": "12,700",
    "매수총잔량": "7,377",
    "매도총잔량": "2,351",
    "상장주식수": "10,348",
    "시가총액": "1,314",
    "매출액": "5,078",
    "자산총계": "7,996",
    "부채총계": "1,832",
    "영업이익": "467",
    "당기순이익": "135",
    "주당순이익": "-1,657",
    "보통주배당금": "200",
    "매출액증가율": "-8.72",
    "영업이익증가율": "-14.75",
    "외국인비율": "9.35",
    "PER": "-7.66",
    "ROE": "-5.18",
    "ROA": "1.69",
    "PBR": "0.54",
    "유보율": "4,237.2",
    "code": "054800"
}