{
    "N": "1265",
    "종목명": "유신",
    "현재가": "15,000",
    "상태": "상승",
    "전일비": "250",
    "등락률": "+1.69%",
    "액면가": "5,000",
    "거래량": "25,558",
    "거래대금": "386",
    "전일거래량": "24,787",
    "시가": "14,850",
    "고가": "15,400",
    "저가": "14,750",
    "매수호가": "15,000",
    "매도호가": "15,050",
    "매수총잔량": "5,473",
    "매도총잔량": "11,613",
    "상장주식수": "3,000",
    "시가총액": "450",
    "매출액": "1,666",
    "자산총계": "1,564",
    "부채총계": "751",
    "영업이익": "-96",
    "당기순이익": "-62",
    "주당순이익": "-2",
    "보통주배당금": "N/A",
    "매출액증가율": "10.46",
    "영업이익증가율": "-23.85",
    "외국인비율": "1.35",
    "PER": "-7,500.00",
    "ROE": "-7.30",
    "ROA": "-4.04",
    "PBR": "0.54",
    "유보율": "442.5",
    "code": "054930"
}