{
    "N": "396",
    "종목명": "제이브이엠",
    "현재가": "36,700",
    "상태": "상승",
    "전일비": "750",
    "등락률": "+2.09%",
    "액면가": "500",
    "거래량": "30,537",
    "거래대금": "1,113",
    "전일거래량": "18,845",
    "시가": "36,150",
    "고가": "36,800",
    "저가": "35,700",
    "매수호가": "36,550",
    "매도호가": "36,700",
    "매수총잔량": "1,771",
    "매도총잔량": "5,387",
    "상장주식수": "6,331",
    "시가총액": "2,323",
    "매출액": "1,101",
    "자산총계": "1,801",
    "부채총계": "565",
    "영업이익": "105",
    "당기순이익": "58",
    "주당순이익": "1,155",
    "보통주배당금": "400",
    "매출액증가율": "6.28",
    "영업이익증가율": "-21.33",
    "외국인비율": "5.11",
    "PER": "31.77",
    "ROE": "4.70",
    "ROA": "3.25",
    "PBR": "1.67",
    "유보율": "4,271.1",
    "code": "054950"
}