{
    "N": "504",
    "종목명": "한컴위드",
    "현재가": "6,470",
    "상태": "상승",
    "전일비": "120",
    "등락률": "+1.89%",
    "액면가": "500",
    "거래량": "637,260",
    "거래대금": "4,093",
    "전일거래량": "340,630",
    "시가": "6,340",
    "고가": "6,650",
    "저가": "6,210",
    "매수호가": "6,460",
    "매도호가": "6,470",
    "매수총잔량": "23,639",
    "매도총잔량": "41,520",
    "상장주식수": "28,217",
    "시가총액": "1,826",
    "매출액": "158",
    "자산총계": "1,742",
    "부채총계": "480",
    "영업이익": "-4",
    "당기순이익": "337",
    "주당순이익": "1,515",
    "보통주배당금": "N/A",
    "매출액증가율": "0.74",
    "영업이익증가율": "-259.32",
    "외국인비율": "2.59",
    "PER": "4.27",
    "ROE": "36.53",
    "ROA": "25.21",
    "PBR": "1.24",
    "유보율": "835.0",
    "code": "054920"
}