{
    "N": "1224",
    "종목명": "엑사이엔씨",
    "현재가": "1,510",
    "상태": "상승",
    "전일비": "5",
    "등락률": "+0.33%",
    "액면가": "500",
    "거래량": "628,515",
    "거래대금": "948",
    "전일거래량": "720,414",
    "시가": "1,505",
    "고가": "1,530",
    "저가": "1,490",
    "매수호가": "1,510",
    "매도호가": "1,515",
    "매수총잔량": "174,982",
    "매도총잔량": "45,714",
    "상장주식수": "33,174",
    "시가총액": "501",
    "매출액": "2,471",
    "자산총계": "1,431",
    "부채총계": "818",
    "영업이익": "30",
    "당기순이익": "3",
    "주당순이익": "6",
    "보통주배당금": "N/A",
    "매출액증가율": "10.29",
    "영업이익증가율": "-33.81",
    "외국인비율": "0.64",
    "PER": "251.67",
    "ROE": "-0.70",
    "ROA": "0.22",
    "PBR": "0.79",
    "유보율": "216.9",
    "code": "054940"
}