{
    "N": "1317",
    "종목명": "유앤아이",
    "현재가": "4,700",
    "상태": "상승",
    "전일비": "135",
    "등락률": "+2.96%",
    "액면가": "500",
    "거래량": "48,299",
    "거래대금": "222",
    "전일거래량": "136,194",
    "시가": "4,550",
    "고가": "4,725",
    "저가": "4,480",
    "매수호가": "4,670",
    "매도호가": "4,700",
    "매수총잔량": "10,048",
    "매도총잔량": "4,195",
    "상장주식수": "8,145",
    "시가총액": "383",
    "매출액": "348",
    "자산총계": "711",
    "부채총계": "331",
    "영업이익": "-12",
    "당기순이익": "-19",
    "주당순이익": "-1,038",
    "보통주배당금": "0",
    "매출액증가율": "9.87",
    "영업이익증가율": "76.31",
    "외국인비율": "1.80",
    "PER": "-4.53",
    "ROE": "-4.90",
    "ROA": "-2.59",
    "PBR": "1.12",
    "유보율": "929.5",
    "code": "056090"
}