{
    "N": "1168",
    "종목명": "네스엠",
    "현재가": "2,860",
    "전일비": "0",
    "등락률": "0.00%",
    "액면가": "500",
    "거래량": "0",
    "거래대금": "0",
    "전일거래량": "522,501",
    "시가": "0",
    "고가": "0",
    "저가": "0",
    "매수호가": "0",
    "매도호가": "0",
    "매수총잔량": "0",
    "매도총잔량": "0",
    "상장주식수": "19,720",
    "시가총액": "564",
    "매출액": "198",
    "자산총계": "212",
    "부채총계": "38",
    "영업이익": "-36",
    "당기순이익": "-34",
    "주당순이익": "-183",
    "보통주배당금": "0",
    "매출액증가율": "-23.02",
    "영업이익증가율": "-15.07",
    "외국인비율": "0.71",
    "PER": "-15.63",
    "ROE": "-17.92",
    "ROA": "-15.48",
    "PBR": "2.31",
    "유보율": "151.2",
    "code": "056000"
}