{
    "N": "745",
    "종목명": "유진로봇",
    "현재가": "3,060",
    "상태": "상승",
    "전일비": "35",
    "등락률": "+1.16%",
    "액면가": "500",
    "거래량": "1,282,130",
    "거래대금": "3,942",
    "전일거래량": "805,694",
    "시가": "3,010",
    "고가": "3,170",
    "저가": "2,950",
    "매수호가": "3,055",
    "매도호가": "3,060",
    "매수총잔량": "39,025",
    "매도총잔량": "32,825",
    "상장주식수": "37,512",
    "시가총액": "1,148",
    "매출액": "727",
    "자산총계": "892",
    "부채총계": "389",
    "영업이익": "-157",
    "당기순이익": "-214",
    "주당순이익": "-524",
    "보통주배당금": "N/A",
    "매출액증가율": "-11.07",
    "영업이익증가율": "-924.62",
    "외국인비율": "12.97",
    "PER": "-5.84",
    "ROE": "-29.14",
    "ROA": "-21.75",
    "PBR": "2.61",
    "유보율": "180.2",
    "code": "056080"
}