{
    "N": "33",
    "종목명": "에스에프에이",
    "현재가": "40,300",
    "상태": "상승",
    "전일비": "800",
    "등락률": "+2.03%",
    "액면가": "500",
    "거래량": "514,040",
    "거래대금": "20,613",
    "전일거래량": "348,698",
    "시가": "39,700",
    "고가": "40,650",
    "저가": "39,350",
    "매수호가": "40,250",
    "매도호가": "40,300",
    "매수총잔량": "14,297",
    "매도총잔량": "45,387",
    "상장주식수": "35,909",
    "시가총액": "14,471",
    "매출액": "15,777",
    "자산총계": "18,059",
    "부채총계": "6,938",
    "영업이익": "2,142",
    "당기순이익": "1,470",
    "주당순이익": "3,473",
    "보통주배당금": "1,056",
    "매출액증가율": "1.13",
    "영업이익증가율": "-8.60",
    "외국인비율": "19.39",
    "PER": "11.60",
    "ROE": "15.90",
    "ROA": "8.48",
    "PBR": "1.45",
    "유보율": "5,270.9",
    "code": "056190"
}