{
    "N": "827",
    "종목명": "코위버",
    "현재가": "10,200",
    "상태": "상승",
    "전일비": "100",
    "등락률": "+0.99%",
    "액면가": "500",
    "거래량": "184,183",
    "거래대금": "1,856",
    "전일거래량": "129,729",
    "시가": "10,000",
    "고가": "10,200",
    "저가": "9,970",
    "매수호가": "10,150",
    "매도호가": "10,200",
    "매수총잔량": "55,825",
    "매도총잔량": "89,603",
    "상장주식수": "9,797",
    "시가총액": "999",
    "매출액": "1,131",
    "자산총계": "1,649",
    "부채총계": "462",
    "영업이익": "117",
    "당기순이익": "206",
    "주당순이익": "1,132",
    "보통주배당금": "200",
    "매출액증가율": "105.34",
    "영업이익증가율": "1,490.08",
    "외국인비율": "2.53",
    "PER": "9.01",
    "ROE": "18.91",
    "ROA": "14.03",
    "PBR": "0.79",
    "유보율": "2,349.8",
    "code": "056360"
}