{
    "N": "831",
    "종목명": "신화인터텍",
    "현재가": "3,405",
    "상태": "상승",
    "전일비": "10",
    "등락률": "+0.29%",
    "액면가": "500",
    "거래량": "994,126",
    "거래대금": "3,357",
    "전일거래량": "1,473,666",
    "시가": "3,350",
    "고가": "3,455",
    "저가": "3,315",
    "매수호가": "3,405",
    "매도호가": "3,410",
    "매수총잔량": "18,642",
    "매도총잔량": "52,856",
    "상장주식수": "29,135",
    "시가총액": "992",
    "매출액": "2,544",
    "자산총계": "1,841",
    "부채총계": "875",
    "영업이익": "163",
    "당기순이익": "95",
    "주당순이익": "69",
    "보통주배당금": "50",
    "매출액증가율": "43.28",
    "영업이익증가율": "763.29",
    "외국인비율": "3.30",
    "PER": "49.35",
    "ROE": "10.31",
    "ROA": "4.93",
    "PBR": "0.96",
    "유보율": "576.6",
    "code": "056700"
}