{
    "N": "657",
    "종목명": "YBM넷",
    "현재가": "8,270",
    "상태": "상승",
    "전일비": "40",
    "등락률": "+0.49%",
    "액면가": "500",
    "거래량": "274,162",
    "거래대금": "2,259",
    "전일거래량": "500,490",
    "시가": "8,240",
    "고가": "8,330",
    "저가": "8,160",
    "매수호가": "8,260",
    "매도호가": "8,270",
    "매수총잔량": "32,502",
    "매도총잔량": "13,527",
    "상장주식수": "16,313",
    "시가총액": "1,349",
    "매출액": "601",
    "자산총계": "757",
    "부채총계": "336",
    "영업이익": "26",
    "당기순이익": "18",
    "주당순이익": "-72",
    "보통주배당금": "N/A",
    "매출액증가율": "-4.04",
    "영업이익증가율": "160.78",
    "외국인비율": "1.31",
    "PER": "-114.86",
    "ROE": "4.24",
    "ROA": "2.33",
    "PBR": "3.26",
    "유보율": "502.2",
    "code": "057030"
}