{
    "N": "804",
    "종목명": "옴니시스템",
    "현재가": "2,390",
    "상태": "하락",
    "전일비": "20",
    "등락률": "-0.83%",
    "액면가": "500",
    "거래량": "534,205",
    "거래대금": "1,279",
    "전일거래량": "576,637",
    "시가": "2,385",
    "고가": "2,425",
    "저가": "2,375",
    "매수호가": "2,385",
    "매도호가": "2,390",
    "매수총잔량": "59,072",
    "매도총잔량": "73,854",
    "상장주식수": "43,564",
    "시가총액": "1,041",
    "매출액": "940",
    "자산총계": "1,366",
    "부채총계": "407",
    "영업이익": "-20",
    "당기순이익": "187",
    "주당순이익": "-251",
    "보통주배당금": "0",
    "매출액증가율": "-17.55",
    "영업이익증가율": "-175.22",
    "외국인비율": "1.10",
    "PER": "-9.52",
    "ROE": "22.13",
    "ROA": "14.29",
    "PBR": "1.01",
    "유보율": "346.8",
    "code": "057540"
}