{
    "N": "526",
    "종목명": "티사이언티픽",
    "현재가": "3,755",
    "상태": "하락",
    "전일비": "55",
    "등락률": "-1.44%",
    "액면가": "500",
    "거래량": "638,159",
    "거래대금": "2,352",
    "전일거래량": "1,244,006",
    "시가": "3,760",
    "고가": "3,795",
    "저가": "3,505",
    "매수호가": "3,750",
    "매도호가": "3,755",
    "매수총잔량": "17,762",
    "매도총잔량": "8,484",
    "상장주식수": "46,826",
    "시가총액": "1,758",
    "매출액": "77",
    "자산총계": "598",
    "부채총계": "237",
    "영업이익": "20",
    "당기순이익": "19",
    "주당순이익": "29",
    "보통주배당금": "0",
    "매출액증가율": "47.51",
    "영업이익증가율": "243.93",
    "외국인비율": "0.60",
    "PER": "129.48",
    "ROE": "5.55",
    "ROA": "2.88",
    "PBR": "3.79",
    "유보율": "100.6",
    "code": "057680"
}