{
    "N": "578",
    "종목명": "필로시스헬스케어",
    "현재가": "1,980",
    "전일비": "0",
    "등락률": "0.00%",
    "액면가": "500",
    "거래량": "10,471,490",
    "거래대금": "21,594",
    "전일거래량": "4,549,617",
    "시가": "1,970",
    "고가": "2,215",
    "저가": "1,875",
    "매수호가": "1,980",
    "매도호가": "1,985",
    "매수총잔량": "132,815",
    "매도총잔량": "165,805",
    "상장주식수": "78,696",
    "시가총액": "1,558",
    "매출액": "94",
    "자산총계": "684",
    "부채총계": "440",
    "영업이익": "-65",
    "당기순이익": "-255",
    "주당순이익": "-582",
    "보통주배당금": "0",
    "매출액증가율": "35.69",
    "영업이익증가율": "-31.22",
    "외국인비율": "4.55",
    "PER": "-3.40",
    "ROE": "-109.36",
    "ROA": "-45.63",
    "PBR": "2.67",
    "유보율": "25.8",
    "code": "057880"
}