{
    "N": "349",
    "종목명": "멕아이씨에스",
    "현재가": "37,250",
    "상태": "상승",
    "전일비": "350",
    "등락률": "+0.95%",
    "액면가": "500",
    "거래량": "101,354",
    "거래대금": "3,719",
    "전일거래량": "181,942",
    "시가": "36,500",
    "고가": "37,350",
    "저가": "36,050",
    "매수호가": "37,200",
    "매도호가": "37,250",
    "매수총잔량": "2,045",
    "매도총잔량": "8,576",
    "상장주식수": "6,989",
    "시가총액": "2,604",
    "매출액": "129",
    "자산총계": "249",
    "부채총계": "207",
    "영업이익": "-2",
    "당기순이익": "-17",
    "주당순이익": "3,096",
    "보통주배당금": "0",
    "매출액증가율": "47.39",
    "영업이익증가율": "88.43",
    "외국인비율": "3.81",
    "PER": "12.03",
    "ROE": "-31.40",
    "ROA": "-6.86",
    "PBR": "8.13",
    "유보율": "53.0",
    "code": "058110"
}