{
    "N": "19",
    "종목명": "리노공업",
    "현재가": "138,400",
    "상태": "상승",
    "전일비": "3,100",
    "등락률": "+2.29%",
    "액면가": "500",
    "거래량": "128,598",
    "거래대금": "17,556",
    "전일거래량": "88,465",
    "시가": "135,500",
    "고가": "138,800",
    "저가": "133,200",
    "매수호가": "138,300",
    "매도호가": "138,400",
    "매수총잔량": "1,414",
    "매도총잔량": "8,334",
    "상장주식수": "15,242",
    "시가총액": "21,095",
    "매출액": "1,703",
    "자산총계": "3,257",
    "부채총계": "255",
    "영업이익": "641",
    "당기순이익": "528",
    "주당순이익": "4,042",
    "보통주배당금": "1,200",
    "매출액증가율": "13.27",
    "영업이익증가율": "11.47",
    "외국인비율": "43.82",
    "PER": "34.24",
    "ROE": "18.75",
    "ROA": "17.36",
    "PBR": "6.36",
    "유보율": "3,869.6",
    "code": "058470"
}