{
    "N": "1455",
    "종목명": "제이웨이",
    "현재가": "355",
    "상태": "하락",
    "전일비": "40",
    "등락률": "-10.13%",
    "액면가": "500",
    "거래량": "9,789,692",
    "거래대금": "3,568",
    "전일거래량": "8,909,283",
    "시가": "398",
    "고가": "410",
    "저가": "348",
    "매수호가": "355",
    "매도호가": "357",
    "매수총잔량": "276,005",
    "매도총잔량": "97,529",
    "상장주식수": "21,677",
    "시가총액": "77",
    "매출액": "114",
    "자산총계": "211",
    "부채총계": "83",
    "영업이익": "-12",
    "당기순이익": "-30",
    "주당순이익": "-303",
    "보통주배당금": "0",
    "매출액증가율": "-10.16",
    "영업이익증가율": "11.24",
    "외국인비율": "0.87",
    "PER": "-1.17",
    "ROE": "-26.42",
    "ROA": "-14.28",
    "PBR": "0.72",
    "유보율": "211.3",
    "code": "058420"
}