{
    "N": "1391",
    "종목명": "일야",
    "현재가": "685",
    "전일비": "0",
    "등락률": "0.00%",
    "액면가": "500",
    "거래량": "0",
    "거래대금": "0",
    "전일거래량": "0",
    "시가": "0",
    "고가": "0",
    "저가": "0",
    "매수호가": "0",
    "매도호가": "0",
    "매수총잔량": "0",
    "매도총잔량": "0",
    "상장주식수": "31,740",
    "시가총액": "217",
    "매출액": "302",
    "자산총계": "438",
    "부채총계": "332",
    "영업이익": "-41",
    "당기순이익": "-33",
    "주당순이익": "-435",
    "보통주배당금": "0",
    "매출액증가율": "N/A",
    "영업이익증가율": "N/A",
    "외국인비율": "2.92",
    "PER": "-1.57",
    "ROE": "N/A",
    "ROA": "N/A",
    "PBR": "1.29",
    "유보율": "34.2",
    "code": "058450"
}