{
    "N": "288",
    "종목명": "KNN",
    "현재가": "2,345",
    "상태": "하락",
    "전일비": "40",
    "등락률": "-1.68%",
    "액면가": "500",
    "거래량": "8,390,049",
    "거래대금": "19,823",
    "전일거래량": "9,700,623",
    "시가": "2,380",
    "고가": "2,440",
    "저가": "2,270",
    "매수호가": "2,340",
    "매도호가": "2,345",
    "매수총잔량": "291,922",
    "매도총잔량": "195,270",
    "상장주식수": "132,430",
    "시가총액": "3,105",
    "매출액": "711",
    "자산총계": "2,102",
    "부채총계": "138",
    "영업이익": "74",
    "당기순이익": "81",
    "주당순이익": "39",
    "보통주배당금": "20",
    "매출액증가율": "10.93",
    "영업이익증가율": "-4.61",
    "외국인비율": "0.00",
    "PER": "60.13",
    "ROE": "4.17",
    "ROA": "3.90",
    "PBR": "1.58",
    "유보율": "196.5",
    "code": "058400"
}