{
    "N": "450",
    "종목명": "에스피지",
    "현재가": "9,700",
    "상태": "상승",
    "전일비": "300",
    "등락률": "+3.19%",
    "액면가": "500",
    "거래량": "2,746,345",
    "거래대금": "26,811",
    "전일거래량": "1,913,086",
    "시가": "9,330",
    "고가": "10,600",
    "저가": "9,120",
    "매수호가": "9,690",
    "매도호가": "9,700",
    "매수총잔량": "1,990",
    "매도총잔량": "28,898",
    "상장주식수": "20,877",
    "시가총액": "2,025",
    "매출액": "3,152",
    "자산총계": "2,757",
    "부채총계": "1,445",
    "영업이익": "103",
    "당기순이익": "68",
    "주당순이익": "468",
    "보통주배당금": "100",
    "매출액증가율": "3.19",
    "영업이익증가율": "-14.92",
    "외국인비율": "3.94",
    "PER": "20.73",
    "ROE": "5.76",
    "ROA": "2.47",
    "PBR": "1.36",
    "유보율": "1,072.9",
    "code": "058610"
}