{
    "N": "774",
    "종목명": "엠게임",
    "현재가": "5,610",
    "상태": "하락",
    "전일비": "190",
    "등락률": "-3.28%",
    "액면가": "500",
    "거래량": "1,040,379",
    "거래대금": "5,849",
    "전일거래량": "1,353,853",
    "시가": "5,830",
    "고가": "5,830",
    "저가": "5,510",
    "매수호가": "5,610",
    "매도호가": "5,630",
    "매수총잔량": "62,481",
    "매도총잔량": "20,836",
    "상장주식수": "19,544",
    "시가총액": "1,096",
    "매출액": "376",
    "자산총계": "485",
    "부채총계": "86",
    "영업이익": "72",
    "당기순이익": "77",
    "주당순이익": "525",
    "보통주배당금": "N/A",
    "매출액증가율": "38.77",
    "영업이익증가율": "100.21",
    "외국인비율": "2.57",
    "PER": "10.69",
    "ROE": "21.89",
    "ROA": "17.25",
    "PBR": "2.30",
    "유보율": "327.9",
    "code": "058630"
}