{
    "N": "80",
    "종목명": "CMG제약",
    "현재가": "5,870",
    "상태": "상승",
    "전일비": "60",
    "등락률": "+1.03%",
    "액면가": "500",
    "거래량": "3,656,357",
    "거래대금": "21,322",
    "전일거래량": "4,068,894",
    "시가": "5,770",
    "고가": "5,940",
    "저가": "5,690",
    "매수호가": "5,870",
    "매도호가": "5,880",
    "매수총잔량": "133,791",
    "매도총잔량": "170,227",
    "상장주식수": "138,892",
    "시가총액": "8,153",
    "매출액": "586",
    "자산총계": "1,922",
    "부채총계": "121",
    "영업이익": "26",
    "당기순이익": "31",
    "주당순이익": "22",
    "보통주배당금": "N/A",
    "매출액증가율": "17.56",
    "영업이익증가율": "1.40",
    "외국인비율": "7.11",
    "PER": "266.82",
    "ROE": "2.15",
    "ROA": "1.99",
    "PBR": "4.45",
    "유보율": "158.2",
    "code": "058820"
}