{
    "N": "169",
    "종목명": "미코",
    "현재가": "15,350",
    "상태": "상승",
    "전일비": "150",
    "등락률": "+0.99%",
    "액면가": "500",
    "거래량": "1,149,131",
    "거래대금": "17,816",
    "전일거래량": "1,149,812",
    "시가": "15,250",
    "고가": "15,800",
    "저가": "15,100",
    "매수호가": "15,350",
    "매도호가": "15,400",
    "매수총잔량": "136,621",
    "매도총잔량": "225,722",
    "상장주식수": "31,317",
    "시가총액": "4,807",
    "매출액": "2,362",
    "자산총계": "4,050",
    "부채총계": "2,362",
    "영업이익": "382",
    "당기순이익": "220",
    "주당순이익": "268",
    "보통주배당금": "40",
    "매출액증가율": "3.85",
    "영업이익증가율": "-15.71",
    "외국인비율": "5.11",
    "PER": "57.28",
    "ROE": "8.96",
    "ROA": "5.96",
    "PBR": "4.88",
    "유보율": "646.7",
    "code": "059090"
}