{
    "N": "1234",
    "종목명": "삼양홀딩스우",
    "현재가": "49,200",
    "상태": "상승",
    "전일비": "100",
    "등락률": "+0.20%",
    "액면가": "5,000",
    "거래량": "259",
    "거래대금": "12",
    "전일거래량": "1,485",
    "시가": "49,500",
    "고가": "49,500",
    "저가": "49,100",
    "매수호가": "49,150",
    "매도호가": "49,200",
    "매수총잔량": "297",
    "매도총잔량": "191",
    "상장주식수": "304",
    "시가총액": "150",
    "매출액": "N/A",
    "자산총계": "N/A",
    "부채총계": "N/A",
    "영업이익": "N/A",
    "당기순이익": "N/A",
    "주당순이익": "4,793",
    "보통주배당금": "N/A",
    "매출액증가율": "N/A",
    "영업이익증가율": "N/A",
    "외국인비율": "2.20",
    "PER": "10.26",
    "ROE": "N/A",
    "ROA": "N/A",
    "PBR": "0.26",
    "유보율": "N/A",
    "code": "000075"
}