{
    "N": "150",
    "종목명": "메리츠화재",
    "현재가": "14,050",
    "상태": "하락",
    "전일비": "200",
    "등락률": "-1.40%",
    "액면가": "500",
    "거래량": "749,629",
    "거래대금": "10,439",
    "전일거래량": "876,899",
    "시가": "14,100",
    "고가": "14,200",
    "저가": "13,800",
    "매수호가": "14,050",
    "매도호가": "14,100",
    "매수총잔량": "222,936",
    "매도총잔량": "43,006",
    "상장주식수": "120,625",
    "시가총액": "16,948",
    "매출액": "101,180",
    "자산총계": "232,157",
    "부채총계": "207,751",
    "영업이익": "3,528",
    "당기순이익": "3,013",
    "주당순이익": "3,410",
    "보통주배당금": "850",
    "매출액증가율": "20.19",
    "영업이익증가율": "12.80",
    "외국인비율": "9.87",
    "PER": "4.12",
    "ROE": "12.80",
    "ROA": "1.38",
    "PBR": "0.57",
    "유보율": "4,269.4",
    "code": "000060"
}