{
    "N": "299",
    "종목명": "동화약품",
    "현재가": "19,400",
    "상태": "상승",
    "전일비": "300",
    "등락률": "+1.57%",
    "액면가": "1,000",
    "거래량": "656,255",
    "거래대금": "12,493",
    "전일거래량": "719,076",
    "시가": "19,000",
    "고가": "19,500",
    "저가": "18,650",
    "매수호가": "19,350",
    "매도호가": "19,400",
    "매수총잔량": "60,797",
    "매도총잔량": "32,269",
    "상장주식수": "27,931",
    "시가총액": "5,419",
    "매출액": "3,072",
    "자산총계": "3,760",
    "부채총계": "752",
    "영업이익": "99",
    "당기순이익": "94",
    "주당순이익": "1,027",
    "보통주배당금": "120",
    "매출액증가율": "0.18",
    "영업이익증가율": "-11.65",
    "외국인비율": "3.03",
    "PER": "18.89",
    "ROE": "3.15",
    "ROA": "2.52",
    "PBR": "1.64",
    "유보율": "980.2",
    "code": "000020"
}