{
    "N": "396",
    "종목명": "경방",
    "현재가": "12,300",
    "전일비": "0",
    "등락률": "0.00%",
    "액면가": "500",
    "거래량": "55,819",
    "거래대금": "680",
    "전일거래량": "44,062",
    "시가": "12,250",
    "고가": "12,300",
    "저가": "12,050",
    "매수호가": "12,250",
    "매도호가": "12,300",
    "매수총잔량": "10,630",
    "매도총잔량": "7,065",
    "상장주식수": "27,415",
    "시가총액": "3,372",
    "매출액": "3,439",
    "자산총계": "13,707",
    "부채총계": "6,292",
    "영업이익": "320",
    "당기순이익": "436",
    "주당순이익": "1,648",
    "보통주배당금": "125",
    "매출액증가율": "-2.15",
    "영업이익증가율": "-21.86",
    "외국인비율": "2.95",
    "PER": "7.46",
    "ROE": "6.02",
    "ROA": "3.26",
    "PBR": "0.43",
    "유보율": "5,414.5",
    "code": "000050"
}