{
    "N": "120",
    "종목명": "하이트진로",
    "현재가": "33,200",
    "상태": "상승",
    "전일비": "1,200",
    "등락률": "+3.75%",
    "액면가": "5,000",
    "거래량": "1,244,820",
    "거래대금": "40,883",
    "전일거래량": "462,233",
    "시가": "32,050",
    "고가": "33,350",
    "저가": "32,000",
    "매수호가": "33,150",
    "매도호가": "33,200",
    "매수총잔량": "39,105",
    "매도총잔량": "72,526",
    "상장주식수": "70,134",
    "시가총액": "23,284",
    "매출액": "20,351",
    "자산총계": "32,709",
    "부채총계": "22,377",
    "영업이익": "882",
    "당기순이익": "-424",
    "주당순이익": "1,058",
    "보통주배당금": "700",
    "매출액증가율": "7.93",
    "영업이익증가율": "-2.43",
    "외국인비율": "8.90",
    "PER": "31.38",
    "ROE": "-3.86",
    "ROA": "-1.27",
    "PBR": "2.13",
    "유보율": "202.8",
    "code": "000080"
}