{
    "N": "273",
    "종목명": "삼양홀딩스",
    "현재가": "74,500",
    "상태": "상승",
    "전일비": "700",
    "등락률": "+0.95%",
    "액면가": "5,000",
    "거래량": "45,320",
    "거래대금": "3,336",
    "전일거래량": "34,561",
    "시가": "74,000",
    "고가": "74,600",
    "저가": "72,800",
    "매수호가": "74,300",
    "매도호가": "74,500",
    "매수총잔량": "3,203",
    "매도총잔량": "7,415",
    "상장주식수": "8,564",
    "시가총액": "6,380",
    "매출액": "24,886",
    "자산총계": "35,895",
    "부채총계": "15,600",
    "영업이익": "794",
    "당기순이익": "620",
    "주당순이익": "4,793",
    "보통주배당금": "2,000",
    "매출액증가율": "-2.92",
    "영업이익증가율": "-42.67",
    "외국인비율": "7.86",
    "PER": "15.54",
    "ROE": "2.18",
    "ROA": "1.80",
    "PBR": "0.39",
    "유보율": "3,077.4",
    "code": "000070"
}