{
    "N": "1127",
    "종목명": "하이트진로2우B",
    "현재가": "20,350",
    "상태": "상승",
    "전일비": "200",
    "등락률": "+0.99%",
    "액면가": "5,000",
    "거래량": "3,988",
    "거래대금": "80",
    "전일거래량": "3,988",
    "시가": "20,100",
    "고가": "20,400",
    "저가": "20,050",
    "매수호가": "20,250",
    "매도호가": "20,350",
    "매수총잔량": "3,555",
    "매도총잔량": "2,067",
    "상장주식수": "1,130",
    "시가총액": "230",
    "매출액": "N/A",
    "자산총계": "N/A",
    "부채총계": "N/A",
    "영업이익": "N/A",
    "당기순이익": "N/A",
    "주당순이익": "1,058",
    "보통주배당금": "N/A",
    "매출액증가율": "N/A",
    "영업이익증가율": "N/A",
    "외국인비율": "3.00",
    "PER": "19.23",
    "ROE": "N/A",
    "ROA": "N/A",
    "PBR": "1.30",
    "유보율": "N/A",
    "code": "000087"
}