{
    "N": "74",
    "종목명": "CJ대한통운",
    "현재가": "177,000",
    "상태": "상승",
    "전일비": "8,500",
    "등락률": "+5.04%",
    "액면가": "5,000",
    "거래량": "274,779",
    "거래대금": "48,157",
    "전일거래량": "118,757",
    "시가": "168,000",
    "고가": "179,000",
    "저가": "167,500",
    "매수호가": "177,000",
    "매도호가": "177,500",
    "매수총잔량": "11,230",
    "매도총잔량": "18,646",
    "상장주식수": "22,812",
    "시가총액": "40,378",
    "매출액": "104,151",
    "자산총계": "91,100",
    "부채총계": "54,548",
    "영업이익": "3,072",
    "당기순이익": "509",
    "주당순이익": "5,547",
    "보통주배당금": "N/A",
    "매출액증가율": "12.97",
    "영업이익증가율": "26.58",
    "외국인비율": "21.24",
    "PER": "31.91",
    "ROE": "1.41",
    "ROA": "0.60",
    "PBR": "1.04",
    "유보율": "2,489.3",
    "code": "000120"
}