{
    "N": "910",
    "종목명": "두산2우B",
    "현재가": "67,100",
    "상태": "상승",
    "전일비": "1,200",
    "등락률": "+1.82%",
    "액면가": "5,000",
    "거래량": "912",
    "거래대금": "61",
    "전일거래량": "654",
    "시가": "65,900",
    "고가": "69,800",
    "저가": "65,600",
    "매수호가": "67,000",
    "매도호가": "67,100",
    "매수총잔량": "301",
    "매도총잔량": "240",
    "상장주식수": "893",
    "시가총액": "599",
    "매출액": "N/A",
    "자산총계": "N/A",
    "부채총계": "N/A",
    "영업이익": "N/A",
    "당기순이익": "N/A",
    "주당순이익": "4,908",
    "보통주배당금": "N/A",
    "매출액증가율": "N/A",
    "영업이익증가율": "N/A",
    "외국인비율": "0.08",
    "PER": "13.67",
    "ROE": "N/A",
    "ROA": "N/A",
    "PBR": "0.71",
    "유보율": "N/A",
    "code": "000157"
}