{
    "N": "621",
    "종목명": "성창기업지주",
    "현재가": "2,215",
    "전일비": "0",
    "등락률": "0.00%",
    "액면가": "500",
    "거래량": "465,836",
    "거래대금": "1,037",
    "전일거래량": "485,491",
    "시가": "2,200",
    "고가": "2,270",
    "저가": "2,195",
    "매수호가": "2,215",
    "매도호가": "2,220",
    "매수총잔량": "87,921",
    "매도총잔량": "43,225",
    "상장주식수": "69,752",
    "시가총액": "1,545",
    "매출액": "1,510",
    "자산총계": "7,033",
    "부채총계": "1,779",
    "영업이익": "-30",
    "당기순이익": "-109",
    "주당순이익": "18",
    "보통주배당금": "N/A",
    "매출액증가율": "10.21",
    "영업이익증가율": "57.14",
    "외국인비율": "2.69",
    "PER": "123.06",
    "ROE": "-2.14",
    "ROA": "-1.61",
    "PBR": "0.27",
    "유보율": "688.5",
    "code": "000180"
}