{
    "N": "1463",
    "종목명": "하이트진로홀딩스우",
    "현재가": "14,350",
    "상태": "하락",
    "전일비": "100",
    "등락률": "-0.69%",
    "액면가": "5,000",
    "거래량": "472",
    "거래대금": "6",
    "전일거래량": "253",
    "시가": "14,450",
    "고가": "14,450",
    "저가": "14,350",
    "매수호가": "14,350",
    "매도호가": "14,400",
    "매수총잔량": "1,046",
    "매도총잔량": "735",
    "상장주식수": "471",
    "시가총액": "68",
    "매출액": "N/A",
    "자산총계": "N/A",
    "부채총계": "N/A",
    "영업이익": "N/A",
    "당기순이익": "N/A",
    "주당순이익": "1,728",
    "보통주배당금": "N/A",
    "매출액증가율": "N/A",
    "영업이익증가율": "N/A",
    "외국인비율": "2.53",
    "PER": "8.30",
    "ROE": "N/A",
    "ROA": "N/A",
    "PBR": "0.66",
    "유보율": "N/A",
    "code": "000145"
}