{
    "N": "827",
    "종목명": "유한양행우",
    "현재가": "71,300",
    "상태": "하락",
    "전일비": "1,000",
    "등락률": "-1.38%",
    "액면가": "1,000",
    "거래량": "14,354",
    "거래대금": "1,021",
    "전일거래량": "19,533",
    "시가": "71,800",
    "고가": "72,000",
    "저가": "70,600",
    "매수호가": "71,300",
    "매도호가": "71,400",
    "매수총잔량": "2,141",
    "매도총잔량": "1,581",
    "상장주식수": "1,181",
    "시가총액": "842",
    "매출액": "N/A",
    "자산총계": "N/A",
    "부채총계": "N/A",
    "영업이익": "N/A",
    "당기순이익": "N/A",
    "주당순이익": "2,596",
    "보통주배당금": "N/A",
    "매출액증가율": "N/A",
    "영업이익증가율": "N/A",
    "외국인비율": "1.90",
    "PER": "27.47",
    "ROE": "N/A",
    "ROA": "N/A",
    "PBR": "2.52",
    "유보율": "N/A",
    "code": "000105"
}