{
    "N": "391",
    "종목명": "하이트진로홀딩스",
    "현재가": "15,200",
    "상태": "상승",
    "전일비": "250",
    "등락률": "+1.67%",
    "액면가": "5,000",
    "거래량": "68,597",
    "거래대금": "1,034",
    "전일거래량": "32,501",
    "시가": "14,950",
    "고가": "15,300",
    "저가": "14,750",
    "매수호가": "15,150",
    "매도호가": "15,200",
    "매수총잔량": "22,409",
    "매도총잔량": "9,054",
    "상장주식수": "23,207",
    "시가총액": "3,527",
    "매출액": "20,263",
    "자산총계": "38,367",
    "부채총계": "28,541",
    "영업이익": "1,009",
    "당기순이익": "-401",
    "주당순이익": "1,728",
    "보통주배당금": "350",
    "매출액증가율": "7.98",
    "영업이익증가율": "-2.48",
    "외국인비율": "4.99",
    "PER": "8.80",
    "ROE": "-4.65",
    "ROA": "-1.03",
    "PBR": "0.70",
    "유보율": "920.5",
    "code": "000140"
}