{
    "N": "219",
    "종목명": "두산",
    "현재가": "52,400",
    "상태": "상승",
    "전일비": "400",
    "등락률": "+0.77%",
    "액면가": "5,000",
    "거래량": "104,946",
    "거래대금": "5,463",
    "전일거래량": "126,798",
    "시가": "51,600",
    "고가": "52,800",
    "저가": "51,200",
    "매수호가": "52,400",
    "매도호가": "52,500",
    "매수총잔량": "11,576",
    "매도총잔량": "11,866",
    "상장주식수": "16,524",
    "시가총액": "8,658",
    "매출액": "185,357",
    "자산총계": "291,697",
    "부채총계": "223,502",
    "영업이익": "12,619",
    "당기순이익": "4,331",
    "주당순이익": "4,908",
    "보통주배당금": "5,200",
    "매출액증가율": "6.23",
    "영업이익증가율": "7.27",
    "외국인비율": "5.86",
    "PER": "10.68",
    "ROE": "23.52",
    "ROA": "1.49",
    "PBR": "0.56",
    "유보율": "1,602.6",
    "code": "000150"
}