{
    "N": "600",
    "종목명": "두산우",
    "현재가": "41,200",
    "상태": "하락",
    "전일비": "50",
    "등락률": "-0.12%",
    "액면가": "5,000",
    "거래량": "18,558",
    "거래대금": "761",
    "전일거래량": "36,424",
    "시가": "41,250",
    "고가": "41,250",
    "저가": "40,800",
    "매수호가": "41,200",
    "매도호가": "41,250",
    "매수총잔량": "4,334",
    "매도총잔량": "1,725",
    "상장주식수": "3,996",
    "시가총액": "1,647",
    "매출액": "N/A",
    "자산총계": "N/A",
    "부채총계": "N/A",
    "영업이익": "N/A",
    "당기순이익": "N/A",
    "주당순이익": "4,908",
    "보통주배당금": "N/A",
    "매출액증가율": "N/A",
    "영업이익증가율": "N/A",
    "외국인비율": "3.20",
    "PER": "8.39",
    "ROE": "N/A",
    "ROA": "N/A",
    "PBR": "0.44",
    "유보율": "N/A",
    "code": "000155"
}