{
    "N": "55",
    "종목명": "유한양행",
    "현재가": "79,000",
    "상태": "하락",
    "전일비": "200",
    "등락률": "-0.25%",
    "액면가": "1,000",
    "거래량": "696,189",
    "거래대금": "54,269",
    "전일거래량": "1,040,202",
    "시가": "78,700",
    "고가": "79,600",
    "저가": "76,800",
    "매수호가": "79,000",
    "매도호가": "79,100",
    "매수총잔량": "25,301",
    "매도총잔량": "23,574",
    "상장주식수": "66,857",
    "시가총액": "52,817",
    "매출액": "14,804",
    "자산총계": "21,172",
    "부채총계": "4,672",
    "영업이익": "125",
    "당기순이익": "366",
    "주당순이익": "2,596",
    "보통주배당금": "365",
    "매출액증가율": "-2.53",
    "영업이익증가율": "-74.99",
    "외국인비율": "20.67",
    "PER": "30.43",
    "ROE": "2.43",
    "ROA": "1.71",
    "PBR": "2.79",
    "유보율": "2,547.1",
    "code": "000100"
}