{
    "N": "1525",
    "종목명": "유유제약2우B",
    "현재가": "31,750",
    "상태": "하락",
    "전일비": "1,250",
    "등락률": "-3.79%",
    "액면가": "1,000",
    "거래량": "2,041",
    "거래대금": "66",
    "전일거래량": "1,751",
    "시가": "31,200",
    "고가": "33,850",
    "저가": "31,200",
    "매수호가": "31,750",
    "매도호가": "32,000",
    "매수총잔량": "663",
    "매도총잔량": "40",
    "상장주식수": "164",
    "시가총액": "52",
    "매출액": "N/A",
    "자산총계": "N/A",
    "부채총계": "N/A",
    "영업이익": "N/A",
    "당기순이익": "N/A",
    "주당순이익": "403",
    "보통주배당금": "N/A",
    "매출액증가율": "N/A",
    "영업이익증가율": "N/A",
    "외국인비율": "0.05",
    "PER": "78.78",
    "ROE": "N/A",
    "ROA": "N/A",
    "PBR": "2.54",
    "유보율": "N/A",
    "code": "000227"
}