{
    "N": "101",
    "종목명": "대림산업",
    "현재가": "83,000",
    "전일비": "0",
    "등락률": "0.00%",
    "액면가": "5,000",
    "거래량": "0",
    "거래대금": "0",
    "전일거래량": "0",
    "시가": "0",
    "고가": "0",
    "저가": "0",
    "매수호가": "0",
    "매도호가": "0",
    "매수총잔량": "0",
    "매도총잔량": "0",
    "상장주식수": "34,800",
    "시가총액": "28,884",
    "매출액": "97,001",
    "자산총계": "134,452",
    "부채총계": "67,085",
    "영업이익": "11,301",
    "당기순이익": "7,103",
    "주당순이익": "18,894",
    "보통주배당금": "1,300",
    "매출액증가율": "-11.69",
    "영업이익증가율": "33.69",
    "외국인비율": "32.33",
    "PER": "4.39",
    "ROE": "11.74",
    "ROA": "5.41",
    "PBR": "0.49",
    "유보율": "2,685.8",
    "code": "000210"
}