{
    "N": "725",
    "종목명": "유유제약",
    "현재가": "14,250",
    "전일비": "0",
    "등락률": "0.00%",
    "액면가": "1,000",
    "거래량": "193,626",
    "거래대금": "2,729",
    "전일거래량": "187,524",
    "시가": "14,200",
    "고가": "14,300",
    "저가": "14,000",
    "매수호가": "14,200",
    "매도호가": "14,250",
    "매수총잔량": "43,717",
    "매도총잔량": "20,243",
    "상장주식수": "7,993",
    "시가총액": "1,139",
    "매출액": "909",
    "자산총계": "1,377",
    "부채총계": "472",
    "영업이익": "81",
    "당기순이익": "56",
    "주당순이익": "403",
    "보통주배당금": "210",
    "매출액증가율": "9.36",
    "영업이익증가율": "51.57",
    "외국인비율": "0.76",
    "PER": "35.36",
    "ROE": "5.41",
    "ROA": "4.08",
    "PBR": "1.14",
    "유보율": "970.2",
    "code": "000220"
}