{
    "N": "599",
    "종목명": "일동홀딩스",
    "현재가": "14,300",
    "상태": "상승",
    "전일비": "100",
    "등락률": "+0.70%",
    "액면가": "1,000",
    "거래량": "106,584",
    "거래대금": "1,525",
    "전일거래량": "115,792",
    "시가": "14,050",
    "고가": "14,600",
    "저가": "14,000",
    "매수호가": "14,300",
    "매도호가": "14,350",
    "매수총잔량": "8,415",
    "매도총잔량": "21,785",
    "상장주식수": "11,540",
    "시가총액": "1,650",
    "매출액": "2,922",
    "자산총계": "8,056",
    "부채총계": "4,845",
    "영업이익": "-238",
    "당기순이익": "-400",
    "주당순이익": "-3,682",
    "보통주배당금": "95",
    "매출액증가율": "521.09",
    "영업이익증가율": "-3,427.95",
    "외국인비율": "2.01",
    "PER": "-3.88",
    "ROE": "-14.91",
    "ROA": "-7.46",
    "PBR": "1.24",
    "유보율": "1,163.6",
    "code": "000230"
}