{
    "N": "13",
    "종목명": "기아차",
    "현재가": "63,700",
    "상태": "하락",
    "전일비": "300",
    "등락률": "-0.47%",
    "액면가": "5,000",
    "거래량": "3,811,135",
    "거래대금": "240,577",
    "전일거래량": "5,602,314",
    "시가": "64,100",
    "고가": "64,500",
    "저가": "62,300",
    "매수호가": "63,600",
    "매도호가": "63,700",
    "매수총잔량": "161,836",
    "매도총잔량": "243,507",
    "상장주식수": "405,363",
    "시가총액": "258,216",
    "매출액": "581,460",
    "자산총계": "553,448",
    "부채총계": "263,667",
    "영업이익": "20,097",
    "당기순이익": "18,267",
    "주당순이익": "2,152",
    "보통주배당금": "1,150",
    "매출액증가율": "7.34",
    "영업이익증가율": "73.63",
    "외국인비율": "37.09",
    "PER": "29.60",
    "ROE": "6.50",
    "ROA": "3.41",
    "PBR": "0.88",
    "유보율": "1,298.2",
    "code": "000270"
}