{
    "N": "530",
    "종목명": "대림산업우",
    "현재가": "53,200",
    "전일비": "0",
    "등락률": "0.00%",
    "액면가": "5,000",
    "거래량": "0",
    "거래대금": "0",
    "전일거래량": "0",
    "시가": "0",
    "고가": "0",
    "저가": "0",
    "매수호가": "0",
    "매도호가": "0",
    "매수총잔량": "0",
    "매도총잔량": "0",
    "상장주식수": "3,800",
    "시가총액": "2,022",
    "매출액": "N/A",
    "자산총계": "N/A",
    "부채총계": "N/A",
    "영업이익": "N/A",
    "당기순이익": "N/A",
    "주당순이익": "18,894",
    "보통주배당금": "N/A",
    "매출액증가율": "N/A",
    "영업이익증가율": "N/A",
    "외국인비율": "13.24",
    "PER": "2.82",
    "ROE": "N/A",
    "ROA": "N/A",
    "PBR": "0.31",
    "유보율": "N/A",
    "code": "000215"
}