{
    "N": "1218",
    "종목명": "유유제약1우",
    "현재가": "13,700",
    "전일비": "0",
    "등락률": "0.00%",
    "액면가": "1,000",
    "거래량": "17,150",
    "거래대금": "231",
    "전일거래량": "6,860",
    "시가": "13,700",
    "고가": "13,850",
    "저가": "13,300",
    "매수호가": "13,600",
    "매도호가": "13,700",
    "매수총잔량": "5,829",
    "매도총잔량": "5,083",
    "상장주식수": "1,133",
    "시가총액": "155",
    "매출액": "N/A",
    "자산총계": "N/A",
    "부채총계": "N/A",
    "영업이익": "N/A",
    "당기순이익": "N/A",
    "주당순이익": "403",
    "보통주배당금": "N/A",
    "매출액증가율": "N/A",
    "영업이익증가율": "N/A",
    "외국인비율": "6.23",
    "PER": "34.00",
    "ROE": "N/A",
    "ROA": "N/A",
    "PBR": "1.10",
    "유보율": "N/A",
    "code": "000225"
}