{
    "N": "354",
    "종목명": "삼화페인트",
    "현재가": "15,600",
    "상태": "상승",
    "전일비": "1,050",
    "등락률": "+7.22%",
    "액면가": "500",
    "거래량": "2,034,849",
    "거래대금": "31,342",
    "전일거래량": "529,932",
    "시가": "14,550",
    "고가": "16,750",
    "저가": "14,300",
    "매수호가": "15,550",
    "매도호가": "15,600",
    "매수총잔량": "20,034",
    "매도총잔량": "32,327",
    "상장주식수": "26,439",
    "시가총액": "4,124",
    "매출액": "5,403",
    "자산총계": "5,606",
    "부채총계": "2,785",
    "영업이익": "112",
    "당기순이익": "39",
    "주당순이익": "216",
    "보통주배당금": "125",
    "매출액증가율": "3.06",
    "영업이익증가율": "42.68",
    "외국인비율": "10.13",
    "PER": "72.22",
    "ROE": "1.34",
    "ROA": "0.70",
    "PBR": "1.23",
    "유보율": "2,283.7",
    "code": "000390"
}