{
    "N": "1570",
    "종목명": "노루홀딩스우",
    "현재가": "17,800",
    "상태": "하락",
    "전일비": "150",
    "등락률": "-0.84%",
    "액면가": "500",
    "거래량": "610",
    "거래대금": "10",
    "전일거래량": "3,181",
    "시가": "17,950",
    "고가": "17,950",
    "저가": "17,700",
    "매수호가": "17,700",
    "매도호가": "17,800",
    "매수총잔량": "2,575",
    "매도총잔량": "2,990",
    "상장주식수": "185",
    "시가총액": "33",
    "매출액": "N/A",
    "자산총계": "N/A",
    "부채총계": "N/A",
    "영업이익": "N/A",
    "당기순이익": "N/A",
    "주당순이익": "447",
    "보통주배당금": "N/A",
    "매출액증가율": "N/A",
    "영업이익증가율": "N/A",
    "외국인비율": "1.02",
    "PER": "39.82",
    "ROE": "N/A",
    "ROA": "N/A",
    "PBR": "0.50",
    "유보율": "N/A",
    "code": "000325"
}