{
    "N": "346",
    "종목명": "한화손해보험",
    "현재가": "3,590",
    "상태": "상승",
    "전일비": "90",
    "등락률": "+2.57%",
    "액면가": "5,000",
    "거래량": "1,202,039",
    "거래대금": "4,197",
    "전일거래량": "2,449,836",
    "시가": "3,435",
    "고가": "3,590",
    "저가": "3,400",
    "매수호가": "3,585",
    "매도호가": "3,590",
    "매수총잔량": "35,252",
    "매도총잔량": "15,368",
    "상장주식수": "116,739",
    "시가총액": "4,191",
    "매출액": "80,276",
    "자산총계": "182,572",
    "부채총계": "167,928",
    "영업이익": "-941",
    "당기순이익": "-691",
    "주당순이익": "-36",
    "보통주배당금": "N/A",
    "매출액증가율": "8.13",
    "영업이익증가율": "-185.13",
    "외국인비율": "7.23",
    "PER": "-99.72",
    "ROE": "-4.87",
    "ROA": "-0.40",
    "PBR": "0.22",
    "유보율": "150.9",
    "code": "000370"
}