{
    "N": "643",
    "종목명": "노루홀딩스",
    "현재가": "10,900",
    "전일비": "0",
    "등락률": "0.00%",
    "액면가": "500",
    "거래량": "92,726",
    "거래대금": "1,010",
    "전일거래량": "36,515",
    "시가": "10,800",
    "고가": "11,200",
    "저가": "10,650",
    "매수호가": "10,900",
    "매도호가": "10,950",
    "매수총잔량": "24,889",
    "매도총잔량": "14,853",
    "상장주식수": "13,291",
    "시가총액": "1,449",
    "매출액": "8,843",
    "자산총계": "10,074",
    "부채총계": "4,399",
    "영업이익": "250",
    "당기순이익": "199",
    "주당순이익": "447",
    "보통주배당금": "400",
    "매출액증가율": "5.78",
    "영업이익증가율": "144.35",
    "외국인비율": "1.98",
    "PER": "24.38",
    "ROE": "1.25",
    "ROA": "2.00",
    "PBR": "0.31",
    "유보율": "4,455.2",
    "code": "000320"
}