{
    "N": "406",
    "종목명": "조선내화",
    "현재가": "83,000",
    "상태": "상승",
    "전일비": "1,900",
    "등락률": "+2.34%",
    "액면가": "5,000",
    "거래량": "20,783",
    "거래대금": "1,766",
    "전일거래량": "3,490",
    "시가": "82,000",
    "고가": "90,500",
    "저가": "80,900",
    "매수호가": "82,900",
    "매도호가": "83,000",
    "매수총잔량": "1,124",
    "매도총잔량": "174",
    "상장주식수": "4,000",
    "시가총액": "3,320",
    "매출액": "7,572",
    "자산총계": "10,691",
    "부채총계": "3,657",
    "영업이익": "213",
    "당기순이익": "322",
    "주당순이익": "10,327",
    "보통주배당금": "4,000",
    "매출액증가율": "-4.06",
    "영업이익증가율": "-45.92",
    "외국인비율": "2.86",
    "PER": "8.04",
    "ROE": "4.13",
    "ROA": "3.07",
    "PBR": "0.44",
    "유보율": "2,990.1",
    "code": "000480"
}