{
    "N": "593",
    "종목명": "대동공업",
    "현재가": "7,070",
    "상태": "하락",
    "전일비": "50",
    "등락률": "-0.70%",
    "액면가": "1,000",
    "거래량": "284,119",
    "거래대금": "1,997",
    "전일거래량": "696,850",
    "시가": "7,120",
    "고가": "7,130",
    "저가": "6,950",
    "매수호가": "7,060",
    "매도호가": "7,070",
    "매수총잔량": "45,739",
    "매도총잔량": "25,611",
    "상장주식수": "23,728",
    "시가총액": "1,678",
    "매출액": "8,329",
    "자산총계": "8,170",
    "부채총계": "5,962",
    "영업이익": "245",
    "당기순이익": "30",
    "주당순이익": "299",
    "보통주배당금": "60",
    "매출액증가율": "27.21",
    "영업이익증가율": "369.77",
    "외국인비율": "2.40",
    "PER": "23.65",
    "ROE": "1.46",
    "ROA": "0.38",
    "PBR": "0.44",
    "유보율": "827.9",
    "code": "000490"
}