{
    "N": "482",
    "종목명": "대원강업",
    "현재가": "4,010",
    "상태": "상승",
    "전일비": "115",
    "등락률": "+2.95%",
    "액면가": "500",
    "거래량": "1,878,097",
    "거래대금": "7,571",
    "전일거래량": "192,801",
    "시가": "3,895",
    "고가": "4,260",
    "저가": "3,850",
    "매수호가": "3,995",
    "매도호가": "4,010",
    "매수총잔량": "21,184",
    "매도총잔량": "12,067",
    "상장주식수": "62,000",
    "시가총액": "2,486",
    "매출액": "9,602",
    "자산총계": "10,480",
    "부채총계": "4,607",
    "영업이익": "269",
    "당기순이익": "212",
    "주당순이익": "45",
    "보통주배당금": "115",
    "매출액증가율": "-3.54",
    "영업이익증가율": "-36.21",
    "외국인비율": "1.83",
    "PER": "89.11",
    "ROE": "3.39",
    "ROA": "1.99",
    "PBR": "0.54",
    "유보율": "1,484.1",
    "code": "000430"
}