{
    "N": "572",
    "종목명": "흥국화재",
    "현재가": "2,775",
    "상태": "하락",
    "전일비": "15",
    "등락률": "-0.54%",
    "액면가": "5,000",
    "거래량": "54,623",
    "거래대금": "152",
    "전일거래량": "68,712",
    "시가": "2,790",
    "고가": "2,850",
    "저가": "2,760",
    "매수호가": "2,775",
    "매도호가": "2,805",
    "매수총잔량": "17,417",
    "매도총잔량": "16,329",
    "상장주식수": "64,243",
    "시가총액": "1,783",
    "매출액": "42,682",
    "자산총계": "126,485",
    "부채총계": "119,366",
    "영업이익": "444",
    "당기순이익": "384",
    "주당순이익": "231",
    "보통주배당금": "N/A",
    "매출액증가율": "2.67",
    "영업이익증가율": "-29.35",
    "외국인비율": "2.01",
    "PER": "12.01",
    "ROE": "5.51",
    "ROA": "0.31",
    "PBR": "0.23",
    "유보율": "118.5",
    "code": "000540"
}