{
    "N": "1490",
    "종목명": "흥국화재우",
    "현재가": "8,000",
    "상태": "상승",
    "전일비": "170",
    "등락률": "+2.17%",
    "액면가": "5,000",
    "거래량": "27,615",
    "거래대금": "222",
    "전일거래량": "27,245",
    "시가": "7,890",
    "고가": "8,200",
    "저가": "7,890",
    "매수호가": "7,990",
    "매도호가": "8,000",
    "매수총잔량": "2,286",
    "매도총잔량": "2,040",
    "상장주식수": "768",
    "시가총액": "61",
    "매출액": "N/A",
    "자산총계": "N/A",
    "부채총계": "N/A",
    "영업이익": "N/A",
    "당기순이익": "N/A",
    "주당순이익": "231",
    "보통주배당금": "N/A",
    "매출액증가율": "N/A",
    "영업이익증가율": "N/A",
    "외국인비율": "1.18",
    "PER": "34.63",
    "ROE": "N/A",
    "ROA": "N/A",
    "PBR": "0.68",
    "유보율": "N/A",
    "code": "000545"
}