{
    "N": "1571",
    "종목명": "흥국화재2우B",
    "현재가": "20,000",
    "상태": "상승",
    "전일비": "450",
    "등락률": "+2.30%",
    "액면가": "5,000",
    "거래량": "457",
    "거래대금": "9",
    "전일거래량": "1,072",
    "시가": "19,450",
    "고가": "20,100",
    "저가": "19,450",
    "매수호가": "20,000",
    "매도호가": "20,050",
    "매수총잔량": "478",
    "매도총잔량": "408",
    "상장주식수": "154",
    "시가총액": "31",
    "매출액": "N/A",
    "자산총계": "N/A",
    "부채총계": "N/A",
    "영업이익": "N/A",
    "당기순이익": "N/A",
    "주당순이익": "231",
    "보통주배당금": "N/A",
    "매출액증가율": "N/A",
    "영업이익증가율": "N/A",
    "외국인비율": "1.03",
    "PER": "86.58",
    "ROE": "N/A",
    "ROA": "N/A",
    "PBR": "1.69",
    "유보율": "N/A",
    "code": "000547"
}