{
    "N": "657",
    "종목명": "삼일제약",
    "현재가": "20,950",
    "상태": "상승",
    "전일비": "600",
    "등락률": "+2.95%",
    "액면가": "1,000",
    "거래량": "75,442",
    "거래대금": "1,564",
    "전일거래량": "75,669",
    "시가": "20,400",
    "고가": "21,150",
    "저가": "20,300",
    "매수호가": "20,950",
    "매도호가": "21,000",
    "매수총잔량": "6,314",
    "매도총잔량": "10,333",
    "상장주식수": "6,695",
    "시가총액": "1,403",
    "매출액": "1,211",
    "자산총계": "1,839",
    "부채총계": "1,216",
    "영업이익": "48",
    "당기순이익": "8",
    "주당순이익": "144",
    "보통주배당금": "150",
    "매출액증가율": "28.02",
    "영업이익증가율": "184.14",
    "외국인비율": "2.14",
    "PER": "145.49",
    "ROE": "1.33",
    "ROA": "0.47",
    "PBR": "1.96",
    "유보율": "898.2",
    "code": "000520"
}