{
    "N": "878",
    "종목명": "CS홀딩스",
    "현재가": "59,700",
    "상태": "상승",
    "전일비": "600",
    "등락률": "+1.02%",
    "액면가": "5,000",
    "거래량": "6,892",
    "거래대금": "411",
    "전일거래량": "3,900",
    "시가": "58,800",
    "고가": "60,700",
    "저가": "58,500",
    "매수호가": "59,600",
    "매도호가": "59,700",
    "매수총잔량": "990",
    "매도총잔량": "410",
    "상장주식수": "1,154",
    "시가총액": "689",
    "매출액": "1,350",
    "자산총계": "3,143",
    "부채총계": "281",
    "영업이익": "170",
    "당기순이익": "166",
    "주당순이익": "7,883",
    "보통주배당금": "500",
    "매출액증가율": "10.14",
    "영업이익증가율": "27.82",
    "외국인비율": "2.63",
    "PER": "7.57",
    "ROE": "4.35",
    "ROA": "5.37",
    "PBR": "0.29",
    "유보율": "3,993.4",
    "code": "000590"
}