{
    "N": "784",
    "종목명": "가온전선",
    "현재가": "23,050",
    "상태": "상승",
    "전일비": "1,000",
    "등락률": "+4.54%",
    "액면가": "5,000",
    "거래량": "52,101",
    "거래대금": "1,179",
    "전일거래량": "18,939",
    "시가": "22,200",
    "고가": "23,050",
    "저가": "22,100",
    "매수호가": "23,000",
    "매도호가": "23,050",
    "매수총잔량": "8,097",
    "매도총잔량": "6,742",
    "상장주식수": "4,160",
    "시가총액": "959",
    "매출액": "8,303",
    "자산총계": "5,126",
    "부채총계": "2,558",
    "영업이익": "71",
    "당기순이익": "55",
    "주당순이익": "2,136",
    "보통주배당금": "600",
    "매출액증가율": "-1.24",
    "영업이익증가율": "37.61",
    "외국인비율": "4.47",
    "PER": "10.79",
    "ROE": "2.12",
    "ROA": "1.05",
    "PBR": "0.35",
    "유보율": "1,166.2",
    "code": "000500"
}