{
    "N": "513",
    "종목명": "LS네트웍스",
    "현재가": "2,780",
    "상태": "상승",
    "전일비": "70",
    "등락률": "+2.58%",
    "액면가": "5,000",
    "거래량": "187,538",
    "거래대금": "510",
    "전일거래량": "160,163",
    "시가": "2,705",
    "고가": "2,780",
    "저가": "2,660",
    "매수호가": "2,775",
    "매도호가": "2,780",
    "매수총잔량": "6,881",
    "매도총잔량": "16,076",
    "상장주식수": "78,803",
    "시가총액": "2,191",
    "매출액": "4,028",
    "자산총계": "11,681",
    "부채총계": "6,487",
    "영업이익": "-215",
    "당기순이익": "-691",
    "주당순이익": "-122",
    "보통주배당금": "N/A",
    "매출액증가율": "-9.66",
    "영업이익증가율": "-660.68",
    "외국인비율": "0.11",
    "PER": "-22.79",
    "ROE": "-11.94",
    "ROA": "-5.66",
    "PBR": "0.39",
    "유보율": "50.5",
    "code": "000680"
}