{
    "N": "237",
    "종목명": "동아쏘시오홀딩스",
    "현재가": "121,000",
    "상태": "하락",
    "전일비": "2,500",
    "등락률": "-2.02%",
    "액면가": "5,000",
    "거래량": "58,362",
    "거래대금": "7,095",
    "전일거래량": "46,463",
    "시가": "124,000",
    "고가": "125,000",
    "저가": "119,500",
    "매수호가": "121,000",
    "매도호가": "121,500",
    "매수총잔량": "14,723",
    "매도총잔량": "10,886",
    "상장주식수": "6,155",
    "시가총액": "7,448",
    "매출액": "7,697",
    "자산총계": "13,586",
    "부채총계": "6,117",
    "영업이익": "528",
    "당기순이익": "200",
    "주당순이익": "4,025",
    "보통주배당금": "1,000",
    "매출액증가율": "8.79",
    "영업이익증가율": "4.50",
    "외국인비율": "12.52",
    "PER": "30.06",
    "ROE": "2.67",
    "ROA": "1.54",
    "PBR": "0.97",
    "유보율": "2,778.6",
    "code": "000640"
}