{
    "N": "2",
    "종목명": "SK하이닉스",
    "현재가": "130,500",
    "상태": "상승",
    "전일비": "4,500",
    "등락률": "+3.57%",
    "액면가": "5,000",
    "거래량": "7,162,462",
    "거래대금": "918,406",
    "전일거래량": "7,995,016",
    "시가": "124,500",
    "고가": "132,500",
    "저가": "124,000",
    "매수호가": "130,000",
    "매도호가": "130,500",
    "매수총잔량": "201,053",
    "매도총잔량": "473,972",
    "상장주식수": "728,002",
    "시가총액": "950,043",
    "매출액": "269,907",
    "자산총계": "647,895",
    "부채총계": "168,463",
    "영업이익": "27,127",
    "당기순이익": "20,164",
    "주당순이익": "3,942",
    "보통주배당금": "1,000",
    "매출액증가율": "-33.27",
    "영업이익증가율": "-86.99",
    "외국인비율": "49.88",
    "PER": "33.11",
    "ROE": "4.25",
    "ROA": "3.14",
    "PBR": "1.77",
    "유보율": "1,287.0",
    "code": "000660"
}