{
    "N": "777",
    "종목명": "천일고속",
    "현재가": "68,800",
    "상태": "하락",
    "전일비": "100",
    "등락률": "-0.15%",
    "액면가": "5,000",
    "거래량": "1,842",
    "거래대금": "126",
    "전일거래량": "3,580",
    "시가": "68,900",
    "고가": "69,900",
    "저가": "68,300",
    "매수호가": "68,800",
    "매도호가": "69,300",
    "매수총잔량": "1,466",
    "매도총잔량": "1,076",
    "상장주식수": "1,429",
    "시가총액": "983",
    "매출액": "596",
    "자산총계": "800",
    "부채총계": "290",
    "영업이익": "6",
    "당기순이익": "7",
    "주당순이익": "-2,725",
    "보통주배당금": "5,000",
    "매출액증가율": "5.61",
    "영업이익증가율": "124.97",
    "외국인비율": "0.23",
    "PER": "-25.25",
    "ROE": "1.28",
    "ROA": "0.90",
    "PBR": "2.21",
    "유보율": "326.4",
    "code": "000650"
}