{
    "N": "1175",
    "종목명": "현대건설우",
    "현재가": "181,500",
    "상태": "상승",
    "전일비": "3,500",
    "등락률": "+1.97%",
    "액면가": "5,000",
    "거래량": "1,172",
    "거래대금": "213",
    "전일거래량": "691",
    "시가": "182,000",
    "고가": "182,000",
    "저가": "181,000",
    "매수호가": "181,000",
    "매도호가": "181,500",
    "매수총잔량": "168",
    "매도총잔량": "1,208",
    "상장주식수": "99",
    "시가총액": "179",
    "매출액": "N/A",
    "자산총계": "N/A",
    "부채총계": "N/A",
    "영업이익": "N/A",
    "당기순이익": "N/A",
    "주당순이익": "2,051",
    "보통주배당금": "N/A",
    "매출액증가율": "N/A",
    "영업이익증가율": "N/A",
    "외국인비율": "6.03",
    "PER": "88.49",
    "ROE": "N/A",
    "ROA": "N/A",
    "PBR": "2.99",
    "유보율": "N/A",
    "code": "000725"
}