{
    "N": "637",
    "종목명": "유수홀딩스",
    "현재가": "5,660",
    "전일비": "0",
    "등락률": "0.00%",
    "액면가": "2,500",
    "거래량": "23,899",
    "거래대금": "135",
    "전일거래량": "38,138",
    "시가": "5,650",
    "고가": "5,780",
    "저가": "5,600",
    "매수호가": "5,660",
    "매도호가": "5,680",
    "매수총잔량": "5,615",
    "매도총잔량": "10,035",
    "상장주식수": "26,042",
    "시가총액": "1,474",
    "매출액": "3,661",
    "자산총계": "5,220",
    "부채총계": "1,934",
    "영업이익": "-78",
    "당기순이익": "-25",
    "주당순이익": "306",
    "보통주배당금": "N/A",
    "매출액증가율": "-4.74",
    "영업이익증가율": "-123.96",
    "외국인비율": "5.96",
    "PER": "18.50",
    "ROE": "1.83",
    "ROA": "-0.46",
    "PBR": "0.60",
    "유보율": "114.8",
    "code": "000700"
}