{
    "N": "68",
    "종목명": "현대건설",
    "현재가": "40,100",
    "상태": "상승",
    "전일비": "1,850",
    "등락률": "+4.84%",
    "액면가": "5,000",
    "거래량": "3,988,456",
    "거래대금": "159,549",
    "전일거래량": "1,445,672",
    "시가": "38,600",
    "고가": "40,850",
    "저가": "38,500",
    "매수호가": "40,050",
    "매도호가": "40,100",
    "매수총잔량": "86,827",
    "매도총잔량": "123,578",
    "상장주식수": "111,356",
    "시가총액": "44,654",
    "매출액": "172,788",
    "자산총계": "182,270",
    "부채총계": "95,120",
    "영업이익": "8,597",
    "당기순이익": "5,733",
    "주당순이익": "2,051",
    "보통주배당금": "600",
    "매출액증가율": "3.28",
    "영업이익증가율": "2.34",
    "외국인비율": "18.77",
    "PER": "19.55",
    "ROE": "6.30",
    "ROA": "3.16",
    "PBR": "0.66",
    "유보율": "1,138.5",
    "code": "000720"
}