{
    "N": "977",
    "종목명": "이화산업",
    "현재가": "15,650",
    "상태": "하락",
    "전일비": "200",
    "등락률": "-1.26%",
    "액면가": "5,000",
    "거래량": "1,684",
    "거래대금": "26",
    "전일거래량": "399",
    "시가": "15,850",
    "고가": "15,900",
    "저가": "15,500",
    "매수호가": "15,650",
    "매도호가": "15,850",
    "매수총잔량": "250",
    "매도총잔량": "1,477",
    "상장주식수": "2,800",
    "시가총액": "438",
    "매출액": "617",
    "자산총계": "2,827",
    "부채총계": "1,048",
    "영업이익": "-17",
    "당기순이익": "-48",
    "주당순이익": "-1,897",
    "보통주배당금": "N/A",
    "매출액증가율": "-10.70",
    "영업이익증가율": "-452.50",
    "외국인비율": "0.21",
    "PER": "-8.25",
    "ROE": "-4.35",
    "ROA": "-1.67",
    "PBR": "0.44",
    "유보율": "626.8",
    "code": "000760"
}