{
    "N": "125",
    "종목명": "한화",
    "현재가": "29,500",
    "상태": "상승",
    "전일비": "150",
    "등락률": "+0.51%",
    "액면가": "5,000",
    "거래량": "863,651",
    "거래대금": "25,378",
    "전일거래량": "1,120,170",
    "시가": "29,200",
    "고가": "29,900",
    "저가": "28,850",
    "매수호가": "29,500",
    "매도호가": "29,550",
    "매수총잔량": "27,898",
    "매도총잔량": "94,787",
    "상장주식수": "74,959",
    "시가총액": "22,113",
    "매출액": "504,124",
    "자산총계": "1,822,862",
    "부채총계": "1,640,222",
    "영업이익": "11,257",
    "당기순이익": "2,311",
    "주당순이익": "2,454",
    "보통주배당금": "700",
    "매출액증가율": "3.43",
    "영업이익증가율": "-37.67",
    "외국인비율": "19.56",
    "PER": "12.02",
    "ROE": "2.09",
    "ROA": "0.13",
    "PBR": "0.54",
    "유보율": "834.8",
    "code": "000880"
}