{
    "N": "709",
    "종목명": "보해양조",
    "현재가": "925",
    "상태": "하락",
    "전일비": "5",
    "등락률": "-0.54%",
    "액면가": "500",
    "거래량": "1,166,882",
    "거래대금": "1,078",
    "전일거래량": "1,511,562",
    "시가": "923",
    "고가": "932",
    "저가": "921",
    "매수호가": "925",
    "매도호가": "926",
    "매수총잔량": "82,723",
    "매도총잔량": "95,389",
    "상장주식수": "127,449",
    "시가총액": "1,179",
    "매출액": "760",
    "자산총계": "1,673",
    "부채총계": "873",
    "영업이익": "-111",
    "당기순이익": "-147",
    "주당순이익": "-121",
    "보통주배당금": "0",
    "매출액증가율": "-7.31",
    "영업이익증가율": "-0.63",
    "외국인비율": "0.98",
    "PER": "-7.64",
    "ROE": "-19.66",
    "ROA": "-7.99",
    "PBR": "1.44",
    "유보율": "26.3",
    "code": "000890"
}