{
    "N": "655",
    "종목명": "강남제비스코",
    "현재가": "21,600",
    "전일비": "0",
    "등락률": "0.00%",
    "액면가": "1,000",
    "거래량": "27,120",
    "거래대금": "581",
    "전일거래량": "23,654",
    "시가": "21,650",
    "고가": "21,800",
    "저가": "21,100",
    "매수호가": "21,500",
    "매도호가": "21,600",
    "매수총잔량": "7,037",
    "매도총잔량": "3,639",
    "상장주식수": "6,500",
    "시가총액": "1,404",
    "매출액": "3,325",
    "자산총계": "6,723",
    "부채총계": "1,111",
    "영업이익": "-20",
    "당기순이익": "174",
    "주당순이익": "2,460",
    "보통주배당금": "500",
    "매출액증가율": "8.31",
    "영업이익증가율": "-215.76",
    "외국인비율": "9.58",
    "PER": "8.78",
    "ROE": "2.80",
    "ROA": "2.62",
    "PBR": "0.26",
    "유보율": "7,964.7",
    "code": "000860"
}