{
    "N": "34",
    "종목명": "삼성화재",
    "현재가": "186,500",
    "상태": "상승",
    "전일비": "3,500",
    "등락률": "+1.91%",
    "액면가": "500",
    "거래량": "176,538",
    "거래대금": "32,515",
    "전일거래량": "265,130",
    "시가": "183,000",
    "고가": "187,000",
    "저가": "182,000",
    "매수호가": "186,000",
    "매도호가": "186,500",
    "매수총잔량": "36,168",
    "매도총잔량": "28,420",
    "상장주식수": "47,375",
    "시가총액": "88,354",
    "매출액": "230,334",
    "자산총계": "851,722",
    "부채총계": "708,507",
    "영업이익": "8,626",
    "당기순이익": "6,456",
    "주당순이익": "13,677",
    "보통주배당금": "8,500",
    "매출액증가율": "3.71",
    "영업이익증가율": "-40.54",
    "외국인비율": "44.41",
    "PER": "13.64",
    "ROE": "4.85",
    "ROA": "0.78",
    "PBR": "0.52",
    "유보율": "59,601.2",
    "code": "000810"
}