{
    "N": "872",
    "종목명": "화천기공",
    "현재가": "32,050",
    "상태": "하락",
    "전일비": "100",
    "등락률": "-0.31%",
    "액면가": "5,000",
    "거래량": "13,079",
    "거래대금": "418",
    "전일거래량": "11,796",
    "시가": "32,150",
    "고가": "32,350",
    "저가": "31,850",
    "매수호가": "32,050",
    "매도호가": "32,100",
    "매수총잔량": "1,755",
    "매도총잔량": "1,031",
    "상장주식수": "2,200",
    "시가총액": "705",
    "매출액": "2,065",
    "자산총계": "3,749",
    "부채총계": "783",
    "영업이익": "69",
    "당기순이익": "75",
    "주당순이익": "1,123",
    "보통주배당금": "1,250",
    "매출액증가율": "-4.21",
    "영업이익증가율": "-19.70",
    "외국인비율": "7.62",
    "PER": "28.54",
    "ROE": "2.55",
    "ROA": "1.96",
    "PBR": "0.24",
    "유보율": "1,870.5",
    "code": "000850"
}