{
    "N": "1135",
    "종목명": "한화우",
    "현재가": "46,000",
    "상태": "상승",
    "전일비": "2,150",
    "등락률": "+4.90%",
    "액면가": "5,000",
    "거래량": "6,588",
    "거래대금": "304",
    "전일거래량": "2,507",
    "시가": "44,500",
    "고가": "47,450",
    "저가": "44,500",
    "매수호가": "46,000",
    "매도호가": "46,300",
    "매수총잔량": "658",
    "매도총잔량": "629",
    "상장주식수": "479",
    "시가총액": "220",
    "매출액": "N/A",
    "자산총계": "N/A",
    "부채총계": "N/A",
    "영업이익": "N/A",
    "당기순이익": "N/A",
    "주당순이익": "2,454",
    "보통주배당금": "N/A",
    "매출액증가율": "N/A",
    "영업이익증가율": "N/A",
    "외국인비율": "0.62",
    "PER": "18.74",
    "ROE": "N/A",
    "ROA": "N/A",
    "PBR": "0.85",
    "유보율": "N/A",
    "code": "000885"
}