{
    "N": "956",
    "종목명": "전방",
    "현재가": "30,100",
    "상태": "하락",
    "전일비": "50",
    "등락률": "-0.17%",
    "액면가": "5,000",
    "거래량": "4,659",
    "거래대금": "139",
    "전일거래량": "4,649",
    "시가": "30,200",
    "고가": "30,200",
    "저가": "29,650",
    "매수호가": "30,050",
    "매도호가": "30,100",
    "매수총잔량": "707",
    "매도총잔량": "873",
    "상장주식수": "1,680",
    "시가총액": "506",
    "매출액": "1,375",
    "자산총계": "3,265",
    "부채총계": "2,421",
    "영업이익": "-305",
    "당기순이익": "-403",
    "주당순이익": "-16,748",
    "보통주배당금": "N/A",
    "매출액증가율": "-7.93",
    "영업이익증가율": "-249.87",
    "외국인비율": "0.51",
    "PER": "-1.80",
    "ROE": "-38.44",
    "ROA": "-11.66",
    "PBR": "0.52",
    "유보율": "817.4",
    "code": "000950"
}