{
    "N": "124",
    "종목명": "DB하이텍",
    "현재가": "49,900",
    "상태": "하락",
    "전일비": "1,200",
    "등락률": "-2.35%",
    "액면가": "5,000",
    "거래량": "2,394,591",
    "거래대금": "118,760",
    "전일거래량": "2,271,924",
    "시가": "50,300",
    "고가": "51,100",
    "저가": "48,700",
    "매수호가": "49,900",
    "매도호가": "49,950",
    "매수총잔량": "53,197",
    "매도총잔량": "47,985",
    "상장주식수": "44,399",
    "시가총액": "22,155",
    "매출액": "8,074",
    "자산총계": "10,889",
    "부채총계": "4,442",
    "영업이익": "1,813",
    "당기순이익": "1,046",
    "주당순이익": "3,706",
    "보통주배당금": "350",
    "매출액증가율": "20.64",
    "영업이익증가율": "60.45",
    "외국인비율": "27.47",
    "PER": "13.46",
    "ROE": "17.40",
    "ROA": "9.71",
    "PBR": "2.77",
    "유보율": "226.3",
    "code": "000990"
}