{
    "N": "783",
    "종목명": "유니온",
    "현재가": "6,160",
    "상태": "상승",
    "전일비": "10",
    "등락률": "+0.16%",
    "액면가": "500",
    "거래량": "323,112",
    "거래대금": "1,976",
    "전일거래량": "299,589",
    "시가": "6,080",
    "고가": "6,180",
    "저가": "6,010",
    "매수호가": "6,150",
    "매도호가": "6,160",
    "매수총잔량": "26,002",
    "매도총잔량": "27,805",
    "상장주식수": "15,612",
    "시가총액": "962",
    "매출액": "2,124",
    "자산총계": "3,252",
    "부채총계": "1,824",
    "영업이익": "109",
    "당기순이익": "-126",
    "주당순이익": "-347",
    "보통주배당금": "100",
    "매출액증가율": "1.71",
    "영업이익증가율": "1,618.95",
    "외국인비율": "1.24",
    "PER": "-17.75",
    "ROE": "-14.93",
    "ROA": "-4.00",
    "PBR": "0.95",
    "유보율": "1,180.0",
    "code": "000910"
}