{
    "N": "1269",
    "종목명": "DB하이텍1우",
    "현재가": "113,500",
    "상태": "하락",
    "전일비": "1,500",
    "등락률": "-1.30%",
    "액면가": "5,000",
    "거래량": "1,977",
    "거래대금": "221",
    "전일거래량": "3,630",
    "시가": "113,500",
    "고가": "113,500",
    "저가": "110,500",
    "매수호가": "113,000",
    "매도호가": "113,500",
    "매수총잔량": "695",
    "매도총잔량": "304",
    "상장주식수": "112",
    "시가총액": "127",
    "매출액": "N/A",
    "자산총계": "N/A",
    "부채총계": "N/A",
    "영업이익": "N/A",
    "당기순이익": "N/A",
    "주당순이익": "3,706",
    "보통주배당금": "N/A",
    "매출액증가율": "N/A",
    "영업이익증가율": "N/A",
    "외국인비율": "1.07",
    "PER": "30.63",
    "ROE": "N/A",
    "ROA": "N/A",
    "PBR": "6.31",
    "유보율": "N/A",
    "code": "000995"
}