{
    "N": "234",
    "종목명": "JW중외제약",
    "현재가": "36,350",
    "상태": "상승",
    "전일비": "150",
    "등락률": "+0.41%",
    "액면가": "2,500",
    "거래량": "310,534",
    "거래대금": "11,145",
    "전일거래량": "429,024",
    "시가": "36,200",
    "고가": "36,450",
    "저가": "35,100",
    "매수호가": "36,300",
    "매도호가": "36,350",
    "매수총잔량": "15,590",
    "매도총잔량": "16,510",
    "상장주식수": "20,920",
    "시가총액": "7,604",
    "매출액": "5,113",
    "자산총계": "5,732",
    "부채총계": "3,431",
    "영업이익": "-190",
    "당기순이익": "-253",
    "주당순이익": "-1,378",
    "보통주배당금": "307",
    "매출액증가율": "-4.81",
    "영업이익증가율": "-188.09",
    "외국인비율": "5.68",
    "PER": "-26.38",
    "ROE": "-10.31",
    "ROA": "-4.33",
    "PBR": "3.82",
    "유보율": "344.1",
    "code": "001060"
}