{
    "N": "853",
    "종목명": "만호제강",
    "현재가": "18,300",
    "상태": "상승",
    "전일비": "450",
    "등락률": "+2.52%",
    "액면가": "1,000",
    "거래량": "9,062",
    "거래대금": "164",
    "전일거래량": "9,743",
    "시가": "17,900",
    "고가": "18,550",
    "저가": "17,850",
    "매수호가": "18,200",
    "매도호가": "18,300",
    "매수총잔량": "2,614",
    "매도총잔량": "1,857",
    "상장주식수": "4,150",
    "시가총액": "759",
    "매출액": "1,964",
    "자산총계": "2,498",
    "부채총계": "175",
    "영업이익": "-4",
    "당기순이익": "13",
    "주당순이익": "184",
    "보통주배당금": "200",
    "매출액증가율": "-6.09",
    "영업이익증가율": "72.93",
    "외국인비율": "4.77",
    "PER": "99.46",
    "ROE": "0.55",
    "ROA": "0.51",
    "PBR": "0.24",
    "유보율": "5,914.6",
    "code": "001080"
}