{
    "N": "516",
    "종목명": "대한방직",
    "현재가": "40,400",
    "상태": "상승",
    "전일비": "600",
    "등락률": "+1.51%",
    "액면가": "1,000",
    "거래량": "12,489",
    "거래대금": "499",
    "전일거래량": "10,931",
    "시가": "39,850",
    "고가": "40,500",
    "저가": "39,800",
    "매수호가": "40,400",
    "매도호가": "40,500",
    "매수총잔량": "1,134",
    "매도총잔량": "1,193",
    "상장주식수": "5,300",
    "시가총액": "2,141",
    "매출액": "1,563",
    "자산총계": "1,977",
    "부채총계": "717",
    "영업이익": "-130",
    "당기순이익": "-160",
    "주당순이익": "-1,507",
    "보통주배당금": "N/A",
    "매출액증가율": "-25.20",
    "영업이익증가율": "-3.88",
    "외국인비율": "0.66",
    "PER": "-26.81",
    "ROE": "-10.27",
    "ROA": "-6.86",
    "PBR": "1.13",
    "유보율": "2,432.3",
    "code": "001070"
}