{
    "N": "678",
    "종목명": "CJ우",
    "현재가": "58,100",
    "상태": "상승",
    "전일비": "900",
    "등락률": "+1.57%",
    "액면가": "5,000",
    "거래량": "16,226",
    "거래대금": "936",
    "전일거래량": "127,433",
    "시가": "57,800",
    "고가": "58,300",
    "저가": "56,500",
    "매수호가": "58,100",
    "매도호가": "58,200",
    "매수총잔량": "4,925",
    "매도총잔량": "2,134",
    "상장주식수": "2,260",
    "시가총액": "1,313",
    "매출액": "N/A",
    "자산총계": "N/A",
    "부채총계": "N/A",
    "영업이익": "N/A",
    "당기순이익": "N/A",
    "주당순이익": "6,020",
    "보통주배당금": "N/A",
    "매출액증가율": "N/A",
    "영업이익증가율": "N/A",
    "외국인비율": "14.43",
    "PER": "9.65",
    "ROE": "N/A",
    "ROA": "N/A",
    "PBR": "0.41",
    "유보율": "N/A",
    "code": "001045"
}