{
    "N": "420",
    "종목명": "CJ4우(전환)",
    "현재가": "74,700",
    "상태": "상승",
    "전일비": "2,000",
    "등락률": "+2.75%",
    "액면가": "5,000",
    "거래량": "21,122",
    "거래대금": "1,547",
    "전일거래량": "23,399",
    "시가": "72,300",
    "고가": "74,800",
    "저가": "72,200",
    "매수호가": "74,300",
    "매도호가": "74,700",
    "매수총잔량": "1,563",
    "매도총잔량": "2,164",
    "상장주식수": "4,227",
    "시가총액": "3,157",
    "매출액": "N/A",
    "자산총계": "N/A",
    "부채총계": "N/A",
    "영업이익": "N/A",
    "당기순이익": "N/A",
    "주당순이익": "6,020",
    "보통주배당금": "N/A",
    "매출액증가율": "N/A",
    "영업이익증가율": "N/A",
    "외국인비율": "7.49",
    "PER": "12.41",
    "ROE": "N/A",
    "ROA": "N/A",
    "PBR": "0.52",
    "유보율": "N/A",
    "code": "00104K"
}