{
    "N": "1526",
    "종목명": "JW중외제약2우B",
    "현재가": "57,000",
    "전일비": "0",
    "등락률": "0.00%",
    "액면가": "2,500",
    "거래량": "670",
    "거래대금": "37",
    "전일거래량": "1,884",
    "시가": "54,100",
    "고가": "57,000",
    "저가": "54,100",
    "매수호가": "56,500",
    "매도호가": "57,000",
    "매수총잔량": "449",
    "매도총잔량": "203",
    "상장주식수": "90",
    "시가총액": "52",
    "매출액": "N/A",
    "자산총계": "N/A",
    "부채총계": "N/A",
    "영업이익": "N/A",
    "당기순이익": "N/A",
    "주당순이익": "-1,378",
    "보통주배당금": "N/A",
    "매출액증가율": "N/A",
    "영업이익증가율": "N/A",
    "외국인비율": "0.59",
    "PER": "-41.36",
    "ROE": "N/A",
    "ROA": "N/A",
    "PBR": "5.99",
    "유보율": "N/A",
    "code": "001067"
}