{
    "N": "104",
    "종목명": "CJ",
    "현재가": "94,000",
    "상태": "상승",
    "전일비": "1,900",
    "등락률": "+2.06%",
    "액면가": "5,000",
    "거래량": "230,472",
    "거래대금": "21,391",
    "전일거래량": "173,838",
    "시가": "92,000",
    "고가": "94,400",
    "저가": "90,900",
    "매수호가": "94,000",
    "매도호가": "94,100",
    "매수총잔량": "10,594",
    "매도총잔량": "11,534",
    "상장주식수": "29,177",
    "시가총액": "27,426",
    "매출액": "337,797",
    "자산총계": "403,814",
    "부채총계": "257,663",
    "영업이익": "15,092",
    "당기순이익": "3,238",
    "주당순이익": "6,020",
    "보통주배당금": "1,850",
    "매출액증가율": "14.42",
    "영업이익증가율": "13.26",
    "외국인비율": "19.81",
    "PER": "15.61",
    "ROE": "6.24",
    "ROA": "0.90",
    "PBR": "0.66",
    "유보율": "2,528.0",
    "code": "001040"
}