{
    "N": "1446",
    "종목명": "JW중외제약우",
    "현재가": "41,400",
    "상태": "하락",
    "전일비": "100",
    "등락률": "-0.24%",
    "액면가": "2,500",
    "거래량": "1,928",
    "거래대금": "79",
    "전일거래량": "2,153",
    "시가": "41,600",
    "고가": "41,600",
    "저가": "41,400",
    "매수호가": "41,400",
    "매도호가": "41,450",
    "매수총잔량": "384",
    "매도총잔량": "938",
    "상장주식수": "172",
    "시가총액": "71",
    "매출액": "N/A",
    "자산총계": "N/A",
    "부채총계": "N/A",
    "영업이익": "N/A",
    "당기순이익": "N/A",
    "주당순이익": "-1,378",
    "보통주배당금": "N/A",
    "매출액증가율": "N/A",
    "영업이익증가율": "N/A",
    "외국인비율": "0.29",
    "PER": "-30.04",
    "ROE": "N/A",
    "ROA": "N/A",
    "PBR": "4.35",
    "유보율": "N/A",
    "code": "001065"
}