{
    "N": "814",
    "종목명": "페이퍼코리아",
    "현재가": "2,465",
    "상태": "상승",
    "전일비": "35",
    "등락률": "+1.44%",
    "액면가": "500",
    "거래량": "224,210",
    "거래대금": "549",
    "전일거래량": "202,970",
    "시가": "2,395",
    "고가": "2,485",
    "저가": "2,395",
    "매수호가": "2,455",
    "매도호가": "2,465",
    "매수총잔량": "34,813",
    "매도총잔량": "28,759",
    "상장주식수": "35,426",
    "시가총액": "873",
    "매출액": "2,656",
    "자산총계": "6,279",
    "부채총계": "6,148",
    "영업이익": "-13",
    "당기순이익": "-278",
    "주당순이익": "-376",
    "보통주배당금": "0",
    "매출액증가율": "-35.57",
    "영업이익증가율": "-159.59",
    "외국인비율": "0.78",
    "PER": "-6.56",
    "ROE": "-136.14",
    "ROA": "-4.58",
    "PBR": "3.97",
    "유보율": "-155.6",
    "code": "001020"
}