{
    "N": "459",
    "종목명": "대한제분",
    "현재가": "156,500",
    "상태": "하락",
    "전일비": "6,500",
    "등락률": "-3.99%",
    "액면가": "5,000",
    "거래량": "26,989",
    "거래대금": "4,241",
    "전일거래량": "11,405",
    "시가": "162,000",
    "고가": "162,000",
    "저가": "155,000",
    "매수호가": "156,000",
    "매도호가": "156,500",
    "매수총잔량": "5,120",
    "매도총잔량": "983",
    "상장주식수": "1,690",
    "시가총액": "2,645",
    "매출액": "9,339",
    "자산총계": "10,051",
    "부채총계": "2,453",
    "영업이익": "235",
    "당기순이익": "170",
    "주당순이익": "15,994",
    "보통주배당금": "2,000",
    "매출액증가율": "8.01",
    "영업이익증가율": "-28.40",
    "외국인비율": "10.45",
    "PER": "9.78",
    "ROE": "2.25",
    "ROA": "1.77",
    "PBR": "0.33",
    "유보율": "8,705.7",
    "code": "001130"
}