{
    "N": "801",
    "종목명": "국보",
    "현재가": "1,850",
    "상태": "상승",
    "전일비": "65",
    "등락률": "+3.64%",
    "액면가": "500",
    "거래량": "545,160",
    "거래대금": "981",
    "전일거래량": "354,686",
    "시가": "1,770",
    "고가": "1,850",
    "저가": "1,765",
    "매수호가": "1,850",
    "매도호가": "1,855",
    "매수총잔량": "27,814",
    "매도총잔량": "42,560",
    "상장주식수": "49,376",
    "시가총액": "913",
    "매출액": "891",
    "자산총계": "1,327",
    "부채총계": "889",
    "영업이익": "-10",
    "당기순이익": "-77",
    "주당순이익": "20",
    "보통주배당금": "0",
    "매출액증가율": "24.51",
    "영업이익증가율": "81.71",
    "외국인비율": "0.17",
    "PER": "92.50",
    "ROE": "-36.39",
    "ROA": "-8.55",
    "PBR": "2.59",
    "유보율": "167.6",
    "code": "001140"
}