{
    "N": "191",
    "종목명": "LG상사",
    "현재가": "26,550",
    "상태": "하락",
    "전일비": "200",
    "등락률": "-0.75%",
    "액면가": "5,000",
    "거래량": "519,365",
    "거래대금": "13,822",
    "전일거래량": "1,573,513",
    "시가": "26,700",
    "고가": "27,250",
    "저가": "26,200",
    "매수호가": "26,550",
    "매도호가": "26,600",
    "매수총잔량": "31,897",
    "매도총잔량": "59,443",
    "상장주식수": "38,760",
    "시가총액": "10,291",
    "매출액": "105,309",
    "자산총계": "48,760",
    "부채총계": "33,274",
    "영업이익": "1,348",
    "당기순이익": "-149",
    "주당순이익": "3,670",
    "보통주배당금": "300",
    "매출액증가율": "5.43",
    "영업이익증가율": "-18.64",
    "외국인비율": "22.11",
    "PER": "7.23",
    "ROE": "2.49",
    "ROA": "-0.30",
    "PBR": "0.69",
    "유보율": "515.2",
    "code": "001120"
}