{
    "N": "765",
    "종목명": "상상인증권",
    "현재가": "1,065",
    "상태": "상승",
    "전일비": "15",
    "등락률": "+1.43%",
    "액면가": "1,000",
    "거래량": "250,848",
    "거래대금": "265",
    "전일거래량": "85,609",
    "시가": "1,060",
    "고가": "1,070",
    "저가": "1,050",
    "매수호가": "1,065",
    "매도호가": "1,070",
    "매수총잔량": "38,551",
    "매도총잔량": "38,088",
    "상장주식수": "96,108",
    "시가총액": "1,024",
    "매출액": "342",
    "자산총계": "4,714",
    "부채총계": "3,184",
    "영업이익": "-54",
    "당기순이익": "-80",
    "주당순이익": "56",
    "보통주배당금": "N/A",
    "매출액증가율": "-0.47",
    "영업이익증가율": "52.83",
    "외국인비율": "0.39",
    "PER": "19.02",
    "ROE": "-6.42",
    "ROA": "-1.66",
    "PBR": "0.60",
    "유보율": "60.6",
    "code": "001290"
}