{
    "N": "583",
    "종목명": "GS글로벌",
    "현재가": "2,090",
    "상태": "상승",
    "전일비": "110",
    "등락률": "+5.56%",
    "액면가": "2,500",
    "거래량": "3,543,164",
    "거래대금": "7,384",
    "전일거래량": "580,388",
    "시가": "1,960",
    "고가": "2,155",
    "저가": "1,960",
    "매수호가": "2,085",
    "매도호가": "2,090",
    "매수총잔량": "171,398",
    "매도총잔량": "66,840",
    "상장주식수": "82,534",
    "시가총액": "1,725",
    "매출액": "38,894",
    "자산총계": "12,052",
    "부채총계": "8,253",
    "영업이익": "583",
    "당기순이익": "-167",
    "주당순이익": "-200",
    "보통주배당금": "N/A",
    "매출액증가율": "-4.17",
    "영업이익증가율": "3.83",
    "외국인비율": "3.81",
    "PER": "-10.45",
    "ROE": "-4.61",
    "ROA": "-1.31",
    "PBR": "0.46",
    "유보율": "81.1",
    "code": "001250"
}