{
    "N": "363",
    "종목명": "유진투자증권",
    "현재가": "4,080",
    "상태": "상승",
    "전일비": "155",
    "등락률": "+3.95%",
    "액면가": "5,000",
    "거래량": "2,309,328",
    "거래대금": "9,358",
    "전일거래량": "547,723",
    "시가": "3,900",
    "고가": "4,120",
    "저가": "3,900",
    "매수호가": "4,080",
    "매도호가": "4,085",
    "매수총잔량": "43,669",
    "매도총잔량": "152,179",
    "상장주식수": "96,866",
    "시가총액": "3,952",
    "매출액": "9,767",
    "자산총계": "77,384",
    "부채총계": "69,488",
    "영업이익": "582",
    "당기순이익": "413",
    "주당순이익": "653",
    "보통주배당금": "70",
    "매출액증가율": "19.61",
    "영업이익증가율": "-11.60",
    "외국인비율": "7.43",
    "PER": "6.25",
    "ROE": "5.36",
    "ROA": "0.55",
    "PBR": "0.45",
    "유보율": "46.9",
    "code": "001200"
}