{
    "N": "217",
    "종목명": "동국제강",
    "현재가": "9,130",
    "상태": "상승",
    "전일비": "450",
    "등락률": "+5.18%",
    "액면가": "5,000",
    "거래량": "5,622,563",
    "거래대금": "51,698",
    "전일거래량": "2,833,807",
    "시가": "8,700",
    "고가": "9,560",
    "저가": "8,640",
    "매수호가": "9,130",
    "매도호가": "9,140",
    "매수총잔량": "59,842",
    "매도총잔량": "55,965",
    "상장주식수": "95,433",
    "시가총액": "8,713",
    "매출액": "56,584",
    "자산총계": "54,390",
    "부채총계": "34,939",
    "영업이익": "1,646",
    "당기순이익": "-817",
    "주당순이익": "-570",
    "보통주배당금": "N/A",
    "매출액증가율": "-5.14",
    "영업이익증가율": "13.52",
    "외국인비율": "26.49",
    "PER": "-16.02",
    "ROE": "-3.63",
    "ROA": "-1.46",
    "PBR": "0.42",
    "유보율": "85.2",
    "code": "001230"
}