{
    "N": "514",
    "종목명": "부국증권",
    "현재가": "20,850",
    "상태": "상승",
    "전일비": "50",
    "등락률": "+0.24%",
    "액면가": "5,000",
    "거래량": "6,594",
    "거래대금": "137",
    "전일거래량": "20,004",
    "시가": "20,800",
    "고가": "21,000",
    "저가": "20,650",
    "매수호가": "20,850",
    "매도호가": "20,950",
    "매수총잔량": "1,379",
    "매도총잔량": "1,411",
    "상장주식수": "10,370",
    "시가총액": "2,162",
    "매출액": "6,100",
    "자산총계": "14,813",
    "부채총계": "9,953",
    "영업이익": "360",
    "당기순이익": "274",
    "주당순이익": "3,741",
    "보통주배당금": "1,200",
    "매출액증가율": "-2.74",
    "영업이익증가율": "-3.45",
    "외국인비율": "0.87",
    "PER": "5.57",
    "ROE": "5.80",
    "ROA": "1.89",
    "PBR": "0.35",
    "유보율": "714.5",
    "code": "001270"
}