{
    "N": "654",
    "종목명": "남광토건",
    "현재가": "14,300",
    "상태": "상승",
    "전일비": "850",
    "등락률": "+6.32%",
    "액면가": "5,000",
    "거래량": "517,260",
    "거래대금": "7,440",
    "전일거래량": "149,655",
    "시가": "13,250",
    "고가": "15,400",
    "저가": "13,150",
    "매수호가": "14,250",
    "매도호가": "14,300",
    "매수총잔량": "9,166",
    "매도총잔량": "9,249",
    "상장주식수": "9,829",
    "시가총액": "1,406",
    "매출액": "2,362",
    "자산총계": "2,026",
    "부채총계": "1,497",
    "영업이익": "48",
    "당기순이익": "39",
    "주당순이익": "712",
    "보통주배당금": "0",
    "매출액증가율": "50.27",
    "영업이익증가율": "-56.73",
    "외국인비율": "0.57",
    "PER": "20.08",
    "ROE": "7.58",
    "ROA": "2.20",
    "PBR": "2.39",
    "유보율": "83.5",
    "code": "001260"
}