{
    "N": "308",
    "종목명": "삼성제약",
    "현재가": "8,280",
    "상태": "",
    "전일비": "1,910",
    "등락률": "+29.98%",
    "액면가": "500",
    "거래량": "5,011,568",
    "거래대금": "38,456",
    "전일거래량": "5,322,295",
    "시가": "6,510",
    "고가": "8,280",
    "저가": "6,510",
    "매수호가": "8,280",
    "매도호가": "0",
    "매수총잔량": "3,062,469",
    "매도총잔량": "0",
    "상장주식수": "61,550",
    "시가총액": "5,096",
    "매출액": "446",
    "자산총계": "1,685",
    "부채총계": "257",
    "영업이익": "-65",
    "당기순이익": "69",
    "주당순이익": "-182",
    "보통주배당금": "N/A",
    "매출액증가율": "-4.13",
    "영업이익증가율": "-35.28",
    "외국인비율": "4.37",
    "PER": "-45.49",
    "ROE": "5.02",
    "ROA": "4.18",
    "PBR": "3.81",
    "유보율": "295.9",
    "code": "001360"
}