{
    "N": "622",
    "종목명": "백광산업",
    "현재가": "3,425",
    "상태": "상승",
    "전일비": "80",
    "등락률": "+2.39%",
    "액면가": "500",
    "거래량": "964,747",
    "거래대금": "3,275",
    "전일거래량": "454,798",
    "시가": "3,330",
    "고가": "3,440",
    "저가": "3,315",
    "매수호가": "3,420",
    "매도호가": "3,425",
    "매수총잔량": "34,157",
    "매도총잔량": "80,873",
    "상장주식수": "44,918",
    "시가총액": "1,538",
    "매출액": "1,684",
    "자산총계": "3,288",
    "부채총계": "1,615",
    "영업이익": "212",
    "당기순이익": "160",
    "주당순이익": "216",
    "보통주배당금": "75",
    "매출액증가율": "N/A",
    "영업이익증가율": "N/A",
    "외국인비율": "1.96",
    "PER": "15.86",
    "ROE": "N/A",
    "ROA": "N/A",
    "PBR": "0.86",
    "유보율": "348.1",
    "code": "001340"
}