{
    "N": "778",
    "종목명": "SG충방",
    "현재가": "2,170",
    "상태": "하락",
    "전일비": "10",
    "등락률": "-0.46%",
    "액면가": "500",
    "거래량": "299,067",
    "거래대금": "646",
    "전일거래량": "600,993",
    "시가": "2,140",
    "고가": "2,195",
    "저가": "2,130",
    "매수호가": "2,170",
    "매도호가": "2,175",
    "매수총잔량": "46,309",
    "매도총잔량": "60,848",
    "상장주식수": "44,964",
    "시가총액": "976",
    "매출액": "1,258",
    "자산총계": "2,041",
    "부채총계": "740",
    "영업이익": "39",
    "당기순이익": "8",
    "주당순이익": "-24",
    "보통주배당금": "N/A",
    "매출액증가율": "-6.50",
    "영업이익증가율": "-25.53",
    "외국인비율": "1.03",
    "PER": "-90.42",
    "ROE": "0.59",
    "ROA": "0.37",
    "PBR": "0.75",
    "유보율": "638.5",
    "code": "001380"
}