{
    "N": "414",
    "종목명": "KG케미칼",
    "현재가": "25,000",
    "상태": "하락",
    "전일비": "500",
    "등락률": "-1.96%",
    "액면가": "5,000",
    "거래량": "368,357",
    "거래대금": "9,186",
    "전일거래량": "692,114",
    "시가": "25,500",
    "고가": "25,700",
    "저가": "24,450",
    "매수호가": "24,950",
    "매도호가": "25,000",
    "매수총잔량": "28,151",
    "매도총잔량": "11,473",
    "상장주식수": "13,013",
    "시가총액": "3,253",
    "매출액": "20,684",
    "자산총계": "41,515",
    "부채총계": "28,000",
    "영업이익": "1,180",
    "당기순이익": "2,193",
    "주당순이익": "794",
    "보통주배당금": "350",
    "매출액증가율": "61.24",
    "영업이익증가율": "62.80",
    "외국인비율": "3.70",
    "PER": "31.49",
    "ROE": "32.69",
    "ROA": "7.75",
    "PBR": "0.87",
    "유보율": "470.5",
    "code": "001390"
}