{
    "N": "349",
    "종목명": "세아베스틸",
    "현재가": "11,600",
    "상태": "상승",
    "전일비": "800",
    "등락률": "+7.41%",
    "액면가": "5,000",
    "거래량": "1,555,533",
    "거래대금": "17,884",
    "전일거래량": "262,515",
    "시가": "10,800",
    "고가": "11,850",
    "저가": "10,700",
    "매수호가": "11,550",
    "매도호가": "11,600",
    "매수총잔량": "93,115",
    "매도총잔량": "175,487",
    "상장주식수": "35,862",
    "시가총액": "4,160",
    "매출액": "29,607",
    "자산총계": "35,769",
    "부채총계": "15,938",
    "영업이익": "440",
    "당기순이익": "192",
    "주당순이익": "-51",
    "보통주배당금": "300",
    "매출액증가율": "-9.68",
    "영업이익증가율": "-21.25",
    "외국인비율": "9.77",
    "PER": "-227.45",
    "ROE": "0.93",
    "ROA": "0.53",
    "PBR": "0.22",
    "유보율": "702.5",
    "code": "001430"
}