{
    "N": "286",
    "종목명": "삼부토건",
    "현재가": "4,380",
    "상태": "하락",
    "전일비": "145",
    "등락률": "-3.20%",
    "액면가": "1,000",
    "거래량": "4,911,997",
    "거래대금": "21,598",
    "전일거래량": "6,616,139",
    "시가": "4,445",
    "고가": "4,495",
    "저가": "4,315",
    "매수호가": "4,380",
    "매도호가": "4,385",
    "매수총잔량": "130,105",
    "매도총잔량": "142,605",
    "상장주식수": "137,546",
    "시가총액": "6,025",
    "매출액": "2,263",
    "자산총계": "4,207",
    "부채총계": "2,201",
    "영업이익": "50",
    "당기순이익": "74",
    "주당순이익": "62",
    "보통주배당금": "N/A",
    "매출액증가율": "27.54",
    "영업이익증가율": "152.91",
    "외국인비율": "0.49",
    "PER": "70.65",
    "ROE": "3.66",
    "ROA": "1.78",
    "PBR": "2.79",
    "유보율": "139.8",
    "code": "001470"
}