{
    "N": "1065",
    "종목명": "BYC우",
    "현재가": "140,000",
    "상태": "상승",
    "전일비": "500",
    "등락률": "+0.36%",
    "액면가": "5,000",
    "거래량": "775",
    "거래대금": "108",
    "전일거래량": "167",
    "시가": "139,500",
    "고가": "140,000",
    "저가": "138,500",
    "매수호가": "139,500",
    "매도호가": "140,000",
    "매수총잔량": "115",
    "매도총잔량": "1,229",
    "상장주식수": "215",
    "시가총액": "302",
    "매출액": "N/A",
    "자산총계": "N/A",
    "부채총계": "N/A",
    "영업이익": "N/A",
    "당기순이익": "N/A",
    "주당순이익": "21,155",
    "보통주배당금": "N/A",
    "매출액증가율": "N/A",
    "영업이익증가율": "N/A",
    "외국인비율": "0.29",
    "PER": "6.62",
    "ROE": "N/A",
    "ROA": "N/A",
    "PBR": "0.26",
    "유보율": "N/A",
    "code": "001465"
}