{
    "N": "131",
    "종목명": "현대해상",
    "현재가": "22,500",
    "상태": "상승",
    "전일비": "100",
    "등락률": "+0.45%",
    "액면가": "500",
    "거래량": "510,850",
    "거래대금": "11,372",
    "전일거래량": "397,341",
    "시가": "22,500",
    "고가": "22,550",
    "저가": "22,100",
    "매수호가": "22,450",
    "매도호가": "22,500",
    "매수총잔량": "96,430",
    "매도총잔량": "35,005",
    "상장주식수": "89,400",
    "시가총액": "20,115",
    "매출액": "168,459",
    "자산총계": "463,938",
    "부채총계": "418,834",
    "영업이익": "3,953",
    "당기순이익": "2,691",
    "주당순이익": "4,075",
    "보통주배당금": "880",
    "매출액증가율": "6.98",
    "영업이익증가율": "-25.90",
    "외국인비율": "37.41",
    "PER": "5.52",
    "ROE": "6.23",
    "ROA": "0.60",
    "PBR": "0.36",
    "유보율": "10,074.3",
    "code": "001450"
}