{
    "N": "566",
    "종목명": "BYC",
    "현재가": "291,000",
    "상태": "상승",
    "전일비": "3,500",
    "등락률": "+1.22%",
    "액면가": "5,000",
    "거래량": "743",
    "거래대금": "215",
    "전일거래량": "319",
    "시가": "287,500",
    "고가": "292,500",
    "저가": "286,500",
    "매수호가": "291,000",
    "매도호가": "292,000",
    "매수총잔량": "139",
    "매도총잔량": "142",
    "상장주식수": "625",
    "시가총액": "1,818",
    "매출액": "1,706",
    "자산총계": "6,939",
    "부채총계": "2,596",
    "영업이익": "234",
    "당기순이익": "278",
    "주당순이익": "21,155",
    "보통주배당금": "1,100",
    "매출액증가율": "-13.79",
    "영업이익증가율": "9.59",
    "외국인비율": "2.11",
    "PER": "13.76",
    "ROE": "6.60",
    "ROA": "3.88",
    "PBR": "0.55",
    "유보율": "10,281.0",
    "code": "001460"
}