{
    "N": "179",
    "종목명": "대한전선",
    "현재가": "1,365",
    "상태": "하락",
    "전일비": "20",
    "등락률": "-1.44%",
    "액면가": "500",
    "거래량": "5,820,642",
    "거래대금": "7,929",
    "전일거래량": "7,805,607",
    "시가": "1,370",
    "고가": "1,380",
    "저가": "1,340",
    "매수호가": "1,365",
    "매도호가": "1,370",
    "매수총잔량": "1,122,755",
    "매도총잔량": "542,930",
    "상장주식수": "856,473",
    "시가총액": "11,691",
    "매출액": "15,547",
    "자산총계": "12,351",
    "부채총계": "9,224",
    "영업이익": "332",
    "당기순이익": "-126",
    "주당순이익": "-18",
    "보통주배당금": "N/A",
    "매출액증가율": "-5.71",
    "영업이익증가율": "-32.83",
    "외국인비율": "2.10",
    "PER": "-75.83",
    "ROE": "-3.99",
    "ROA": "-1.05",
    "PBR": "3.70",
    "유보율": "45.2",
    "code": "001440"
}