{
    "N": "1057",
    "종목명": "태원물산",
    "현재가": "4,175",
    "상태": "상승",
    "전일비": "110",
    "등락률": "+2.71%",
    "액면가": "500",
    "거래량": "153,295",
    "거래대금": "641",
    "전일거래량": "110,703",
    "시가": "4,080",
    "고가": "4,310",
    "저가": "4,065",
    "매수호가": "4,170",
    "매도호가": "4,175",
    "매수총잔량": "1,392",
    "매도총잔량": "7,082",
    "상장주식수": "7,600",
    "시가총액": "317",
    "매출액": "219",
    "자산총계": "382",
    "부채총계": "60",
    "영업이익": "1",
    "당기순이익": "5",
    "주당순이익": "31",
    "보통주배당금": "85",
    "매출액증가율": "-0.04",
    "영업이익증가율": "49.20",
    "외국인비율": "1.09",
    "PER": "134.68",
    "ROE": "1.67",
    "ROA": "1.41",
    "PBR": "0.97",
    "유보율": "768.2",
    "code": "001420"
}