{
    "N": "863",
    "종목명": "제일연마",
    "현재가": "7,310",
    "상태": "상승",
    "전일비": "90",
    "등락률": "+1.25%",
    "액면가": "500",
    "거래량": "32,923",
    "거래대금": "241",
    "전일거래량": "6,341",
    "시가": "7,220",
    "고가": "7,410",
    "저가": "7,140",
    "매수호가": "7,310",
    "매도호가": "7,320",
    "매수총잔량": "3,707",
    "매도총잔량": "3,160",
    "상장주식수": "10,000",
    "시가총액": "731",
    "매출액": "811",
    "자산총계": "1,025",
    "부채총계": "185",
    "영업이익": "69",
    "당기순이익": "64",
    "주당순이익": "409",
    "보통주배당금": "220",
    "매출액증가율": "-1.36",
    "영업이익증가율": "27.88",
    "외국인비율": "4.87",
    "PER": "17.87",
    "ROE": "7.84",
    "ROA": "6.28",
    "PBR": "0.65",
    "유보율": "1,929.4",
    "code": "001560"
}