{
    "N": "768",
    "종목명": "조비",
    "현재가": "19,350",
    "상태": "상승",
    "전일비": "350",
    "등락률": "+1.84%",
    "액면가": "5,000",
    "거래량": "66,628",
    "거래대금": "1,280",
    "전일거래량": "43,460",
    "시가": "19,000",
    "고가": "19,400",
    "저가": "18,850",
    "매수호가": "19,250",
    "매도호가": "19,350",
    "매수총잔량": "8,625",
    "매도총잔량": "10,772",
    "상장주식수": "5,192",
    "시가총액": "1,005",
    "매출액": "709",
    "자산총계": "917",
    "부채총계": "437",
    "영업이익": "10",
    "당기순이익": "-1",
    "주당순이익": "617",
    "보통주배당금": "N/A",
    "매출액증가율": "17.16",
    "영업이익증가율": "-48.94",
    "외국인비율": "0.43",
    "PER": "31.36",
    "ROE": "-0.27",
    "ROA": "-0.14",
    "PBR": "1.97",
    "유보율": "88.1",
    "code": "001550"
}