{
    "N": "1562",
    "종목명": "동양2우B",
    "현재가": "12,100",
    "전일비": "0",
    "등락률": "0.00%",
    "액면가": "500",
    "거래량": "393",
    "거래대금": "4",
    "전일거래량": "130",
    "시가": "12,300",
    "고가": "12,300",
    "저가": "12,000",
    "매수호가": "12,000",
    "매도호가": "12,100",
    "매수총잔량": "1,043",
    "매도총잔량": "508",
    "상장주식수": "309",
    "시가총액": "37",
    "매출액": "N/A",
    "자산총계": "N/A",
    "부채총계": "N/A",
    "영업이익": "N/A",
    "당기순이익": "N/A",
    "주당순이익": "25",
    "보통주배당금": "N/A",
    "매출액증가율": "N/A",
    "영업이익증가율": "N/A",
    "외국인비율": "0.00",
    "PER": "484.00",
    "ROE": "N/A",
    "ROA": "N/A",
    "PBR": "2.96",
    "유보율": "N/A",
    "code": "001527"
}