{
    "N": "441",
    "종목명": "동양",
    "현재가": "1,220",
    "상태": "상승",
    "전일비": "5",
    "등락률": "+0.41%",
    "액면가": "500",
    "거래량": "571,212",
    "거래대금": "693",
    "전일거래량": "783,527",
    "시가": "1,215",
    "고가": "1,225",
    "저가": "1,205",
    "매수호가": "1,215",
    "매도호가": "1,220",
    "매수총잔량": "278,947",
    "매도총잔량": "328,374",
    "상장주식수": "238,684",
    "시가총액": "2,912",
    "매출액": "5,391",
    "자산총계": "10,174",
    "부채총계": "1,983",
    "영업이익": "-201",
    "당기순이익": "-23",
    "주당순이익": "25",
    "보통주배당금": "40",
    "매출액증가율": "1.76",
    "영업이익증가율": "-2,905.32",
    "외국인비율": "7.74",
    "PER": "48.80",
    "ROE": "-0.05",
    "ROA": "-0.23",
    "PBR": "0.30",
    "유보율": "732.5",
    "code": "001520"
}