{
    "N": "1575",
    "종목명": "동양3우B",
    "현재가": "29,100",
    "상태": "하락",
    "전일비": "100",
    "등락률": "-0.34%",
    "액면가": "500",
    "거래량": "167",
    "거래대금": "4",
    "전일거래량": "185",
    "시가": "29,300",
    "고가": "29,300",
    "저가": "28,800",
    "매수호가": "29,100",
    "매도호가": "29,150",
    "매수총잔량": "578",
    "매도총잔량": "610",
    "상장주식수": "90",
    "시가총액": "26",
    "매출액": "N/A",
    "자산총계": "N/A",
    "부채총계": "N/A",
    "영업이익": "N/A",
    "당기순이익": "N/A",
    "주당순이익": "25",
    "보통주배당금": "N/A",
    "매출액증가율": "N/A",
    "영업이익증가율": "N/A",
    "외국인비율": "0.56",
    "PER": "1,164.00",
    "ROE": "N/A",
    "ROA": "N/A",
    "PBR": "7.13",
    "유보율": "N/A",
    "code": "001529"
}