{
    "N": "1163",
    "종목명": "SK증권우",
    "현재가": "5,040",
    "전일비": "0",
    "등락률": "0.00%",
    "액면가": "500",
    "거래량": "28,043",
    "거래대금": "141",
    "전일거래량": "49,350",
    "시가": "5,040",
    "고가": "5,040",
    "저가": "5,020",
    "매수호가": "5,030",
    "매도호가": "5,040",
    "매수총잔량": "7,969",
    "매도총잔량": "4,246",
    "상장주식수": "3,913",
    "시가총액": "197",
    "매출액": "N/A",
    "자산총계": "N/A",
    "부채총계": "N/A",
    "영업이익": "N/A",
    "당기순이익": "N/A",
    "주당순이익": "15",
    "보통주배당금": "N/A",
    "매출액증가율": "N/A",
    "영업이익증가율": "N/A",
    "외국인비율": "1.77",
    "PER": "336.00",
    "ROE": "N/A",
    "ROA": "N/A",
    "PBR": "3.91",
    "유보율": "N/A",
    "code": "001515"
}