{
    "N": "374",
    "종목명": "SK증권",
    "현재가": "811",
    "상태": "상승",
    "전일비": "6",
    "등락률": "+0.75%",
    "액면가": "500",
    "거래량": "4,507,941",
    "거래대금": "3,628",
    "전일거래량": "4,556,469",
    "시가": "800",
    "고가": "812",
    "저가": "799",
    "매수호가": "810",
    "매도호가": "811",
    "매수총잔량": "635,006",
    "매도총잔량": "571,580",
    "상장주식수": "472,590",
    "시가총액": "3,833",
    "매출액": "5,502",
    "자산총계": "41,395",
    "부채총계": "35,693",
    "영업이익": "214",
    "당기순이익": "312",
    "주당순이익": "15",
    "보통주배당금": "10",
    "매출액증가율": "2.99",
    "영업이익증가율": "65.66",
    "외국인비율": "5.62",
    "PER": "54.07",
    "ROE": "5.62",
    "ROA": "0.79",
    "PBR": "0.63",
    "유보율": "140.9",
    "code": "001510"
}