{
    "N": "1552",
    "종목명": "동양우",
    "현재가": "7,020",
    "상태": "하락",
    "전일비": "30",
    "등락률": "-0.43%",
    "액면가": "500",
    "거래량": "2,689",
    "거래대금": "18",
    "전일거래량": "1,759",
    "시가": "7,410",
    "고가": "7,410",
    "저가": "6,930",
    "매수호가": "6,990",
    "매도호가": "7,020",
    "매수총잔량": "4,051",
    "매도총잔량": "1,609",
    "상장주식수": "618",
    "시가총액": "43",
    "매출액": "N/A",
    "자산총계": "N/A",
    "부채총계": "N/A",
    "영업이익": "N/A",
    "당기순이익": "N/A",
    "주당순이익": "25",
    "보통주배당금": "N/A",
    "매출액증가율": "N/A",
    "영업이익증가율": "N/A",
    "외국인비율": "0.30",
    "PER": "280.80",
    "ROE": "N/A",
    "ROA": "N/A",
    "PBR": "1.72",
    "유보율": "N/A",
    "code": "001525"
}