{
    "N": "440",
    "종목명": "금양",
    "현재가": "6,680",
    "상태": "하락",
    "전일비": "50",
    "등락률": "-0.74%",
    "액면가": "500",
    "거래량": "727,846",
    "거래대금": "4,842",
    "전일거래량": "1,328,426",
    "시가": "6,730",
    "고가": "6,830",
    "저가": "6,550",
    "매수호가": "6,660",
    "매도호가": "6,680",
    "매수총잔량": "24,146",
    "매도총잔량": "33,292",
    "상장주식수": "44,048",
    "시가총액": "2,942",
    "매출액": "1,727",
    "자산총계": "2,242",
    "부채총계": "1,559",
    "영업이익": "92",
    "당기순이익": "-109",
    "주당순이익": "-387",
    "보통주배당금": "N/A",
    "매출액증가율": "-15.93",
    "영업이익증가율": "-31.90",
    "외국인비율": "0.74",
    "PER": "-17.26",
    "ROE": "-14.85",
    "ROA": "-5.08",
    "PBR": "3.34",
    "유보율": "167.7",
    "code": "001570"
}