{
    "N": "357",
    "종목명": "DI동일",
    "현재가": "165,000",
    "상태": "상승",
    "전일비": "9,500",
    "등락률": "+6.11%",
    "액면가": "5,000",
    "거래량": "37,371",
    "거래대금": "5,890",
    "전일거래량": "37,133",
    "시가": "156,000",
    "고가": "165,000",
    "저가": "152,500",
    "매수호가": "164,500",
    "매도호가": "165,000",
    "매수총잔량": "401",
    "매도총잔량": "7,286",
    "상장주식수": "2,466",
    "시가총액": "4,068",
    "매출액": "9,395",
    "자산총계": "9,570",
    "부채총계": "4,315",
    "영업이익": "486",
    "당기순이익": "263",
    "주당순이익": "5,600",
    "보통주배당금": "1,567",
    "매출액증가율": "3.32",
    "영업이익증가율": "9.26",
    "외국인비율": "4.73",
    "PER": "29.46",
    "ROE": "2.55",
    "ROA": "2.77",
    "PBR": "0.60",
    "유보율": "4,258.7",
    "code": "001530"
}