{
    "N": "962",
    "종목명": "케이비아이동국실업",
    "현재가": "734",
    "상태": "상승",
    "전일비": "14",
    "등락률": "+1.94%",
    "액면가": "500",
    "거래량": "167,432",
    "거래대금": "122",
    "전일거래량": "321,513",
    "시가": "720",
    "고가": "745",
    "저가": "715",
    "매수호가": "734",
    "매도호가": "735",
    "매수총잔량": "2,184",
    "매도총잔량": "32,489",
    "상장주식수": "66,042",
    "시가총액": "485",
    "매출액": "6,156",
    "자산총계": "5,597",
    "부채총계": "3,833",
    "영업이익": "-140",
    "당기순이익": "3",
    "주당순이익": "-254",
    "보통주배당금": "N/A",
    "매출액증가율": "-5.42",
    "영업이익증가율": "-15.18",
    "외국인비율": "0.87",
    "PER": "-2.89",
    "ROE": "-1.19",
    "ROA": "0.05",
    "PBR": "0.30",
    "유보율": "499.5",
    "code": "001620"
}