{
    "N": "204",
    "종목명": "대상",
    "현재가": "27,050",
    "상태": "상승",
    "전일비": "1,250",
    "등락률": "+4.84%",
    "액면가": "1,000",
    "거래량": "699,144",
    "거래대금": "18,674",
    "전일거래량": "346,981",
    "시가": "25,800",
    "고가": "27,100",
    "저가": "25,750",
    "매수호가": "27,000",
    "매도호가": "27,050",
    "매수총잔량": "25,045",
    "매도총잔량": "51,120",
    "상장주식수": "34,648",
    "시가총액": "9,372",
    "매출액": "29,640",
    "자산총계": "23,971",
    "부채총계": "13,749",
    "영업이익": "1,298",
    "당기순이익": "1,089",
    "주당순이익": "4,180",
    "보통주배당금": "600",
    "매출액증가율": "0.24",
    "영업이익증가율": "8.03",
    "외국인비율": "15.98",
    "PER": "6.47",
    "ROE": "11.17",
    "ROA": "4.74",
    "PBR": "0.88",
    "유보율": "2,845.8",
    "code": "001680"
}