{
    "N": "1116",
    "종목명": "대상우",
    "현재가": "18,300",
    "상태": "상승",
    "전일비": "600",
    "등락률": "+3.39%",
    "액면가": "1,000",
    "거래량": "6,830",
    "거래대금": "123",
    "전일거래량": "10,223",
    "시가": "17,900",
    "고가": "18,300",
    "저가": "17,800",
    "매수호가": "18,250",
    "매도호가": "18,300",
    "매수총잔량": "2,016",
    "매도총잔량": "1,632",
    "상장주식수": "1,370",
    "시가총액": "251",
    "매출액": "N/A",
    "자산총계": "N/A",
    "부채총계": "N/A",
    "영업이익": "N/A",
    "당기순이익": "N/A",
    "주당순이익": "4,180",
    "보통주배당금": "N/A",
    "매출액증가율": "N/A",
    "영업이익증가율": "N/A",
    "외국인비율": "10.87",
    "PER": "4.38",
    "ROE": "N/A",
    "ROA": "N/A",
    "PBR": "0.60",
    "유보율": "N/A",
    "code": "001685"
}