{
    "N": "716",
    "종목명": "한양증권",
    "현재가": "9,100",
    "상태": "하락",
    "전일비": "40",
    "등락률": "-0.44%",
    "액면가": "5,000",
    "거래량": "55,610",
    "거래대금": "504",
    "전일거래량": "43,258",
    "시가": "9,140",
    "고가": "9,170",
    "저가": "9,030",
    "매수호가": "9,100",
    "매도호가": "9,110",
    "매수총잔량": "15,494",
    "매도총잔량": "4,536",
    "상장주식수": "12,729",
    "시가총액": "1,158",
    "매출액": "3,104",
    "자산총계": "18,222",
    "부채총계": "15,275",
    "영업이익": "296",
    "당기순이익": "222",
    "주당순이익": "3,243",
    "보통주배당금": "350",
    "매출액증가율": "51.36",
    "영업이익증가율": "426.43",
    "외국인비율": "4.79",
    "PER": "2.81",
    "ROE": "7.85",
    "ROA": "1.21",
    "PBR": "0.36",
    "유보율": "345.5",
    "code": "001750"
}