{
    "N": "311",
    "종목명": "신영증권",
    "현재가": "52,600",
    "상태": "하락",
    "전일비": "600",
    "등락률": "-1.13%",
    "액면가": "5,000",
    "거래량": "7,980",
    "거래대금": "419",
    "전일거래량": "7,478",
    "시가": "53,200",
    "고가": "53,200",
    "저가": "52,200",
    "매수호가": "52,600",
    "매도호가": "52,800",
    "매수총잔량": "2,307",
    "매도총잔량": "536",
    "상장주식수": "9,386",
    "시가총액": "4,937",
    "매출액": "25,676",
    "자산총계": "96,293",
    "부채총계": "84,605",
    "영업이익": "162",
    "당기순이익": "203",
    "주당순이익": "4,693",
    "보통주배당금": "2,500",
    "매출액증가율": "54.20",
    "영업이익증가율": "-84.34",
    "외국인비율": "7.32",
    "PER": "11.21",
    "ROE": "1.80",
    "ROA": "0.21",
    "PBR": "0.35",
    "유보율": "1,502.1",
    "code": "001720"
}