{
    "N": "542",
    "종목명": "대한제당",
    "현재가": "21,850",
    "상태": "하락",
    "전일비": "650",
    "등락률": "-2.89%",
    "액면가": "2,500",
    "거래량": "20,991",
    "거래대금": "461",
    "전일거래량": "14,212",
    "시가": "22,500",
    "고가": "22,500",
    "저가": "21,750",
    "매수호가": "21,850",
    "매도호가": "21,900",
    "매수총잔량": "4,765",
    "매도총잔량": "5,804",
    "상장주식수": "8,970",
    "시가총액": "1,960",
    "매출액": "12,044",
    "자산총계": "11,431",
    "부채총계": "6,788",
    "영업이익": "295",
    "당기순이익": "144",
    "주당순이익": "2,231",
    "보통주배당금": "675",
    "매출액증가율": "-0.33",
    "영업이익증가율": "-9.93",
    "외국인비율": "1.99",
    "PER": "9.79",
    "ROE": "3.22",
    "ROA": "1.27",
    "PBR": "0.42",
    "유보율": "1,397.1",
    "code": "001790"
}