{
    "N": "341",
    "종목명": "알루코",
    "현재가": "5,170",
    "상태": "상승",
    "전일비": "290",
    "등락률": "+5.94%",
    "액면가": "500",
    "거래량": "33,410,167",
    "거래대금": "172,076",
    "전일거래량": "5,878,181",
    "시가": "4,925",
    "고가": "5,300",
    "저가": "4,905",
    "매수호가": "5,160",
    "매도호가": "5,170",
    "매수총잔량": "540,604",
    "매도총잔량": "290,924",
    "상장주식수": "83,207",
    "시가총액": "4,302",
    "매출액": "4,544",
    "자산총계": "7,726",
    "부채총계": "4,867",
    "영업이익": "122",
    "당기순이익": "-68",
    "주당순이익": "58",
    "보통주배당금": "0",
    "매출액증가율": "-10.34",
    "영업이익증가율": "1.29",
    "외국인비율": "1.31",
    "PER": "89.14",
    "ROE": "-3.55",
    "ROA": "-0.90",
    "PBR": "1.84",
    "유보율": "442.0",
    "code": "001780"
}