{
    "N": "1359",
    "종목명": "대한제당우",
    "현재가": "14,850",
    "상태": "상승",
    "전일비": "100",
    "등락률": "+0.68%",
    "액면가": "2,500",
    "거래량": "3,602",
    "거래대금": "52",
    "전일거래량": "6,774",
    "시가": "14,900",
    "고가": "15,000",
    "저가": "14,250",
    "매수호가": "14,650",
    "매도호가": "14,850",
    "매수총잔량": "940",
    "매도총잔량": "2,199",
    "상장주식수": "648",
    "시가총액": "96",
    "매출액": "N/A",
    "자산총계": "N/A",
    "부채총계": "N/A",
    "영업이익": "N/A",
    "당기순이익": "N/A",
    "주당순이익": "2,231",
    "보통주배당금": "N/A",
    "매출액증가율": "N/A",
    "영업이익증가율": "N/A",
    "외국인비율": "0.36",
    "PER": "6.66",
    "ROE": "N/A",
    "ROA": "N/A",
    "PBR": "0.29",
    "유보율": "N/A",
    "code": "001795"
}