{
    "N": "169",
    "종목명": "SK네트웍스",
    "현재가": "5,230",
    "상태": "상승",
    "전일비": "190",
    "등락률": "+3.77%",
    "액면가": "2,500",
    "거래량": "2,794,575",
    "거래대금": "14,452",
    "전일거래량": "2,134,797",
    "시가": "5,000",
    "고가": "5,250",
    "저가": "4,995",
    "매수호가": "5,220",
    "매도호가": "5,230",
    "매수총잔량": "113,554",
    "매도총잔량": "384,333",
    "상장주식수": "248,188",
    "시가총액": "12,980",
    "매출액": "130,542",
    "자산총계": "101,388",
    "부채총계": "78,335",
    "영업이익": "1,094",
    "당기순이익": "-1,226",
    "주당순이익": "-231",
    "보통주배당금": "120",
    "매출액증가율": "3.23",
    "영업이익증가율": "-18.10",
    "외국인비율": "12.25",
    "PER": "-22.64",
    "ROE": "-5.85",
    "ROA": "-1.37",
    "PBR": "0.54",
    "유보율": "249.5",
    "code": "001740"
}