{
    "N": "1286",
    "종목명": "SK네트웍스우",
    "현재가": "104,500",
    "상태": "하락",
    "전일비": "3,500",
    "등락률": "-3.24%",
    "액면가": "2,500",
    "거래량": "1,664",
    "거래대금": "173",
    "전일거래량": "3,724",
    "시가": "105,000",
    "고가": "106,000",
    "저가": "103,000",
    "매수호가": "104,500",
    "매도호가": "105,000",
    "매수총잔량": "2,006",
    "매도총잔량": "167",
    "상장주식수": "114",
    "시가총액": "119",
    "매출액": "N/A",
    "자산총계": "N/A",
    "부채총계": "N/A",
    "영업이익": "N/A",
    "당기순이익": "N/A",
    "주당순이익": "-231",
    "보통주배당금": "N/A",
    "매출액증가율": "N/A",
    "영업이익증가율": "N/A",
    "외국인비율": "0.42",
    "PER": "-452.38",
    "ROE": "N/A",
    "ROA": "N/A",
    "PBR": "10.71",
    "유보율": "N/A",
    "code": "001745"
}