{
    "N": "389",
    "종목명": "신영증권우",
    "현재가": "50,900",
    "상태": "하락",
    "전일비": "100",
    "등락률": "-0.20%",
    "액면가": "5,000",
    "거래량": "796",
    "거래대금": "40",
    "전일거래량": "1,338",
    "시가": "50,900",
    "고가": "51,000",
    "저가": "50,800",
    "매수호가": "50,900",
    "매도호가": "51,000",
    "매수총잔량": "1,511",
    "매도총잔량": "766",
    "상장주식수": "7,054",
    "시가총액": "3,590",
    "매출액": "N/A",
    "자산총계": "N/A",
    "부채총계": "N/A",
    "영업이익": "N/A",
    "당기순이익": "N/A",
    "주당순이익": "4,693",
    "보통주배당금": "N/A",
    "매출액증가율": "N/A",
    "영업이익증가율": "N/A",
    "외국인비율": "6.26",
    "PER": "10.85",
    "ROE": "N/A",
    "ROA": "N/A",
    "PBR": "0.34",
    "유보율": "N/A",
    "code": "001725"
}