{
    "N": "1100",
    "종목명": "신화실업",
    "현재가": "21,700",
    "상태": "상승",
    "전일비": "700",
    "등락률": "+3.33%",
    "액면가": "5,000",
    "거래량": "29,550",
    "거래대금": "638",
    "전일거래량": "21,095",
    "시가": "21,000",
    "고가": "22,250",
    "저가": "20,850",
    "매수호가": "21,700",
    "매도호가": "21,750",
    "매수총잔량": "1,396",
    "매도총잔량": "1,257",
    "상장주식수": "1,215",
    "시가총액": "264",
    "매출액": "741",
    "자산총계": "653",
    "부채총계": "311",
    "영업이익": "10",
    "당기순이익": "10",
    "주당순이익": "301",
    "보통주배당금": "100",
    "매출액증가율": "3.45",
    "영업이익증가율": "-68.13",
    "외국인비율": "0.22",
    "PER": "72.09",
    "ROE": "2.83",
    "ROA": "1.48",
    "PBR": "0.77",
    "유보율": "470.1",
    "code": "001770"
}