{
    "N": "1400",
    "종목명": "한양증권우",
    "현재가": "16,300",
    "상태": "상승",
    "전일비": "50",
    "등락률": "+0.31%",
    "액면가": "5,000",
    "거래량": "1,417",
    "거래대금": "22",
    "전일거래량": "1,423",
    "시가": "16,150",
    "고가": "16,400",
    "저가": "16,050",
    "매수호가": "16,200",
    "매도호가": "16,300",
    "매수총잔량": "686",
    "매도총잔량": "1,555",
    "상장주식수": "525",
    "시가총액": "86",
    "매출액": "N/A",
    "자산총계": "N/A",
    "부채총계": "N/A",
    "영업이익": "N/A",
    "당기순이익": "N/A",
    "주당순이익": "3,243",
    "보통주배당금": "N/A",
    "매출액증가율": "N/A",
    "영업이익증가율": "N/A",
    "외국인비율": "0.76",
    "PER": "5.03",
    "ROE": "N/A",
    "ROA": "N/A",
    "PBR": "0.64",
    "유보율": "N/A",
    "code": "001755"
}