{
    "N": "241",
    "종목명": "삼화콘덴서",
    "현재가": "69,100",
    "상태": "하락",
    "전일비": "100",
    "등락률": "-0.14%",
    "액면가": "1,000",
    "거래량": "377,559",
    "거래대금": "25,831",
    "전일거래량": "598,064",
    "시가": "69,000",
    "고가": "70,200",
    "저가": "66,800",
    "매수호가": "69,100",
    "매도호가": "69,200",
    "매수총잔량": "10,135",
    "매도총잔량": "22,904",
    "상장주식수": "10,395",
    "시가총액": "7,183",
    "매출액": "2,545",
    "자산총계": "2,148",
    "부채총계": "609",
    "영업이익": "373",
    "당기순이익": "298",
    "주당순이익": "2,036",
    "보통주배당금": "250",
    "매출액증가율": "-7.25",
    "영업이익증가율": "-54.18",
    "외국인비율": "11.87",
    "PER": "33.94",
    "ROE": "21.24",
    "ROA": "13.71",
    "PBR": "4.14",
    "유보율": "1,312.7",
    "code": "001820"
}