{
    "N": "245",
    "종목명": "대림건설",
    "현재가": "32,300",
    "상태": "상승",
    "전일비": "1,100",
    "등락률": "+3.53%",
    "액면가": "5,000",
    "거래량": "265,641",
    "거래대금": "8,502",
    "전일거래량": "154,243",
    "시가": "31,250",
    "고가": "32,700",
    "저가": "31,100",
    "매수호가": "32,250",
    "매도호가": "32,300",
    "매수총잔량": "5,954",
    "매도총잔량": "17,239",
    "상장주식수": "22,053",
    "시가총액": "7,123",
    "매출액": "12,799",
    "자산총계": "8,517",
    "부채총계": "3,939",
    "영업이익": "1,430",
    "당기순이익": "951",
    "주당순이익": "7,908",
    "보통주배당금": "400",
    "매출액증가율": "32.56",
    "영업이익증가율": "57.27",
    "외국인비율": "2.42",
    "PER": "4.08",
    "ROE": "23.04",
    "ROA": "11.54",
    "PBR": "0.95",
    "유보율": "503.5",
    "code": "001880"
}