{
    "N": "223",
    "종목명": "오리온홀딩스",
    "현재가": "13,300",
    "상태": "상승",
    "전일비": "400",
    "등락률": "+3.10%",
    "액면가": "500",
    "거래량": "312,612",
    "거래대금": "4,093",
    "전일거래량": "348,307",
    "시가": "12,900",
    "고가": "13,300",
    "저가": "12,900",
    "매수호가": "13,250",
    "매도호가": "13,300",
    "매수총잔량": "49,905",
    "매도총잔량": "39,983",
    "상장주식수": "62,645",
    "시가총액": "8,332",
    "매출액": "21,036",
    "자산총계": "43,663",
    "부채총계": "10,287",
    "영업이익": "2,667",
    "당기순이익": "1,564",
    "주당순이익": "1,113",
    "보통주배당금": "650",
    "매출액증가율": "5.30",
    "영업이익증가율": "15.68",
    "외국인비율": "6.28",
    "PER": "11.95",
    "ROE": "2.55",
    "ROA": "3.59",
    "PBR": "0.41",
    "유보율": "5,921.8",
    "code": "001800"
}