{
    "N": "456",
    "종목명": "KISCO홀딩스",
    "현재가": "14,500",
    "상태": "상승",
    "전일비": "250",
    "등락률": "+1.75%",
    "액면가": "1,000",
    "거래량": "74,656",
    "거래대금": "1,071",
    "전일거래량": "39,922",
    "시가": "14,350",
    "고가": "14,550",
    "저가": "14,200",
    "매수호가": "14,450",
    "매도호가": "14,500",
    "매수총잔량": "36,684",
    "매도총잔량": "2,626",
    "상장주식수": "18,476",
    "시가총액": "2,679",
    "매출액": "11,830",
    "자산총계": "15,573",
    "부채총계": "2,298",
    "영업이익": "576",
    "당기순이익": "629",
    "주당순이익": "2,749",
    "보통주배당금": "280",
    "매출액증가율": "-8.20",
    "영업이익증가율": "-12.41",
    "외국인비율": "9.90",
    "PER": "5.27",
    "ROE": "5.58",
    "ROA": "4.05",
    "PBR": "0.26",
    "유보율": "3,409.2",
    "code": "001940"
}