{
    "N": "1214",
    "종목명": "코오롱우",
    "현재가": "14,500",
    "상태": "상승",
    "전일비": "100",
    "등락률": "+0.69%",
    "액면가": "5,000",
    "거래량": "2,226",
    "거래대금": "32",
    "전일거래량": "5,826",
    "시가": "14,400",
    "고가": "14,500",
    "저가": "14,250",
    "매수호가": "14,350",
    "매도호가": "14,500",
    "매수총잔량": "2,215",
    "매도총잔량": "1,858",
    "상장주식수": "1,076",
    "시가총액": "156",
    "매출액": "N/A",
    "자산총계": "N/A",
    "부채총계": "N/A",
    "영업이익": "N/A",
    "당기순이익": "N/A",
    "주당순이익": "7,341",
    "보통주배당금": "N/A",
    "매출액증가율": "N/A",
    "영업이익증가율": "N/A",
    "외국인비율": "5.97",
    "PER": "1.98",
    "ROE": "N/A",
    "ROA": "N/A",
    "PBR": "0.29",
    "유보율": "N/A",
    "code": "002025"
}