{
    "N": "451",
    "종목명": "코오롱",
    "현재가": "21,650",
    "전일비": "0",
    "등락률": "0.00%",
    "액면가": "5,000",
    "거래량": "52,846",
    "거래대금": "1,141",
    "전일거래량": "66,373",
    "시가": "21,550",
    "고가": "21,850",
    "저가": "21,200",
    "매수호가": "21,600",
    "매도호가": "21,650",
    "매수총잔량": "11,409",
    "매도총잔량": "10,183",
    "상장주식수": "12,626",
    "시가총액": "2,734",
    "매출액": "44,060",
    "자산총계": "36,313",
    "부채총계": "28,967",
    "영업이익": "1,245",
    "당기순이익": "-95",
    "주당순이익": "7,341",
    "보통주배당금": "500",
    "매출액증가율": "1.88",
    "영업이익증가율": "18.58",
    "외국인비율": "11.75",
    "PER": "2.95",
    "ROE": "-2.61",
    "ROA": "-0.27",
    "PBR": "0.43",
    "유보율": "867.2",
    "code": "002020"
}