{
    "N": "774",
    "종목명": "비비안",
    "현재가": "3,700",
    "상태": "하락",
    "전일비": "60",
    "등락률": "-1.60%",
    "액면가": "500",
    "거래량": "703,966",
    "거래대금": "2,573",
    "전일거래량": "829,779",
    "시가": "3,705",
    "고가": "3,750",
    "저가": "3,580",
    "매수호가": "3,700",
    "매도호가": "3,710",
    "매수총잔량": "22,447",
    "매도총잔량": "16,717",
    "상장주식수": "26,736",
    "시가총액": "989",
    "매출액": "2,001",
    "자산총계": "1,333",
    "부채총계": "320",
    "영업이익": "-5",
    "당기순이익": "-24",
    "주당순이익": "-1,995",
    "보통주배당금": "0",
    "매출액증가율": "-5.35",
    "영업이익증가율": "89.71",
    "외국인비율": "0.37",
    "PER": "-1.85",
    "ROE": "-2.12",
    "ROA": "-1.77",
    "PBR": "0.82",
    "유보율": "1,448.1",
    "code": "002070"
}