{
    "N": "534",
    "종목명": "아세아",
    "현재가": "91,500",
    "상태": "상승",
    "전일비": "800",
    "등락률": "+0.88%",
    "액면가": "5,000",
    "거래량": "3,033",
    "거래대금": "273",
    "전일거래량": "1,733",
    "시가": "90,100",
    "고가": "91,700",
    "저가": "89,600",
    "매수호가": "90,800",
    "매도호가": "91,500",
    "매수총잔량": "1,494",
    "매도총잔량": "555",
    "상장주식수": "2,191",
    "시가총액": "2,005",
    "매출액": "15,424",
    "자산총계": "28,695",
    "부채총계": "14,084",
    "영업이익": "1,581",
    "당기순이익": "945",
    "주당순이익": "16,471",
    "보통주배당금": "1,750",
    "매출액증가율": "-5.23",
    "영업이익증가율": "-13.90",
    "외국인비율": "3.89",
    "PER": "5.56",
    "ROE": "6.37",
    "ROA": "3.31",
    "PBR": "0.22",
    "유보율": "11,553.6",
    "code": "002030"
}