{
    "N": "458",
    "종목명": "경농",
    "현재가": "12,200",
    "전일비": "0",
    "등락률": "0.00%",
    "액면가": "500",
    "거래량": "113,990",
    "거래대금": "1,389",
    "전일거래량": "92,170",
    "시가": "12,350",
    "고가": "12,350",
    "저가": "12,050",
    "매수호가": "12,200",
    "매도호가": "12,250",
    "매수총잔량": "27,972",
    "매도총잔량": "31,917",
    "상장주식수": "21,692",
    "시가총액": "2,646",
    "매출액": "2,275",
    "자산총계": "3,709",
    "부채총계": "1,690",
    "영업이익": "87",
    "당기순이익": "40",
    "주당순이익": "483",
    "보통주배당금": "220",
    "매출액증가율": "6.99",
    "영업이익증가율": "-41.16",
    "외국인비율": "0.40",
    "PER": "25.26",
    "ROE": "2.47",
    "ROA": "1.10",
    "PBR": "1.10",
    "유보율": "1,712.1",
    "code": "002100"
}