{
    "N": "443",
    "종목명": "도화엔지니어링",
    "현재가": "8,450",
    "상태": "상승",
    "전일비": "190",
    "등락률": "+2.30%",
    "액면가": "500",
    "거래량": "319,738",
    "거래대금": "2,711",
    "전일거래량": "191,733",
    "시가": "8,400",
    "고가": "8,600",
    "저가": "8,380",
    "매수호가": "8,450",
    "매도호가": "8,460",
    "매수총잔량": "26,137",
    "매도총잔량": "26,052",
    "상장주식수": "33,720",
    "시가총액": "2,849",
    "매출액": "5,161",
    "자산총계": "4,090",
    "부채총계": "1,564",
    "영업이익": "271",
    "당기순이익": "174",
    "주당순이익": "605",
    "보통주배당금": "250",
    "매출액증가율": "28.24",
    "영업이익증가율": "56.56",
    "외국인비율": "1.61",
    "PER": "13.97",
    "ROE": "6.94",
    "ROA": "4.43",
    "PBR": "1.11",
    "유보율": "1,447.7",
    "code": "002150"
}