{
    "N": "714",
    "종목명": "고려산업",
    "현재가": "4,665",
    "상태": "하락",
    "전일비": "35",
    "등락률": "-0.74%",
    "액면가": "1,000",
    "거래량": "658,765",
    "거래대금": "3,071",
    "전일거래량": "1,301,249",
    "시가": "4,600",
    "고가": "4,760",
    "저가": "4,585",
    "매수호가": "4,665",
    "매도호가": "4,670",
    "매수총잔량": "15,891",
    "매도총잔량": "24,138",
    "상장주식수": "24,939",
    "시가총액": "1,163",
    "매출액": "1,925",
    "자산총계": "2,065",
    "부채총계": "1,107",
    "영업이익": "58",
    "당기순이익": "47",
    "주당순이익": "329",
    "보통주배당금": "30",
    "매출액증가율": "21.48",
    "영업이익증가율": "0.05",
    "외국인비율": "0.98",
    "PER": "14.18",
    "ROE": "4.75",
    "ROA": "2.25",
    "PBR": "1.14",
    "유보율": "288.9",
    "code": "002140"
}