{
    "N": "434",
    "종목명": "고려제강",
    "현재가": "15,000",
    "상태": "상승",
    "전일비": "300",
    "등락률": "+2.04%",
    "액면가": "1,000",
    "거래량": "41,405",
    "거래대금": "623",
    "전일거래량": "34,528",
    "시가": "14,500",
    "고가": "15,450",
    "저가": "14,500",
    "매수호가": "15,000",
    "매도호가": "15,100",
    "매수총잔량": "6,410",
    "매도총잔량": "11,930",
    "상장주식수": "20,000",
    "시가총액": "3,000",
    "매출액": "16,397",
    "자산총계": "23,537",
    "부채총계": "8,718",
    "영업이익": "317",
    "당기순이익": "61",
    "주당순이익": "-1,088",
    "보통주배당금": "304",
    "매출액증가율": "3.96",
    "영업이익증가율": "-16.75",
    "외국인비율": "7.14",
    "PER": "-13.79",
    "ROE": "0.73",
    "ROA": "0.26",
    "PBR": "0.25",
    "유보율": "7,018.2",
    "code": "002240"
}