{
    "N": "401",
    "종목명": "동성제약",
    "현재가": "12,800",
    "상태": "상승",
    "전일비": "300",
    "등락률": "+2.40%",
    "액면가": "1,000",
    "거래량": "2,386,702",
    "거래대금": "31,096",
    "전일거래량": "307,153",
    "시가": "12,500",
    "고가": "13,600",
    "저가": "12,350",
    "매수호가": "12,800",
    "매도호가": "12,850",
    "매수총잔량": "87,199",
    "매도총잔량": "63,041",
    "상장주식수": "26,101",
    "시가총액": "3,341",
    "매출액": "865",
    "자산총계": "1,317",
    "부채총계": "616",
    "영업이익": "-75",
    "당기순이익": "-84",
    "주당순이익": "-473",
    "보통주배당금": "0",
    "매출액증가율": "-5.85",
    "영업이익증가율": "-316.75",
    "외국인비율": "5.98",
    "PER": "-27.06",
    "ROE": "-13.15",
    "ROA": "-6.17",
    "PBR": "4.94",
    "유보율": "180.1",
    "code": "002210"
}