{
    "N": "379",
    "종목명": "롯데푸드",
    "현재가": "327,000",
    "상태": "상승",
    "전일비": "1,500",
    "등락률": "+0.46%",
    "액면가": "5,000",
    "거래량": "3,901",
    "거래대금": "1,268",
    "전일거래량": "6,969",
    "시가": "323,000",
    "고가": "328,500",
    "저가": "322,500",
    "매수호가": "327,000",
    "매도호가": "327,500",
    "매수총잔량": "1,104",
    "매도총잔량": "241",
    "상장주식수": "1,132",
    "시가총액": "3,701",
    "매출액": "17,880",
    "자산총계": "13,212",
    "부채총계": "6,136",
    "영업이익": "495",
    "당기순이익": "375",
    "주당순이익": "65,555",
    "보통주배당금": "12,000",
    "매출액증가율": "-1.26",
    "영업이익증가율": "-26.80",
    "외국인비율": "10.57",
    "PER": "4.99",
    "ROE": "5.40",
    "ROA": "2.97",
    "PBR": "0.39",
    "유보율": "17,366.6",
    "code": "002270"
}