{
    "N": "809",
    "종목명": "한국수출포장",
    "현재가": "22,350",
    "상태": "상승",
    "전일비": "650",
    "등락률": "+3.00%",
    "액면가": "5,000",
    "거래량": "19,593",
    "거래대금": "432",
    "전일거래량": "20,987",
    "시가": "21,850",
    "고가": "22,400",
    "저가": "21,700",
    "매수호가": "22,300",
    "매도호가": "22,350",
    "매수총잔량": "7,414",
    "매도총잔량": "3,001",
    "상장주식수": "4,000",
    "시가총액": "894",
    "매출액": "2,716",
    "자산총계": "3,081",
    "부채총계": "603",
    "영업이익": "193",
    "당기순이익": "180",
    "주당순이익": "3,068",
    "보통주배당금": "600",
    "매출액증가율": "-3.08",
    "영업이익증가율": "-16.47",
    "외국인비율": "4.36",
    "PER": "7.28",
    "ROE": "7.51",
    "ROA": "5.94",
    "PBR": "0.35",
    "유보율": "1,139.4",
    "code": "002200"
}