{
    "N": "964",
    "종목명": "한일철강",
    "현재가": "1,945",
    "상태": "상승",
    "전일비": "70",
    "등락률": "+3.73%",
    "액면가": "500",
    "거래량": "67,357",
    "거래대금": "129",
    "전일거래량": "19,257",
    "시가": "1,905",
    "고가": "1,950",
    "저가": "1,875",
    "매수호가": "1,945",
    "매도호가": "1,950",
    "매수총잔량": "13,323",
    "매도총잔량": "20,642",
    "상장주식수": "24,882",
    "시가총액": "484",
    "매출액": "1,730",
    "자산총계": "3,194",
    "부채총계": "1,703",
    "영업이익": "-73",
    "당기순이익": "-109",
    "주당순이익": "-334",
    "보통주배당금": "0",
    "매출액증가율": "2.62",
    "영업이익증가율": "-254.58",
    "외국인비율": "0.57",
    "PER": "-5.82",
    "ROE": "-6.98",
    "ROA": "-3.45",
    "PBR": "0.29",
    "유보율": "1,247.0",
    "code": "002220"
}