{
    "N": "1193",
    "종목명": "넥센타이어1우B",
    "현재가": "2,600",
    "상태": "하락",
    "전일비": "30",
    "등락률": "-1.14%",
    "액면가": "500",
    "거래량": "17,637",
    "거래대금": "45",
    "전일거래량": "7,772",
    "시가": "2,610",
    "고가": "2,610",
    "저가": "2,590",
    "매수호가": "2,600",
    "매도호가": "2,605",
    "매수총잔량": "7,053",
    "매도총잔량": "12,415",
    "상장주식수": "6,500",
    "시가총액": "169",
    "매출액": "N/A",
    "자산총계": "N/A",
    "부채총계": "N/A",
    "영업이익": "N/A",
    "당기순이익": "N/A",
    "주당순이익": "150",
    "보통주배당금": "N/A",
    "매출액증가율": "N/A",
    "영업이익증가율": "N/A",
    "외국인비율": "6.04",
    "PER": "17.33",
    "ROE": "N/A",
    "ROA": "N/A",
    "PBR": "0.17",
    "유보율": "N/A",
    "code": "002355"
}