{
    "N": "398",
    "종목명": "아세아제지",
    "현재가": "37,450",
    "상태": "상승",
    "전일비": "100",
    "등락률": "+0.27%",
    "액면가": "5,000",
    "거래량": "103,247",
    "거래대금": "3,833",
    "전일거래량": "115,071",
    "시가": "37,350",
    "고가": "37,700",
    "저가": "36,600",
    "매수호가": "37,450",
    "매도호가": "37,500",
    "매수총잔량": "4,367",
    "매도총잔량": "4,075",
    "상장주식수": "8,957",
    "시가총액": "3,354",
    "매출액": "6,977",
    "자산총계": "8,482",
    "부채총계": "2,634",
    "영업이익": "711",
    "당기순이익": "614",
    "주당순이익": "5,196",
    "보통주배당금": "600",
    "매출액증가율": "-10.08",
    "영업이익증가율": "-27.64",
    "외국인비율": "5.85",
    "PER": "7.21",
    "ROE": "10.99",
    "ROA": "7.40",
    "PBR": "0.55",
    "유보율": "1,205.7",
    "code": "002310"
}