{
    "N": "143",
    "종목명": "KCC",
    "현재가": "204,500",
    "상태": "상승",
    "전일비": "5,500",
    "등락률": "+2.76%",
    "액면가": "5,000",
    "거래량": "83,996",
    "거래대금": "17,118",
    "전일거래량": "76,218",
    "시가": "199,000",
    "고가": "207,500",
    "저가": "199,000",
    "매수호가": "204,000",
    "매도호가": "204,500",
    "매수총잔량": "9,240",
    "매도총잔량": "7,955",
    "상장주식수": "8,886",
    "시가총액": "18,173",
    "매출액": "27,196",
    "자산총계": "93,822",
    "부채총계": "49,290",
    "영업이익": "1,332",
    "당기순이익": "-2,219",
    "주당순이익": "-315",
    "보통주배당금": "5,500",
    "매출액증가율": "-11.73",
    "영업이익증가율": "-33.68",
    "외국인비율": "11.57",
    "PER": "-649.21",
    "ROE": "-4.37",
    "ROA": "-2.42",
    "PBR": "0.38",
    "유보율": "9,923.4",
    "code": "002380"
}