{
    "N": "238",
    "종목명": "한진",
    "현재가": "49,600",
    "상태": "상승",
    "전일비": "2,100",
    "등락률": "+4.42%",
    "액면가": "5,000",
    "거래량": "316,709",
    "거래대금": "15,405",
    "전일거래량": "147,738",
    "시가": "47,400",
    "고가": "49,750",
    "저가": "46,800",
    "매수호가": "49,600",
    "매도호가": "49,650",
    "매수총잔량": "8,953",
    "매도총잔량": "13,639",
    "상장주식수": "14,948",
    "시가총액": "7,414",
    "매출액": "20,623",
    "자산총계": "35,484",
    "부채총계": "24,945",
    "영업이익": "907",
    "당기순이익": "-29",
    "주당순이익": "1,538",
    "보통주배당금": "476",
    "매출액증가율": "5.72",
    "영업이익증가율": "115.44",
    "외국인비율": "16.23",
    "PER": "32.25",
    "ROE": "-0.34",
    "ROA": "-0.09",
    "PBR": "0.69",
    "유보율": "1,107.0",
    "code": "002320"
}