{
    "N": "732",
    "종목명": "SH에너지화학",
    "현재가": "1,010",
    "상태": "하락",
    "전일비": "75",
    "등락률": "-6.91%",
    "액면가": "500",
    "거래량": "26,897,864",
    "거래대금": "27,437",
    "전일거래량": "81,159,346",
    "시가": "1,055",
    "고가": "1,065",
    "저가": "991",
    "매수호가": "1,010",
    "매도호가": "1,015",
    "매수총잔량": "713,996",
    "매도총잔량": "1,794,547",
    "상장주식수": "111,134",
    "시가총액": "1,122",
    "매출액": "1,409",
    "자산총계": "1,234",
    "부채총계": "244",
    "영업이익": "-31",
    "당기순이익": "-31",
    "주당순이익": "-78",
    "보통주배당금": "N/A",
    "매출액증가율": "-23.28",
    "영업이익증가율": "-249.05",
    "외국인비율": "32.61",
    "PER": "-12.95",
    "ROE": "-2.84",
    "ROA": "-2.51",
    "PBR": "1.23",
    "유보율": "76.3",
    "code": "002360"
}