{
    "N": "285",
    "종목명": "넥센타이어",
    "현재가": "6,170",
    "상태": "상승",
    "전일비": "70",
    "등락률": "+1.15%",
    "액면가": "500",
    "거래량": "372,632",
    "거래대금": "2,275",
    "전일거래량": "618,588",
    "시가": "6,100",
    "고가": "6,170",
    "저가": "6,050",
    "매수호가": "6,160",
    "매도호가": "6,170",
    "매수총잔량": "52,388",
    "매도총잔량": "20,190",
    "상장주식수": "97,668",
    "시가총액": "6,026",
    "매출액": "20,223",
    "자산총계": "34,361",
    "부채총계": "18,781",
    "영업이익": "2,074",
    "당기순이익": "1,185",
    "주당순이익": "150",
    "보통주배당금": "105",
    "매출액증가율": "1.93",
    "영업이익증가율": "13.66",
    "외국인비율": "6.99",
    "PER": "41.13",
    "ROE": "7.94",
    "ROA": "3.55",
    "PBR": "0.41",
    "유보율": "2,732.2",
    "code": "002350"
}