{
    "N": "327",
    "종목명": "한독",
    "현재가": "33,050",
    "상태": "상승",
    "전일비": "250",
    "등락률": "+0.76%",
    "액면가": "500",
    "거래량": "90,752",
    "거래대금": "2,977",
    "전일거래량": "152,230",
    "시가": "32,600",
    "고가": "33,200",
    "저가": "32,550",
    "매수호가": "33,050",
    "매도호가": "33,150",
    "매수총잔량": "9,110",
    "매도총잔량": "6,551",
    "상장주식수": "13,764",
    "시가총액": "4,549",
    "매출액": "4,730",
    "자산총계": "7,487",
    "부채총계": "4,047",
    "영업이익": "275",
    "당기순이익": "339",
    "주당순이익": "2,283",
    "보통주배당금": "275",
    "매출액증가율": "5.88",
    "영업이익증가율": "24.39",
    "외국인비율": "2.84",
    "PER": "14.48",
    "ROE": "10.78",
    "ROA": "4.84",
    "PBR": "1.23",
    "유보율": "4,987.0",
    "code": "002390"
}