{
    "N": "616",
    "종목명": "화성산업",
    "현재가": "12,500",
    "상태": "상승",
    "전일비": "150",
    "등락률": "+1.21%",
    "액면가": "5,000",
    "거래량": "115,747",
    "거래대금": "1,441",
    "전일거래량": "93,368",
    "시가": "12,250",
    "고가": "12,600",
    "저가": "12,200",
    "매수호가": "12,500",
    "매도호가": "12,550",
    "매수총잔량": "56,112",
    "매도총잔량": "58,387",
    "상장주식수": "12,451",
    "시가총액": "1,556",
    "매출액": "4,514",
    "자산총계": "6,126",
    "부채총계": "2,416",
    "영업이익": "296",
    "당기순이익": "77",
    "주당순이익": "3,467",
    "보통주배당금": "500",
    "매출액증가율": "-5.01",
    "영업이익증가율": "-55.86",
    "외국인비율": "10.83",
    "PER": "3.61",
    "ROE": "2.06",
    "ROA": "1.22",
    "PBR": "0.38",
    "유보율": "511.1",
    "code": "002460"
}