{
    "N": "677",
    "종목명": "삼익악기",
    "현재가": "1,460",
    "상태": "상승",
    "전일비": "10",
    "등락률": "+0.69%",
    "액면가": "500",
    "거래량": "349,057",
    "거래대금": "505",
    "전일거래량": "382,758",
    "시가": "1,445",
    "고가": "1,465",
    "저가": "1,430",
    "매수호가": "1,460",
    "매도호가": "1,465",
    "매수총잔량": "162,780",
    "매도총잔량": "223,372",
    "상장주식수": "90,531",
    "시가총액": "1,322",
    "매출액": "2,654",
    "자산총계": "6,129",
    "부채총계": "3,887",
    "영업이익": "277",
    "당기순이익": "131",
    "주당순이익": "6",
    "보통주배당금": "50",
    "매출액증가율": "10.56",
    "영업이익증가율": "16.97",
    "외국인비율": "2.36",
    "PER": "243.33",
    "ROE": "6.27",
    "ROA": "2.17",
    "PBR": "0.54",
    "유보율": "455.7",
    "code": "002450"
}