{
    "N": "711",
    "종목명": "범양건영",
    "현재가": "4,720",
    "상태": "상승",
    "전일비": "45",
    "등락률": "+0.96%",
    "액면가": "1,000",
    "거래량": "484,297",
    "거래대금": "2,275",
    "전일거래량": "777,612",
    "시가": "4,650",
    "고가": "4,780",
    "저가": "4,640",
    "매수호가": "4,720",
    "매도호가": "4,730",
    "매수총잔량": "41,393",
    "매도총잔량": "36,621",
    "상장주식수": "24,832",
    "시가총액": "1,172",
    "매출액": "2,761",
    "자산총계": "1,385",
    "부채총계": "685",
    "영업이익": "115",
    "당기순이익": "197",
    "주당순이익": "637",
    "보통주배당금": "0",
    "매출액증가율": "77.40",
    "영업이익증가율": "68.12",
    "외국인비율": "0.48",
    "PER": "7.41",
    "ROE": "32.82",
    "ROA": "15.36",
    "PBR": "1.57",
    "유보율": "243.9",
    "code": "002410"
}