{
    "N": "1115",
    "종목명": "세기상사",
    "현재가": "61,600",
    "전일비": "0",
    "등락률": "0.00%",
    "액면가": "5,000",
    "거래량": "0",
    "거래대금": "0",
    "전일거래량": "0",
    "시가": "0",
    "고가": "0",
    "저가": "0",
    "매수호가": "0",
    "매도호가": "0",
    "매수총잔량": "0",
    "매도총잔량": "0",
    "상장주식수": "408",
    "시가총액": "251",
    "매출액": "51",
    "자산총계": "416",
    "부채총계": "191",
    "영업이익": "-5",
    "당기순이익": "-9",
    "주당순이익": "-2,826",
    "보통주배당금": "N/A",
    "매출액증가율": "-0.69",
    "영업이익증가율": "-18.08",
    "외국인비율": "0.92",
    "PER": "-21.80",
    "ROE": "-4.11",
    "ROA": "-2.24",
    "PBR": "1.18",
    "유보율": "170.8",
    "code": "002420"
}