{
    "N": "629",
    "종목명": "오리엔트바이오",
    "현재가": "1,265",
    "전일비": "0",
    "등락률": "0.00%",
    "액면가": "500",
    "거래량": "1,273,994",
    "거래대금": "1,583",
    "전일거래량": "1,758,117",
    "시가": "1,270",
    "고가": "1,275",
    "저가": "1,225",
    "매수호가": "1,265",
    "매도호가": "1,270",
    "매수총잔량": "134,051",
    "매도총잔량": "184,571",
    "상장주식수": "118,570",
    "시가총액": "1,500",
    "매출액": "377",
    "자산총계": "721",
    "부채총계": "201",
    "영업이익": "-112",
    "당기순이익": "-116",
    "주당순이익": "-125",
    "보통주배당금": "0",
    "매출액증가율": "24.12",
    "영업이익증가율": "-11.12",
    "외국인비율": "0.94",
    "PER": "-10.12",
    "ROE": "-18.64",
    "ROA": "-14.91",
    "PBR": "2.76",
    "유보율": "1.4",
    "code": "002630"
}