{
    "N": "402",
    "종목명": "제일파마홀딩스",
    "현재가": "20,900",
    "상태": "상승",
    "전일비": "100",
    "등락률": "+0.48%",
    "액면가": "500",
    "거래량": "29,026",
    "거래대금": "603",
    "전일거래량": "32,627",
    "시가": "21,150",
    "고가": "21,150",
    "저가": "20,500",
    "매수호가": "20,850",
    "매도호가": "20,900",
    "매수총잔량": "2,474",
    "매도총잔량": "1,939",
    "상장주식수": "15,973",
    "시가총액": "3,338",
    "매출액": "7,311",
    "자산총계": "8,465",
    "부채총계": "3,634",
    "영업이익": "90",
    "당기순이익": "-959",
    "주당순이익": "-5,527",
    "보통주배당금": "70",
    "매출액증가율": "412.23",
    "영업이익증가율": "-17.74",
    "외국인비율": "9.56",
    "PER": "-3.78",
    "ROE": "-20.52",
    "ROA": "-10.85",
    "PBR": "0.80",
    "유보율": "4,459.0",
    "code": "002620"
}