{
    "N": "750",
    "종목명": "조흥",
    "현재가": "178,000",
    "상태": "하락",
    "전일비": "500",
    "등락률": "-0.28%",
    "액면가": "5,000",
    "거래량": "4,138",
    "거래대금": "768",
    "전일거래량": "102",
    "시가": "183,000",
    "고가": "201,000",
    "저가": "175,000",
    "매수호가": "178,000",
    "매도호가": "179,000",
    "매수총잔량": "181",
    "매도총잔량": "161",
    "상장주식수": "600",
    "시가총액": "1,068",
    "매출액": "1,951",
    "자산총계": "2,180",
    "부채총계": "886",
    "영업이익": "123",
    "당기순이익": "78",
    "주당순이익": "15,022",
    "보통주배당금": "6,000",
    "매출액증가율": "16.06",
    "영업이익증가율": "8.62",
    "외국인비율": "0.00",
    "PER": "11.85",
    "ROE": "6.15",
    "ROA": "3.80",
    "PBR": "0.81",
    "유보율": "4,215.4",
    "code": "002600"
}