{
    "N": "1014",
    "종목명": "동일제강",
    "현재가": "2,535",
    "상태": "상승",
    "전일비": "35",
    "등락률": "+1.40%",
    "액면가": "500",
    "거래량": "170,469",
    "거래대금": "430",
    "전일거래량": "166,471",
    "시가": "2,500",
    "고가": "2,560",
    "저가": "2,495",
    "매수호가": "2,530",
    "매도호가": "2,535",
    "매수총잔량": "14,317",
    "매도총잔량": "20,005",
    "상장주식수": "15,000",
    "시가총액": "380",
    "매출액": "1,274",
    "자산총계": "1,470",
    "부채총계": "165",
    "영업이익": "10",
    "당기순이익": "11",
    "주당순이익": "37",
    "보통주배당금": "10",
    "매출액증가율": "2.70",
    "영업이익증가율": "453.16",
    "외국인비율": "1.20",
    "PER": "68.51",
    "ROE": "0.85",
    "ROA": "0.75",
    "PBR": "0.28",
    "유보율": "1,638.6",
    "code": "002690"
}