{
    "N": "1565",
    "종목명": "진흥기업2우B",
    "현재가": "12,400",
    "상태": "상승",
    "전일비": "50",
    "등락률": "+0.40%",
    "액면가": "500",
    "거래량": "1,241",
    "거래대금": "15",
    "전일거래량": "6,666",
    "시가": "12,350",
    "고가": "12,400",
    "저가": "12,150",
    "매수호가": "12,400",
    "매도호가": "12,450",
    "매수총잔량": "485",
    "매도총잔량": "415",
    "상장주식수": "295",
    "시가총액": "37",
    "매출액": "N/A",
    "자산총계": "N/A",
    "부채총계": "N/A",
    "영업이익": "N/A",
    "당기순이익": "N/A",
    "주당순이익": "31",
    "보통주배당금": "N/A",
    "매출액증가율": "N/A",
    "영업이익증가율": "N/A",
    "외국인비율": "0.95",
    "PER": "400.00",
    "ROE": "N/A",
    "ROA": "N/A",
    "PBR": "17.19",
    "유보율": "N/A",
    "code": "002787"
}