{
    "N": "676",
    "종목명": "TCC스틸",
    "현재가": "5,760",
    "상태": "상승",
    "전일비": "190",
    "등락률": "+3.41%",
    "액면가": "1,000",
    "거래량": "3,736,702",
    "거래대금": "21,655",
    "전일거래량": "7,149,355",
    "시가": "5,510",
    "고가": "6,020",
    "저가": "5,460",
    "매수호가": "5,750",
    "매도호가": "5,760",
    "매수총잔량": "30,535",
    "매도총잔량": "49,604",
    "상장주식수": "23,000",
    "시가총액": "1,325",
    "매출액": "4,372",
    "자산총계": "3,142",
    "부채총계": "1,974",
    "영업이익": "129",
    "당기순이익": "50",
    "주당순이익": "16",
    "보통주배당금": "58",
    "매출액증가율": "5.81",
    "영업이익증가율": "-24.73",
    "외국인비율": "0.51",
    "PER": "360.00",
    "ROE": "4.42",
    "ROA": "1.63",
    "PBR": "1.15",
    "유보율": "382.9",
    "code": "002710"
}