{
    "N": "67",
    "종목명": "아모레G",
    "현재가": "55,500",
    "상태": "상승",
    "전일비": "1,500",
    "등락률": "+2.78%",
    "액면가": "500",
    "거래량": "190,464",
    "거래대금": "10,393",
    "전일거래량": "176,590",
    "시가": "54,300",
    "고가": "55,500",
    "저가": "53,800",
    "매수호가": "55,500",
    "매도호가": "55,600",
    "매수총잔량": "10,154",
    "매도총잔량": "6,733",
    "상장주식수": "82,458",
    "시가총액": "45,764",
    "매출액": "62,843",
    "자산총계": "82,814",
    "부채총계": "18,012",
    "영업이익": "4,982",
    "당기순이익": "2,824",
    "주당순이익": "283",
    "보통주배당금": "300",
    "매출액증가율": "3.39",
    "영업이익증가율": "-9.32",
    "외국인비율": "19.42",
    "PER": "196.11",
    "ROE": "4.12",
    "ROA": "3.61",
    "PBR": "1.52",
    "유보율": "7,355.3",
    "code": "002790"
}