{
    "N": "631",
    "종목명": "보락",
    "현재가": "2,490",
    "상태": "상승",
    "전일비": "15",
    "등락률": "+0.61%",
    "액면가": "200",
    "거래량": "1,480,196",
    "거래대금": "3,702",
    "전일거래량": "741,718",
    "시가": "2,460",
    "고가": "2,575",
    "저가": "2,460",
    "매수호가": "2,490",
    "매도호가": "2,495",
    "매수총잔량": "135,000",
    "매도총잔량": "84,566",
    "상장주식수": "59,900",
    "시가총액": "1,492",
    "매출액": "361",
    "자산총계": "556",
    "부채총계": "117",
    "영업이익": "6",
    "당기순이익": "6",
    "주당순이익": "9",
    "보통주배당금": "5",
    "매출액증가율": "6.99",
    "영업이익증가율": "-52.22",
    "외국인비율": "0.48",
    "PER": "276.67",
    "ROE": "1.48",
    "ROA": "1.19",
    "PBR": "3.41",
    "유보율": "267.5",
    "code": "002760"
}