{
    "N": "568",
    "종목명": "국제약품",
    "현재가": "9,840",
    "상태": "하락",
    "전일비": "100",
    "등락률": "-1.01%",
    "액면가": "1,000",
    "거래량": "406,343",
    "거래대금": "3,999",
    "전일거래량": "380,586",
    "시가": "9,950",
    "고가": "9,960",
    "저가": "9,750",
    "매수호가": "9,840",
    "매도호가": "9,860",
    "매수총잔량": "57,660",
    "매도총잔량": "11,887",
    "상장주식수": "18,401",
    "시가총액": "1,811",
    "매출액": "1,111",
    "자산총계": "1,346",
    "부채총계": "736",
    "영업이익": "56",
    "당기순이익": "-48",
    "주당순이익": "290",
    "보통주배당금": "N/A",
    "매출액증가율": "3.20",
    "영업이익증가율": "69.48",
    "외국인비율": "0.89",
    "PER": "33.93",
    "ROE": "-7.35",
    "ROA": "-3.65",
    "PBR": "2.29",
    "유보율": "127.7",
    "code": "002720"
}