{
    "N": "1512",
    "종목명": "진흥기업우B",
    "현재가": "6,620",
    "상태": "상승",
    "전일비": "210",
    "등락률": "+3.28%",
    "액면가": "500",
    "거래량": "10,381",
    "거래대금": "67",
    "전일거래량": "14,132",
    "시가": "6,480",
    "고가": "6,640",
    "저가": "6,430",
    "매수호가": "6,620",
    "매도호가": "6,630",
    "매수총잔량": "1,216",
    "매도총잔량": "3,249",
    "상장주식수": "857",
    "시가총액": "57",
    "매출액": "N/A",
    "자산총계": "N/A",
    "부채총계": "N/A",
    "영업이익": "N/A",
    "당기순이익": "N/A",
    "주당순이익": "31",
    "보통주배당금": "N/A",
    "매출액증가율": "N/A",
    "영업이익증가율": "N/A",
    "외국인비율": "1.96",
    "PER": "213.55",
    "ROE": "N/A",
    "ROA": "N/A",
    "PBR": "9.18",
    "유보율": "N/A",
    "code": "002785"
}