{
    "N": "670",
    "종목명": "신일전자",
    "현재가": "1,915",
    "상태": "상승",
    "전일비": "10",
    "등락률": "+0.52%",
    "액면가": "500",
    "거래량": "1,245,590",
    "거래대금": "2,375",
    "전일거래량": "1,611,552",
    "시가": "1,900",
    "고가": "1,920",
    "저가": "1,885",
    "매수호가": "1,910",
    "매도호가": "1,915",
    "매수총잔량": "365,245",
    "매도총잔량": "455,344",
    "상장주식수": "71,048",
    "시가총액": "1,361",
    "매출액": "1,459",
    "자산총계": "1,001",
    "부채총계": "306",
    "영업이익": "16",
    "당기순이익": "43",
    "주당순이익": "70",
    "보통주배당금": "20",
    "매출액증가율": "-13.54",
    "영업이익증가율": "-89.32",
    "외국인비율": "3.45",
    "PER": "27.36",
    "ROE": "6.32",
    "ROA": "4.25",
    "PBR": "1.82",
    "유보율": "99.0",
    "code": "002700"
}