{
    "N": "358",
    "종목명": "진흥기업",
    "현재가": "2,785",
    "상태": "상승",
    "전일비": "180",
    "등락률": "+6.91%",
    "액면가": "500",
    "거래량": "1,846,287",
    "거래대금": "5,044",
    "전일거래량": "454,645",
    "시가": "2,610",
    "고가": "2,820",
    "저가": "2,590",
    "매수호가": "2,780",
    "매도호가": "2,785",
    "매수총잔량": "64,246",
    "매도총잔량": "144,770",
    "상장주식수": "145,472",
    "시가총액": "4,051",
    "매출액": "5,465",
    "자산총계": "3,258",
    "부채총계": "2,284",
    "영업이익": "280",
    "당기순이익": "203",
    "주당순이익": "31",
    "보통주배당금": "N/A",
    "매출액증가율": "-18.57",
    "영업이익증가율": "-20.00",
    "외국인비율": "0.20",
    "PER": "89.84",
    "ROE": "23.08",
    "ROA": "5.88",
    "PBR": "3.86",
    "유보율": "24.3",
    "code": "002780"
}