{
    "N": "476",
    "종목명": "아모레G3우(전환)",
    "현재가": "35,850",
    "상태": "상승",
    "전일비": "450",
    "등락률": "+1.27%",
    "액면가": "500",
    "거래량": "3,589",
    "거래대금": "127",
    "전일거래량": "6,018",
    "시가": "35,300",
    "고가": "35,900",
    "저가": "35,300",
    "매수호가": "35,800",
    "매도호가": "35,850",
    "매수총잔량": "2,323",
    "매도총잔량": "1,326",
    "상장주식수": "7,092",
    "시가총액": "2,543",
    "매출액": "N/A",
    "자산총계": "N/A",
    "부채총계": "N/A",
    "영업이익": "N/A",
    "당기순이익": "N/A",
    "주당순이익": "283",
    "보통주배당금": "N/A",
    "매출액증가율": "N/A",
    "영업이익증가율": "N/A",
    "외국인비율": "7.05",
    "PER": "126.68",
    "ROE": "N/A",
    "ROA": "N/A",
    "PBR": "0.98",
    "유보율": "N/A",
    "code": "00279K"
}