{
    "N": "471",
    "종목명": "삼영무역",
    "현재가": "13,900",
    "상태": "하락",
    "전일비": "100",
    "등락률": "-0.71%",
    "액면가": "500",
    "거래량": "23,604",
    "거래대금": "328",
    "전일거래량": "44,416",
    "시가": "13,850",
    "고가": "14,050",
    "저가": "13,850",
    "매수호가": "13,900",
    "매도호가": "13,950",
    "매수총잔량": "16,621",
    "매도총잔량": "9,423",
    "상장주식수": "18,467",
    "시가총액": "2,567",
    "매출액": "2,742",
    "자산총계": "5,109",
    "부채총계": "1,134",
    "영업이익": "92",
    "당기순이익": "349",
    "주당순이익": "1,749",
    "보통주배당금": "358",
    "매출액증가율": "1.85",
    "영업이익증가율": "35.12",
    "외국인비율": "19.92",
    "PER": "7.95",
    "ROE": "10.32",
    "ROA": "7.77",
    "PBR": "0.66",
    "유보율": "3,952.3",
    "code": "002810"
}