{
    "N": "794",
    "종목명": "대유에이텍",
    "현재가": "868",
    "상태": "상승",
    "전일비": "7",
    "등락률": "+0.81%",
    "액면가": "500",
    "거래량": "514,077",
    "거래대금": "446",
    "전일거래량": "347,580",
    "시가": "861",
    "고가": "875",
    "저가": "859",
    "매수호가": "867",
    "매도호가": "868",
    "매수총잔량": "39,791",
    "매도총잔량": "75,152",
    "상장주식수": "106,916",
    "시가총액": "928",
    "매출액": "12,850",
    "자산총계": "11,173",
    "부채총계": "8,813",
    "영업이익": "313",
    "당기순이익": "179",
    "주당순이익": "139",
    "보통주배당금": "N/A",
    "매출액증가율": "15.74",
    "영업이익증가율": "367.72",
    "외국인비율": "1.97",
    "PER": "6.24",
    "ROE": "9.75",
    "ROA": "1.78",
    "PBR": "0.80",
    "유보율": "92.9",
    "code": "002880"
}