{
    "N": "263",
    "종목명": "미원상사",
    "현재가": "133,500",
    "상태": "하락",
    "전일비": "1,000",
    "등락률": "-0.74%",
    "액면가": "500",
    "거래량": "21,244",
    "거래대금": "3,006",
    "전일거래량": "19,142",
    "시가": "134,500",
    "고가": "150,000",
    "저가": "132,500",
    "매수호가": "133,500",
    "매도호가": "134,000",
    "매수총잔량": "1,876",
    "매도총잔량": "408",
    "상장주식수": "4,970",
    "시가총액": "6,635",
    "매출액": "2,500",
    "자산총계": "2,807",
    "부채총계": "561",
    "영업이익": "323",
    "당기순이익": "311",
    "주당순이익": "8,441",
    "보통주배당금": "654",
    "매출액증가율": "-23.93",
    "영업이익증가율": "18.73",
    "외국인비율": "4.67",
    "PER": "15.82",
    "ROE": "14.74",
    "ROA": "11.83",
    "PBR": "2.62",
    "유보율": "3,246.2",
    "code": "002840"
}