{
    "N": "722",
    "종목명": "신풍제지",
    "현재가": "3,280",
    "전일비": "0",
    "등락률": "0.00%",
    "액면가": "500",
    "거래량": "1,310,727",
    "거래대금": "4,302",
    "전일거래량": "1,907,951",
    "시가": "3,280",
    "고가": "3,340",
    "저가": "3,225",
    "매수호가": "3,280",
    "매도호가": "3,285",
    "매수총잔량": "36,247",
    "매도총잔량": "79,482",
    "상장주식수": "34,959",
    "시가총액": "1,147",
    "매출액": "1,569",
    "자산총계": "1,856",
    "부채총계": "1,167",
    "영업이익": "114",
    "당기순이익": "195",
    "주당순이익": "106",
    "보통주배당금": "60",
    "매출액증가율": "1.80",
    "영업이익증가율": "-6.63",
    "외국인비율": "0.53",
    "PER": "30.94",
    "ROE": "32.25",
    "ROA": "11.07",
    "PBR": "1.49",
    "유보율": "343.0",
    "code": "002870"
}