{
    "N": "408",
    "종목명": "한국쉘석유",
    "현재가": "254,000",
    "상태": "상승",
    "전일비": "5,500",
    "등락률": "+2.21%",
    "액면가": "5,000",
    "거래량": "5,515",
    "거래대금": "1,382",
    "전일거래량": "11,001",
    "시가": "248,000",
    "고가": "254,000",
    "저가": "247,000",
    "매수호가": "254,000",
    "매도호가": "254,500",
    "매수총잔량": "631",
    "매도총잔량": "583",
    "상장주식수": "1,300",
    "시가총액": "3,302",
    "매출액": "2,118",
    "자산총계": "1,411",
    "부채총계": "432",
    "영업이익": "257",
    "당기순이익": "210",
    "주당순이익": "18,327",
    "보통주배당금": "16,000",
    "매출액증가율": "-3.60",
    "영업이익증가율": "-17.24",
    "외국인비율": "63.20",
    "PER": "13.86",
    "ROE": "21.30",
    "ROA": "14.72",
    "PBR": "3.42",
    "유보율": "1,298.8",
    "code": "002960"
}