{
    "N": "547",
    "종목명": "동양물산",
    "현재가": "1,535",
    "상태": "하락",
    "전일비": "50",
    "등락률": "-3.15%",
    "액면가": "500",
    "거래량": "2,407,826",
    "거래대금": "3,724",
    "전일거래량": "1,249,337",
    "시가": "1,555",
    "고가": "1,580",
    "저가": "1,525",
    "매수호가": "1,535",
    "매도호가": "1,540",
    "매수총잔량": "285,407",
    "매도총잔량": "172,015",
    "상장주식수": "126,005",
    "시가총액": "1,934",
    "매출액": "6,174",
    "자산총계": "6,286",
    "부채총계": "4,815",
    "영업이익": "137",
    "당기순이익": "52",
    "주당순이익": "94",
    "보통주배당금": "N/A",
    "매출액증가율": "4.65",
    "영업이익증가율": "351.76",
    "외국인비율": "5.45",
    "PER": "16.33",
    "ROE": "5.07",
    "ROA": "0.86",
    "PBR": "1.52",
    "유보율": "123.9",
    "code": "002900"
}