{
    "N": "864",
    "종목명": "유성기업",
    "현재가": "2,810",
    "상태": "상승",
    "전일비": "50",
    "등락률": "+1.81%",
    "액면가": "500",
    "거래량": "239,331",
    "거래대금": "669",
    "전일거래량": "258,756",
    "시가": "2,765",
    "고가": "2,830",
    "저가": "2,750",
    "매수호가": "2,810",
    "매도호가": "2,815",
    "매수총잔량": "18,526",
    "매도총잔량": "27,367",
    "상장주식수": "25,948",
    "시가총액": "729",
    "매출액": "2,596",
    "자산총계": "3,964",
    "부채총계": "905",
    "영업이익": "122",
    "당기순이익": "207",
    "주당순이익": "224",
    "보통주배당금": "200",
    "매출액증가율": "5.26",
    "영업이익증가율": "584.14",
    "외국인비율": "15.93",
    "PER": "12.54",
    "ROE": "6.47",
    "ROA": "5.36",
    "PBR": "0.27",
    "유보율": "1,978.5",
    "code": "002920"
}