{
    "N": "409",
    "종목명": "금호산업",
    "현재가": "9,010",
    "상태": "상승",
    "전일비": "170",
    "등락률": "+1.92%",
    "액면가": "5,000",
    "거래량": "340,704",
    "거래대금": "3,054",
    "전일거래량": "480,084",
    "시가": "8,740",
    "고가": "9,050",
    "저가": "8,740",
    "매수호가": "9,010",
    "매도호가": "9,020",
    "매수총잔량": "18,804",
    "매도총잔량": "49,075",
    "상장주식수": "36,634",
    "시가총액": "3,301",
    "매출액": "15,977",
    "자산총계": "13,374",
    "부채총계": "9,609",
    "영업이익": "555",
    "당기순이익": "117",
    "주당순이익": "1,021",
    "보통주배당금": "500",
    "매출액증가율": "16.05",
    "영업이익증가율": "31.29",
    "외국인비율": "3.01",
    "PER": "8.82",
    "ROE": "3.20",
    "ROA": "0.93",
    "PBR": "0.83",
    "유보율": "138.4",
    "code": "002990"
}