{
    "N": "1362",
    "종목명": "금호산업우",
    "현재가": "32,650",
    "상태": "상승",
    "전일비": "150",
    "등락률": "+0.46%",
    "액면가": "5,000",
    "거래량": "2,425",
    "거래대금": "79",
    "전일거래량": "1,742",
    "시가": "32,500",
    "고가": "32,850",
    "저가": "32,500",
    "매수호가": "32,650",
    "매도호가": "32,700",
    "매수총잔량": "1,318",
    "매도총잔량": "884",
    "상장주식수": "292",
    "시가총액": "95",
    "매출액": "N/A",
    "자산총계": "N/A",
    "부채총계": "N/A",
    "영업이익": "N/A",
    "당기순이익": "N/A",
    "주당순이익": "1,021",
    "보통주배당금": "N/A",
    "매출액증가율": "N/A",
    "영업이익증가율": "N/A",
    "외국인비율": "0.00",
    "PER": "31.98",
    "ROE": "N/A",
    "ROA": "N/A",
    "PBR": "3.01",
    "유보율": "N/A",
    "code": "002995"
}