{
    "N": "886",
    "종목명": "혜인",
    "현재가": "5,210",
    "전일비": "0",
    "등락률": "0.00%",
    "액면가": "500",
    "거래량": "131,344",
    "거래대금": "681",
    "전일거래량": "93,884",
    "시가": "5,200",
    "고가": "5,240",
    "저가": "5,130",
    "매수호가": "5,210",
    "매도호가": "5,220",
    "매수총잔량": "14,074",
    "매도총잔량": "15,576",
    "상장주식수": "12,713",
    "시가총액": "662",
    "매출액": "2,609",
    "자산총계": "2,183",
    "부채총계": "1,228",
    "영업이익": "118",
    "당기순이익": "42",
    "주당순이익": "215",
    "보통주배당금": "60",
    "매출액증가율": "20.36",
    "영업이익증가율": "91.29",
    "외국인비율": "3.53",
    "PER": "24.23",
    "ROE": "4.55",
    "ROA": "1.90",
    "PBR": "0.54",
    "유보율": "1,646.9",
    "code": "003010"
}