{
    "N": "315",
    "종목명": "코오롱글로벌",
    "현재가": "19,400",
    "상태": "상승",
    "전일비": "400",
    "등락률": "+2.11%",
    "액면가": "5,000",
    "거래량": "134,174",
    "거래대금": "2,556",
    "전일거래량": "82,410",
    "시가": "18,800",
    "고가": "19,500",
    "저가": "18,650",
    "매수호가": "19,350",
    "매도호가": "19,400",
    "매수총잔량": "14,931",
    "매도총잔량": "6,797",
    "상장주식수": "25,210",
    "시가총액": "4,891",
    "매출액": "34,841",
    "자산총계": "22,181",
    "부채총계": "17,504",
    "영업이익": "1,256",
    "당기순이익": "464",
    "주당순이익": "3,388",
    "보통주배당금": "350",
    "매출액증가율": "3.75",
    "영업이익증가율": "63.56",
    "외국인비율": "2.82",
    "PER": "5.73",
    "ROE": "10.74",
    "ROA": "2.18",
    "PBR": "0.95",
    "유보율": "273.7",
    "code": "003070"
}