{
    "N": "76",
    "종목명": "대웅",
    "현재가": "66,900",
    "상태": "상승",
    "전일비": "13,700",
    "등락률": "+25.75%",
    "액면가": "500",
    "거래량": "12,834,354",
    "거래대금": "804,482",
    "전일거래량": "2,231,955",
    "시가": "53,800",
    "고가": "68,300",
    "저가": "49,600",
    "매수호가": "66,800",
    "매도호가": "66,900",
    "매수총잔량": "35,929",
    "매도총잔량": "97,768",
    "상장주식수": "58,142",
    "시가총액": "38,897",
    "매출액": "13,657",
    "자산총계": "16,682",
    "부채총계": "6,419",
    "영업이익": "1,075",
    "당기순이익": "713",
    "주당순이익": "868",
    "보통주배당금": "100",
    "매출액증가율": "10.92",
    "영업이익증가율": "20.55",
    "외국인비율": "5.41",
    "PER": "77.07",
    "ROE": "10.43",
    "ROA": "4.38",
    "PBR": "4.39",
    "유보율": "2,247.6",
    "code": "003090"
}