{
    "N": "140",
    "종목명": "부광약품",
    "현재가": "28,450",
    "상태": "하락",
    "전일비": "500",
    "등락률": "-1.73%",
    "액면가": "500",
    "거래량": "1,832,282",
    "거래대금": "52,117",
    "전일거래량": "1,294,656",
    "시가": "28,450",
    "고가": "29,500",
    "저가": "27,550",
    "매수호가": "28,450",
    "매도호가": "28,500",
    "매수총잔량": "112,797",
    "매도총잔량": "41,425",
    "상장주식수": "64,838",
    "시가총액": "18,446",
    "매출액": "1,682",
    "자산총계": "3,885",
    "부채총계": "620",
    "영업이익": "95",
    "당기순이익": "-74",
    "주당순이익": "2",
    "보통주배당금": "196",
    "매출액증가율": "-13.40",
    "영업이익증가율": "-72.85",
    "외국인비율": "4.89",
    "PER": "14,225.00",
    "ROE": "-2.00",
    "ROA": "-1.69",
    "PBR": "7.07",
    "유보율": "1,062.9",
    "code": "003000"
}