{
    "N": "304",
    "종목명": "에이프로젠제약",
    "현재가": "1,320",
    "상태": "상승",
    "전일비": "20",
    "등락률": "+1.54%",
    "액면가": "500",
    "거래량": "3,431,633",
    "거래대금": "4,515",
    "전일거래량": "2,539,491",
    "시가": "1,295",
    "고가": "1,345",
    "저가": "1,290",
    "매수호가": "1,315",
    "매도호가": "1,320",
    "매수총잔량": "592,855",
    "매도총잔량": "692,115",
    "상장주식수": "398,576",
    "시가총액": "5,261",
    "매출액": "509",
    "자산총계": "3,653",
    "부채총계": "176",
    "영업이익": "-20",
    "당기순이익": "-35",
    "주당순이익": "31",
    "보통주배당금": "0",
    "매출액증가율": "12.13",
    "영업이익증가율": "-137.46",
    "외국인비율": "3.68",
    "PER": "42.58",
    "ROE": "-4.19",
    "ROA": "-1.19",
    "PBR": "1.04",
    "유보율": "102.5",
    "code": "003060"
}