{
    "N": "1354",
    "종목명": "코오롱글로벌우",
    "현재가": "31,050",
    "상태": "상승",
    "전일비": "200",
    "등락률": "+0.65%",
    "액면가": "5,000",
    "거래량": "4,182",
    "거래대금": "127",
    "전일거래량": "3,612",
    "시가": "30,400",
    "고가": "31,050",
    "저가": "30,350",
    "매수호가": "31,050",
    "매도호가": "31,200",
    "매수총잔량": "2,095",
    "매도총잔량": "432",
    "상장주식수": "313",
    "시가총액": "97",
    "매출액": "N/A",
    "자산총계": "N/A",
    "부채총계": "N/A",
    "영업이익": "N/A",
    "당기순이익": "N/A",
    "주당순이익": "3,388",
    "보통주배당금": "N/A",
    "매출액증가율": "N/A",
    "영업이익증가율": "N/A",
    "외국인비율": "1.15",
    "PER": "9.16",
    "ROE": "N/A",
    "ROA": "N/A",
    "PBR": "1.52",
    "유보율": "N/A",
    "code": "003075"
}