{
    "N": "550",
    "종목명": "세아제강지주",
    "현재가": "46,000",
    "상태": "상승",
    "전일비": "1,700",
    "등락률": "+3.84%",
    "액면가": "5,000",
    "거래량": "29,859",
    "거래대금": "1,362",
    "전일거래량": "13,504",
    "시가": "44,000",
    "고가": "46,000",
    "저가": "44,000",
    "매수호가": "45,900",
    "매도호가": "46,000",
    "매수총잔량": "403",
    "매도총잔량": "6,935",
    "상장주식수": "4,142",
    "시가총액": "1,905",
    "매출액": "26,439",
    "자산총계": "24,485",
    "부채총계": "10,962",
    "영업이익": "631",
    "당기순이익": "147",
    "주당순이익": "-1,812",
    "보통주배당금": "1,500",
    "매출액증가율": "48.39",
    "영업이익증가율": "-21.60",
    "외국인비율": "3.45",
    "PER": "-25.39",
    "ROE": "-0.32",
    "ROA": "0.60",
    "PBR": "0.18",
    "유보율": "4,429.4",
    "code": "003030"
}