{
    "N": "626",
    "종목명": "디아이",
    "현재가": "4,820",
    "상태": "하락",
    "전일비": "35",
    "등락률": "-0.72%",
    "액면가": "500",
    "거래량": "429,805",
    "거래대금": "2,072",
    "전일거래량": "690,106",
    "시가": "4,830",
    "고가": "4,905",
    "저가": "4,775",
    "매수호가": "4,820",
    "매도호가": "4,825",
    "매수총잔량": "62,615",
    "매도총잔량": "34,789",
    "상장주식수": "31,497",
    "시가총액": "1,518",
    "매출액": "1,095",
    "자산총계": "2,148",
    "부채총계": "725",
    "영업이익": "-65",
    "당기순이익": "5",
    "주당순이익": "314",
    "보통주배당금": "50",
    "매출액증가율": "-44.11",
    "영업이익증가율": "-130.36",
    "외국인비율": "5.72",
    "PER": "15.35",
    "ROE": "0.48",
    "ROA": "0.24",
    "PBR": "0.95",
    "유보율": "717.6",
    "code": "003160"
}