{
    "N": "504",
    "종목명": "일성신약",
    "현재가": "85,700",
    "상태": "상승",
    "전일비": "2,500",
    "등락률": "+3.00%",
    "액면가": "5,000",
    "거래량": "11,977",
    "거래대금": "1,000",
    "전일거래량": "8,164",
    "시가": "82,500",
    "고가": "85,800",
    "저가": "82,000",
    "매수호가": "85,400",
    "매도호가": "85,700",
    "매수총잔량": "344",
    "매도총잔량": "882",
    "상장주식수": "2,660",
    "시가총액": "2,280",
    "매출액": "484",
    "자산총계": "3,695",
    "부채총계": "240",
    "영업이익": "-13",
    "당기순이익": "67",
    "주당순이익": "1,679",
    "보통주배당금": "750",
    "매출액증가율": "-21.48",
    "영업이익증가율": "-155.67",
    "외국인비율": "2.60",
    "PER": "51.04",
    "ROE": "2.01",
    "ROA": "1.88",
    "PBR": "0.38",
    "유보율": "3,145.9",
    "code": "003120"
}