{
    "N": "366",
    "종목명": "대원제약",
    "현재가": "19,300",
    "상태": "상승",
    "전일비": "50",
    "등락률": "+0.26%",
    "액면가": "500",
    "거래량": "197,400",
    "거래대금": "3,787",
    "전일거래량": "189,412",
    "시가": "19,250",
    "고가": "19,550",
    "저가": "18,950",
    "매수호가": "19,250",
    "매도호가": "19,300",
    "매수총잔량": "40,838",
    "매도총잔량": "25,392",
    "상장주식수": "20,244",
    "시가총액": "3,907",
    "매출액": "3,178",
    "자산총계": "3,275",
    "부채총계": "1,233",
    "영업이익": "351",
    "당기순이익": "269",
    "주당순이익": "1,189",
    "보통주배당금": "253",
    "매출액증가율": "10.88",
    "영업이익증가율": "14.19",
    "외국인비율": "18.48",
    "PER": "16.23",
    "ROE": "14.05",
    "ROA": "8.92",
    "PBR": "1.81",
    "유보율": "2,012.4",
    "code": "003220"
}