{
    "N": "548",
    "종목명": "일신방직",
    "현재가": "80,500",
    "상태": "하락",
    "전일비": "200",
    "등락률": "-0.25%",
    "액면가": "5,000",
    "거래량": "5,861",
    "거래대금": "473",
    "전일거래량": "6,429",
    "시가": "80,700",
    "고가": "81,100",
    "저가": "80,000",
    "매수호가": "80,500",
    "매도호가": "80,600",
    "매수총잔량": "1,309",
    "매도총잔량": "301",
    "상장주식수": "2,400",
    "시가총액": "1,932",
    "매출액": "4,962",
    "자산총계": "9,536",
    "부채총계": "2,304",
    "영업이익": "136",
    "당기순이익": "80",
    "주당순이익": "1,228",
    "보통주배당금": "1,500",
    "매출액증가율": "-1.52",
    "영업이익증가율": "-54.58",
    "외국인비율": "7.41",
    "PER": "65.55",
    "ROE": "1.00",
    "ROA": "0.84",
    "PBR": "0.26",
    "유보율": "5,836.4",
    "code": "003200"
}