{
    "N": "1067",
    "종목명": "흥아해운",
    "현재가": "258",
    "전일비": "0",
    "등락률": "0.00%",
    "액면가": "500",
    "거래량": "0",
    "거래대금": "0",
    "전일거래량": "0",
    "시가": "0",
    "고가": "0",
    "저가": "0",
    "매수호가": "0",
    "매도호가": "0",
    "매수총잔량": "0",
    "매도총잔량": "0",
    "상장주식수": "116,733",
    "시가총액": "301",
    "매출액": "1,022",
    "자산총계": "4,310",
    "부채총계": "4,000",
    "영업이익": "-124",
    "당기순이익": "-514",
    "주당순이익": "-239",
    "보통주배당금": "0",
    "매출액증가율": "1.34",
    "영업이익증가율": "-10.37",
    "외국인비율": "23.01",
    "PER": "-1.08",
    "ROE": "-98.70",
    "ROA": "-8.32",
    "PBR": "2.81",
    "유보율": "13.0",
    "code": "003280"
}