{
    "N": "231",
    "종목명": "삼양식품",
    "현재가": "101,500",
    "상태": "상승",
    "전일비": "1,500",
    "등락률": "+1.50%",
    "액면가": "5,000",
    "거래량": "80,592",
    "거래대금": "8,130",
    "전일거래량": "58,154",
    "시가": "99,800",
    "고가": "101,500",
    "저가": "99,800",
    "매수호가": "101,000",
    "매도호가": "101,500",
    "매수총잔량": "22,747",
    "매도총잔량": "36,743",
    "상장주식수": "7,533",
    "시가총액": "7,646",
    "매출액": "5,436",
    "자산총계": "4,704",
    "부채총계": "1,827",
    "영업이익": "783",
    "당기순이익": "600",
    "주당순이익": "10,119",
    "보통주배당금": "800",
    "매출액증가율": "15.81",
    "영업이익증가율": "41.88",
    "외국인비율": "8.40",
    "PER": "10.03",
    "ROE": "23.15",
    "ROA": "13.60",
    "PBR": "2.25",
    "유보율": "645.9",
    "code": "003230"
}