{
    "N": "591",
    "종목명": "한국화장품제조",
    "현재가": "37,150",
    "상태": "상승",
    "전일비": "150",
    "등락률": "+0.41%",
    "액면가": "500",
    "거래량": "12,565",
    "거래대금": "464",
    "전일거래량": "13,014",
    "시가": "36,650",
    "고가": "37,250",
    "저가": "36,650",
    "매수호가": "37,050",
    "매도호가": "37,150",
    "매수총잔량": "4,091",
    "매도총잔량": "2,293",
    "상장주식수": "4,532",
    "시가총액": "1,684",
    "매출액": "765",
    "자산총계": "842",
    "부채총계": "362",
    "영업이익": "13",
    "당기순이익": "-15",
    "주당순이익": "-312",
    "보통주배당금": "100",
    "매출액증가율": "-13.31",
    "영업이익증가율": "-72.60",
    "외국인비율": "0.70",
    "PER": "-119.07",
    "ROE": "-3.03",
    "ROA": "-1.91",
    "PBR": "2.87",
    "유보율": "2,069.5",
    "code": "003350"
}