{
    "N": "680",
    "종목명": "한진중공업홀딩스",
    "현재가": "4,400",
    "상태": "상승",
    "전일비": "175",
    "등락률": "+4.14%",
    "액면가": "5,000",
    "거래량": "354,052",
    "거래대금": "1,544",
    "전일거래량": "135,156",
    "시가": "4,250",
    "고가": "4,450",
    "저가": "4,250",
    "매수호가": "4,385",
    "매도호가": "4,400",
    "매수총잔량": "8,550",
    "매도총잔량": "22,135",
    "상장주식수": "29,530",
    "시가총액": "1,299",
    "매출액": "8,776",
    "자산총계": "18,607",
    "부채총계": "15,002",
    "영업이익": "384",
    "당기순이익": "304",
    "주당순이익": "76",
    "보통주배당금": "N/A",
    "매출액증가율": "-7.23",
    "영업이익증가율": "38.91",
    "외국인비율": "1.41",
    "PER": "57.89",
    "ROE": "8.98",
    "ROA": "1.63",
    "PBR": "0.34",
    "유보율": "135.1",
    "code": "003480"
}