{
    "N": "969",
    "종목명": "대한항공우",
    "현재가": "42,200",
    "상태": "하락",
    "전일비": "900",
    "등락률": "-2.09%",
    "액면가": "5,000",
    "거래량": "22,915",
    "거래대금": "956",
    "전일거래량": "62,666",
    "시가": "41,400",
    "고가": "42,200",
    "저가": "41,400",
    "매수호가": "42,150",
    "매도호가": "42,200",
    "매수총잔량": "4,526",
    "매도총잔량": "897",
    "상장주식수": "1,111",
    "시가총액": "469",
    "매출액": "N/A",
    "자산총계": "N/A",
    "부채총계": "N/A",
    "영업이익": "N/A",
    "당기순이익": "N/A",
    "주당순이익": "-4,386",
    "보통주배당금": "N/A",
    "매출액증가율": "N/A",
    "영업이익증가율": "N/A",
    "외국인비율": "1.94",
    "PER": "-9.62",
    "ROE": "N/A",
    "ROA": "N/A",
    "PBR": "2.33",
    "유보율": "N/A",
    "code": "003495"
}