{
    "N": "985",
    "종목명": "유화증권우",
    "현재가": "2,420",
    "전일비": "0",
    "등락률": "0.00%",
    "액면가": "1,000",
    "거래량": "4,114",
    "거래대금": "9",
    "전일거래량": "3,044",
    "시가": "2,450",
    "고가": "2,450",
    "저가": "2,400",
    "매수호가": "2,415",
    "매도호가": "2,420",
    "매수총잔량": "2,594",
    "매도총잔량": "7,298",
    "상장주식수": "17,476",
    "시가총액": "423",
    "매출액": "N/A",
    "자산총계": "N/A",
    "부채총계": "N/A",
    "영업이익": "N/A",
    "당기순이익": "N/A",
    "주당순이익": "78",
    "보통주배당금": "N/A",
    "매출액증가율": "N/A",
    "영업이익증가율": "N/A",
    "외국인비율": "0.00",
    "PER": "31.03",
    "ROE": "N/A",
    "ROA": "N/A",
    "PBR": "0.32",
    "유보율": "N/A",
    "code": "003465"
}