{
    "N": "61",
    "종목명": "대한항공",
    "현재가": "28,350",
    "상태": "상승",
    "전일비": "700",
    "등락률": "+2.53%",
    "액면가": "5,000",
    "거래량": "3,981,327",
    "거래대금": "111,981",
    "전일거래량": "4,355,156",
    "시가": "27,600",
    "고가": "28,500",
    "저가": "27,100",
    "매수호가": "28,350",
    "매도호가": "28,400",
    "매수총잔량": "231,847",
    "매도총잔량": "633,782",
    "상장주식수": "174,210",
    "시가총액": "49,388",
    "매출액": "126,834",
    "자산총계": "270,141",
    "부채총계": "242,333",
    "영업이익": "2,575",
    "당기순이익": "-6,228",
    "주당순이익": "-4,386",
    "보통주배당금": "0",
    "매출액증가율": "-2.52",
    "영업이익증가율": "-61.64",
    "외국인비율": "12.27",
    "PER": "-6.46",
    "ROE": "-22.09",
    "ROA": "-2.36",
    "PBR": "1.57",
    "유보율": "77.9",
    "code": "003490"
}