{
    "N": "84",
    "종목명": "쌍용양회",
    "현재가": "6,680",
    "상태": "상승",
    "전일비": "100",
    "등락률": "+1.52%",
    "액면가": "100",
    "거래량": "2,087,183",
    "거래대금": "13,821",
    "전일거래량": "1,714,842",
    "시가": "6,600",
    "고가": "6,700",
    "저가": "6,550",
    "매수호가": "6,680",
    "매도호가": "6,690",
    "매수총잔량": "109,924",
    "매도총잔량": "112,910",
    "상장주식수": "503,860",
    "시가총액": "33,658",
    "매출액": "15,385",
    "자산총계": "33,288",
    "부채총계": "15,263",
    "영업이익": "2,284",
    "당기순이익": "1,316",
    "주당순이익": "249",
    "보통주배당금": "420",
    "매출액증가율": "1.89",
    "영업이익증가율": "-7.51",
    "외국인비율": "2.94",
    "PER": "26.83",
    "ROE": "7.02",
    "ROA": "3.89",
    "PBR": "1.96",
    "유보율": "266.2",
    "code": "003410"
}