{
    "N": "684",
    "종목명": "유화증권",
    "현재가": "2,275",
    "상태": "상승",
    "전일비": "10",
    "등락률": "+0.44%",
    "액면가": "1,000",
    "거래량": "20,831",
    "거래대금": "47",
    "전일거래량": "38,122",
    "시가": "2,285",
    "고가": "2,300",
    "저가": "2,245",
    "매수호가": "2,275",
    "매도호가": "2,290",
    "매수총잔량": "5,608",
    "매도총잔량": "5,597",
    "상장주식수": "56,702",
    "시가총액": "1,290",
    "매출액": "207",
    "자산총계": "6,209",
    "부채총계": "1,624",
    "영업이익": "62",
    "당기순이익": "62",
    "주당순이익": "78",
    "보통주배당금": "120",
    "매출액증가율": "-1.43",
    "영업이익증가율": "12.01",
    "외국인비율": "2.98",
    "PER": "29.17",
    "ROE": "1.36",
    "ROA": "1.00",
    "PBR": "0.30",
    "유보율": "562.9",
    "code": "003460"
}