{
    "N": "282",
    "종목명": "유안타증권",
    "현재가": "3,080",
    "상태": "상승",
    "전일비": "35",
    "등락률": "+1.15%",
    "액면가": "5,000",
    "거래량": "514,763",
    "거래대금": "1,565",
    "전일거래량": "362,778",
    "시가": "3,010",
    "고가": "3,080",
    "저가": "3,000",
    "매수호가": "3,075",
    "매도호가": "3,080",
    "매수총잔량": "41,886",
    "매도총잔량": "56,674",
    "상장주식수": "199,597",
    "시가총액": "6,148",
    "매출액": "21,318",
    "자산총계": "123,423",
    "부채총계": "110,785",
    "영업이익": "718",
    "당기순이익": "809",
    "주당순이익": "384",
    "보통주배당금": "N/A",
    "매출액증가율": "4.65",
    "영업이익증가율": "-21.22",
    "외국인비율": "63.89",
    "PER": "8.02",
    "ROE": "6.60",
    "ROA": "0.67",
    "PBR": "0.47",
    "유보율": "24.2",
    "code": "003470"
}