{
    "N": "1061",
    "종목명": "유안타증권우",
    "현재가": "2,390",
    "상태": "상승",
    "전일비": "20",
    "등락률": "+0.84%",
    "액면가": "5,000",
    "거래량": "63,992",
    "거래대금": "149",
    "전일거래량": "61,112",
    "시가": "2,320",
    "고가": "2,390",
    "저가": "2,315",
    "매수호가": "2,385",
    "매도호가": "2,390",
    "매수총잔량": "7,425",
    "매도총잔량": "2,595",
    "상장주식수": "12,912",
    "시가총액": "309",
    "매출액": "N/A",
    "자산총계": "N/A",
    "부채총계": "N/A",
    "영업이익": "N/A",
    "당기순이익": "N/A",
    "주당순이익": "384",
    "보통주배당금": "N/A",
    "매출액증가율": "N/A",
    "영업이익증가율": "N/A",
    "외국인비율": "1.68",
    "PER": "6.22",
    "ROE": "N/A",
    "ROA": "N/A",
    "PBR": "0.37",
    "유보율": "N/A",
    "code": "003475"
}