{
    "N": "478",
    "종목명": "대신증권우",
    "현재가": "9,750",
    "상태": "하락",
    "전일비": "50",
    "등락률": "-0.51%",
    "액면가": "5,000",
    "거래량": "247,252",
    "거래대금": "2,381",
    "전일거래량": "395,732",
    "시가": "9,710",
    "고가": "9,780",
    "저가": "9,590",
    "매수호가": "9,740",
    "매도호가": "9,750",
    "매수총잔량": "19,988",
    "매도총잔량": "19,977",
    "상장주식수": "26,000",
    "시가총액": "2,535",
    "매출액": "N/A",
    "자산총계": "N/A",
    "부채총계": "N/A",
    "영업이익": "N/A",
    "당기순이익": "N/A",
    "주당순이익": "1,085",
    "보통주배당금": "N/A",
    "매출액증가율": "N/A",
    "영업이익증가율": "N/A",
    "외국인비율": "11.78",
    "PER": "8.99",
    "ROE": "N/A",
    "ROA": "N/A",
    "PBR": "0.33",
    "유보율": "N/A",
    "code": "003545"
}