{
    "N": "23",
    "종목명": "LG",
    "현재가": "98,300",
    "상태": "상승",
    "전일비": "1,400",
    "등락률": "+1.44%",
    "액면가": "5,000",
    "거래량": "966,407",
    "거래대금": "93,259",
    "전일거래량": "2,269,706",
    "시가": "95,300",
    "고가": "98,700",
    "저가": "94,500",
    "매수호가": "98,200",
    "매도호가": "98,300",
    "매수총잔량": "7,563",
    "매도총잔량": "12,749",
    "상장주식수": "172,557",
    "시가총액": "169,624",
    "매출액": "65,753",
    "자산총계": "224,346",
    "부채총계": "34,136",
    "영업이익": "10,241",
    "당기순이익": "11,068",
    "주당순이익": "7,074",
    "보통주배당금": "2,200",
    "매출액증가율": "-15.08",
    "영업이익증가율": "-43.77",
    "외국인비율": "34.32",
    "PER": "13.90",
    "ROE": "5.87",
    "ROA": "4.89",
    "PBR": "0.84",
    "유보율": "2,054.0",
    "code": "003550"
}