{
    "N": "576",
    "종목명": "넥스트사이언스",
    "현재가": "5,430",
    "상태": "상승",
    "전일비": "40",
    "등락률": "+0.74%",
    "액면가": "500",
    "거래량": "347,499",
    "거래대금": "1,856",
    "전일거래량": "243,699",
    "시가": "5,350",
    "고가": "5,430",
    "저가": "5,290",
    "매수호가": "5,430",
    "매도호가": "5,440",
    "매수총잔량": "39,873",
    "매도총잔량": "15,147",
    "상장주식수": "32,633",
    "시가총액": "1,772",
    "매출액": "350",
    "자산총계": "1,294",
    "부채총계": "483",
    "영업이익": "-44",
    "당기순이익": "-229",
    "주당순이익": "-551",
    "보통주배당금": "0",
    "매출액증가율": "164.59",
    "영업이익증가율": "-7.85",
    "외국인비율": "5.24",
    "PER": "-9.85",
    "ROE": "-31.73",
    "ROA": "-15.81",
    "PBR": "1.87",
    "유보율": "435.3",
    "code": "003580"
}