{
    "N": "498",
    "종목명": "LG우",
    "현재가": "70,000",
    "상태": "하락",
    "전일비": "600",
    "등락률": "-0.85%",
    "액면가": "5,000",
    "거래량": "59,952",
    "거래대금": "4,167",
    "전일거래량": "245,679",
    "시가": "69,700",
    "고가": "70,900",
    "저가": "68,600",
    "매수호가": "70,000",
    "매도호가": "70,100",
    "매수총잔량": "2,538",
    "매도총잔량": "1,897",
    "상장주식수": "3,315",
    "시가총액": "2,320",
    "매출액": "N/A",
    "자산총계": "N/A",
    "부채총계": "N/A",
    "영업이익": "N/A",
    "당기순이익": "N/A",
    "주당순이익": "7,074",
    "보통주배당금": "N/A",
    "매출액증가율": "N/A",
    "영업이익증가율": "N/A",
    "외국인비율": "46.23",
    "PER": "9.90",
    "ROE": "N/A",
    "ROA": "N/A",
    "PBR": "0.60",
    "유보율": "N/A",
    "code": "003555"
}