{
    "N": "267",
    "종목명": "대신증권",
    "현재가": "12,800",
    "상태": "상승",
    "전일비": "50",
    "등락률": "+0.39%",
    "액면가": "5,000",
    "거래량": "227,511",
    "거래대금": "2,863",
    "전일거래량": "247,732",
    "시가": "12,600",
    "고가": "12,800",
    "저가": "12,450",
    "매수호가": "12,800",
    "매도호가": "12,850",
    "매수총잔량": "65,973",
    "매도총잔량": "42,074",
    "상장주식수": "50,773",
    "시가총액": "6,499",
    "매출액": "26,967",
    "자산총계": "194,373",
    "부채총계": "174,202",
    "영업이익": "997",
    "당기순이익": "940",
    "주당순이익": "1,085",
    "보통주배당금": "1,000",
    "매출액증가율": "5.46",
    "영업이익증가율": "-37.11",
    "외국인비율": "18.32",
    "PER": "11.80",
    "ROE": "4.79",
    "ROA": "0.49",
    "PBR": "0.43",
    "유보율": "415.0",
    "code": "003540"
}