{
    "N": "1196",
    "종목명": "한화투자증권우",
    "현재가": "3,500",
    "상태": "하락",
    "전일비": "105",
    "등락률": "-2.91%",
    "액면가": "5,000",
    "거래량": "20,951",
    "거래대금": "74",
    "전일거래량": "29,281",
    "시가": "3,605",
    "고가": "3,605",
    "저가": "3,500",
    "매수호가": "3,500",
    "매도호가": "3,505",
    "매수총잔량": "4,823",
    "매도총잔량": "160",
    "상장주식수": "4,800",
    "시가총액": "168",
    "매출액": "N/A",
    "자산총계": "N/A",
    "부채총계": "N/A",
    "영업이익": "N/A",
    "당기순이익": "N/A",
    "주당순이익": "333",
    "보통주배당금": "N/A",
    "매출액증가율": "N/A",
    "영업이익증가율": "N/A",
    "외국인비율": "0.28",
    "PER": "10.51",
    "ROE": "N/A",
    "ROA": "N/A",
    "PBR": "0.63",
    "유보율": "N/A",
    "code": "003535"
}