{
    "N": "318",
    "종목명": "한화투자증권",
    "현재가": "2,255",
    "상태": "상승",
    "전일비": "25",
    "등락률": "+1.12%",
    "액면가": "5,000",
    "거래량": "1,148,646",
    "거래대금": "2,575",
    "전일거래량": "1,423,132",
    "시가": "2,220",
    "고가": "2,270",
    "저가": "2,195",
    "매수호가": "2,250",
    "매도호가": "2,255",
    "매수총잔량": "72,634",
    "매도총잔량": "216,548",
    "상장주식수": "214,548",
    "시가총액": "4,838",
    "매출액": "15,712",
    "자산총계": "98,783",
    "부채총계": "87,229",
    "영업이익": "1,119",
    "당기순이익": "986",
    "주당순이익": "333",
    "보통주배당금": "0",
    "매출액증가율": "-17.39",
    "영업이익증가율": "15.09",
    "외국인비율": "5.20",
    "PER": "6.77",
    "ROE": "9.36",
    "ROA": "1.14",
    "PBR": "0.40",
    "유보율": "6.2",
    "code": "003530"
}