{
    "N": "546",
    "종목명": "S&T중공업",
    "현재가": "5,840",
    "상태": "하락",
    "전일비": "60",
    "등락률": "-1.02%",
    "액면가": "2,500",
    "거래량": "139,518",
    "거래대금": "815",
    "전일거래량": "58,385",
    "시가": "5,910",
    "고가": "5,910",
    "저가": "5,770",
    "매수호가": "5,840",
    "매도호가": "5,850",
    "매수총잔량": "16,908",
    "매도총잔량": "29,765",
    "상장주식수": "33,253",
    "시가총액": "1,942",
    "매출액": "3,751",
    "자산총계": "8,414",
    "부채총계": "2,243",
    "영업이익": "192",
    "당기순이익": "166",
    "주당순이익": "405",
    "보통주배당금": "300",
    "매출액증가율": "-5.34",
    "영업이익증가율": "19.54",
    "외국인비율": "10.14",
    "PER": "14.42",
    "ROE": "2.72",
    "ROA": "1.97",
    "PBR": "0.24",
    "유보율": "700.5",
    "code": "003570"
}