{
    "N": "160",
    "종목명": "영진약품",
    "현재가": "7,950",
    "상태": "상승",
    "전일비": "40",
    "등락률": "+0.51%",
    "액면가": "500",
    "거래량": "1,826,023",
    "거래대금": "14,488",
    "전일거래량": "2,441,325",
    "시가": "7,880",
    "고가": "8,030",
    "저가": "7,820",
    "매수호가": "7,950",
    "매도호가": "7,960",
    "매수총잔량": "195,734",
    "매도총잔량": "109,984",
    "상장주식수": "182,893",
    "시가총액": "14,540",
    "매출액": "2,205",
    "자산총계": "2,004",
    "부채총계": "847",
    "영업이익": "100",
    "당기순이익": "50",
    "주당순이익": "-4",
    "보통주배당금": "N/A",
    "매출액증가율": "18.30",
    "영업이익증가율": "556.35",
    "외국인비율": "4.25",
    "PER": "-1,987.50",
    "ROE": "4.43",
    "ROA": "2.54",
    "PBR": "12.31",
    "유보율": "26.6",
    "code": "003520"
}