{
    "N": "795",
    "종목명": "대신증권2우B",
    "현재가": "9,280",
    "전일비": "0",
    "등락률": "0.00%",
    "액면가": "5,000",
    "거래량": "55,714",
    "거래대금": "512",
    "전일거래량": "130,428",
    "시가": "9,280",
    "고가": "9,330",
    "저가": "9,120",
    "매수호가": "9,280",
    "매도호가": "9,290",
    "매수총잔량": "4,241",
    "매도총잔량": "4,881",
    "상장주식수": "10,000",
    "시가총액": "928",
    "매출액": "N/A",
    "자산총계": "N/A",
    "부채총계": "N/A",
    "영업이익": "N/A",
    "당기순이익": "N/A",
    "주당순이익": "1,085",
    "보통주배당금": "N/A",
    "매출액증가율": "N/A",
    "영업이익증가율": "N/A",
    "외국인비율": "1.44",
    "PER": "8.55",
    "ROE": "N/A",
    "ROA": "N/A",
    "PBR": "0.31",
    "유보율": "N/A",
    "code": "003547"
}