{
    "N": "40",
    "종목명": "포스코케미칼",
    "현재가": "124,000",
    "상태": "상승",
    "전일비": "6,000",
    "등락률": "+5.08%",
    "액면가": "500",
    "거래량": "1,364,066",
    "거래대금": "166,744",
    "전일거래량": "2,122,467",
    "시가": "118,000",
    "고가": "127,000",
    "저가": "115,000",
    "매수호가": "123,500",
    "매도호가": "124,000",
    "매수총잔량": "38,500",
    "매도총잔량": "102,592",
    "상장주식수": "60,988",
    "시가총액": "75,625",
    "매출액": "14,838",
    "자산총계": "17,301",
    "부채총계": "7,238",
    "영업이익": "899",
    "당기순이익": "1,012",
    "주당순이익": "440",
    "보통주배당금": "375",
    "매출액증가율": "7.24",
    "영업이익증가율": "-15.47",
    "외국인비율": "7.28",
    "PER": "281.82",
    "ROE": "11.57",
    "ROA": "7.56",
    "PBR": "8.18",
    "유보율": "3,174.7",
    "code": "003670"
}