{
    "N": "207",
    "종목명": "코리안리",
    "현재가": "7,740",
    "상태": "하락",
    "전일비": "20",
    "등락률": "-0.26%",
    "액면가": "500",
    "거래량": "352,047",
    "거래대금": "2,709",
    "전일거래량": "616,429",
    "시가": "7,690",
    "고가": "7,750",
    "저가": "7,660",
    "매수호가": "7,740",
    "매도호가": "7,750",
    "매수총잔량": "60,594",
    "매도총잔량": "86,416",
    "상장주식수": "120,369",
    "시가총액": "9,317",
    "매출액": "106,699",
    "자산총계": "117,331",
    "부채총계": "92,771",
    "영업이익": "2,498",
    "당기순이익": "1,887",
    "주당순이익": "1,242",
    "보통주배당금": "500",
    "매출액증가율": "7.86",
    "영업이익증가율": "74.01",
    "외국인비율": "28.50",
    "PER": "6.23",
    "ROE": "8.04",
    "ROA": "1.68",
    "PBR": "0.32",
    "유보율": "4,042.5",
    "code": "003690"
}