{
    "N": "947",
    "종목명": "한성기업",
    "현재가": "8,370",
    "상태": "상승",
    "전일비": "120",
    "등락률": "+1.45%",
    "액면가": "5,000",
    "거래량": "87,826",
    "거래대금": "730",
    "전일거래량": "57,044",
    "시가": "8,270",
    "고가": "8,400",
    "저가": "8,190",
    "매수호가": "8,360",
    "매도호가": "8,370",
    "매수총잔량": "2,463",
    "매도총잔량": "9,735",
    "상장주식수": "6,210",
    "시가총액": "520",
    "매출액": "2,701",
    "자산총계": "2,336",
    "부채총계": "1,837",
    "영업이익": "-83",
    "당기순이익": "-174",
    "주당순이익": "-2,262",
    "보통주배당금": "N/A",
    "매출액증가율": "N/A",
    "영업이익증가율": "N/A",
    "외국인비율": "2.39",
    "PER": "-3.70",
    "ROE": "N/A",
    "ROA": "N/A",
    "PBR": "0.90",
    "유보율": "34.1",
    "code": "003680"
}