{
    "N": "889",
    "종목명": "진양산업",
    "현재가": "5,060",
    "상태": "상승",
    "전일비": "80",
    "등락률": "+1.61%",
    "액면가": "500",
    "거래량": "923,993",
    "거래대금": "4,680",
    "전일거래량": "523,577",
    "시가": "5,180",
    "고가": "5,300",
    "저가": "4,895",
    "매수호가": "5,060",
    "매도호가": "5,070",
    "매수총잔량": "17,637",
    "매도총잔량": "41,270",
    "상장주식수": "13,000",
    "시가총액": "658",
    "매출액": "618",
    "자산총계": "545",
    "부채총계": "135",
    "영업이익": "91",
    "당기순이익": "68",
    "주당순이익": "586",
    "보통주배당금": "200",
    "매출액증가율": "4.19",
    "영업이익증가율": "202.69",
    "외국인비율": "1.64",
    "PER": "8.63",
    "ROE": "17.84",
    "ROA": "12.97",
    "PBR": "1.48",
    "유보율": "553.0",
    "code": "003780"
}