{
    "N": "817",
    "종목명": "삼영화학",
    "현재가": "2,565",
    "전일비": "0",
    "등락률": "0.00%",
    "액면가": "500",
    "거래량": "318,589",
    "거래대금": "812",
    "전일거래량": "373,869",
    "시가": "2,545",
    "고가": "2,630",
    "저가": "2,475",
    "매수호가": "2,565",
    "매도호가": "2,580",
    "매수총잔량": "18,326",
    "매도총잔량": "26,825",
    "상장주식수": "34,000",
    "시가총액": "872",
    "매출액": "1,111",
    "자산총계": "1,070",
    "부채총계": "627",
    "영업이익": "-9",
    "당기순이익": "-19",
    "주당순이익": "9",
    "보통주배당금": "N/A",
    "매출액증가율": "7.96",
    "영업이익증가율": "85.57",
    "외국인비율": "3.42",
    "PER": "285.00",
    "ROE": "-4.49",
    "ROA": "-1.78",
    "PBR": "1.96",
    "유보율": "156.8",
    "code": "003720"
}