{
    "N": "668",
    "종목명": "대한화섬",
    "현재가": "102,500",
    "상태": "하락",
    "전일비": "1,000",
    "등락률": "-0.97%",
    "액면가": "5,000",
    "거래량": "600",
    "거래대금": "61",
    "전일거래량": "2,600",
    "시가": "103,500",
    "고가": "104,500",
    "저가": "102,500",
    "매수호가": "102,500",
    "매도호가": "103,000",
    "매수총잔량": "533",
    "매도총잔량": "541",
    "상장주식수": "1,328",
    "시가총액": "1,361",
    "매출액": "1,142",
    "자산총계": "6,094",
    "부채총계": "760",
    "영업이익": "49",
    "당기순이익": "225",
    "주당순이익": "14,387",
    "보통주배당금": "410",
    "매출액증가율": "6.11",
    "영업이익증가율": "119.85",
    "외국인비율": "0.32",
    "PER": "7.12",
    "ROE": "4.37",
    "ROA": "3.78",
    "PBR": "0.21",
    "유보율": "6,382.8",
    "code": "003830"
}