{
    "N": "199",
    "종목명": "보령제약",
    "현재가": "20,000",
    "상태": "상승",
    "전일비": "1,500",
    "등락률": "+8.11%",
    "액면가": "500",
    "거래량": "1,706,671",
    "거래대금": "33,333",
    "전일거래량": "757,223",
    "시가": "18,350",
    "고가": "20,150",
    "저가": "18,150",
    "매수호가": "19,950",
    "매도호가": "20,000",
    "매수총잔량": "36,983",
    "매도총잔량": "59,053",
    "상장주식수": "47,620",
    "시가총액": "9,524",
    "매출액": "5,243",
    "자산총계": "5,076",
    "부채총계": "2,247",
    "영업이익": "391",
    "당기순이익": "322",
    "주당순이익": "558",
    "보통주배당금": "91",
    "매출액증가율": "13.87",
    "영업이익증가율": "56.53",
    "외국인비율": "7.78",
    "PER": "35.84",
    "ROE": "11.96",
    "ROA": "6.73",
    "PBR": "2.92",
    "유보율": "1,249.5",
    "code": "003850"
}