{
    "N": "614",
    "종목명": "사조대림",
    "현재가": "17,000",
    "상태": "상승",
    "전일비": "350",
    "등락률": "+2.10%",
    "액면가": "5,000",
    "거래량": "81,467",
    "거래대금": "1,367",
    "전일거래량": "41,748",
    "시가": "16,600",
    "고가": "17,050",
    "저가": "16,250",
    "매수호가": "17,000",
    "매도호가": "17,050",
    "매수총잔량": "6,388",
    "매도총잔량": "17,800",
    "상장주식수": "9,164",
    "시가총액": "1,558",
    "매출액": "13,297",
    "자산총계": "10,709",
    "부채총계": "6,470",
    "영업이익": "496",
    "당기순이익": "871",
    "주당순이익": "2,417",
    "보통주배당금": "150",
    "매출액증가율": "41.89",
    "영업이익증가율": "36.71",
    "외국인비율": "0.81",
    "PER": "7.03",
    "ROE": "30.57",
    "ROA": "9.72",
    "PBR": "0.35",
    "유보율": "681.9",
    "code": "003960"
}