{
    "N": "1123",
    "종목명": "남양유업우",
    "현재가": "140,000",
    "상태": "하락",
    "전일비": "500",
    "등락률": "-0.36%",
    "액면가": "5,000",
    "거래량": "245",
    "거래대금": "34",
    "전일거래량": "131",
    "시가": "140,500",
    "고가": "140,500",
    "저가": "138,500",
    "매수호가": "139,500",
    "매도호가": "140,000",
    "매수총잔량": "184",
    "매도총잔량": "135",
    "상장주식수": "167",
    "시가총액": "233",
    "매출액": "N/A",
    "자산총계": "N/A",
    "부채총계": "N/A",
    "영업이익": "N/A",
    "당기순이익": "N/A",
    "주당순이익": "-32,645",
    "보통주배당금": "N/A",
    "매출액증가율": "N/A",
    "영업이익증가율": "N/A",
    "외국인비율": "80.31",
    "PER": "-4.29",
    "ROE": "N/A",
    "ROA": "N/A",
    "PBR": "0.14",
    "유보율": "N/A",
    "code": "003925"
}