{
    "N": "528",
    "종목명": "남양유업",
    "현재가": "284,500",
    "상태": "상승",
    "전일비": "2,500",
    "등락률": "+0.89%",
    "액면가": "5,000",
    "거래량": "2,384",
    "거래대금": "675",
    "전일거래량": "1,792",
    "시가": "282,000",
    "고가": "285,500",
    "저가": "281,500",
    "매수호가": "283,500",
    "매도호가": "284,500",
    "매수총잔량": "479",
    "매도총잔량": "336",
    "상장주식수": "720",
    "시가총액": "2,048",
    "매출액": "10,308",
    "자산총계": "10,564",
    "부채총계": "1,441",
    "영업이익": "4",
    "당기순이익": "292",
    "주당순이익": "-32,645",
    "보통주배당금": "1,000",
    "매출액증가율": "-4.53",
    "영업이익증가율": "-95.14",
    "외국인비율": "24.11",
    "PER": "-8.71",
    "ROE": "3.25",
    "ROA": "2.77",
    "PBR": "0.27",
    "유보율": "20,998.0",
    "code": "003920"
}