{
    "N": "159",
    "종목명": "롯데정밀화학",
    "현재가": "57,200",
    "상태": "상승",
    "전일비": "2,100",
    "등락률": "+3.81%",
    "액면가": "5,000",
    "거래량": "343,522",
    "거래대금": "19,190",
    "전일거래량": "159,436",
    "시가": "54,800",
    "고가": "57,200",
    "저가": "54,200",
    "매수호가": "57,100",
    "매도호가": "57,200",
    "매수총잔량": "14,832",
    "매도총잔량": "18,702",
    "상장주식수": "25,800",
    "시가총액": "14,758",
    "매출액": "13,113",
    "자산총계": "17,927",
    "부채총계": "2,996",
    "영업이익": "1,897",
    "당기순이익": "1,684",
    "주당순이익": "6,631",
    "보통주배당금": "1,700",
    "매출액증가율": "-4.41",
    "영업이익증가율": "-9.99",
    "외국인비율": "23.00",
    "PER": "8.63",
    "ROE": "11.73",
    "ROA": "9.64",
    "PBR": "0.92",
    "유보율": "1,080.7",
    "code": "004000"
}