{
    "N": "49",
    "종목명": "현대제철",
    "현재가": "43,550",
    "상태": "상승",
    "전일비": "2,350",
    "등락률": "+5.70%",
    "액면가": "5,000",
    "거래량": "3,067,093",
    "거래대금": "131,803",
    "전일거래량": "1,837,076",
    "시가": "41,100",
    "고가": "43,800",
    "저가": "40,250",
    "매수호가": "43,500",
    "매도호가": "43,550",
    "매수총잔량": "37,527",
    "매도총잔량": "160,185",
    "상장주식수": "133,446",
    "시가총액": "58,116",
    "매출액": "205,126",
    "자산총계": "343,663",
    "부채총계": "171,326",
    "영업이익": "3,313",
    "당기순이익": "256",
    "주당순이익": "-1,846",
    "보통주배당금": "750",
    "매출액증가율": "-1.29",
    "영업이익증가율": "-67.71",
    "외국인비율": "19.46",
    "PER": "-23.59",
    "ROE": "0.10",
    "ROA": "0.08",
    "PBR": "0.35",
    "유보율": "2,308.5",
    "code": "004020"
}