{
    "N": "743",
    "종목명": "신흥",
    "현재가": "11,450",
    "상태": "상승",
    "전일비": "600",
    "등락률": "+5.53%",
    "액면가": "500",
    "거래량": "82,348",
    "거래대금": "947",
    "전일거래량": "14,980",
    "시가": "10,800",
    "고가": "11,850",
    "저가": "10,800",
    "매수호가": "11,200",
    "매도호가": "11,450",
    "매수총잔량": "13,806",
    "매도총잔량": "5,092",
    "상장주식수": "9,600",
    "시가총액": "1,099",
    "매출액": "1,230",
    "자산총계": "1,467",
    "부채총계": "587",
    "영업이익": "30",
    "당기순이익": "20",
    "주당순이익": "861",
    "보통주배당금": "200",
    "매출액증가율": "1.21",
    "영업이익증가율": "170.49",
    "외국인비율": "0.56",
    "PER": "13.30",
    "ROE": "2.33",
    "ROA": "1.46",
    "PBR": "1.16",
    "유보율": "1,220.2",
    "code": "004080"
}