{
    "N": "888",
    "종목명": "한국석유",
    "현재가": "100,500",
    "상태": "하락",
    "전일비": "1,500",
    "등락률": "-1.47%",
    "액면가": "5,000",
    "거래량": "3,841",
    "거래대금": "385",
    "전일거래량": "4,276",
    "시가": "103,000",
    "고가": "103,000",
    "저가": "99,600",
    "매수호가": "100,000",
    "매도호가": "100,500",
    "매수총잔량": "650",
    "매도총잔량": "1,141",
    "상장주식수": "655",
    "시가총액": "658",
    "매출액": "4,854",
    "자산총계": "2,928",
    "부채총계": "1,541",
    "영업이익": "61",
    "당기순이익": "-77",
    "주당순이익": "-10,101",
    "보통주배당금": "1,500",
    "매출액증가율": "0.85",
    "영업이익증가율": "-25.82",
    "외국인비율": "1.25",
    "PER": "-9.95",
    "ROE": "-5.29",
    "ROA": "-2.56",
    "PBR": "0.44",
    "유보율": "4,255.9",
    "code": "004090"
}