{
    "N": "695",
    "종목명": "SG세계물산",
    "현재가": "608",
    "상태": "상승",
    "전일비": "4",
    "등락률": "+0.66%",
    "액면가": "500",
    "거래량": "1,004,282",
    "거래대금": "607",
    "전일거래량": "767,603",
    "시가": "604",
    "고가": "611",
    "저가": "598",
    "매수호가": "608",
    "매도호가": "609",
    "매수총잔량": "219,840",
    "매도총잔량": "151,469",
    "상장주식수": "202,425",
    "시가총액": "1,231",
    "매출액": "3,125",
    "자산총계": "2,877",
    "부채총계": "828",
    "영업이익": "5",
    "당기순이익": "97",
    "주당순이익": "-21",
    "보통주배당금": "N/A",
    "매출액증가율": "-2.39",
    "영업이익증가율": "-87.10",
    "외국인비율": "1.91",
    "PER": "-28.95",
    "ROE": "4.81",
    "ROA": "3.11",
    "PBR": "0.63",
    "유보율": "103.6",
    "code": "004060"
}