{
    "N": "1361",
    "종목명": "태양금속우",
    "현재가": "2,895",
    "상태": "하락",
    "전일비": "15",
    "등락률": "-0.52%",
    "액면가": "500",
    "거래량": "19,397",
    "거래대금": "55",
    "전일거래량": "42,341",
    "시가": "2,915",
    "고가": "2,915",
    "저가": "2,850",
    "매수호가": "2,890",
    "매도호가": "2,895",
    "매수총잔량": "3,300",
    "매도총잔량": "10,465",
    "상장주식수": "3,300",
    "시가총액": "96",
    "매출액": "N/A",
    "자산총계": "N/A",
    "부채총계": "N/A",
    "영업이익": "N/A",
    "당기순이익": "N/A",
    "주당순이익": "-93",
    "보통주배당금": "N/A",
    "매출액증가율": "N/A",
    "영업이익증가율": "N/A",
    "외국인비율": "0.94",
    "PER": "-31.13",
    "ROE": "N/A",
    "ROA": "N/A",
    "PBR": "1.45",
    "유보율": "N/A",
    "code": "004105"
}