{
    "N": "608",
    "종목명": "한솔홀딩스",
    "현재가": "3,840",
    "상태": "상승",
    "전일비": "175",
    "등락률": "+4.77%",
    "액면가": "1,000",
    "거래량": "8,718,521",
    "거래대금": "35,281",
    "전일거래량": "167,574",
    "시가": "3,650",
    "고가": "4,245",
    "저가": "3,620",
    "매수호가": "3,840",
    "매도호가": "3,845",
    "매수총잔량": "63,251",
    "매도총잔량": "17,158",
    "상장주식수": "42,009",
    "시가총액": "1,613",
    "매출액": "5,416",
    "자산총계": "6,664",
    "부채총계": "2,103",
    "영업이익": "118",
    "당기순이익": "263",
    "주당순이익": "427",
    "보통주배당금": "0",
    "매출액증가율": "-10.03",
    "영업이익증가율": "-53.45",
    "외국인비율": "11.40",
    "PER": "8.99",
    "ROE": "6.00",
    "ROA": "2.61",
    "PBR": "0.34",
    "유보율": "141.0",
    "code": "004150"
}