{
    "N": "986",
    "종목명": "태양금속",
    "현재가": "1,150",
    "상태": "상승",
    "전일비": "10",
    "등락률": "+0.88%",
    "액면가": "500",
    "거래량": "272,489",
    "거래대금": "311",
    "전일거래량": "357,570",
    "시가": "1,140",
    "고가": "1,160",
    "저가": "1,135",
    "매수호가": "1,145",
    "매도호가": "1,150",
    "매수총잔량": "88,884",
    "매도총잔량": "91,072",
    "상장주식수": "36,700",
    "시가총액": "422",
    "매출액": "4,709",
    "자산총계": "3,937",
    "부채총계": "3,220",
    "영업이익": "-176",
    "당기순이익": "-221",
    "주당순이익": "-93",
    "보통주배당금": "5",
    "매출액증가율": "4.83",
    "영업이익증가율": "-345.89",
    "외국인비율": "2.75",
    "PER": "-12.37",
    "ROE": "-26.30",
    "ROA": "-5.61",
    "PBR": "0.58",
    "유보율": "289.6",
    "code": "004100"
}