{
    "N": "117",
    "종목명": "신세계",
    "현재가": "239,500",
    "상태": "상승",
    "전일비": "1,000",
    "등락률": "+0.42%",
    "액면가": "5,000",
    "거래량": "106,892",
    "거래대금": "25,362",
    "전일거래량": "111,422",
    "시가": "237,500",
    "고가": "240,500",
    "저가": "235,000",
    "매수호가": "239,000",
    "매도호가": "239,500",
    "매수총잔량": "35,750",
    "매도총잔량": "8,985",
    "상장주식수": "9,845",
    "시가총액": "23,579",
    "매출액": "63,942",
    "자산총계": "130,185",
    "부채총계": "75,034",
    "영업이익": "4,678",
    "당기순이익": "5,931",
    "주당순이익": "-31,123",
    "보통주배당금": "2,000",
    "매출액증가율": "23.31",
    "영업이익증가율": "17.73",
    "외국인비율": "24.91",
    "PER": "-7.70",
    "ROE": "14.24",
    "ROA": "4.92",
    "PBR": "0.70",
    "유보율": "6,741.2",
    "code": "004170"
}