{
    "N": "799",
    "종목명": "동방",
    "현재가": "2,310",
    "상태": "상승",
    "전일비": "70",
    "등락률": "+3.13%",
    "액면가": "1,000",
    "거래량": "3,017,476",
    "거래대금": "6,962",
    "전일거래량": "985,574",
    "시가": "2,225",
    "고가": "2,350",
    "저가": "2,200",
    "매수호가": "2,310",
    "매도호가": "2,315",
    "매수총잔량": "92,296",
    "매도총잔량": "298,680",
    "상장주식수": "39,646",
    "시가총액": "916",
    "매출액": "6,330",
    "자산총계": "6,284",
    "부채총계": "5,128",
    "영업이익": "209",
    "당기순이익": "-87",
    "주당순이익": "-131",
    "보통주배당금": "0",
    "매출액증가율": "20.25",
    "영업이익증가율": "47.90",
    "외국인비율": "2.16",
    "PER": "-17.63",
    "ROE": "-8.33",
    "ROA": "-1.47",
    "PBR": "0.79",
    "유보율": "178.4",
    "code": "004140"
}