{
    "N": "1283",
    "종목명": "NPC우",
    "현재가": "2,270",
    "상태": "하락",
    "전일비": "10",
    "등락률": "-0.44%",
    "액면가": "500",
    "거래량": "6,856",
    "거래대금": "15",
    "전일거래량": "3,752",
    "시가": "2,280",
    "고가": "2,280",
    "저가": "2,270",
    "매수호가": "2,265",
    "매도호가": "2,270",
    "매수총잔량": "1,654",
    "매도총잔량": "2,971",
    "상장주식수": "5,280",
    "시가총액": "120",
    "매출액": "N/A",
    "자산총계": "N/A",
    "부채총계": "N/A",
    "영업이익": "N/A",
    "당기순이익": "N/A",
    "주당순이익": "350",
    "보통주배당금": "N/A",
    "매출액증가율": "N/A",
    "영업이익증가율": "N/A",
    "외국인비율": "2.55",
    "PER": "6.49",
    "ROE": "N/A",
    "ROA": "N/A",
    "PBR": "0.32",
    "유보율": "N/A",
    "code": "004255"
}