{
    "N": "615",
    "종목명": "남성",
    "현재가": "4,300",
    "상태": "하락",
    "전일비": "5",
    "등락률": "-0.12%",
    "액면가": "500",
    "거래량": "2,008,459",
    "거래대금": "8,683",
    "전일거래량": "2,903,739",
    "시가": "4,270",
    "고가": "4,430",
    "저가": "4,210",
    "매수호가": "4,300",
    "매도호가": "4,305",
    "매수총잔량": "62,784",
    "매도총잔량": "28,426",
    "상장주식수": "36,212",
    "시가총액": "1,557",
    "매출액": "730",
    "자산총계": "2,048",
    "부채총계": "1,189",
    "영업이익": "5",
    "당기순이익": "-22",
    "주당순이익": "-122",
    "보통주배당금": "25",
    "매출액증가율": "-12.37",
    "영업이익증가율": "-52.78",
    "외국인비율": "0.44",
    "PER": "-35.25",
    "ROE": "-2.52",
    "ROA": "-1.07",
    "PBR": "1.54",
    "유보율": "396.9",
    "code": "004270"
}