{
    "N": "700",
    "종목명": "NPC",
    "현재가": "3,305",
    "상태": "하락",
    "전일비": "10",
    "등락률": "-0.30%",
    "액면가": "500",
    "거래량": "111,442",
    "거래대금": "365",
    "전일거래량": "104,474",
    "시가": "3,320",
    "고가": "3,320",
    "저가": "3,255",
    "매수호가": "3,305",
    "매도호가": "3,310",
    "매수총잔량": "23,078",
    "매도총잔량": "12,351",
    "상장주식수": "36,720",
    "시가총액": "1,214",
    "매출액": "4,545",
    "자산총계": "4,038",
    "부채총계": "1,196",
    "영업이익": "198",
    "당기순이익": "144",
    "주당순이익": "350",
    "보통주배당금": "100",
    "매출액증가율": "9.54",
    "영업이익증가율": "33.01",
    "외국인비율": "2.58",
    "PER": "9.44",
    "ROE": "5.29",
    "ROA": "3.61",
    "PBR": "0.47",
    "유보율": "1,214.5",
    "code": "004250"
}