{
    "N": "463",
    "종목명": "현대약품",
    "현재가": "8,150",
    "전일비": "0",
    "등락률": "0.00%",
    "액면가": "500",
    "거래량": "11,742,197",
    "거래대금": "97,276",
    "전일거래량": "8,042,609",
    "시가": "8,150",
    "고가": "8,560",
    "저가": "7,920",
    "매수호가": "8,150",
    "매도호가": "8,160",
    "매수총잔량": "89,929",
    "매도총잔량": "34,478",
    "상장주식수": "32,000",
    "시가총액": "2,608",
    "매출액": "1,349",
    "자산총계": "1,455",
    "부채총계": "579",
    "영업이익": "16",
    "당기순이익": "12",
    "주당순이익": "64",
    "보통주배당금": "45",
    "매출액증가율": "0.73",
    "영업이익증가율": "27.62",
    "외국인비율": "4.00",
    "PER": "127.34",
    "ROE": "1.19",
    "ROA": "0.76",
    "PBR": "2.53",
    "유보율": "567.2",
    "code": "004310"
}