{
    "N": "472",
    "종목명": "삼익THK",
    "현재가": "12,200",
    "상태": "상승",
    "전일비": "50",
    "등락률": "+0.41%",
    "액면가": "500",
    "거래량": "72,165",
    "거래대금": "876",
    "전일거래량": "81,775",
    "시가": "12,100",
    "고가": "12,350",
    "저가": "12,000",
    "매수호가": "12,200",
    "매도호가": "12,250",
    "매수총잔량": "22,387",
    "매도총잔량": "14,997",
    "상장주식수": "21,000",
    "시가총액": "2,562",
    "매출액": "2,320",
    "자산총계": "3,926",
    "부채총계": "2,043",
    "영업이익": "75",
    "당기순이익": "33",
    "주당순이익": "306",
    "보통주배당금": "150",
    "매출액증가율": "-18.04",
    "영업이익증가율": "-70.78",
    "외국인비율": "34.66",
    "PER": "39.87",
    "ROE": "1.74",
    "ROA": "0.87",
    "PBR": "1.34",
    "유보율": "1,701.7",
    "code": "004380"
}