{
    "N": "1098",
    "종목명": "세방우",
    "현재가": "7,190",
    "전일비": "0",
    "등락률": "0.00%",
    "액면가": "500",
    "거래량": "2,997",
    "거래대금": "21",
    "전일거래량": "8,481",
    "시가": "7,290",
    "고가": "7,290",
    "저가": "7,150",
    "매수호가": "7,150",
    "매도호가": "7,190",
    "매수총잔량": "2,722",
    "매도총잔량": "4,791",
    "상장주식수": "3,689",
    "시가총액": "265",
    "매출액": "N/A",
    "자산총계": "N/A",
    "부채총계": "N/A",
    "영업이익": "N/A",
    "당기순이익": "N/A",
    "주당순이익": "104",
    "보통주배당금": "N/A",
    "매출액증가율": "N/A",
    "영업이익증가율": "N/A",
    "외국인비율": "12.39",
    "PER": "69.13",
    "ROE": "N/A",
    "ROA": "N/A",
    "PBR": "0.19",
    "유보율": "N/A",
    "code": "004365"
}