{
    "N": "141",
    "종목명": "농심",
    "현재가": "301,500",
    "상태": "상승",
    "전일비": "5,000",
    "등락률": "+1.69%",
    "액면가": "5,000",
    "거래량": "72,051",
    "거래대금": "21,546",
    "전일거래량": "65,656",
    "시가": "297,500",
    "고가": "301,500",
    "저가": "296,500",
    "매수호가": "301,500",
    "매도호가": "302,000",
    "매수총잔량": "10,262",
    "매도총잔량": "5,211",
    "상장주식수": "6,083",
    "시가총액": "18,339",
    "매출액": "23,439",
    "자산총계": "26,530",
    "부채총계": "7,123",
    "영업이익": "788",
    "당기순이익": "711",
    "주당순이익": "22,289",
    "보통주배당금": "4,000",
    "매출액증가율": "4.81",
    "영업이익증가율": "-11.00",
    "외국인비율": "18.18",
    "PER": "13.53",
    "ROE": "3.72",
    "ROA": "2.74",
    "PBR": "0.86",
    "유보율": "6,572.0",
    "code": "004370"
}