{
    "N": "1292",
    "종목명": "서울식품우",
    "현재가": "5,220",
    "상태": "상승",
    "전일비": "30",
    "등락률": "+0.58%",
    "액면가": "100",
    "거래량": "23,063",
    "거래대금": "120",
    "전일거래량": "26,716",
    "시가": "5,300",
    "고가": "5,300",
    "저가": "5,190",
    "매수호가": "5,220",
    "매도호가": "5,230",
    "매수총잔량": "5,223",
    "매도총잔량": "2,913",
    "상장주식수": "2,224",
    "시가총액": "116",
    "매출액": "N/A",
    "자산총계": "N/A",
    "부채총계": "N/A",
    "영업이익": "N/A",
    "당기순이익": "N/A",
    "주당순이익": "-4",
    "보통주배당금": "N/A",
    "매출액증가율": "N/A",
    "영업이익증가율": "N/A",
    "외국인비율": "0.30",
    "PER": "-1,305.00",
    "ROE": "N/A",
    "ROA": "N/A",
    "PBR": "71.84",
    "유보율": "N/A",
    "code": "004415"
}