{
    "N": "842",
    "종목명": "서울식품",
    "현재가": "226",
    "상태": "하락",
    "전일비": "4",
    "등락률": "-1.74%",
    "액면가": "100",
    "거래량": "27,552,404",
    "거래대금": "6,323",
    "전일거래량": "26,918,474",
    "시가": "231",
    "고가": "239",
    "저가": "223",
    "매수호가": "226",
    "매도호가": "227",
    "매수총잔량": "2,144,912",
    "매도총잔량": "1,853,309",
    "상장주식수": "357,540",
    "시가총액": "808",
    "매출액": "621",
    "자산총계": "760",
    "부채총계": "510",
    "영업이익": "4",
    "당기순이익": "-20",
    "주당순이익": "-4",
    "보통주배당금": "0",
    "매출액증가율": "-12.18",
    "영업이익증가율": "-66.55",
    "외국인비율": "3.54",
    "PER": "-56.50",
    "ROE": "-7.65",
    "ROA": "-2.62",
    "PBR": "3.11",
    "유보율": "-26.5",
    "code": "004410"
}