{
    "N": "681",
    "종목명": "삼일씨엔에스",
    "현재가": "10,200",
    "상태": "상승",
    "전일비": "100",
    "등락률": "+0.99%",
    "액면가": "1,000",
    "거래량": "79,869",
    "거래대금": "807",
    "전일거래량": "148,929",
    "시가": "10,100",
    "고가": "10,200",
    "저가": "9,950",
    "매수호가": "10,150",
    "매도호가": "10,200",
    "매수총잔량": "11,698",
    "매도총잔량": "18,848",
    "상장주식수": "12,732",
    "시가총액": "1,299",
    "매출액": "1,955",
    "자산총계": "3,372",
    "부채총계": "584",
    "영업이익": "36",
    "당기순이익": "27",
    "주당순이익": "-68",
    "보통주배당금": "38",
    "매출액증가율": "-4.93",
    "영업이익증가율": "-4.21",
    "외국인비율": "1.00",
    "PER": "-150.00",
    "ROE": "0.97",
    "ROA": "0.79",
    "PBR": "0.47",
    "유보율": "2,140.2",
    "code": "004440"
}