{
    "N": "362",
    "종목명": "송원산업",
    "현재가": "16,500",
    "상태": "상승",
    "전일비": "350",
    "등락률": "+2.17%",
    "액면가": "500",
    "거래량": "455,712",
    "거래대금": "7,429",
    "전일거래량": "327,751",
    "시가": "16,000",
    "고가": "16,600",
    "저가": "15,850",
    "매수호가": "16,500",
    "매도호가": "16,550",
    "매수총잔량": "58,092",
    "매도총잔량": "112,593",
    "상장주식수": "24,000",
    "시가총액": "3,960",
    "매출액": "8,143",
    "자산총계": "8,943",
    "부채총계": "4,587",
    "영업이익": "593",
    "당기순이익": "350",
    "주당순이익": "1,274",
    "보통주배당금": "150",
    "매출액증가율": "3.25",
    "영업이익증가율": "9.24",
    "외국인비율": "18.66",
    "PER": "12.95",
    "ROE": "8.24",
    "ROA": "3.96",
    "PBR": "0.88",
    "유보율": "3,525.7",
    "code": "004430"
}