{
    "N": "196",
    "종목명": "세방전지",
    "현재가": "71,700",
    "상태": "하락",
    "전일비": "3,300",
    "등락률": "-4.40%",
    "액면가": "500",
    "거래량": "355,630",
    "거래대금": "25,609",
    "전일거래량": "653,195",
    "시가": "75,000",
    "고가": "75,000",
    "저가": "69,800",
    "매수호가": "71,700",
    "매도호가": "71,800",
    "매수총잔량": "13,632",
    "매도총잔량": "903",
    "상장주식수": "14,000",
    "시가총액": "10,038",
    "매출액": "11,390",
    "자산총계": "15,107",
    "부채총계": "4,560",
    "영업이익": "1,057",
    "당기순이익": "784",
    "주당순이익": "5,279",
    "보통주배당금": "500",
    "매출액증가율": "-3.55",
    "영업이익증가율": "-5.04",
    "외국인비율": "27.43",
    "PER": "13.58",
    "ROE": "7.70",
    "ROA": "5.65",
    "PBR": "0.87",
    "유보율": "15,105.3",
    "code": "004490"
}