{
    "N": "592",
    "종목명": "현대비앤지스틸",
    "현재가": "11,150",
    "상태": "상승",
    "전일비": "1,100",
    "등락률": "+10.95%",
    "액면가": "5,000",
    "거래량": "1,257,934",
    "거래대금": "14,010",
    "전일거래량": "109,206",
    "시가": "10,100",
    "고가": "11,850",
    "저가": "10,000",
    "매수호가": "11,150",
    "매도호가": "11,200",
    "매수총잔량": "27,179",
    "매도총잔량": "49,096",
    "상장주식수": "15,079",
    "시가총액": "1,681",
    "매출액": "7,333",
    "자산총계": "6,086",
    "부채총계": "2,057",
    "영업이익": "365",
    "당기순이익": "218",
    "주당순이익": "1,150",
    "보통주배당금": "100",
    "매출액증가율": "2.89",
    "영업이익증가율": "4.22",
    "외국인비율": "7.16",
    "PER": "9.70",
    "ROE": "5.55",
    "ROA": "3.59",
    "PBR": "0.41",
    "유보율": "431.1",
    "code": "004560"
}