{
    "N": "1436",
    "종목명": "현대비앤지스틸우",
    "현재가": "68,500",
    "상태": "상승",
    "전일비": "2,200",
    "등락률": "+3.32%",
    "액면가": "5,000",
    "거래량": "1,421",
    "거래대금": "97",
    "전일거래량": "1,030",
    "시가": "66,800",
    "고가": "69,900",
    "저가": "66,700",
    "매수호가": "68,400",
    "매도호가": "68,500",
    "매수총잔량": "339",
    "매도총잔량": "1,060",
    "상장주식수": "110",
    "시가총액": "75",
    "매출액": "N/A",
    "자산총계": "N/A",
    "부채총계": "N/A",
    "영업이익": "N/A",
    "당기순이익": "N/A",
    "주당순이익": "1,150",
    "보통주배당금": "N/A",
    "매출액증가율": "N/A",
    "영업이익증가율": "N/A",
    "외국인비율": "0.54",
    "PER": "59.57",
    "ROE": "N/A",
    "ROA": "N/A",
    "PBR": "2.50",
    "유보율": "N/A",
    "code": "004565"
}