{
    "N": "611",
    "종목명": "깨끗한나라",
    "현재가": "4,295",
    "전일비": "0",
    "등락률": "0.00%",
    "액면가": "1,000",
    "거래량": "182,020",
    "거래대금": "782",
    "전일거래량": "148,248",
    "시가": "4,300",
    "고가": "4,340",
    "저가": "4,275",
    "매수호가": "4,290",
    "매도호가": "4,295",
    "매수총잔량": "29,860",
    "매도총잔량": "12,075",
    "상장주식수": "37,241",
    "시가총액": "1,599",
    "매출액": "5,942",
    "자산총계": "5,383",
    "부채총계": "3,758",
    "영업이익": "51",
    "당기순이익": "-118",
    "주당순이익": "1,299",
    "보통주배당금": "N/A",
    "매출액증가율": "-5.14",
    "영업이익증가율": "117.62",
    "외국인비율": "1.04",
    "PER": "3.31",
    "ROE": "-7.29",
    "ROA": "-2.07",
    "PBR": "0.84",
    "유보율": "271.4",
    "code": "004540"
}