{
    "N": "1435",
    "종목명": "깨끗한나라우",
    "현재가": "20,550",
    "상태": "하락",
    "전일비": "100",
    "등락률": "-0.48%",
    "액면가": "1,000",
    "거래량": "1,904",
    "거래대금": "39",
    "전일거래량": "1,674",
    "시가": "20,650",
    "고가": "20,650",
    "저가": "20,450",
    "매수호가": "20,500",
    "매도호가": "20,600",
    "매수총잔량": "2,013",
    "매도총잔량": "667",
    "상장주식수": "366",
    "시가총액": "75",
    "매출액": "N/A",
    "자산총계": "N/A",
    "부채총계": "N/A",
    "영업이익": "N/A",
    "당기순이익": "N/A",
    "주당순이익": "1,299",
    "보통주배당금": "N/A",
    "매출액증가율": "N/A",
    "영업이익증가율": "N/A",
    "외국인비율": "1.07",
    "PER": "15.82",
    "ROE": "N/A",
    "ROA": "N/A",
    "PBR": "4.04",
    "유보율": "N/A",
    "code": "004545"
}