{
    "N": "360",
    "종목명": "조광피혁",
    "현재가": "60,300",
    "상태": "상승",
    "전일비": "1,000",
    "등락률": "+1.69%",
    "액면가": "5,000",
    "거래량": "23,669",
    "거래대금": "1,461",
    "전일거래량": "4,293",
    "시가": "59,300",
    "고가": "66,000",
    "저가": "58,600",
    "매수호가": "60,300",
    "매도호가": "60,400",
    "매수총잔량": "665",
    "매도총잔량": "429",
    "상장주식수": "6,649",
    "시가총액": "4,009",
    "매출액": "1,082",
    "자산총계": "2,958",
    "부채총계": "208",
    "영업이익": "158",
    "당기순이익": "145",
    "주당순이익": "2,976",
    "보통주배당금": "N/A",
    "매출액증가율": "-15.22",
    "영업이익증가율": "5.81",
    "외국인비율": "0.41",
    "PER": "20.26",
    "ROE": "5.66",
    "ROA": "5.31",
    "PBR": "0.70",
    "유보율": "653.2",
    "code": "004700"
}