{
    "N": "574",
    "종목명": "써니전자",
    "현재가": "5,100",
    "상태": "하락",
    "전일비": "40",
    "등락률": "-0.78%",
    "액면가": "500",
    "거래량": "3,844,842",
    "거래대금": "19,524",
    "전일거래량": "11,764,831",
    "시가": "5,140",
    "고가": "5,200",
    "저가": "5,010",
    "매수호가": "5,090",
    "매도호가": "5,100",
    "매수총잔량": "184,177",
    "매도총잔량": "149,242",
    "상장주식수": "34,845",
    "시가총액": "1,777",
    "매출액": "256",
    "자산총계": "615",
    "부채총계": "76",
    "영업이익": "42",
    "당기순이익": "6",
    "주당순이익": "134",
    "보통주배당금": "0",
    "매출액증가율": "37.10",
    "영업이익증가율": "553.32",
    "외국인비율": "0.71",
    "PER": "38.06",
    "ROE": "1.28",
    "ROA": "1.06",
    "PBR": "2.82",
    "유보율": "202.5",
    "code": "004770"
}