{
    "N": "597",
    "종목명": "우리들제약",
    "현재가": "11,300",
    "상태": "상승",
    "전일비": "200",
    "등락률": "+1.80%",
    "액면가": "500",
    "거래량": "257,473",
    "거래대금": "2,851",
    "전일거래량": "328,613",
    "시가": "11,200",
    "고가": "11,300",
    "저가": "10,900",
    "매수호가": "11,250",
    "매도호가": "11,300",
    "매수총잔량": "50,857",
    "매도총잔량": "46,979",
    "상장주식수": "14,713",
    "시가총액": "1,663",
    "매출액": "951",
    "자산총계": "1,000",
    "부채총계": "438",
    "영업이익": "12",
    "당기순이익": "2",
    "주당순이익": "170",
    "보통주배당금": "0",
    "매출액증가율": "6.77",
    "영업이익증가율": "-76.19",
    "외국인비율": "1.71",
    "PER": "66.47",
    "ROE": "0.54",
    "ROA": "0.24",
    "PBR": "2.12",
    "유보율": "888.8",
    "code": "004720"
}