{
    "N": "412",
    "종목명": "한솔테크닉스",
    "현재가": "10,200",
    "상태": "하락",
    "전일비": "50",
    "등락률": "-0.49%",
    "액면가": "5,000",
    "거래량": "1,428,700",
    "거래대금": "14,765",
    "전일거래량": "900,520",
    "시가": "10,150",
    "고가": "10,700",
    "저가": "10,050",
    "매수호가": "10,200",
    "매도호가": "10,250",
    "매수총잔량": "140,838",
    "매도총잔량": "200,696",
    "상장주식수": "32,110",
    "시가총액": "3,275",
    "매출액": "9,722",
    "자산총계": "4,953",
    "부채총계": "2,335",
    "영업이익": "255",
    "당기순이익": "64",
    "주당순이익": "351",
    "보통주배당금": "N/A",
    "매출액증가율": "15.48",
    "영업이익증가율": "63.67",
    "외국인비율": "13.82",
    "PER": "29.06",
    "ROE": "2.79",
    "ROA": "1.28",
    "PBR": "1.12",
    "유보율": "77.2",
    "code": "004710"
}