{
    "N": "692",
    "종목명": "덕성",
    "현재가": "7,940",
    "상태": "하락",
    "전일비": "160",
    "등락률": "-1.98%",
    "액면가": "500",
    "거래량": "659,834",
    "거래대금": "5,319",
    "전일거래량": "1,306,633",
    "시가": "8,060",
    "고가": "8,190",
    "저가": "7,900",
    "매수호가": "7,940",
    "매도호가": "7,950",
    "매수총잔량": "18,049",
    "매도총잔량": "19,663",
    "상장주식수": "15,680",
    "시가총액": "1,245",
    "매출액": "867",
    "자산총계": "1,029",
    "부채총계": "399",
    "영업이익": "5",
    "당기순이익": "2",
    "주당순이익": "241",
    "보통주배당금": "20",
    "매출액증가율": "3.56",
    "영업이익증가율": "120.71",
    "외국인비율": "0.35",
    "PER": "32.95",
    "ROE": "0.29",
    "ROA": "0.18",
    "PBR": "1.85",
    "유보율": "694.9",
    "code": "004830"
}