{
    "N": "846",
    "종목명": "티웨이홀딩스",
    "현재가": "1,045",
    "상태": "상승",
    "전일비": "10",
    "등락률": "+0.97%",
    "액면가": "500",
    "거래량": "167,708",
    "거래대금": "172",
    "전일거래량": "130,401",
    "시가": "1,020",
    "고가": "1,045",
    "저가": "1,010",
    "매수호가": "1,040",
    "매도호가": "1,045",
    "매수총잔량": "120,200",
    "매도총잔량": "59,719",
    "상장주식수": "76,681",
    "시가총액": "801",
    "매출액": "8,175",
    "자산총계": "8,710",
    "부채총계": "6,252",
    "영업이익": "-238",
    "당기순이익": "-477",
    "주당순이익": "-1,029",
    "보통주배당금": "0",
    "매출액증가율": "10.85",
    "영업이익증가율": "-154.95",
    "외국인비율": "0.54",
    "PER": "-1.02",
    "ROE": "-17.06",
    "ROA": "-6.97",
    "PBR": "0.91",
    "유보율": "320.5",
    "code": "004870"
}