{
    "N": "664",
    "종목명": "DRB동일",
    "현재가": "6,870",
    "상태": "하락",
    "전일비": "60",
    "등락률": "-0.87%",
    "액면가": "500",
    "거래량": "88,624",
    "거래대금": "607",
    "전일거래량": "52,123",
    "시가": "6,930",
    "고가": "6,950",
    "저가": "6,790",
    "매수호가": "6,870",
    "매도호가": "6,900",
    "매수총잔량": "4,629",
    "매도총잔량": "18,794",
    "상장주식수": "19,930",
    "시가총액": "1,369",
    "매출액": "5,470",
    "자산총계": "7,453",
    "부채총계": "2,838",
    "영업이익": "265",
    "당기순이익": "135",
    "주당순이익": "186",
    "보통주배당금": "100",
    "매출액증가율": "0.29",
    "영업이익증가율": "-2.11",
    "외국인비율": "1.40",
    "PER": "36.94",
    "ROE": "2.54",
    "ROA": "1.85",
    "PBR": "0.37",
    "유보율": "4,586.2",
    "code": "004840"
}