{
    "N": "1140",
    "종목명": "덕성우",
    "현재가": "15,250",
    "상태": "하락",
    "전일비": "500",
    "등락률": "-3.17%",
    "액면가": "500",
    "거래량": "51,344",
    "거래대금": "772",
    "전일거래량": "95,326",
    "시가": "15,200",
    "고가": "15,500",
    "저가": "14,700",
    "매수호가": "15,200",
    "매도호가": "15,250",
    "매수총잔량": "9,796",
    "매도총잔량": "4,788",
    "상장주식수": "1,392",
    "시가총액": "212",
    "매출액": "N/A",
    "자산총계": "N/A",
    "부채총계": "N/A",
    "영업이익": "N/A",
    "당기순이익": "N/A",
    "주당순이익": "241",
    "보통주배당금": "N/A",
    "매출액증가율": "N/A",
    "영업이익증가율": "N/A",
    "외국인비율": "0.60",
    "PER": "63.28",
    "ROE": "N/A",
    "ROA": "N/A",
    "PBR": "3.55",
    "유보율": "N/A",
    "code": "004835"
}