{
    "N": "151",
    "종목명": "효성",
    "현재가": "76,400",
    "상태": "상승",
    "전일비": "1,000",
    "등락률": "+1.33%",
    "액면가": "5,000",
    "거래량": "160,226",
    "거래대금": "12,141",
    "전일거래량": "166,836",
    "시가": "75,400",
    "고가": "76,400",
    "저가": "75,000",
    "매수호가": "76,300",
    "매도호가": "76,400",
    "매수총잔량": "8,898",
    "매도총잔량": "9,704",
    "상장주식수": "21,071",
    "시가총액": "16,098",
    "매출액": "33,734",
    "자산총계": "65,271",
    "부채총계": "38,168",
    "영업이익": "2,368",
    "당기순이익": "1,500",
    "주당순이익": "-2,133",
    "보통주배당금": "5,000",
    "매출액증가율": "12.36",
    "영업이익증가율": "52.84",
    "외국인비율": "5.55",
    "PER": "-35.82",
    "ROE": "4.25",
    "ROA": "2.32",
    "PBR": "0.68",
    "유보율": "6,917.6",
    "code": "004800"
}