{
    "N": "557",
    "종목명": "동일산업",
    "현재가": "76,300",
    "상태": "상승",
    "전일비": "200",
    "등락률": "+0.26%",
    "액면가": "5,000",
    "거래량": "3,843",
    "거래대금": "292",
    "전일거래량": "7,060",
    "시가": "76,000",
    "고가": "76,500",
    "저가": "76,000",
    "매수호가": "76,300",
    "매도호가": "76,400",
    "매수총잔량": "1,547",
    "매도총잔량": "4,416",
    "상장주식수": "2,425",
    "시가총액": "1,850",
    "매출액": "3,547",
    "자산총계": "4,049",
    "부채총계": "510",
    "영업이익": "-10",
    "당기순이익": "38",
    "주당순이익": "1,077",
    "보통주배당금": "750",
    "매출액증가율": "-9.29",
    "영업이익증가율": "-105.66",
    "외국인비율": "4.47",
    "PER": "70.84",
    "ROE": "1.06",
    "ROA": "0.92",
    "PBR": "0.46",
    "유보율": "2,941.5",
    "code": "004890"
}