{
    "N": "1383",
    "종목명": "성신양회우",
    "현재가": "12,100",
    "상태": "하락",
    "전일비": "300",
    "등락률": "-2.42%",
    "액면가": "5,000",
    "거래량": "9,280",
    "거래대금": "113",
    "전일거래량": "10,553",
    "시가": "12,550",
    "고가": "12,550",
    "저가": "12,100",
    "매수호가": "12,100",
    "매도호가": "12,150",
    "매수총잔량": "2,603",
    "매도총잔량": "4,021",
    "상장주식수": "736",
    "시가총액": "89",
    "매출액": "N/A",
    "자산총계": "N/A",
    "부채총계": "N/A",
    "영업이익": "N/A",
    "당기순이익": "N/A",
    "주당순이익": "140",
    "보통주배당금": "N/A",
    "매출액증가율": "N/A",
    "영업이익증가율": "N/A",
    "외국인비율": "1.15",
    "PER": "86.43",
    "ROE": "N/A",
    "ROA": "N/A",
    "PBR": "0.77",
    "유보율": "N/A",
    "code": "004985"
}