{
    "N": "79",
    "종목명": "롯데지주",
    "현재가": "35,500",
    "상태": "상승",
    "전일비": "400",
    "등락률": "+1.14%",
    "액면가": "200",
    "거래량": "257,265",
    "거래대금": "9,054",
    "전일거래량": "233,955",
    "시가": "34,600",
    "고가": "35,700",
    "저가": "34,600",
    "매수호가": "35,500",
    "매도호가": "35,550",
    "매수총잔량": "14,884",
    "매도총잔량": "44,638",
    "상장주식수": "104,909",
    "시가총액": "37,243",
    "매출액": "88,562",
    "자산총계": "156,058",
    "부채총계": "78,132",
    "영업이익": "1,749",
    "당기순이익": "-4,116",
    "주당순이익": "-6,835",
    "보통주배당금": "1,100",
    "매출액증가율": "21.80",
    "영업이익증가율": "77.67",
    "외국인비율": "11.19",
    "PER": "-5.19",
    "ROE": "-5.21",
    "ROA": "-1.90",
    "PBR": "0.37",
    "유보율": "43,217.5",
    "code": "004990"
}