{
    "N": "555",
    "종목명": "성신양회",
    "현재가": "7,570",
    "상태": "상승",
    "전일비": "300",
    "등락률": "+4.13%",
    "액면가": "5,000",
    "거래량": "390,918",
    "거래대금": "2,922",
    "전일거래량": "208,998",
    "시가": "7,310",
    "고가": "7,580",
    "저가": "7,230",
    "매수호가": "7,560",
    "매도호가": "7,570",
    "매수총잔량": "9,400",
    "매도총잔량": "34,237",
    "상장주식수": "24,516",
    "시가총액": "1,856",
    "매출액": "7,074",
    "자산총계": "10,294",
    "부채총계": "6,291",
    "영업이익": "208",
    "당기순이익": "174",
    "주당순이익": "140",
    "보통주배당금": "150",
    "매출액증가율": "2.81",
    "영업이익증가율": "-30.30",
    "외국인비율": "7.25",
    "PER": "54.07",
    "ROE": "4.43",
    "ROA": "1.66",
    "PBR": "0.48",
    "유보율": "195.9",
    "code": "004980"
}