{
    "N": "521",
    "종목명": "한신공영",
    "현재가": "18,100",
    "상태": "상승",
    "전일비": "650",
    "등락률": "+3.72%",
    "액면가": "5,000",
    "거래량": "119,303",
    "거래대금": "2,128",
    "전일거래량": "184,278",
    "시가": "17,450",
    "고가": "18,150",
    "저가": "17,200",
    "매수호가": "18,000",
    "매도호가": "18,100",
    "매수총잔량": "3,563",
    "매도총잔량": "11,984",
    "상장주식수": "11,571",
    "시가총액": "2,094",
    "매출액": "16,233",
    "자산총계": "16,510",
    "부채총계": "11,372",
    "영업이익": "1,245",
    "당기순이익": "721",
    "주당순이익": "6,512",
    "보통주배당금": "350",
    "매출액증가율": "-24.22",
    "영업이익증가율": "-41.93",
    "외국인비율": "15.22",
    "PER": "2.78",
    "ROE": "15.21",
    "ROA": "4.20",
    "PBR": "0.38",
    "유보율": "710.0",
    "code": "004960"
}