{
    "N": "1132",
    "종목명": "씨아이테크",
    "현재가": "885",
    "상태": "상승",
    "전일비": "5",
    "등락률": "+0.57%",
    "액면가": "500",
    "거래량": "154,904",
    "거래대금": "135",
    "전일거래량": "299,172",
    "시가": "882",
    "고가": "885",
    "저가": "863",
    "매수호가": "884",
    "매도호가": "885",
    "매수총잔량": "12,636",
    "매도총잔량": "18,929",
    "상장주식수": "25,071",
    "시가총액": "222",
    "매출액": "407",
    "자산총계": "561",
    "부채총계": "248",
    "영업이익": "-31",
    "당기순이익": "-46",
    "주당순이익": "-133",
    "보통주배당금": "0",
    "매출액증가율": "26.13",
    "영업이익증가율": "-58.47",
    "외국인비율": "1.44",
    "PER": "-6.65",
    "ROE": "-15.96",
    "ROA": "-9.21",
    "PBR": "0.61",
    "유보율": "-25.9",
    "code": "004920"
}