{
    "N": "899",
    "종목명": "롯데지주우",
    "현재가": "63,900",
    "상태": "상승",
    "전일비": "600",
    "등락률": "+0.95%",
    "액면가": "200",
    "거래량": "3,202",
    "거래대금": "203",
    "전일거래량": "4,866",
    "시가": "63,400",
    "고가": "64,000",
    "저가": "63,400",
    "매수호가": "63,900",
    "매도호가": "64,000",
    "매수총잔량": "2,243",
    "매도총잔량": "565",
    "상장주식수": "988",
    "시가총액": "631",
    "매출액": "N/A",
    "자산총계": "N/A",
    "부채총계": "N/A",
    "영업이익": "N/A",
    "당기순이익": "N/A",
    "주당순이익": "-6,835",
    "보통주배당금": "N/A",
    "매출액증가율": "N/A",
    "영업이익증가율": "N/A",
    "외국인비율": "0.40",
    "PER": "-9.35",
    "ROE": "N/A",
    "ROA": "N/A",
    "PBR": "0.67",
    "유보율": "N/A",
    "code": "00499K"
}