{
    "N": "815",
    "종목명": "조광페인트",
    "현재가": "6,820",
    "상태": "하락",
    "전일비": "70",
    "등락률": "-1.02%",
    "액면가": "500",
    "거래량": "186,045",
    "거래대금": "1,287",
    "전일거래량": "58,624",
    "시가": "6,840",
    "고가": "7,140",
    "저가": "6,760",
    "매수호가": "6,820",
    "매도호가": "6,850",
    "매수총잔량": "4,036",
    "매도총잔량": "4,465",
    "상장주식수": "12,800",
    "시가총액": "873",
    "매출액": "2,034",
    "자산총계": "3,125",
    "부채총계": "1,398",
    "영업이익": "-4",
    "당기순이익": "-23",
    "주당순이익": "493",
    "보통주배당금": "200",
    "매출액증가율": "-2.92",
    "영업이익증가율": "-400.42",
    "외국인비율": "2.38",
    "PER": "13.83",
    "ROE": "-1.33",
    "ROA": "-0.75",
    "PBR": "0.34",
    "유보율": "2,735.8",
    "code": "004910"
}