{
    "N": "280",
    "종목명": "SGC에너지",
    "현재가": "42,300",
    "상태": "하락",
    "전일비": "500",
    "등락률": "-1.17%",
    "액면가": "5,000",
    "거래량": "136,518",
    "거래대금": "5,748",
    "전일거래량": "336,380",
    "시가": "42,800",
    "고가": "42,950",
    "저가": "41,450",
    "매수호가": "42,200",
    "매도호가": "42,300",
    "매수총잔량": "3,325",
    "매도총잔량": "2,974",
    "상장주식수": "14,677",
    "시가총액": "6,208",
    "매출액": "2,842",
    "자산총계": "6,959",
    "부채총계": "3,833",
    "영업이익": "11",
    "당기순이익": "4",
    "주당순이익": "1,648",
    "보통주배당금": "1,000",
    "매출액증가율": "7.14",
    "영업이익증가율": "104.51",
    "외국인비율": "2.19",
    "PER": "25.67",
    "ROE": "-0.07",
    "ROA": "0.06",
    "PBR": "1.04",
    "유보율": "1,054.0",
    "code": "005090"
}