{
    "N": "281",
    "종목명": "코스모신소재",
    "현재가": "21,100",
    "상태": "하락",
    "전일비": "400",
    "등락률": "-1.86%",
    "액면가": "1,000",
    "거래량": "1,940,525",
    "거래대금": "40,418",
    "전일거래량": "3,917,786",
    "시가": "21,100",
    "고가": "21,350",
    "저가": "20,350",
    "매수호가": "21,050",
    "매도호가": "21,100",
    "매수총잔량": "70,146",
    "매도총잔량": "46,591",
    "상장주식수": "29,248",
    "시가총액": "6,171",
    "매출액": "2,439",
    "자산총계": "2,620",
    "부채총계": "1,150",
    "영업이익": "-36",
    "당기순이익": "-59",
    "주당순이익": "76",
    "보통주배당금": "N/A",
    "매출액증가율": "-54.33",
    "영업이익증가율": "-123.91",
    "외국인비율": "2.68",
    "PER": "277.63",
    "ROE": "-4.99",
    "ROA": "-2.35",
    "PBR": "4.07",
    "유보율": "365.1",
    "code": "005070"
}