{
    "N": "923",
    "종목명": "휴스틸",
    "현재가": "7,510",
    "상태": "상승",
    "전일비": "210",
    "등락률": "+2.88%",
    "액면가": "5,000",
    "거래량": "72,049",
    "거래대금": "536",
    "전일거래량": "14,775",
    "시가": "7,230",
    "고가": "7,550",
    "저가": "7,220",
    "매수호가": "7,500",
    "매도호가": "7,510",
    "매수총잔량": "1,475",
    "매도총잔량": "14,414",
    "상장주식수": "7,622",
    "시가총액": "572",
    "매출액": "5,370",
    "자산총계": "5,791",
    "부채총계": "1,825",
    "영업이익": "-129",
    "당기순이익": "-125",
    "주당순이익": "-2,448",
    "보통주배당금": "300",
    "매출액증가율": "-8.80",
    "영업이익증가율": "-171.97",
    "외국인비율": "2.73",
    "PER": "-3.07",
    "ROE": "-3.13",
    "ROA": "-2.12",
    "PBR": "0.14",
    "유보율": "834.8",
    "code": "005010"
}