{
    "N": "988",
    "종목명": "부산주공",
    "현재가": "734",
    "상태": "상승",
    "전일비": "4",
    "등락률": "+0.55%",
    "액면가": "500",
    "거래량": "1,346,309",
    "거래대금": "987",
    "전일거래량": "1,602,769",
    "시가": "730",
    "고가": "745",
    "저가": "723",
    "매수호가": "733",
    "매도호가": "734",
    "매수총잔량": "97,028",
    "매도총잔량": "161,343",
    "상장주식수": "56,850",
    "시가총액": "417",
    "매출액": "2,046",
    "자산총계": "2,821",
    "부채총계": "2,520",
    "영업이익": "-89",
    "당기순이익": "-216",
    "주당순이익": "-615",
    "보통주배당금": "0",
    "매출액증가율": "0.38",
    "영업이익증가율": "-30.14",
    "외국인비율": "3.68",
    "PER": "-1.19",
    "ROE": "-52.37",
    "ROA": "-7.40",
    "PBR": "1.60",
    "유보율": "-67.2",
    "code": "005030"
}