{
    "N": "823",
    "종목명": "동성화학",
    "현재가": "16,000",
    "전일비": "0",
    "등락률": "0.00%",
    "액면가": "1,000",
    "거래량": "16,396",
    "거래대금": "261",
    "전일거래량": "36,646",
    "시가": "16,050",
    "고가": "16,100",
    "저가": "15,850",
    "매수호가": "15,950",
    "매도호가": "16,000",
    "매수총잔량": "9,719",
    "매도총잔량": "10,670",
    "상장주식수": "5,336",
    "시가총액": "854",
    "매출액": "2,010",
    "자산총계": "1,886",
    "부채총계": "648",
    "영업이익": "253",
    "당기순이익": "136",
    "주당순이익": "2,822",
    "보통주배당금": "600",
    "매출액증가율": "5.03",
    "영업이익증가율": "273.25",
    "외국인비율": "2.41",
    "PER": "5.67",
    "ROE": "11.92",
    "ROA": "7.28",
    "PBR": "0.65",
    "유보율": "2,281.1",
    "code": "005190"
}