{
    "N": "293",
    "종목명": "빙그레",
    "현재가": "57,500",
    "상태": "상승",
    "전일비": "400",
    "등락률": "+0.70%",
    "액면가": "5,000",
    "거래량": "32,124",
    "거래대금": "1,828",
    "전일거래량": "43,406",
    "시가": "57,100",
    "고가": "57,500",
    "저가": "56,500",
    "매수호가": "57,400",
    "매도호가": "57,500",
    "매수총잔량": "4,982",
    "매도총잔량": "2,567",
    "상장주식수": "9,851",
    "시가총액": "5,664",
    "매출액": "8,783",
    "자산총계": "6,849",
    "부채총계": "1,138",
    "영업이익": "458",
    "당기순이익": "411",
    "주당순이익": "5,084",
    "보통주배당금": "1,450",
    "매출액증가율": "2.71",
    "영업이익증가율": "16.41",
    "외국인비율": "25.42",
    "PER": "11.31",
    "ROE": "7.36",
    "ROA": "6.13",
    "PBR": "0.84",
    "유보율": "1,096.9",
    "code": "005180"
}