{
    "N": "785",
    "종목명": "한창",
    "현재가": "1,430",
    "상태": "상승",
    "전일비": "25",
    "등락률": "+1.78%",
    "액면가": "500",
    "거래량": "2,807,368",
    "거래대금": "3,993",
    "전일거래량": "4,207,544",
    "시가": "1,415",
    "고가": "1,455",
    "저가": "1,405",
    "매수호가": "1,425",
    "매도호가": "1,430",
    "매수총잔량": "356,105",
    "매도총잔량": "232,659",
    "상장주식수": "66,790",
    "시가총액": "955",
    "매출액": "690",
    "자산총계": "918",
    "부채총계": "651",
    "영업이익": "74",
    "당기순이익": "-18",
    "주당순이익": "-268",
    "보통주배당금": "0",
    "매출액증가율": "-29.68",
    "영업이익증가율": "32.52",
    "외국인비율": "1.04",
    "PER": "-5.34",
    "ROE": "-15.00",
    "ROA": "-1.83",
    "PBR": "1.98",
    "유보율": "55.5",
    "code": "005110"
}