{
    "N": "118",
    "종목명": "녹십자홀딩스",
    "현재가": "49,550",
    "상태": "하락",
    "전일비": "4,050",
    "등락률": "-7.56%",
    "액면가": "500",
    "거래량": "6,411,379",
    "거래대금": "320,215",
    "전일거래량": "17,193,118",
    "시가": "50,200",
    "고가": "53,200",
    "저가": "47,600",
    "매수호가": "49,500",
    "매도호가": "49,550",
    "매수총잔량": "30,027",
    "매도총잔량": "19,521",
    "상장주식수": "47,028",
    "시가총액": "23,302",
    "매출액": "15,248",
    "자산총계": "27,739",
    "부채총계": "12,673",
    "영업이익": "304",
    "당기순이익": "-305",
    "주당순이익": "1,058",
    "보통주배당금": "325",
    "매출액증가율": "-1.54",
    "영업이익증가율": "-38.42",
    "외국인비율": "6.48",
    "PER": "46.83",
    "ROE": "0.37",
    "ROA": "-1.13",
    "PBR": "2.84",
    "유보율": "3,024.6",
    "code": "005250"
}