{
    "N": "707",
    "종목명": "녹십자홀딩스2우",
    "현재가": "140,000",
    "상태": "하락",
    "전일비": "25,000",
    "등락률": "-15.15%",
    "액면가": "500",
    "거래량": "34,526",
    "거래대금": "4,904",
    "전일거래량": "46,615",
    "시가": "147,000",
    "고가": "147,000",
    "저가": "135,000",
    "매수호가": "140,000",
    "매도호가": "140,500",
    "매수총잔량": "1,934",
    "매도총잔량": "654",
    "상장주식수": "846",
    "시가총액": "1,184",
    "매출액": "N/A",
    "자산총계": "N/A",
    "부채총계": "N/A",
    "영업이익": "N/A",
    "당기순이익": "N/A",
    "주당순이익": "1,058",
    "보통주배당금": "N/A",
    "매출액증가율": "N/A",
    "영업이익증가율": "N/A",
    "외국인비율": "0.29",
    "PER": "132.33",
    "ROE": "N/A",
    "ROA": "N/A",
    "PBR": "8.02",
    "유보율": "N/A",
    "code": "005257"
}