{
    "N": "971",
    "종목명": "롯데칠성우",
    "현재가": "59,400",
    "상태": "하락",
    "전일비": "200",
    "등락률": "-0.34%",
    "액면가": "500",
    "거래량": "2,155",
    "거래대금": "127",
    "전일거래량": "2,233",
    "시가": "60,000",
    "고가": "60,000",
    "저가": "58,700",
    "매수호가": "59,400",
    "매도호가": "59,500",
    "매수총잔량": "1,021",
    "매도총잔량": "2,054",
    "상장주식수": "775",
    "시가총액": "461",
    "매출액": "N/A",
    "자산총계": "N/A",
    "부채총계": "N/A",
    "영업이익": "N/A",
    "당기순이익": "N/A",
    "주당순이익": "-9,751",
    "보통주배당금": "N/A",
    "매출액증가율": "N/A",
    "영업이익증가율": "N/A",
    "외국인비율": "6.52",
    "PER": "-6.09",
    "ROE": "N/A",
    "ROA": "N/A",
    "PBR": "0.40",
    "유보율": "N/A",
    "code": "005305"
}