{
    "N": "83",
    "종목명": "현대차2우B",
    "현재가": "92,600",
    "상태": "하락",
    "전일비": "200",
    "등락률": "-0.22%",
    "액면가": "5,000",
    "거래량": "215,272",
    "거래대금": "19,850",
    "전일거래량": "367,289",
    "시가": "92,300",
    "고가": "93,300",
    "저가": "91,000",
    "매수호가": "92,500",
    "매도호가": "92,600",
    "매수총잔량": "1,360",
    "매도총잔량": "11,950",
    "상장주식수": "36,485",
    "시가총액": "33,786",
    "매출액": "N/A",
    "자산총계": "N/A",
    "부채총계": "N/A",
    "영업이익": "N/A",
    "당기순이익": "N/A",
    "주당순이익": "4,185",
    "보통주배당금": "N/A",
    "매출액증가율": "N/A",
    "영업이익증가율": "N/A",
    "외국인비율": "60.90",
    "PER": "22.13",
    "ROE": "N/A",
    "ROA": "N/A",
    "PBR": "0.35",
    "유보율": "N/A",
    "code": "005387"
}