{
    "N": "512",
    "종목명": "현대차3우B",
    "현재가": "91,400",
    "상태": "하락",
    "전일비": "700",
    "등락률": "-0.76%",
    "액면가": "5,000",
    "거래량": "23,844",
    "거래대금": "2,168",
    "전일거래량": "68,993",
    "시가": "92,100",
    "고가": "92,500",
    "저가": "89,600",
    "매수호가": "91,200",
    "매도호가": "91,400",
    "매수총잔량": "831",
    "매도총잔량": "1,882",
    "상장주식수": "2,429",
    "시가총액": "2,220",
    "매출액": "N/A",
    "자산총계": "N/A",
    "부채총계": "N/A",
    "영업이익": "N/A",
    "당기순이익": "N/A",
    "주당순이익": "4,185",
    "보통주배당금": "N/A",
    "매출액증가율": "N/A",
    "영업이익증가율": "N/A",
    "외국인비율": "31.89",
    "PER": "21.84",
    "ROE": "N/A",
    "ROA": "N/A",
    "PBR": "0.34",
    "유보율": "N/A",
    "code": "005389"
}