{
    "N": "625",
    "종목명": "국동",
    "현재가": "3,915",
    "상태": "하락",
    "전일비": "170",
    "등락률": "-4.16%",
    "액면가": "500",
    "거래량": "997,912",
    "거래대금": "3,966",
    "전일거래량": "989,858",
    "시가": "4,025",
    "고가": "4,075",
    "저가": "3,915",
    "매수호가": "3,915",
    "매도호가": "3,925",
    "매수총잔량": "42,623",
    "매도총잔량": "22,669",
    "상장주식수": "38,824",
    "시가총액": "1,520",
    "매출액": "2,231",
    "자산총계": "1,333",
    "부채총계": "688",
    "영업이익": "-42",
    "당기순이익": "-40",
    "주당순이익": "645",
    "보통주배당금": "0",
    "매출액증가율": "1.61",
    "영업이익증가율": "-174.46",
    "외국인비율": "1.62",
    "PER": "6.07",
    "ROE": "-7.07",
    "ROA": "-3.10",
    "PBR": "1.48",
    "유보율": "295.2",
    "code": "005320"
}