{
    "N": "734",
    "종목명": "모나미",
    "현재가": "5,930",
    "상태": "상승",
    "전일비": "90",
    "등락률": "+1.54%",
    "액면가": "1,000",
    "거래량": "548,848",
    "거래대금": "3,211",
    "전일거래량": "770,325",
    "시가": "5,830",
    "고가": "5,960",
    "저가": "5,750",
    "매수호가": "5,930",
    "매도호가": "5,940",
    "매수총잔량": "75,354",
    "매도총잔량": "37,498",
    "상장주식수": "18,897",
    "시가총액": "1,121",
    "매출액": "1,320",
    "자산총계": "1,815",
    "부채총계": "1,060",
    "영업이익": "18",
    "당기순이익": "-17",
    "주당순이익": "-148",
    "보통주배당금": "70",
    "매출액증가율": "-2.33",
    "영업이익증가율": "-73.54",
    "외국인비율": "1.11",
    "PER": "-40.07",
    "ROE": "-2.39",
    "ROA": "-0.96",
    "PBR": "1.61",
    "유보율": "283.9",
    "code": "005360"
}