{
    "N": "123",
    "종목명": "현대차우",
    "현재가": "91,300",
    "상태": "하락",
    "전일비": "400",
    "등락률": "-0.44%",
    "액면가": "5,000",
    "거래량": "204,350",
    "거래대금": "18,635",
    "전일거래량": "371,184",
    "시가": "91,700",
    "고가": "93,400",
    "저가": "89,900",
    "매수호가": "91,200",
    "매도호가": "91,300",
    "매수총잔량": "8,862",
    "매도총잔량": "12,742",
    "상장주식수": "24,357",
    "시가총액": "22,238",
    "매출액": "N/A",
    "자산총계": "N/A",
    "부채총계": "N/A",
    "영업이익": "N/A",
    "당기순이익": "N/A",
    "주당순이익": "4,185",
    "보통주배당금": "N/A",
    "매출액증가율": "N/A",
    "영업이익증가율": "N/A",
    "외국인비율": "53.57",
    "PER": "21.82",
    "ROE": "N/A",
    "ROA": "N/A",
    "PBR": "0.34",
    "유보율": "N/A",
    "code": "005385"
}