{
    "N": "200",
    "종목명": "롯데칠성",
    "현재가": "106,000",
    "상태": "하락",
    "전일비": "1,000",
    "등락률": "-0.93%",
    "액면가": "500",
    "거래량": "55,016",
    "거래대금": "5,776",
    "전일거래량": "63,780",
    "시가": "107,000",
    "고가": "107,000",
    "저가": "104,000",
    "매수호가": "105,500",
    "매도호가": "106,000",
    "매수총잔량": "18,988",
    "매도총잔량": "9,343",
    "상장주식수": "8,975",
    "시가총액": "9,514",
    "매출액": "24,295",
    "자산총계": "32,565",
    "부채총계": "20,285",
    "영업이익": "1,077",
    "당기순이익": "-1,440",
    "주당순이익": "-9,751",
    "보통주배당금": "2,700",
    "매출액증가율": "3.55",
    "영업이익증가율": "26.74",
    "외국인비율": "10.96",
    "PER": "-10.87",
    "ROE": "-11.68",
    "ROA": "-4.39",
    "PBR": "0.71",
    "유보율": "43,586.8",
    "code": "005300"
}