{
    "N": "9",
    "종목명": "현대차",
    "현재가": "209,500",
    "상태": "상승",
    "전일비": "2,000",
    "등락률": "+0.96%",
    "액면가": "5,000",
    "거래량": "3,007,963",
    "거래대금": "628,384",
    "전일거래량": "5,651,695",
    "시가": "207,000",
    "고가": "213,000",
    "저가": "205,000",
    "매수호가": "209,000",
    "매도호가": "209,500",
    "매수총잔량": "193,673",
    "매도총잔량": "276,182",
    "상장주식수": "213,668",
    "시가총액": "447,635",
    "매출액": "1,057,464",
    "자산총계": "1,945,122",
    "부채총계": "1,181,465",
    "영업이익": "36,055",
    "당기순이익": "31,856",
    "주당순이익": "4,185",
    "보통주배당금": "4,000",
    "매출액증가율": "9.23",
    "영업이익증가율": "48.86",
    "외국인비율": "31.09",
    "PER": "50.06",
    "ROE": "4.32",
    "ROA": "1.70",
    "PBR": "0.79",
    "유보율": "4,865.5",
    "code": "005380"
}