{
    "N": "481",
    "종목명": "신성통상",
    "현재가": "1,735",
    "상태": "하락",
    "전일비": "5",
    "등락률": "-0.29%",
    "액면가": "500",
    "거래량": "902,902",
    "거래대금": "1,562",
    "전일거래량": "1,595,592",
    "시가": "1,740",
    "고가": "1,760",
    "저가": "1,715",
    "매수호가": "1,735",
    "매도호가": "1,740",
    "매수총잔량": "241,103",
    "매도총잔량": "288,553",
    "상장주식수": "143,708",
    "시가총액": "2,493",
    "매출액": "10,272",
    "자산총계": "8,264",
    "부채총계": "5,890",
    "영업이익": "398",
    "당기순이익": "73",
    "주당순이익": "24",
    "보통주배당금": "N/A",
    "매출액증가율": "7.58",
    "영업이익증가율": "-2.43",
    "외국인비율": "0.57",
    "PER": "72.29",
    "ROE": "3.12",
    "ROA": "0.96",
    "PBR": "1.07",
    "유보율": "231.0",
    "code": "005390"
}