{
    "N": "694",
    "종목명": "한국공항",
    "현재가": "39,000",
    "상태": "상승",
    "전일비": "300",
    "등락률": "+0.78%",
    "액면가": "5,000",
    "거래량": "26,121",
    "거래대금": "1,019",
    "전일거래량": "17,847",
    "시가": "38,350",
    "고가": "39,400",
    "저가": "38,350",
    "매수호가": "38,950",
    "매도호가": "39,000",
    "매수총잔량": "2,216",
    "매도총잔량": "6,844",
    "상장주식수": "3,166",
    "시가총액": "1,235",
    "매출액": "5,290",
    "자산총계": "4,647",
    "부채총계": "1,417",
    "영업이익": "220",
    "당기순이익": "163",
    "주당순이익": "-10,008",
    "보통주배당금": "1,000",
    "매출액증가율": "0.55",
    "영업이익증가율": "-10.75",
    "외국인비율": "5.49",
    "PER": "-3.90",
    "ROE": "5.07",
    "ROA": "3.66",
    "PBR": "0.42",
    "유보율": "1,686.3",
    "code": "005430"
}