{
    "N": "416",
    "종목명": "코스모화학",
    "현재가": "12,300",
    "상태": "하락",
    "전일비": "350",
    "등락률": "-2.77%",
    "액면가": "1,000",
    "거래량": "1,277,120",
    "거래대금": "15,724",
    "전일거래량": "1,625,314",
    "시가": "12,700",
    "고가": "12,750",
    "저가": "12,000",
    "매수호가": "12,300",
    "매도호가": "12,350",
    "매수총잔량": "171,660",
    "매도총잔량": "76,086",
    "상장주식수": "26,111",
    "시가총액": "3,212",
    "매출액": "4,068",
    "자산총계": "5,142",
    "부채총계": "2,871",
    "영업이익": "-52",
    "당기순이익": "-186",
    "주당순이익": "-500",
    "보통주배당금": "N/A",
    "매출액증가율": "-40.01",
    "영업이익증가율": "-183.59",
    "외국인비율": "1.50",
    "PER": "-24.60",
    "ROE": "-12.16",
    "ROA": "-3.70",
    "PBR": "2.42",
    "유보율": "125.5",
    "code": "005420"
}