{
    "N": "15",
    "종목명": "POSCO",
    "현재가": "285,000",
    "상태": "상승",
    "전일비": "12,000",
    "등락률": "+4.40%",
    "액면가": "5,000",
    "거래량": "897,207",
    "거래대금": "255,665",
    "전일거래량": "431,940",
    "시가": "275,000",
    "고가": "293,000",
    "저가": "274,500",
    "매수호가": "284,500",
    "매도호가": "285,000",
    "매수총잔량": "11,795",
    "매도총잔량": "28,133",
    "상장주식수": "87,187",
    "시가총액": "248,482",
    "매출액": "643,668",
    "자산총계": "790,587",
    "부채총계": "312,640",
    "영업이익": "38,689",
    "당기순이익": "19,826",
    "주당순이익": "10,917",
    "보통주배당금": "10,000",
    "매출액증가율": "-0.94",
    "영업이익증가율": "-30.20",
    "외국인비율": "50.65",
    "PER": "26.11",
    "ROE": "4.18",
    "ROA": "2.52",
    "PBR": "0.50",
    "유보율": "9,630.2",
    "code": "005490"
}