{
    "N": "279",
    "종목명": "SPC삼립",
    "현재가": "72,000",
    "상태": "상승",
    "전일비": "1,700",
    "등락률": "+2.42%",
    "액면가": "5,000",
    "거래량": "48,400",
    "거래대금": "3,463",
    "전일거래량": "37,824",
    "시가": "70,500",
    "고가": "72,300",
    "저가": "70,500",
    "매수호가": "72,000",
    "매도호가": "72,100",
    "매수총잔량": "4,942",
    "매도총잔량": "6,119",
    "상장주식수": "8,629",
    "시가총액": "6,213",
    "매출액": "24,992",
    "자산총계": "11,963",
    "부채총계": "8,736",
    "영업이익": "470",
    "당기순이익": "202",
    "주당순이익": "-1,525",
    "보통주배당금": "1,104",
    "매출액증가율": "12.57",
    "영업이익증가율": "-21.60",
    "외국인비율": "2.26",
    "PER": "-47.21",
    "ROE": "6.34",
    "ROA": "2.08",
    "PBR": "1.94",
    "유보율": "735.4",
    "code": "005610"
}