{
    "N": "190",
    "종목명": "파미셀",
    "현재가": "17,300",
    "상태": "상승",
    "전일비": "250",
    "등락률": "+1.47%",
    "액면가": "500",
    "거래량": "1,288,580",
    "거래대금": "22,117",
    "전일거래량": "1,366,215",
    "시가": "16,850",
    "고가": "17,500",
    "저가": "16,750",
    "매수호가": "17,250",
    "매도호가": "17,300",
    "매수총잔량": "194,839",
    "매도총잔량": "109,460",
    "상장주식수": "59,959",
    "시가총액": "10,373",
    "매출액": "325",
    "자산총계": "633",
    "부채총계": "117",
    "영업이익": "20",
    "당기순이익": "43",
    "주당순이익": "115",
    "보통주배당금": "N/A",
    "매출액증가율": "14.57",
    "영업이익증가율": "654.71",
    "외국인비율": "7.73",
    "PER": "150.43",
    "ROE": "8.78",
    "ROA": "7.10",
    "PBR": "18.49",
    "유보율": "72.2",
    "code": "005690"
}