{
    "N": "524",
    "종목명": "삼영전자",
    "현재가": "10,350",
    "상태": "하락",
    "전일비": "50",
    "등락률": "-0.48%",
    "액면가": "500",
    "거래량": "80,316",
    "거래대금": "831",
    "전일거래량": "109,820",
    "시가": "10,400",
    "고가": "10,700",
    "저가": "10,150",
    "매수호가": "10,350",
    "매도호가": "10,400",
    "매수총잔량": "21,513",
    "매도총잔량": "14,933",
    "상장주식수": "20,000",
    "시가총액": "2,070",
    "매출액": "2,010",
    "자산총계": "5,027",
    "부채총계": "183",
    "영업이익": "46",
    "당기순이익": "86",
    "주당순이익": "552",
    "보통주배당금": "250",
    "매출액증가율": "-19.52",
    "영업이익증가율": "-64.60",
    "외국인비율": "44.29",
    "PER": "18.75",
    "ROE": "1.77",
    "ROA": "1.69",
    "PBR": "0.42",
    "유보율": "4,562.3",
    "code": "005680"
}