{
    "N": "486",
    "종목명": "넥센",
    "현재가": "4,545",
    "상태": "상승",
    "전일비": "15",
    "등락률": "+0.33%",
    "액면가": "500",
    "거래량": "22,970",
    "거래대금": "104",
    "전일거래량": "91,350",
    "시가": "4,530",
    "고가": "4,580",
    "저가": "4,480",
    "매수호가": "4,545",
    "매도호가": "4,570",
    "매수총잔량": "14,762",
    "매도총잔량": "4,363",
    "상장주식수": "53,544",
    "시가총액": "2,434",
    "매출액": "22,913",
    "자산총계": "40,980",
    "부채총계": "20,815",
    "영업이익": "2,251",
    "당기순이익": "1,137",
    "주당순이익": "339",
    "보통주배당금": "80",
    "매출액증가율": "68.48",
    "영업이익증가율": "56.79",
    "외국인비율": "2.80",
    "PER": "13.41",
    "ROE": "5.96",
    "ROA": "2.87",
    "PBR": "0.25",
    "유보율": "3,525.2",
    "code": "005720"
}