{
    "N": "1307",
    "종목명": "넥센우",
    "현재가": "3,080",
    "상태": "하락",
    "전일비": "50",
    "등락률": "-1.60%",
    "액면가": "500",
    "거래량": "8,157",
    "거래대금": "25",
    "전일거래량": "5,758",
    "시가": "3,130",
    "고가": "3,130",
    "저가": "3,080",
    "매수호가": "3,070",
    "매도호가": "3,080",
    "매수총잔량": "3,917",
    "매도총잔량": "6,615",
    "상장주식수": "3,601",
    "시가총액": "111",
    "매출액": "N/A",
    "자산총계": "N/A",
    "부채총계": "N/A",
    "영업이익": "N/A",
    "당기순이익": "N/A",
    "주당순이익": "339",
    "보통주배당금": "N/A",
    "매출액증가율": "N/A",
    "영업이익증가율": "N/A",
    "외국인비율": "20.65",
    "PER": "9.09",
    "ROE": "N/A",
    "ROA": "N/A",
    "PBR": "0.17",
    "유보율": "N/A",
    "code": "005725"
}