{
    "N": "683",
    "종목명": "크라운해태홀딩스",
    "현재가": "8,740",
    "상태": "상승",
    "전일비": "10",
    "등락률": "+0.11%",
    "액면가": "500",
    "거래량": "37,261",
    "거래대금": "324",
    "전일거래량": "19,866",
    "시가": "8,730",
    "고가": "8,800",
    "저가": "8,640",
    "매수호가": "8,730",
    "매도호가": "8,740",
    "매수총잔량": "5,109",
    "매도총잔량": "2,917",
    "상장주식수": "14,847",
    "시가총액": "1,298",
    "매출액": "10,552",
    "자산총계": "12,382",
    "부채총계": "7,783",
    "영업이익": "394",
    "당기순이익": "-225",
    "주당순이익": "-225",
    "보통주배당금": "100",
    "매출액증가율": "-3.38",
    "영업이익증가율": "-5.09",
    "외국인비율": "2.62",
    "PER": "-38.84",
    "ROE": "-7.49",
    "ROA": "-1.78",
    "PBR": "0.46",
    "유보율": "4,196.7",
    "code": "005740"
}