{
    "N": "509",
    "종목명": "풍산홀딩스",
    "현재가": "28,850",
    "상태": "상승",
    "전일비": "900",
    "등락률": "+3.22%",
    "액면가": "5,000",
    "거래량": "34,469",
    "거래대금": "982",
    "전일거래량": "25,581",
    "시가": "27,800",
    "고가": "29,000",
    "저가": "27,800",
    "매수호가": "28,850",
    "매도호가": "28,900",
    "매수총잔량": "1,845",
    "매도총잔량": "4,418",
    "상장주식수": "7,835",
    "시가총액": "2,260",
    "매출액": "2,644",
    "자산총계": "9,386",
    "부채총계": "2,163",
    "영업이익": "108",
    "당기순이익": "242",
    "주당순이익": "2,159",
    "보통주배당금": "1,400",
    "매출액증가율": "-13.61",
    "영업이익증가율": "-70.47",
    "외국인비율": "6.86",
    "PER": "13.36",
    "ROE": "3.39",
    "ROA": "2.66",
    "PBR": "0.26",
    "유보율": "1,596.1",
    "code": "005810"
}