{
    "N": "830",
    "종목명": "휴니드",
    "현재가": "5,920",
    "상태": "상승",
    "전일비": "100",
    "등락률": "+1.72%",
    "액면가": "5,000",
    "거래량": "141,078",
    "거래대금": "833",
    "전일거래량": "101,591",
    "시가": "5,830",
    "고가": "6,000",
    "저가": "5,830",
    "매수호가": "5,900",
    "매도호가": "5,920",
    "매수총잔량": "24,149",
    "매도총잔량": "36,080",
    "상장주식수": "14,116",
    "시가총액": "836",
    "매출액": "1,947",
    "자산총계": "2,610",
    "부채총계": "1,451",
    "영업이익": "88",
    "당기순이익": "80",
    "주당순이익": "-431",
    "보통주배당금": "N/A",
    "매출액증가율": "-25.50",
    "영업이익증가율": "-70.75",
    "외국인비율": "22.66",
    "PER": "-13.74",
    "ROE": "7.10",
    "ROA": "3.26",
    "PBR": "0.71",
    "유보율": "73.4",
    "code": "005870"
}