{
    "N": "206",
    "종목명": "대한해운",
    "현재가": "3,830",
    "상태": "상승",
    "전일비": "655",
    "등락률": "+20.63%",
    "액면가": "500",
    "거래량": "203,768,923",
    "거래대금": "771,160",
    "전일거래량": "22,083,931",
    "시가": "3,170",
    "고가": "4,120",
    "저가": "3,115",
    "매수호가": "3,830",
    "매도호가": "3,835",
    "매수총잔량": "567,142",
    "매도총잔량": "212,509",
    "상장주식수": "244,271",
    "시가총액": "9,356",
    "매출액": "10,057",
    "자산총계": "33,409",
    "부채총계": "24,457",
    "영업이익": "1,288",
    "당기순이익": "1,010",
    "주당순이익": "68",
    "보통주배당금": "0",
    "매출액증가율": "-21.71",
    "영업이익증가율": "-4.62",
    "외국인비율": "4.36",
    "PER": "56.32",
    "ROE": "11.47",
    "ROA": "3.22",
    "PBR": "1.09",
    "유보율": "357.5",
    "code": "005880"
}