{
    "N": "798",
    "종목명": "신영와코루",
    "현재가": "102,000",
    "상태": "하락",
    "전일비": "1,500",
    "등락률": "-1.45%",
    "액면가": "5,000",
    "거래량": "463",
    "거래대금": "47",
    "전일거래량": "274",
    "시가": "103,500",
    "고가": "104,500",
    "저가": "102,000",
    "매수호가": "102,000",
    "매도호가": "103,000",
    "매수총잔량": "162",
    "매도총잔량": "157",
    "상장주식수": "900",
    "시가총액": "918",
    "매출액": "1,762",
    "자산총계": "3,390",
    "부채총계": "296",
    "영업이익": "14",
    "당기순이익": "38",
    "주당순이익": "7,456",
    "보통주배당금": "1,500",
    "매출액증가율": "2.78",
    "영업이익증가율": "89.60",
    "외국인비율": "26.34",
    "PER": "13.68",
    "ROE": "1.24",
    "ROA": "1.13",
    "PBR": "0.29",
    "유보율": "6,726.3",
    "code": "005800"
}