{
    "N": "975",
    "종목명": "원림",
    "현재가": "20,250",
    "상태": "하락",
    "전일비": "250",
    "등락률": "-1.22%",
    "액면가": "5,000",
    "거래량": "7,448",
    "거래대금": "150",
    "전일거래량": "5,843",
    "시가": "20,500",
    "고가": "20,650",
    "저가": "19,900",
    "매수호가": "20,050",
    "매도호가": "20,250",
    "매수총잔량": "1,857",
    "매도총잔량": "1,586",
    "상장주식수": "2,200",
    "시가총액": "446",
    "매출액": "791",
    "자산총계": "1,631",
    "부채총계": "468",
    "영업이익": "42",
    "당기순이익": "43",
    "주당순이익": "7,258",
    "보통주배당금": "239",
    "매출액증가율": "0.14",
    "영업이익증가율": "111.58",
    "외국인비율": "1.11",
    "PER": "2.79",
    "ROE": "3.33",
    "ROA": "2.78",
    "PBR": "0.40",
    "유보율": "773.3",
    "code": "005820"
}