{
    "N": "229",
    "종목명": "에스엘",
    "현재가": "16,400",
    "상태": "하락",
    "전일비": "400",
    "등락률": "-2.38%",
    "액면가": "500",
    "거래량": "214,117",
    "거래대금": "3,507",
    "전일거래량": "363,815",
    "시가": "16,800",
    "고가": "16,800",
    "저가": "16,200",
    "매수호가": "16,350",
    "매도호가": "16,400",
    "매수총잔량": "62,000",
    "매도총잔량": "12,172",
    "상장주식수": "48,203",
    "시가총액": "7,905",
    "매출액": "22,622",
    "자산총계": "22,736",
    "부채총계": "8,949",
    "영업이익": "436",
    "당기순이익": "871",
    "주당순이익": "931",
    "보통주배당금": "400",
    "매출액증가율": "41.51",
    "영업이익증가율": "852.55",
    "외국인비율": "15.11",
    "PER": "17.62",
    "ROE": "7.25",
    "ROA": "4.35",
    "PBR": "0.55",
    "유보율": "5,691.1",
    "code": "005850"
}