{
    "N": "95",
    "종목명": "DB손해보험",
    "현재가": "42,950",
    "상태": "상승",
    "전일비": "200",
    "등락률": "+0.47%",
    "액면가": "500",
    "거래량": "266,258",
    "거래대금": "11,355",
    "전일거래량": "311,849",
    "시가": "43,000",
    "고가": "43,150",
    "저가": "42,300",
    "매수호가": "42,950",
    "매도호가": "43,000",
    "매수총잔량": "11,380",
    "매도총잔량": "11,509",
    "상장주식수": "70,800",
    "시가총액": "30,409",
    "매출액": "186,761",
    "자산총계": "557,778",
    "부채총계": "496,287",
    "영업이익": "5,116",
    "당기순이익": "3,823",
    "주당순이익": "7,850",
    "보통주배당금": "1,500",
    "매출액증가율": "7.00",
    "영업이익증가율": "-29.01",
    "외국인비율": "40.66",
    "PER": "5.47",
    "ROE": "6.92",
    "ROA": "0.72",
    "PBR": "0.39",
    "유보율": "17,354.1",
    "code": "005830"
}