{
    "N": "607",
    "종목명": "NH투자증권우",
    "현재가": "8,550",
    "상태": "상승",
    "전일비": "20",
    "등락률": "+0.23%",
    "액면가": "5,000",
    "거래량": "204,213",
    "거래대금": "1,721",
    "전일거래량": "224,310",
    "시가": "8,530",
    "고가": "8,560",
    "저가": "8,360",
    "매수호가": "8,540",
    "매도호가": "8,550",
    "매수총잔량": "8,697",
    "매도총잔량": "13,965",
    "상장주식수": "18,871",
    "시가총액": "1,613",
    "매출액": "N/A",
    "자산총계": "N/A",
    "부채총계": "N/A",
    "영업이익": "N/A",
    "당기순이익": "N/A",
    "주당순이익": "2,058",
    "보통주배당금": "N/A",
    "매출액증가율": "N/A",
    "영업이익증가율": "N/A",
    "외국인비율": "5.34",
    "PER": "4.15",
    "ROE": "N/A",
    "ROA": "N/A",
    "PBR": "0.44",
    "유보율": "N/A",
    "code": "005945"
}