{
    "N": "385",
    "종목명": "이수화학",
    "현재가": "15,100",
    "상태": "상승",
    "전일비": "1,000",
    "등락률": "+7.09%",
    "액면가": "5,000",
    "거래량": "4,819,492",
    "거래대금": "71,783",
    "전일거래량": "1,623,700",
    "시가": "14,350",
    "고가": "15,600",
    "저가": "14,300",
    "매수호가": "15,050",
    "매도호가": "15,100",
    "매수총잔량": "65,289",
    "매도총잔량": "200,305",
    "상장주식수": "24,116",
    "시가총액": "3,641",
    "매출액": "15,162",
    "자산총계": "10,680",
    "부채총계": "6,868",
    "영업이익": "94",
    "당기순이익": "-189",
    "주당순이익": "592",
    "보통주배당금": "362",
    "매출액증가율": "-0.97",
    "영업이익증가율": "26.65",
    "외국인비율": "2.88",
    "PER": "25.51",
    "ROE": "-2.40",
    "ROA": "-1.89",
    "PBR": "0.89",
    "유보율": "246.8",
    "code": "005950"
}