{
    "N": "4",
    "종목명": "삼성전자우",
    "현재가": "75,000",
    "상태": "상승",
    "전일비": "600",
    "등락률": "+0.81%",
    "액면가": "100",
    "거래량": "3,848,813",
    "거래대금": "286,057",
    "전일거래량": "5,455,139",
    "시가": "73,600",
    "고가": "75,000",
    "저가": "73,600",
    "매수호가": "74,900",
    "매도호가": "75,000",
    "매수총잔량": "411,705",
    "매도총잔량": "97,218",
    "상장주식수": "822,887",
    "시가총액": "617,165",
    "매출액": "N/A",
    "자산총계": "N/A",
    "부채총계": "N/A",
    "영업이익": "N/A",
    "당기순이익": "N/A",
    "주당순이익": "3,662",
    "보통주배당금": "N/A",
    "매출액증가율": "N/A",
    "영업이익증가율": "N/A",
    "외국인비율": "81.72",
    "PER": "20.48",
    "ROE": "N/A",
    "ROA": "N/A",
    "PBR": "1.90",
    "유보율": "N/A",
    "code": "005935"
}