{
    "N": "1",
    "종목명": "삼성전자",
    "현재가": "83,900",
    "상태": "상승",
    "전일비": "900",
    "등락률": "+1.08%",
    "액면가": "100",
    "거래량": "35,008,960",
    "거래대금": "2,888,424",
    "전일거래량": "38,655,276",
    "시가": "81,600",
    "고가": "83,900",
    "저가": "81,600",
    "매수호가": "83,800",
    "매도호가": "83,900",
    "매수총잔량": "375,109",
    "매도총잔량": "552,782",
    "상장주식수": "5,969,783",
    "시가총액": "5,008,648",
    "매출액": "2,304,009",
    "자산총계": "3,525,645",
    "부채총계": "896,841",
    "영업이익": "277,685",
    "당기순이익": "217,389",
    "주당순이익": "3,662",
    "보통주배당금": "1,416",
    "매출액증가율": "-5.49",
    "영업이익증가율": "-52.84",
    "외국인비율": "55.73",
    "PER": "22.91",
    "ROE": "8.69",
    "ROA": "6.28",
    "PBR": "2.13",
    "유보율": "28,856.0",
    "code": "005930"
}