{
    "N": "87",
    "종목명": "NH투자증권",
    "현재가": "11,600",
    "상태": "상승",
    "전일비": "400",
    "등락률": "+3.57%",
    "액면가": "5,000",
    "거래량": "1,996,686",
    "거래대금": "22,582",
    "전일거래량": "1,831,016",
    "시가": "11,100",
    "고가": "11,600",
    "저가": "11,050",
    "매수호가": "11,550",
    "매도호가": "11,600",
    "매수총잔량": "279,643",
    "매도총잔량": "367,976",
    "상장주식수": "281,409",
    "시가총액": "32,643",
    "매출액": "115,035",
    "자산총계": "500,751",
    "부채총계": "446,830",
    "영업이익": "5,754",
    "당기순이익": "4,764",
    "주당순이익": "2,058",
    "보통주배당금": "500",
    "매출액증가율": "24.48",
    "영업이익증가율": "6.53",
    "외국인비율": "14.66",
    "PER": "5.64",
    "ROE": "9.12",
    "ROA": "0.92",
    "PBR": "0.60",
    "유보율": "253.1",
    "code": "005940"
}