{
    "N": "417",
    "종목명": "동부건설",
    "현재가": "14,100",
    "상태": "상승",
    "전일비": "350",
    "등락률": "+2.55%",
    "액면가": "5,000",
    "거래량": "261,266",
    "거래대금": "3,654",
    "전일거래량": "151,269",
    "시가": "13,600",
    "고가": "14,200",
    "저가": "13,350",
    "매수호가": "14,050",
    "매도호가": "14,100",
    "매수총잔량": "26,025",
    "매도총잔량": "91,833",
    "상장주식수": "22,702",
    "시가총액": "3,201",
    "매출액": "11,554",
    "자산총계": "8,919",
    "부채총계": "4,713",
    "영업이익": "555",
    "당기순이익": "598",
    "주당순이익": "3,064",
    "보통주배당금": "700",
    "매출액증가율": "28.64",
    "영업이익증가율": "74.32",
    "외국인비율": "2.29",
    "PER": "4.60",
    "ROE": "15.30",
    "ROA": "7.45",
    "PBR": "0.72",
    "유보율": "437.4",
    "code": "005960"
}