{
    "N": "224",
    "종목명": "동원산업",
    "현재가": "226,000",
    "상태": "상승",
    "전일비": "6,500",
    "등락률": "+2.96%",
    "액면가": "5,000",
    "거래량": "14,080",
    "거래대금": "3,136",
    "전일거래량": "14,114",
    "시가": "219,000",
    "고가": "226,500",
    "저가": "217,000",
    "매수호가": "225,500",
    "매도호가": "226,000",
    "매수총잔량": "1,443",
    "매도총잔량": "1,179",
    "상장주식수": "3,678",
    "시가총액": "8,311",
    "매출액": "26,826",
    "자산총계": "29,860",
    "부채총계": "19,076",
    "영업이익": "1,936",
    "당기순이익": "514",
    "주당순이익": "42,489",
    "보통주배당금": "2,000",
    "매출액증가율": "9.74",
    "영업이익증가율": "8.94",
    "외국인비율": "7.48",
    "PER": "5.32",
    "ROE": "4.45",
    "ROA": "1.84",
    "PBR": "0.64",
    "유보율": "5,781.6",
    "code": "006040"
}