{
    "N": "373",
    "종목명": "화승인더",
    "현재가": "6,970",
    "상태": "하락",
    "전일비": "80",
    "등락률": "-1.13%",
    "액면가": "500",
    "거래량": "555,220",
    "거래대금": "3,848",
    "전일거래량": "444,190",
    "시가": "6,970",
    "고가": "7,010",
    "저가": "6,890",
    "매수호가": "6,960",
    "매도호가": "6,970",
    "매수총잔량": "71,834",
    "매도총잔량": "9,024",
    "상장주식수": "55,320",
    "시가총액": "3,856",
    "매출액": "14,259",
    "자산총계": "12,707",
    "부채총계": "8,173",
    "영업이익": "1,136",
    "당기순이익": "809",
    "주당순이익": "707",
    "보통주배당금": "45",
    "매출액증가율": "28.24",
    "영업이익증가율": "96.80",
    "외국인비율": "18.13",
    "PER": "9.86",
    "ROE": "19.66",
    "ROA": "7.15",
    "PBR": "1.09",
    "유보율": "953.5",
    "code": "006060"
}