{
    "N": "788",
    "종목명": "사조오양",
    "현재가": "10,000",
    "상태": "상승",
    "전일비": "200",
    "등락률": "+2.04%",
    "액면가": "5,000",
    "거래량": "78,252",
    "거래대금": "777",
    "전일거래량": "58,919",
    "시가": "9,830",
    "고가": "10,000",
    "저가": "9,810",
    "매수호가": "9,980",
    "매도호가": "10,000",
    "매수총잔량": "4,584",
    "매도총잔량": "23,076",
    "상장주식수": "9,423",
    "시가총액": "942",
    "매출액": "3,136",
    "자산총계": "3,112",
    "부채총계": "1,436",
    "영업이익": "226",
    "당기순이익": "132",
    "주당순이익": "2,164",
    "보통주배당금": "100",
    "매출액증가율": "5.89",
    "영업이익증가율": "81.12",
    "외국인비율": "0.62",
    "PER": "4.62",
    "ROE": "8.18",
    "ROA": "4.27",
    "PBR": "0.52",
    "유보율": "340.9",
    "code": "006090"
}