{
    "N": "852",
    "종목명": "SK디스커버리우",
    "현재가": "56,500",
    "상태": "하락",
    "전일비": "600",
    "등락률": "-1.05%",
    "액면가": "5,000",
    "거래량": "22,713",
    "거래대금": "1,282",
    "전일거래량": "39,992",
    "시가": "57,100",
    "고가": "57,500",
    "저가": "56,000",
    "매수호가": "56,400",
    "매도호가": "56,500",
    "매수총잔량": "4,744",
    "매도총잔량": "2,471",
    "상장주식수": "1,358",
    "시가총액": "768",
    "매출액": "N/A",
    "자산총계": "N/A",
    "부채총계": "N/A",
    "영업이익": "N/A",
    "당기순이익": "N/A",
    "주당순이익": "15,229",
    "보통주배당금": "N/A",
    "매출액증가율": "N/A",
    "영업이익증가율": "N/A",
    "외국인비율": "1.41",
    "PER": "3.71",
    "ROE": "N/A",
    "ROA": "N/A",
    "PBR": "0.60",
    "유보율": "N/A",
    "code": "006125"
}