{
    "N": "172",
    "종목명": "SK디스커버리",
    "현재가": "65,800",
    "상태": "하락",
    "전일비": "300",
    "등락률": "-0.45%",
    "액면가": "5,000",
    "거래량": "104,935",
    "거래대금": "6,882",
    "전일거래량": "149,263",
    "시가": "65,600",
    "고가": "66,600",
    "저가": "65,000",
    "매수호가": "65,700",
    "매도호가": "65,800",
    "매수총잔량": "13,701",
    "매도총잔량": "12,594",
    "상장주식수": "19,038",
    "시가총액": "12,527",
    "매출액": "50,211",
    "자산총계": "50,001",
    "부채총계": "26,769",
    "영업이익": "1,739",
    "당기순이익": "2,502",
    "주당순이익": "15,229",
    "보통주배당금": "700",
    "매출액증가율": "-27.64",
    "영업이익증가율": "73.96",
    "외국인비율": "9.47",
    "PER": "4.32",
    "ROE": "11.52",
    "ROA": "5.10",
    "PBR": "0.70",
    "유보율": "2,400.5",
    "code": "006120"
}