{
    "N": "662",
    "종목명": "삼아알미늄",
    "현재가": "12,550",
    "상태": "하락",
    "전일비": "100",
    "등락률": "-0.79%",
    "액면가": "500",
    "거래량": "3,868,540",
    "거래대금": "50,976",
    "전일거래량": "7,533,851",
    "시가": "12,450",
    "고가": "14,100",
    "저가": "12,400",
    "매수호가": "12,550",
    "매도호가": "12,600",
    "매수총잔량": "79,222",
    "매도총잔량": "39,057",
    "상장주식수": "11,000",
    "시가총액": "1,380",
    "매출액": "1,911",
    "자산총계": "2,085",
    "부채총계": "996",
    "영업이익": "64",
    "당기순이익": "50",
    "주당순이익": "344",
    "보통주배당금": "110",
    "매출액증가율": "11.56",
    "영업이익증가율": "16.48",
    "외국인비율": "33.04",
    "PER": "36.48",
    "ROE": "4.62",
    "ROA": "2.44",
    "PBR": "1.25",
    "유보율": "1,878.7",
    "code": "006110"
}