{
    "N": "57",
    "종목명": "녹십자",
    "현재가": "440,500",
    "상태": "하락",
    "전일비": "34,500",
    "등락률": "-7.26%",
    "액면가": "5,000",
    "거래량": "624,675",
    "거래대금": "278,527",
    "전일거래량": "1,971,283",
    "시가": "455,500",
    "고가": "466,500",
    "저가": "430,000",
    "매수호가": "440,000",
    "매도호가": "440,500",
    "매수총잔량": "14,042",
    "매도총잔량": "4,714",
    "상장주식수": "11,687",
    "시가총액": "51,479",
    "매출액": "13,697",
    "자산총계": "19,593",
    "부채총계": "7,752",
    "영업이익": "403",
    "당기순이익": "-113",
    "주당순이익": "3,728",
    "보통주배당금": "1,000",
    "매출액증가율": "2.61",
    "영업이익증가율": "-19.73",
    "외국인비율": "19.82",
    "PER": "118.16",
    "ROE": "-0.35",
    "ROA": "-0.61",
    "PBR": "4.57",
    "유보율": "1,737.9",
    "code": "006280"
}