{
    "N": "755",
    "종목명": "제주은행",
    "현재가": "3,250",
    "상태": "하락",
    "전일비": "30",
    "등락률": "-0.91%",
    "액면가": "5,000",
    "거래량": "27,285",
    "거래대금": "88",
    "전일거래량": "26,963",
    "시가": "3,290",
    "고가": "3,300",
    "저가": "3,240",
    "매수호가": "3,250",
    "매도호가": "3,270",
    "매수총잔량": "18,859",
    "매도총잔량": "1,833",
    "상장주식수": "32,129",
    "시가총액": "1,044",
    "매출액": "2,404",
    "자산총계": "61,929",
    "부채총계": "56,952",
    "영업이익": "372",
    "당기순이익": "279",
    "주당순이익": "709",
    "보통주배당금": "100",
    "매출액증가율": "7.08",
    "영업이익증가율": "4.00",
    "외국인비율": "1.93",
    "PER": "4.58",
    "ROE": "5.76",
    "ROA": "0.46",
    "PBR": "0.20",
    "유보율": "209.8",
    "code": "006220"
}