{
    "N": "112",
    "종목명": "LS",
    "현재가": "76,000",
    "상태": "상승",
    "전일비": "3,500",
    "등락률": "+4.83%",
    "액면가": "5,000",
    "거래량": "487,590",
    "거래대금": "36,168",
    "전일거래량": "309,673",
    "시가": "72,000",
    "고가": "76,000",
    "저가": "71,400",
    "매수호가": "75,900",
    "매도호가": "76,000",
    "매수총잔량": "13,465",
    "매도총잔량": "14,248",
    "상장주식수": "32,200",
    "시가총액": "24,472",
    "매출액": "101,762",
    "자산총계": "107,635",
    "부채총계": "64,922",
    "영업이익": "3,520",
    "당기순이익": "928",
    "주당순이익": "-72",
    "보통주배당금": "1,450",
    "매출액증가율": "0.83",
    "영업이익증가율": "-31.67",
    "외국인비율": "11.85",
    "PER": "-1,055.56",
    "ROE": "0.80",
    "ROA": "0.87",
    "PBR": "0.65",
    "유보율": "1,934.4",
    "code": "006260"
}