{
    "N": "976",
    "종목명": "한국전자홀딩스",
    "현재가": "950",
    "상태": "하락",
    "전일비": "2",
    "등락률": "-0.21%",
    "액면가": "500",
    "거래량": "427,578",
    "거래대금": "406",
    "전일거래량": "695,560",
    "시가": "950",
    "고가": "964",
    "저가": "943",
    "매수호가": "948",
    "매도호가": "950",
    "매수총잔량": "54,423",
    "매도총잔량": "69,037",
    "상장주식수": "46,803",
    "시가총액": "445",
    "매출액": "2,170",
    "자산총계": "3,899",
    "부채총계": "1,476",
    "영업이익": "-121",
    "당기순이익": "-238",
    "주당순이익": "-281",
    "보통주배당금": "0",
    "매출액증가율": "-7.34",
    "영업이익증가율": "-474.36",
    "외국인비율": "5.12",
    "PER": "-3.38",
    "ROE": "-11.06",
    "ROA": "-6.10",
    "PBR": "0.39",
    "유보율": "291.2",
    "code": "006200"
}