{
    "N": "89",
    "종목명": "GS건설",
    "현재가": "40,000",
    "상태": "상승",
    "전일비": "1,950",
    "등락률": "+5.12%",
    "액면가": "5,000",
    "거래량": "1,909,517",
    "거래대금": "75,996",
    "전일거래량": "976,774",
    "시가": "38,050",
    "고가": "40,550",
    "저가": "37,500",
    "매수호가": "39,950",
    "매도호가": "40,000",
    "매수총잔량": "41,711",
    "매도총잔량": "46,161",
    "상장주식수": "80,370",
    "시가총액": "32,148",
    "매출액": "104,166",
    "자산총계": "131,712",
    "부채총계": "90,282",
    "영업이익": "7,673",
    "당기순이익": "4,475",
    "주당순이익": "3,822",
    "보통주배당금": "1,000",
    "매출액증가율": "-20.72",
    "영업이익증가율": "-27.92",
    "외국인비율": "27.33",
    "PER": "10.47",
    "ROE": "11.79",
    "ROA": "3.55",
    "PBR": "0.77",
    "유보율": "906.3",
    "code": "006360"
}