{
    "N": "1422",
    "종목명": "대원전선우",
    "현재가": "3,020",
    "상태": "하락",
    "전일비": "305",
    "등락률": "-9.17%",
    "액면가": "500",
    "거래량": "343,354",
    "거래대금": "1,147",
    "전일거래량": "248,891",
    "시가": "3,345",
    "고가": "3,540",
    "저가": "2,980",
    "매수호가": "3,020",
    "매도호가": "3,035",
    "매수총잔량": "25,659",
    "매도총잔량": "4,766",
    "상장주식수": "2,621",
    "시가총액": "79",
    "매출액": "N/A",
    "자산총계": "N/A",
    "부채총계": "N/A",
    "영업이익": "N/A",
    "당기순이익": "N/A",
    "주당순이익": "-4",
    "보통주배당금": "N/A",
    "매출액증가율": "N/A",
    "영업이익증가율": "N/A",
    "외국인비율": "2.54",
    "PER": "-755.00",
    "ROE": "N/A",
    "ROA": "N/A",
    "PBR": "2.62",
    "유보율": "N/A",
    "code": "006345"
}