{
    "N": "742",
    "종목명": "대원전선",
    "현재가": "1,550",
    "상태": "상승",
    "전일비": "150",
    "등락률": "+10.71%",
    "액면가": "500",
    "거래량": "62,258,428",
    "거래대금": "102,109",
    "전일거래량": "26,904,631",
    "시가": "1,510",
    "고가": "1,810",
    "저가": "1,485",
    "매수호가": "1,545",
    "매도호가": "1,550",
    "매수총잔량": "475,137",
    "매도총잔량": "223,416",
    "상장주식수": "71,017",
    "시가총액": "1,101",
    "매출액": "4,013",
    "자산총계": "1,896",
    "부채총계": "1,092",
    "영업이익": "10",
    "당기순이익": "-8",
    "주당순이익": "-4",
    "보통주배당금": "0",
    "매출액증가율": "-6.56",
    "영업이익증가율": "-76.85",
    "외국인비율": "3.03",
    "PER": "-387.50",
    "ROE": "-1.01",
    "ROA": "-0.43",
    "PBR": "1.34",
    "유보율": "127.9",
    "code": "006340"
}