{
    "N": "306",
    "종목명": "한일현대시멘트",
    "현재가": "30,600",
    "상태": "상승",
    "전일비": "1,050",
    "등락률": "+3.55%",
    "액면가": "5,000",
    "거래량": "101,084",
    "거래대금": "3,045",
    "전일거래량": "67,267",
    "시가": "29,350",
    "고가": "30,700",
    "저가": "28,750",
    "매수호가": "30,600",
    "매도호가": "30,650",
    "매수총잔량": "3,249",
    "매도총잔량": "12,225",
    "상장주식수": "16,821",
    "시가총액": "5,147",
    "매출액": "3,841",
    "자산총계": "5,602",
    "부채총계": "3,556",
    "영업이익": "352",
    "당기순이익": "413",
    "주당순이익": "3,037",
    "보통주배당금": "1,000",
    "매출액증가율": "13.10",
    "영업이익증가율": "72.16",
    "외국인비율": "0.38",
    "PER": "10.08",
    "ROE": "21.69",
    "ROA": "7.45",
    "PBR": "2.29",
    "유보율": "145.7",
    "code": "006390"
}