{
    "N": "791",
    "종목명": "대구백화점",
    "현재가": "8,680",
    "상태": "하락",
    "전일비": "210",
    "등락률": "-2.36%",
    "액면가": "5,000",
    "거래량": "10,677",
    "거래대금": "93",
    "전일거래량": "6,282",
    "시가": "9,600",
    "고가": "9,600",
    "저가": "8,620",
    "매수호가": "8,680",
    "매도호가": "8,770",
    "매수총잔량": "1,955",
    "매도총잔량": "1,059",
    "상장주식수": "10,822",
    "시가총액": "939",
    "매출액": "1,015",
    "자산총계": "6,736",
    "부채총계": "3,874",
    "영업이익": "-142",
    "당기순이익": "-193",
    "주당순이익": "-1,672",
    "보통주배당금": "100",
    "매출액증가율": "-15.40",
    "영업이익증가율": "22.68",
    "외국인비율": "0.66",
    "PER": "-5.19",
    "ROE": "-6.93",
    "ROA": "-2.81",
    "PBR": "0.26",
    "유보율": "444.1",
    "code": "006370"
}