{
    "N": "290",
    "종목명": "삼성SDI우",
    "현재가": "359,500",
    "상태": "상승",
    "전일비": "14,500",
    "등락률": "+4.20%",
    "액면가": "5,000",
    "거래량": "69,114",
    "거래대금": "24,788",
    "전일거래량": "92,173",
    "시가": "351,000",
    "고가": "374,000",
    "저가": "349,000",
    "매수호가": "359,000",
    "매도호가": "359,500",
    "매수총잔량": "603",
    "매도총잔량": "2,072",
    "상장주식수": "1,618",
    "시가총액": "5,816",
    "매출액": "N/A",
    "자산총계": "N/A",
    "부채총계": "N/A",
    "영업이익": "N/A",
    "당기순이익": "N/A",
    "주당순이익": "2,931",
    "보통주배당금": "N/A",
    "매출액증가율": "N/A",
    "영업이익증가율": "N/A",
    "외국인비율": "15.26",
    "PER": "122.65",
    "ROE": "N/A",
    "ROA": "N/A",
    "PBR": "1.91",
    "유보율": "N/A",
    "code": "006405"
}