{
    "N": "8",
    "종목명": "삼성SDI",
    "현재가": "686,000",
    "상태": "상승",
    "전일비": "15,000",
    "등락률": "+2.24%",
    "액면가": "5,000",
    "거래량": "596,844",
    "거래대금": "400,570",
    "전일거래량": "694,737",
    "시가": "675,000",
    "고가": "686,000",
    "저가": "658,000",
    "매수호가": "685,000",
    "매도호가": "686,000",
    "매수총잔량": "4,585",
    "매도총잔량": "9,906",
    "상장주식수": "68,765",
    "시가총액": "471,725",
    "매출액": "100,974",
    "자산총계": "198,521",
    "부채총계": "71,918",
    "영업이익": "4,622",
    "당기순이익": "4,024",
    "주당순이익": "2,931",
    "보통주배당금": "1,000",
    "매출액증가율": "10.26",
    "영업이익증가율": "-35.36",
    "외국인비율": "44.30",
    "PER": "234.05",
    "ROE": "2.94",
    "ROA": "2.05",
    "PBR": "3.64",
    "유보율": "3,338.5",
    "code": "006400"
}