{
    "N": "510",
    "종목명": "인스코비",
    "현재가": "2,230",
    "상태": "상승",
    "전일비": "125",
    "등락률": "+5.94%",
    "액면가": "500",
    "거래량": "1,175,425",
    "거래대금": "2,574",
    "전일거래량": "529,682",
    "시가": "2,125",
    "고가": "2,260",
    "저가": "2,105",
    "매수호가": "2,230",
    "매도호가": "2,235",
    "매수총잔량": "128,572",
    "매도총잔량": "141,728",
    "상장주식수": "100,909",
    "시가총액": "2,250",
    "매출액": "753",
    "자산총계": "507",
    "부채총계": "250",
    "영업이익": "47",
    "당기순이익": "-249",
    "주당순이익": "-278",
    "보통주배당금": "0",
    "매출액증가율": "28.48",
    "영업이익증가율": "-11.16",
    "외국인비율": "3.89",
    "PER": "-8.02",
    "ROE": "-88.74",
    "ROA": "-46.05",
    "PBR": "6.63",
    "유보율": "-44.4",
    "code": "006490"
}