{
    "N": "904",
    "종목명": "대림통상",
    "현재가": "4,000",
    "상태": "상승",
    "전일비": "50",
    "등락률": "+1.27%",
    "액면가": "1,000",
    "거래량": "2,864",
    "거래대금": "11",
    "전일거래량": "1,826",
    "시가": "3,910",
    "고가": "4,000",
    "저가": "3,900",
    "매수호가": "4,000",
    "매도호가": "4,020",
    "매수총잔량": "2,545",
    "매도총잔량": "370",
    "상장주식수": "15,225",
    "시가총액": "609",
    "매출액": "1,836",
    "자산총계": "1,795",
    "부채총계": "878",
    "영업이익": "-25",
    "당기순이익": "-117",
    "주당순이익": "-1,020",
    "보통주배당금": "140",
    "매출액증가율": "-8.78",
    "영업이익증가율": "-135.42",
    "외국인비율": "1.30",
    "PER": "-3.92",
    "ROE": "-11.78",
    "ROA": "-6.18",
    "PBR": "0.72",
    "유보율": "451.9",
    "code": "006570"
}