{
    "N": "912",
    "종목명": "삼성공조",
    "현재가": "7,330",
    "상태": "하락",
    "전일비": "40",
    "등락률": "-0.54%",
    "액면가": "500",
    "거래량": "21,165",
    "거래대금": "155",
    "전일거래량": "19,349",
    "시가": "7,300",
    "고가": "7,430",
    "저가": "7,250",
    "매수호가": "7,330",
    "매도호가": "7,340",
    "매수총잔량": "7,437",
    "매도총잔량": "2,740",
    "상장주식수": "8,126",
    "시가총액": "596",
    "매출액": "752",
    "자산총계": "2,584",
    "부채총계": "397",
    "영업이익": "-41",
    "당기순이익": "50",
    "주당순이익": "236",
    "보통주배당금": "60",
    "매출액증가율": "-6.97",
    "영업이익증가율": "-261.17",
    "외국인비율": "8.40",
    "PER": "31.06",
    "ROE": "2.21",
    "ROA": "1.94",
    "PBR": "0.27",
    "유보율": "5,183.9",
    "code": "006660"
}