{
    "N": "155",
    "종목명": "대한유화",
    "현재가": "235,000",
    "상태": "상승",
    "전일비": "1,000",
    "등락률": "+0.43%",
    "액면가": "5,000",
    "거래량": "78,122",
    "거래대금": "18,046",
    "전일거래량": "119,512",
    "시가": "234,000",
    "고가": "236,500",
    "저가": "227,500",
    "매수호가": "234,500",
    "매도호가": "235,000",
    "매수총잔량": "3,914",
    "매도총잔량": "5,824",
    "상장주식수": "6,500",
    "시가총액": "15,275",
    "매출액": "20,743",
    "자산총계": "20,265",
    "부채총계": "2,479",
    "영업이익": "1,138",
    "당기순이익": "1,063",
    "주당순이익": "13,661",
    "보통주배당금": "2,500",
    "매출액증가율": "-18.78",
    "영업이익증가율": "-64.29",
    "외국인비율": "17.38",
    "PER": "17.20",
    "ROE": "6.11",
    "ROA": "5.30",
    "PBR": "0.79",
    "유보율": "4,252.3",
    "code": "006650"
}