{
    "N": "671",
    "종목명": "영풍제지",
    "현재가": "6,120",
    "상태": "하락",
    "전일비": "80",
    "등락률": "-1.29%",
    "액면가": "500",
    "거래량": "191,949",
    "거래대금": "1,171",
    "전일거래량": "381,683",
    "시가": "6,160",
    "고가": "6,250",
    "저가": "6,010",
    "매수호가": "6,120",
    "매도호가": "6,130",
    "매수총잔량": "15,242",
    "매도총잔량": "6,993",
    "상장주식수": "22,200",
    "시가총액": "1,359",
    "매출액": "997",
    "자산총계": "1,395",
    "부채총계": "198",
    "영업이익": "109",
    "당기순이익": "93",
    "주당순이익": "403",
    "보통주배당금": "40",
    "매출액증가율": "N/A",
    "영업이익증가율": "N/A",
    "외국인비율": "0.39",
    "PER": "15.19",
    "ROE": "N/A",
    "ROA": "N/A",
    "PBR": "0.87",
    "유보율": "1,020.3",
    "code": "006740"
}