{
    "N": "407",
    "종목명": "AK홀딩스",
    "현재가": "25,050",
    "상태": "하락",
    "전일비": "200",
    "등락률": "-0.79%",
    "액면가": "5,000",
    "거래량": "88,680",
    "거래대금": "2,207",
    "전일거래량": "92,861",
    "시가": "25,200",
    "고가": "25,200",
    "저가": "24,750",
    "매수호가": "25,000",
    "매도호가": "25,050",
    "매수총잔량": "16,520",
    "매도총잔량": "13,451",
    "상장주식수": "13,248",
    "시가총액": "3,319",
    "매출액": "37,595",
    "자산총계": "43,280",
    "부채총계": "28,980",
    "영업이익": "1,313",
    "당기순이익": "574",
    "주당순이익": "-11,544",
    "보통주배당금": "750",
    "매출액증가율": "1.30",
    "영업이익증가율": "-51.31",
    "외국인비율": "8.34",
    "PER": "-2.17",
    "ROE": "3.38",
    "ROA": "1.49",
    "PBR": "0.47",
    "유보율": "1,149.5",
    "code": "006840"
}