{
    "N": "45",
    "종목명": "미래에셋대우",
    "현재가": "9,900",
    "상태": "상승",
    "전일비": "400",
    "등락률": "+4.21%",
    "액면가": "5,000",
    "거래량": "4,145,895",
    "거래대금": "39,967",
    "전일거래량": "2,346,432",
    "시가": "9,430",
    "고가": "9,900",
    "저가": "9,370",
    "매수호가": "9,890",
    "매도호가": "9,900",
    "매수총잔량": "120,180",
    "매도총잔량": "225,862",
    "상장주식수": "645,316",
    "시가총액": "63,886",
    "매출액": "154,310",
    "자산총계": "1,331,498",
    "부채총계": "1,239,562",
    "영업이익": "7,280",
    "당기순이익": "6,642",
    "주당순이익": "957",
    "보통주배당금": "260",
    "매출액증가율": "15.83",
    "영업이익증가율": "42.09",
    "외국인비율": "14.10",
    "PER": "10.34",
    "ROE": "7.56",
    "ROA": "0.52",
    "PBR": "0.68",
    "유보율": "125.6",
    "code": "006800"
}