{
    "N": "874",
    "종목명": "미래에셋대우우",
    "현재가": "4,985",
    "상태": "상승",
    "전일비": "15",
    "등락률": "+0.30%",
    "액면가": "5,000",
    "거래량": "56,399",
    "거래대금": "278",
    "전일거래량": "79,916",
    "시가": "4,970",
    "고가": "4,985",
    "저가": "4,900",
    "매수호가": "4,980",
    "매도호가": "4,985",
    "매수총잔량": "5,102",
    "매도총잔량": "1,869",
    "상장주식수": "14,076",
    "시가총액": "702",
    "매출액": "N/A",
    "자산총계": "N/A",
    "부채총계": "N/A",
    "영업이익": "N/A",
    "당기순이익": "N/A",
    "주당순이익": "957",
    "보통주배당금": "N/A",
    "매출액증가율": "N/A",
    "영업이익증가율": "N/A",
    "외국인비율": "1.32",
    "PER": "5.21",
    "ROE": "N/A",
    "ROA": "N/A",
    "PBR": "0.34",
    "유보율": "N/A",
    "code": "006805"
}