{
    "N": "276",
    "종목명": "미래에셋대우2우B",
    "현재가": "4,525",
    "상태": "상승",
    "전일비": "45",
    "등락률": "+1.00%",
    "액면가": "5,000",
    "거래량": "1,054,456",
    "거래대금": "4,672",
    "전일거래량": "863,386",
    "시가": "4,465",
    "고가": "4,525",
    "저가": "4,385",
    "매수호가": "4,520",
    "매도호가": "4,525",
    "매수총잔량": "69,868",
    "매도총잔량": "31,393",
    "상장주식수": "140,000",
    "시가총액": "6,335",
    "매출액": "N/A",
    "자산총계": "N/A",
    "부채총계": "N/A",
    "영업이익": "N/A",
    "당기순이익": "N/A",
    "주당순이익": "957",
    "보통주배당금": "N/A",
    "매출액증가율": "N/A",
    "영업이익증가율": "N/A",
    "외국인비율": "10.08",
    "PER": "4.73",
    "ROE": "N/A",
    "ROA": "N/A",
    "PBR": "0.31",
    "유보율": "N/A",
    "code": "00680K"
}