{
    "N": "595",
    "종목명": "태경케미컬",
    "현재가": "14,400",
    "상태": "상승",
    "전일비": "250",
    "등락률": "+1.77%",
    "액면가": "500",
    "거래량": "375,723",
    "거래대금": "5,449",
    "전일거래량": "403,891",
    "시가": "14,850",
    "고가": "14,850",
    "저가": "14,200",
    "매수호가": "14,400",
    "매도호가": "14,450",
    "매수총잔량": "40,976",
    "매도총잔량": "43,033",
    "상장주식수": "11,600",
    "시가총액": "1,670",
    "매출액": "418",
    "자산총계": "1,356",
    "부채총계": "171",
    "영업이익": "12",
    "당기순이익": "98",
    "주당순이익": "1,006",
    "보통주배당금": "150",
    "매출액증가율": "-11.83",
    "영업이익증가율": "-62.30",
    "외국인비율": "1.61",
    "PER": "14.31",
    "ROE": "8.67",
    "ROA": "7.59",
    "PBR": "1.39",
    "유보율": "1,540.7",
    "code": "006890"
}