{
    "N": "961",
    "종목명": "신송홀딩스",
    "현재가": "4,120",
    "상태": "상승",
    "전일비": "35",
    "등락률": "+0.86%",
    "액면가": "500",
    "거래량": "26,009",
    "거래대금": "106",
    "전일거래량": "32,582",
    "시가": "4,085",
    "고가": "4,130",
    "저가": "4,060",
    "매수호가": "4,065",
    "매도호가": "4,120",
    "매수총잔량": "12,129",
    "매도총잔량": "6,901",
    "상장주식수": "11,829",
    "시가총액": "487",
    "매출액": "2,630",
    "자산총계": "1,999",
    "부채총계": "1,092",
    "영업이익": "-3",
    "당기순이익": "-343",
    "주당순이익": "-2,514",
    "보통주배당금": "80",
    "매출액증가율": "61.02",
    "영업이익증가율": "89.60",
    "외국인비율": "0.62",
    "PER": "-1.64",
    "ROE": "-32.05",
    "ROA": "-16.95",
    "PBR": "0.51",
    "유보율": "1,525.8",
    "code": "006880"
}