{
    "N": "775",
    "종목명": "우성사료",
    "현재가": "3,200",
    "상태": "상승",
    "전일비": "160",
    "등락률": "+5.26%",
    "액면가": "500",
    "거래량": "2,900,601",
    "거래대금": "9,193",
    "전일거래량": "250,284",
    "시가": "3,050",
    "고가": "3,270",
    "저가": "3,040",
    "매수호가": "3,195",
    "매도호가": "3,200",
    "매수총잔량": "55,442",
    "매도총잔량": "85,438",
    "상장주식수": "30,900",
    "시가총액": "989",
    "매출액": "3,408",
    "자산총계": "3,359",
    "부채총계": "1,627",
    "영업이익": "-36",
    "당기순이익": "119",
    "주당순이익": "554",
    "보통주배당금": "15",
    "매출액증가율": "17.80",
    "영업이익증가율": "13.53",
    "외국인비율": "1.67",
    "PER": "5.78",
    "ROE": "7.17",
    "ROA": "3.84",
    "PBR": "0.48",
    "유보율": "1,065.1",
    "code": "006980"
}