{
    "N": "107",
    "종목명": "GS리테일",
    "현재가": "35,200",
    "상태": "상승",
    "전일비": "800",
    "등락률": "+2.33%",
    "액면가": "1,000",
    "거래량": "614,249",
    "거래대금": "21,467",
    "전일거래량": "320,189",
    "시가": "34,400",
    "고가": "35,250",
    "저가": "34,400",
    "매수호가": "35,150",
    "매도호가": "35,200",
    "매수총잔량": "41,968",
    "매도총잔량": "47,249",
    "상장주식수": "77,000",
    "시가총액": "27,104",
    "매출액": "90,069",
    "자산총계": "70,548",
    "부채총계": "45,040",
    "영업이익": "2,388",
    "당기순이익": "1,436",
    "주당순이익": "2,194",
    "보통주배당금": "750",
    "매출액증가율": "3.63",
    "영업이익증가율": "32.50",
    "외국인비율": "14.11",
    "PER": "16.04",
    "ROE": "6.25",
    "ROA": "2.36",
    "PBR": "1.19",
    "유보율": "2,737.5",
    "code": "007070"
}