{
    "N": "612",
    "종목명": "사조산업",
    "현재가": "31,400",
    "상태": "상승",
    "전일비": "450",
    "등락률": "+1.45%",
    "액면가": "5,000",
    "거래량": "24,189",
    "거래대금": "756",
    "전일거래량": "17,561",
    "시가": "30,950",
    "고가": "31,550",
    "저가": "30,900",
    "매수호가": "31,400",
    "매도호가": "31,450",
    "매수총잔량": "17,714",
    "매도총잔량": "2,002",
    "상장주식수": "5,000",
    "시가총액": "1,570",
    "매출액": "7,354",
    "자산총계": "11,374",
    "부채총계": "6,524",
    "영업이익": "182",
    "당기순이익": "-144",
    "주당순이익": "-1,922",
    "보통주배당금": "150",
    "매출액증가율": "-5.97",
    "영업이익증가율": "-66.42",
    "외국인비율": "3.15",
    "PER": "-16.34",
    "ROE": "-3.13",
    "ROA": "-1.25",
    "PBR": "0.38",
    "유보율": "1,455.8",
    "code": "007160"
}