{
    "N": "952",
    "종목명": "미래아이앤지",
    "현재가": "395",
    "상태": "상승",
    "전일비": "2",
    "등락률": "+0.51%",
    "액면가": "100",
    "거래량": "1,910,999",
    "거래대금": "747",
    "전일거래량": "2,082,435",
    "시가": "397",
    "고가": "397",
    "저가": "385",
    "매수호가": "394",
    "매도호가": "395",
    "매수총잔량": "266,829",
    "매도총잔량": "248,571",
    "상장주식수": "129,484",
    "시가총액": "511",
    "매출액": "75",
    "자산총계": "723",
    "부채총계": "27",
    "영업이익": "1",
    "당기순이익": "140",
    "주당순이익": "241",
    "보통주배당금": "N/A",
    "매출액증가율": "16.00",
    "영업이익증가율": "109.65",
    "외국인비율": "1.57",
    "PER": "1.64",
    "ROE": "22.51",
    "ROA": "21.59",
    "PBR": "0.57",
    "유보율": "444.1",
    "code": "007120"
}