{
    "N": "628",
    "종목명": "일신석재",
    "현재가": "1,945",
    "상태": "상승",
    "전일비": "25",
    "등락률": "+1.30%",
    "액면가": "500",
    "거래량": "973,913",
    "거래대금": "1,890",
    "전일거래량": "690,584",
    "시가": "1,920",
    "고가": "1,965",
    "저가": "1,910",
    "매수호가": "1,940",
    "매도호가": "1,945",
    "매수총잔량": "174,880",
    "매도총잔량": "273,270",
    "상장주식수": "77,457",
    "시가총액": "1,507",
    "매출액": "667",
    "자산총계": "873",
    "부채총계": "353",
    "영업이익": "18",
    "당기순이익": "9",
    "주당순이익": "14",
    "보통주배당금": "N/A",
    "매출액증가율": "23.12",
    "영업이익증가율": "21.28",
    "외국인비율": "0.79",
    "PER": "138.93",
    "ROE": "1.77",
    "ROA": "1.09",
    "PBR": "2.86",
    "유보율": "35.5",
    "code": "007110"
}