{
    "N": "764",
    "종목명": "한국특수형강",
    "현재가": "1,935",
    "상태": "상승",
    "전일비": "15",
    "등락률": "+0.78%",
    "액면가": "500",
    "거래량": "174,882",
    "거래대금": "336",
    "전일거래량": "183,965",
    "시가": "1,985",
    "고가": "1,985",
    "저가": "1,900",
    "매수호가": "1,930",
    "매도호가": "1,935",
    "매수총잔량": "59,569",
    "매도총잔량": "13,167",
    "상장주식수": "53,242",
    "시가총액": "1,030",
    "매출액": "3,910",
    "자산총계": "3,135",
    "부채총계": "2,461",
    "영업이익": "-82",
    "당기순이익": "-223",
    "주당순이익": "-295",
    "보통주배당금": "0",
    "매출액증가율": "7.13",
    "영업이익증가율": "-281.39",
    "외국인비율": "0.58",
    "PER": "-6.56",
    "ROE": "-27.55",
    "ROA": "-6.82",
    "PBR": "1.05",
    "유보율": "316.9",
    "code": "007280"
}