{
    "N": "556",
    "종목명": "벽산",
    "현재가": "2,700",
    "상태": "상승",
    "전일비": "265",
    "등락률": "+10.88%",
    "액면가": "500",
    "거래량": "11,027,142",
    "거래대금": "28,935",
    "전일거래량": "1,642,109",
    "시가": "2,445",
    "고가": "2,725",
    "저가": "2,410",
    "매수호가": "2,695",
    "매도호가": "2,700",
    "매수총잔량": "94,847",
    "매도총잔량": "317,245",
    "상장주식수": "68,560",
    "시가총액": "1,851",
    "매출액": "4,335",
    "자산총계": "4,627",
    "부채총계": "1,712",
    "영업이익": "-38",
    "당기순이익": "-17",
    "주당순이익": "-3",
    "보통주배당금": "N/A",
    "매출액증가율": "0.26",
    "영업이익증가율": "-138.57",
    "외국인비율": "5.37",
    "PER": "-900.00",
    "ROE": "-1.18",
    "ROA": "-0.37",
    "PBR": "0.66",
    "유보율": "645.8",
    "code": "007210"
}