{
    "N": "460",
    "종목명": "디티알오토모티브",
    "현재가": "26,400",
    "상태": "상승",
    "전일비": "450",
    "등락률": "+1.73%",
    "액면가": "500",
    "거래량": "36,330",
    "거래대금": "942",
    "전일거래량": "40,008",
    "시가": "25,700",
    "고가": "26,400",
    "저가": "25,500",
    "매수호가": "26,400",
    "매도호가": "26,450",
    "매수총잔량": "6,051",
    "매도총잔량": "2,869",
    "상장주식수": "9,994",
    "시가총액": "2,638",
    "매출액": "9,298",
    "자산총계": "9,117",
    "부채총계": "2,856",
    "영업이익": "802",
    "당기순이익": "683",
    "주당순이익": "5,148",
    "보통주배당금": "1,500",
    "매출액증가율": "2.34",
    "영업이익증가율": "11.91",
    "외국인비율": "6.39",
    "PER": "5.13",
    "ROE": "11.50",
    "ROA": "7.66",
    "PBR": "0.37",
    "유보율": "17,827.0",
    "code": "007340"
}