{
    "N": "129",
    "종목명": "오뚜기",
    "현재가": "573,000",
    "상태": "상승",
    "전일비": "6,000",
    "등락률": "+1.06%",
    "액면가": "5,000",
    "거래량": "7,573",
    "거래대금": "4,323",
    "전일거래량": "6,814",
    "시가": "576,000",
    "고가": "576,000",
    "저가": "568,000",
    "매수호가": "572,000",
    "매도호가": "573,000",
    "매수총잔량": "1,491",
    "매도총잔량": "1,565",
    "상장주식수": "3,672",
    "시가총액": "21,040",
    "매출액": "23,597",
    "자산총계": "21,521",
    "부채총계": "8,056",
    "영업이익": "1,483",
    "당기순이익": "998",
    "주당순이익": "29,596",
    "보통주배당금": "7,500",
    "매출액증가율": "5.02",
    "영업이익증가율": "-2.27",
    "외국인비율": "15.99",
    "PER": "19.36",
    "ROE": "7.79",
    "ROA": "4.73",
    "PBR": "1.43",
    "유보율": "8,116.4",
    "code": "007310"
}