{
    "N": "369",
    "종목명": "에이프로젠 KIC",
    "현재가": "2,120",
    "상태": "상승",
    "전일비": "80",
    "등락률": "+3.92%",
    "액면가": "500",
    "거래량": "10,152,142",
    "거래대금": "21,634",
    "전일거래량": "2,401,296",
    "시가": "2,040",
    "고가": "2,200",
    "저가": "2,030",
    "매수호가": "2,120",
    "매도호가": "2,125",
    "매수총잔량": "210,411",
    "매도총잔량": "333,665",
    "상장주식수": "182,946",
    "시가총액": "3,878",
    "매출액": "782",
    "자산총계": "6,544",
    "부채총계": "1,275",
    "영업이익": "26",
    "당기순이익": "166",
    "주당순이익": "-155",
    "보통주배당금": "0",
    "매출액증가율": "53.29",
    "영업이익증가율": "63.09",
    "외국인비율": "1.71",
    "PER": "-13.68",
    "ROE": "4.70",
    "ROA": "3.16",
    "PBR": "1.15",
    "유보율": "330.6",
    "code": "007460"
}