{
    "N": "1046",
    "종목명": "일양약품우",
    "현재가": "74,900",
    "상태": "하락",
    "전일비": "500",
    "등락률": "-0.66%",
    "액면가": "2,500",
    "거래량": "9,016",
    "거래대금": "650",
    "전일거래량": "5,976",
    "시가": "73,100",
    "고가": "74,900",
    "저가": "70,900",
    "매수호가": "74,800",
    "매도호가": "74,900",
    "매수총잔량": "1,125",
    "매도총잔량": "1,197",
    "상장주식수": "445",
    "시가총액": "333",
    "매출액": "N/A",
    "자산총계": "N/A",
    "부채총계": "N/A",
    "영업이익": "N/A",
    "당기순이익": "N/A",
    "주당순이익": "541",
    "보통주배당금": "N/A",
    "매출액증가율": "N/A",
    "영업이익증가율": "N/A",
    "외국인비율": "0.64",
    "PER": "138.45",
    "ROE": "N/A",
    "ROA": "N/A",
    "PBR": "6.73",
    "유보율": "N/A",
    "code": "007575"
}