{
    "N": "175",
    "종목명": "일양약품",
    "현재가": "63,100",
    "상태": "하락",
    "전일비": "300",
    "등락률": "-0.47%",
    "액면가": "2,500",
    "거래량": "550,476",
    "거래대금": "34,277",
    "전일거래량": "384,569",
    "시가": "62,500",
    "고가": "64,400",
    "저가": "60,800",
    "매수호가": "63,000",
    "매도호가": "63,100",
    "매수총잔량": "21,131",
    "매도총잔량": "21,693",
    "상장주식수": "19,086",
    "시가총액": "12,043",
    "매출액": "3,246",
    "자산총계": "4,375",
    "부채총계": "2,147",
    "영업이익": "325",
    "당기순이익": "196",
    "주당순이익": "541",
    "보통주배당금": "120",
    "매출액증가율": "8.18",
    "영업이익증가율": "94.42",
    "외국인비율": "7.97",
    "PER": "116.64",
    "ROE": "5.20",
    "ROA": "4.51",
    "PBR": "5.67",
    "유보율": "203.7",
    "code": "007570"
}