{
    "N": "647",
    "종목명": "샘표",
    "현재가": "49,750",
    "상태": "상승",
    "전일비": "600",
    "등락률": "+1.22%",
    "액면가": "1,000",
    "거래량": "19,144",
    "거래대금": "940",
    "전일거래량": "11,525",
    "시가": "49,300",
    "고가": "49,750",
    "저가": "48,650",
    "매수호가": "49,650",
    "매도호가": "49,750",
    "매수총잔량": "952",
    "매도총잔량": "1,770",
    "상장주식수": "2,876",
    "시가총액": "1,431",
    "매출액": "2,810",
    "자산총계": "3,386",
    "부채총계": "822",
    "영업이익": "295",
    "당기순이익": "247",
    "주당순이익": "6,325",
    "보통주배당금": "200",
    "매출액증가율": "1.87",
    "영업이익증가율": "50.16",
    "외국인비율": "5.71",
    "PER": "7.87",
    "ROE": "7.75",
    "ROA": "7.50",
    "PBR": "0.62",
    "유보율": "8,437.0",
    "code": "007540"
}