{
    "N": "820",
    "종목명": "동방아그로",
    "현재가": "6,360",
    "상태": "하락",
    "전일비": "20",
    "등락률": "-0.31%",
    "액면가": "500",
    "거래량": "17,615",
    "거래대금": "112",
    "전일거래량": "8,938",
    "시가": "6,380",
    "고가": "6,390",
    "저가": "6,320",
    "매수호가": "6,350",
    "매도호가": "6,360",
    "매수총잔량": "5,118",
    "매도총잔량": "3,836",
    "상장주식수": "13,618",
    "시가총액": "866",
    "매출액": "1,246",
    "자산총계": "1,940",
    "부채총계": "569",
    "영업이익": "78",
    "당기순이익": "65",
    "주당순이익": "530",
    "보통주배당금": "250",
    "매출액증가율": "2.92",
    "영업이익증가율": "14.18",
    "외국인비율": "28.98",
    "PER": "12.00",
    "ROE": "4.79",
    "ROA": "3.41",
    "PBR": "0.51",
    "유보율": "2,031.0",
    "code": "007590"
}