{
    "N": "602",
    "종목명": "이수페타시스",
    "현재가": "3,960",
    "상태": "하락",
    "전일비": "45",
    "등락률": "-1.12%",
    "액면가": "1,000",
    "거래량": "435,058",
    "거래대금": "1,723",
    "전일거래량": "502,248",
    "시가": "3,980",
    "고가": "4,055",
    "저가": "3,915",
    "매수호가": "3,950",
    "매도호가": "3,960",
    "매수총잔량": "53,515",
    "매도총잔량": "27,248",
    "상장주식수": "41,268",
    "시가총액": "1,634",
    "매출액": "5,142",
    "자산총계": "4,167",
    "부채총계": "3,407",
    "영업이익": "-240",
    "당기순이익": "-911",
    "주당순이익": "-1,926",
    "보통주배당금": "60",
    "매출액증가율": "-8.23",
    "영업이익증가율": "-419.42",
    "외국인비율": "3.41",
    "PER": "-2.06",
    "ROE": "-71.84",
    "ROA": "-19.76",
    "PBR": "2.11",
    "유보율": "78.9",
    "code": "007660"
}