{
    "N": "932",
    "종목명": "폴루스바이오팜",
    "현재가": "1,225",
    "전일비": "0",
    "등락률": "0.00%",
    "액면가": "500",
    "거래량": "0",
    "거래대금": "0",
    "전일거래량": "0",
    "시가": "0",
    "고가": "0",
    "저가": "0",
    "매수호가": "0",
    "매도호가": "0",
    "매수총잔량": "0",
    "매도총잔량": "0",
    "상장주식수": "44,312",
    "시가총액": "543",
    "매출액": "95",
    "자산총계": "1,509",
    "부채총계": "916",
    "영업이익": "-43",
    "당기순이익": "-133",
    "주당순이익": "-221",
    "보통주배당금": "0",
    "매출액증가율": "-6.66",
    "영업이익증가율": "55.44",
    "외국인비율": "1.81",
    "PER": "-5.54",
    "ROE": "-27.04",
    "ROA": "-8.41",
    "PBR": "0.85",
    "유보율": "184.8",
    "code": "007630"
}