{
    "N": "419",
    "종목명": "국도화학",
    "현재가": "54,500",
    "상태": "상승",
    "전일비": "1,000",
    "등락률": "+1.87%",
    "액면가": "5,000",
    "거래량": "40,184",
    "거래대금": "2,164",
    "전일거래량": "31,887",
    "시가": "53,400",
    "고가": "54,900",
    "저가": "53,100",
    "매수호가": "54,300",
    "매도호가": "54,500",
    "매수총잔량": "3,608",
    "매도총잔량": "3,459",
    "상장주식수": "5,811",
    "시가총액": "3,167",
    "매출액": "11,214",
    "자산총계": "9,054",
    "부채총계": "3,773",
    "영업이익": "421",
    "당기순이익": "351",
    "주당순이익": "5,497",
    "보통주배당금": "1,500",
    "매출액증가율": "-12.43",
    "영업이익증가율": "-38.63",
    "외국인비율": "27.87",
    "PER": "9.91",
    "ROE": "6.89",
    "ROA": "3.99",
    "PBR": "0.56",
    "유보율": "1,740.5",
    "code": "007690"
}