{
    "N": "165",
    "종목명": "F&F",
    "현재가": "86,600",
    "상태": "하락",
    "전일비": "100",
    "등락률": "-0.12%",
    "액면가": "500",
    "거래량": "84,342",
    "거래대금": "7,231",
    "전일거래량": "133,162",
    "시가": "86,900",
    "고가": "86,900",
    "저가": "85,100",
    "매수호가": "86,500",
    "매도호가": "86,600",
    "매수총잔량": "3,863",
    "매도총잔량": "7,362",
    "상장주식수": "15,400",
    "시가총액": "13,336",
    "매출액": "9,103",
    "자산총계": "6,844",
    "부채총계": "2,007",
    "영업이익": "1,507",
    "당기순이익": "1,099",
    "주당순이익": "5,657",
    "보통주배당금": "1,000",
    "매출액증가율": "36.21",
    "영업이익증가율": "64.82",
    "외국인비율": "9.25",
    "PER": "15.31",
    "ROE": "25.13",
    "ROA": "18.63",
    "PBR": "2.64",
    "유보율": "6,263.1",
    "code": "007700"
}