{
    "N": "501",
    "종목명": "서연",
    "현재가": "9,810",
    "상태": "하락",
    "전일비": "180",
    "등락률": "-1.80%",
    "액면가": "500",
    "거래량": "504,273",
    "거래대금": "5,007",
    "전일거래량": "913,927",
    "시가": "9,990",
    "고가": "10,200",
    "저가": "9,790",
    "매수호가": "9,810",
    "매도호가": "9,820",
    "매수총잔량": "32,772",
    "매도총잔량": "6,528",
    "상장주식수": "23,480",
    "시가총액": "2,303",
    "매출액": "22,026",
    "자산총계": "22,154",
    "부채총계": "14,104",
    "영업이익": "332",
    "당기순이익": "-953",
    "주당순이익": "-2,190",
    "보통주배당금": "50",
    "매출액증가율": "5.98",
    "영업이익증가율": "431.98",
    "외국인비율": "0.10",
    "PER": "-4.48",
    "ROE": "-13.31",
    "ROA": "-3.88",
    "PBR": "0.50",
    "유보율": "8,412.1",
    "code": "007860"
}