{
    "N": "390",
    "종목명": "코리아써키트",
    "현재가": "14,950",
    "상태": "하락",
    "전일비": "150",
    "등락률": "-0.99%",
    "액면가": "500",
    "거래량": "926,957",
    "거래대금": "14,075",
    "전일거래량": "678,734",
    "시가": "15,200",
    "고가": "15,650",
    "저가": "14,800",
    "매수호가": "14,950",
    "매도호가": "15,000",
    "매수총잔량": "107,491",
    "매도총잔량": "63,232",
    "상장주식수": "23,621",
    "시가총액": "3,531",
    "매출액": "5,434",
    "자산총계": "4,781",
    "부채총계": "876",
    "영업이익": "139",
    "당기순이익": "21",
    "주당순이익": "473",
    "보통주배당금": "N/A",
    "매출액증가율": "1.42",
    "영업이익증가율": "177.50",
    "외국인비율": "3.30",
    "PER": "31.61",
    "ROE": "0.21",
    "ROA": "0.43",
    "PBR": "1.18",
    "유보율": "2,336.1",
    "code": "007810"
}