{
    "N": "1118",
    "종목명": "코리아써우",
    "현재가": "8,240",
    "상태": "상승",
    "전일비": "50",
    "등락률": "+0.61%",
    "액면가": "500",
    "거래량": "9,371",
    "거래대금": "74",
    "전일거래량": "17,405",
    "시가": "8,190",
    "고가": "8,280",
    "저가": "7,520",
    "매수호가": "7,870",
    "매도호가": "8,240",
    "매수총잔량": "4,011",
    "매도총잔량": "1,027",
    "상장주식수": "2,965",
    "시가총액": "244",
    "매출액": "N/A",
    "자산총계": "N/A",
    "부채총계": "N/A",
    "영업이익": "N/A",
    "당기순이익": "N/A",
    "주당순이익": "473",
    "보통주배당금": "N/A",
    "매출액증가율": "N/A",
    "영업이익증가율": "N/A",
    "외국인비율": "0.98",
    "PER": "17.42",
    "ROE": "N/A",
    "ROA": "N/A",
    "PBR": "0.65",
    "유보율": "N/A",
    "code": "007815"
}