{
    "N": "1502",
    "종목명": "코리아써키트2우B",
    "현재가": "7,540",
    "상태": "하락",
    "전일비": "200",
    "등락률": "-2.58%",
    "액면가": "500",
    "거래량": "4,646",
    "거래대금": "35",
    "전일거래량": "2,718",
    "시가": "7,760",
    "고가": "7,800",
    "저가": "7,520",
    "매수호가": "7,520",
    "매도호가": "7,540",
    "매수총잔량": "986",
    "매도총잔량": "705",
    "상장주식수": "784",
    "시가총액": "59",
    "매출액": "N/A",
    "자산총계": "N/A",
    "부채총계": "N/A",
    "영업이익": "N/A",
    "당기순이익": "N/A",
    "주당순이익": "473",
    "보통주배당금": "N/A",
    "매출액증가율": "N/A",
    "영업이익증가율": "N/A",
    "외국인비율": "0.03",
    "PER": "15.94",
    "ROE": "N/A",
    "ROA": "N/A",
    "PBR": "0.59",
    "유보율": "N/A",
    "code": "00781K"
}