{
    "N": "781",
    "종목명": "태평양물산",
    "현재가": "2,005",
    "상태": "상승",
    "전일비": "20",
    "등락률": "+1.01%",
    "액면가": "500",
    "거래량": "1,046,237",
    "거래대금": "2,074",
    "전일거래량": "672,335",
    "시가": "1,985",
    "고가": "2,015",
    "저가": "1,950",
    "매수호가": "2,000",
    "매도호가": "2,005",
    "매수총잔량": "85,960",
    "매도총잔량": "67,972",
    "상장주식수": "48,150",
    "시가총액": "965",
    "매출액": "9,716",
    "자산총계": "6,133",
    "부채총계": "4,290",
    "영업이익": "432",
    "당기순이익": "112",
    "주당순이익": "-359",
    "보통주배당금": "30",
    "매출액증가율": "-0.04",
    "영업이익증가율": "32.85",
    "외국인비율": "2.58",
    "PER": "-5.58",
    "ROE": "6.99",
    "ROA": "1.92",
    "PBR": "0.57",
    "유보율": "513.3",
    "code": "007980"
}