{
    "N": "499",
    "종목명": "대덕",
    "현재가": "6,840",
    "상태": "하락",
    "전일비": "80",
    "등락률": "-1.16%",
    "액면가": "500",
    "거래량": "453,022",
    "거래대금": "3,084",
    "전일거래량": "498,404",
    "시가": "6,860",
    "고가": "6,880",
    "저가": "6,770",
    "매수호가": "6,830",
    "매도호가": "6,840",
    "매수총잔량": "49,198",
    "매도총잔량": "32,177",
    "상장주식수": "33,890",
    "시가총액": "2,318",
    "매출액": "10,722",
    "자산총계": "12,019",
    "부채총계": "1,621",
    "영업이익": "464",
    "당기순이익": "646",
    "주당순이익": "2,562",
    "보통주배당금": "300",
    "매출액증가율": "81.10",
    "영업이익증가율": "33.42",
    "외국인비율": "13.60",
    "PER": "2.67",
    "ROE": "6.38",
    "ROA": "5.52",
    "PBR": "0.40",
    "유보율": "2,553.0",
    "code": "008060"
}