{
    "N": "1325",
    "종목명": "대덕1우",
    "현재가": "8,600",
    "상태": "상승",
    "전일비": "130",
    "등락률": "+1.53%",
    "액면가": "500",
    "거래량": "29,712",
    "거래대금": "256",
    "전일거래량": "17,290",
    "시가": "8,480",
    "고가": "8,800",
    "저가": "8,390",
    "매수호가": "8,540",
    "매도호가": "8,600",
    "매수총잔량": "2,519",
    "매도총잔량": "10,132",
    "상장주식수": "1,212",
    "시가총액": "104",
    "매출액": "N/A",
    "자산총계": "N/A",
    "부채총계": "N/A",
    "영업이익": "N/A",
    "당기순이익": "N/A",
    "주당순이익": "2,562",
    "보통주배당금": "N/A",
    "매출액증가율": "N/A",
    "영업이익증가율": "N/A",
    "외국인비율": "1.73",
    "PER": "3.36",
    "ROE": "N/A",
    "ROA": "N/A",
    "PBR": "0.51",
    "유보율": "N/A",
    "code": "00806K"
}