{
    "N": "666",
    "종목명": "사조동아원",
    "현재가": "968",
    "상태": "상승",
    "전일비": "7",
    "등락률": "+0.73%",
    "액면가": "500",
    "거래량": "632,897",
    "거래대금": "609",
    "전일거래량": "428,700",
    "시가": "958",
    "고가": "970",
    "저가": "956",
    "매수호가": "967",
    "매도호가": "968",
    "매수총잔량": "108,427",
    "매도총잔량": "92,685",
    "상장주식수": "141,145",
    "시가총액": "1,366",
    "매출액": "4,122",
    "자산총계": "4,669",
    "부채총계": "2,699",
    "영업이익": "125",
    "당기순이익": "9",
    "주당순이익": "53",
    "보통주배당금": "N/A",
    "매출액증가율": "-0.19",
    "영업이익증가율": "-49.80",
    "외국인비율": "1.36",
    "PER": "18.26",
    "ROE": "0.49",
    "ROA": "0.19",
    "PBR": "0.62",
    "유보율": "212.5",
    "code": "008040"
}