{
    "N": "970",
    "종목명": "대동전자",
    "현재가": "4,440",
    "상태": "상승",
    "전일비": "15",
    "등락률": "+0.34%",
    "액면가": "500",
    "거래량": "10,530",
    "거래대금": "46",
    "전일거래량": "18,525",
    "시가": "4,430",
    "고가": "4,510",
    "저가": "4,415",
    "매수호가": "4,435",
    "매도호가": "4,440",
    "매수총잔량": "2,422",
    "매도총잔량": "5,129",
    "상장주식수": "10,490",
    "시가총액": "466",
    "매출액": "450",
    "자산총계": "1,790",
    "부채총계": "320",
    "영업이익": "17",
    "당기순이익": "45",
    "주당순이익": "24",
    "보통주배당금": "500",
    "매출액증가율": "-6.22",
    "영업이익증가율": "940.82",
    "외국인비율": "41.79",
    "PER": "185.00",
    "ROE": "3.27",
    "ROA": "2.59",
    "PBR": "0.28",
    "유보율": "2,156.7",
    "code": "008110"
}