{
    "N": "848",
    "종목명": "NI스틸",
    "현재가": "2,775",
    "상태": "상승",
    "전일비": "215",
    "등락률": "+8.40%",
    "액면가": "500",
    "거래량": "12,743,581",
    "거래대금": "36,373",
    "전일거래량": "245,166",
    "시가": "2,575",
    "고가": "3,075",
    "저가": "2,550",
    "매수호가": "2,775",
    "매도호가": "2,780",
    "매수총잔량": "15,922",
    "매도총잔량": "31,134",
    "상장주식수": "28,600",
    "시가총액": "794",
    "매출액": "1,482",
    "자산총계": "2,587",
    "부채총계": "1,478",
    "영업이익": "121",
    "당기순이익": "64",
    "주당순이익": "267",
    "보통주배당금": "50",
    "매출액증가율": "-1.66",
    "영업이익증가율": "-26.67",
    "외국인비율": "2.50",
    "PER": "10.39",
    "ROE": "5.91",
    "ROA": "2.55",
    "PBR": "0.68",
    "유보율": "630.0",
    "code": "008260"
}