{
    "N": "705",
    "종목명": "이건산업",
    "현재가": "10,900",
    "상태": "하락",
    "전일비": "250",
    "등락률": "-2.24%",
    "액면가": "5,000",
    "거래량": "538,766",
    "거래대금": "5,887",
    "전일거래량": "1,324,891",
    "시가": "10,900",
    "고가": "11,300",
    "저가": "10,700",
    "매수호가": "10,900",
    "매도호가": "10,950",
    "매수총잔량": "60,995",
    "매도총잔량": "53,159",
    "상장주식수": "10,953",
    "시가총액": "1,194",
    "매출액": "2,797",
    "자산총계": "4,226",
    "부채총계": "2,441",
    "영업이익": "96",
    "당기순이익": "10",
    "주당순이익": "228",
    "보통주배당금": "200",
    "매출액증가율": "-17.65",
    "영업이익증가율": "-59.38",
    "외국인비율": "4.58",
    "PER": "47.81",
    "ROE": "0.44",
    "ROA": "0.24",
    "PBR": "0.64",
    "유보율": "235.1",
    "code": "008250"
}