{
    "N": "1253",
    "종목명": "남선알미우",
    "현재가": "43,850",
    "상태": "하락",
    "전일비": "900",
    "등락률": "-2.01%",
    "액면가": "500",
    "거래량": "3,446",
    "거래대금": "150",
    "전일거래량": "4,889",
    "시가": "44,000",
    "고가": "44,000",
    "저가": "43,750",
    "매수호가": "43,800",
    "매도호가": "43,850",
    "매수총잔량": "749",
    "매도총잔량": "207",
    "상장주식수": "308",
    "시가총액": "135",
    "매출액": "N/A",
    "자산총계": "N/A",
    "부채총계": "N/A",
    "영업이익": "N/A",
    "당기순이익": "N/A",
    "주당순이익": "98",
    "보통주배당금": "N/A",
    "매출액증가율": "N/A",
    "영업이익증가율": "N/A",
    "외국인비율": "1.40",
    "PER": "447.45",
    "ROE": "N/A",
    "ROA": "N/A",
    "PBR": "25.67",
    "유보율": "N/A",
    "code": "008355"
}