{
    "N": "310",
    "종목명": "남선알미늄",
    "현재가": "4,525",
    "상태": "하락",
    "전일비": "5",
    "등락률": "-0.11%",
    "액면가": "500",
    "거래량": "3,120,170",
    "거래대금": "14,174",
    "전일거래량": "3,445,405",
    "시가": "4,525",
    "고가": "4,615",
    "저가": "4,490",
    "매수호가": "4,525",
    "매도호가": "4,530",
    "매수총잔량": "177,517",
    "매도총잔량": "100,851",
    "상장주식수": "110,179",
    "시가총액": "4,986",
    "매출액": "3,248",
    "자산총계": "2,955",
    "부채총계": "1,164",
    "영업이익": "116",
    "당기순이익": "145",
    "주당순이익": "98",
    "보통주배당금": "0",
    "매출액증가율": "-6.63",
    "영업이익증가율": "22.84",
    "외국인비율": "6.00",
    "PER": "46.17",
    "ROE": "8.33",
    "ROA": "4.84",
    "PBR": "2.65",
    "유보율": "229.9",
    "code": "008350"
}