{
    "N": "841",
    "종목명": "문배철강",
    "현재가": "3,945",
    "상태": "상승",
    "전일비": "455",
    "등락률": "+13.04%",
    "액면가": "500",
    "거래량": "31,088,509",
    "거래대금": "129,288",
    "전일거래량": "449,435",
    "시가": "3,650",
    "고가": "4,535",
    "저가": "3,515",
    "매수호가": "3,940",
    "매도호가": "3,945",
    "매수총잔량": "49,950",
    "매도총잔량": "11,805",
    "상장주식수": "20,504",
    "시가총액": "809",
    "매출액": "1,626",
    "자산총계": "1,953",
    "부채총계": "839",
    "영업이익": "26",
    "당기순이익": "24",
    "주당순이익": "236",
    "보통주배당금": "50",
    "매출액증가율": "1.97",
    "영업이익증가율": "-20.81",
    "외국인비율": "3.30",
    "PER": "16.72",
    "ROE": "2.14",
    "ROA": "1.37",
    "PBR": "0.67",
    "유보율": "986.2",
    "code": "008420"
}