{
    "N": "110",
    "종목명": "메리츠증권",
    "현재가": "3,710",
    "상태": "상승",
    "전일비": "95",
    "등락률": "+2.63%",
    "액면가": "1,000",
    "거래량": "4,464,722",
    "거래대금": "16,215",
    "전일거래량": "3,662,400",
    "시가": "3,600",
    "고가": "3,710",
    "저가": "3,575",
    "매수호가": "3,705",
    "매도호가": "3,710",
    "매수총잔량": "198,255",
    "매도총잔량": "239,541",
    "상장주식수": "675,962",
    "시가총액": "25,078",
    "매출액": "119,126",
    "자산총계": "381,099",
    "부채총계": "340,907",
    "영업이익": "6,799",
    "당기순이익": "5,546",
    "주당순이익": "799",
    "보통주배당금": "200",
    "매출액증가율": "36.31",
    "영업이익증가율": "27.73",
    "외국인비율": "12.60",
    "PER": "4.64",
    "ROE": "15.06",
    "ROA": "1.59",
    "PBR": "0.60",
    "유보율": "461.5",
    "code": "008560"
}