{
    "N": "1134",
    "종목명": "일정실업",
    "현재가": "18,400",
    "상태": "하락",
    "전일비": "50",
    "등락률": "-0.27%",
    "액면가": "5,000",
    "거래량": "5,300",
    "거래대금": "98",
    "전일거래량": "12,427",
    "시가": "18,500",
    "고가": "18,700",
    "저가": "18,300",
    "매수호가": "18,350",
    "매도호가": "18,400",
    "매수총잔량": "1,141",
    "매도총잔량": "595",
    "상장주식수": "1,200",
    "시가총액": "221",
    "매출액": "398",
    "자산총계": "605",
    "부채총계": "310",
    "영업이익": "-163",
    "당기순이익": "-136",
    "주당순이익": "-2,088",
    "보통주배당금": "N/A",
    "매출액증가율": "-17.12",
    "영업이익증가율": "-95.46",
    "외국인비율": "1.09",
    "PER": "-8.81",
    "ROE": "-37.57",
    "ROA": "-21.12",
    "PBR": "0.67",
    "유보율": "356.7",
    "code": "008500"
}