{
    "N": "811",
    "종목명": "윌비스",
    "현재가": "1,360",
    "상태": "상승",
    "전일비": "10",
    "등락률": "+0.74%",
    "액면가": "1,000",
    "거래량": "1,140,127",
    "거래대금": "1,549",
    "전일거래량": "778,753",
    "시가": "1,340",
    "고가": "1,375",
    "저가": "1,335",
    "매수호가": "1,355",
    "매도호가": "1,360",
    "매수총잔량": "253,942",
    "매도총잔량": "383,343",
    "상장주식수": "65,158",
    "시가총액": "886",
    "매출액": "2,696",
    "자산총계": "2,810",
    "부채총계": "1,792",
    "영업이익": "-197",
    "당기순이익": "-365",
    "주당순이익": "-550",
    "보통주배당금": "0",
    "매출액증가율": "-2.91",
    "영업이익증가율": "-678.39",
    "외국인비율": "3.46",
    "PER": "-2.47",
    "ROE": "-30.75",
    "ROA": "-12.46",
    "PBR": "0.77",
    "유보율": "60.8",
    "code": "008600"
}