{
    "N": "469",
    "종목명": "아남전자",
    "현재가": "3,340",
    "상태": "하락",
    "전일비": "75",
    "등락률": "-2.20%",
    "액면가": "500",
    "거래량": "11,326,419",
    "거래대금": "36,899",
    "전일거래량": "23,561,694",
    "시가": "3,345",
    "고가": "3,345",
    "저가": "3,170",
    "매수호가": "3,340",
    "매도호가": "3,345",
    "매수총잔량": "373,563",
    "매도총잔량": "280,056",
    "상장주식수": "77,125",
    "시가총액": "2,576",
    "매출액": "2,433",
    "자산총계": "1,465",
    "부채총계": "888",
    "영업이익": "31",
    "당기순이익": "4",
    "주당순이익": "53",
    "보통주배당금": "N/A",
    "매출액증가율": "26.50",
    "영업이익증가율": "126.12",
    "외국인비율": "0.98",
    "PER": "63.02",
    "ROE": "0.78",
    "ROA": "0.31",
    "PBR": "4.11",
    "유보율": "44.9",
    "code": "008700"
}