{
    "N": "88",
    "종목명": "호텔신라",
    "현재가": "82,200",
    "상태": "하락",
    "전일비": "400",
    "등락률": "-0.48%",
    "액면가": "5,000",
    "거래량": "601,948",
    "거래대금": "49,147",
    "전일거래량": "553,357",
    "시가": "82,300",
    "고가": "82,400",
    "저가": "80,900",
    "매수호가": "82,100",
    "매도호가": "82,200",
    "매수총잔량": "66,001",
    "매도총잔량": "25,334",
    "상장주식수": "39,248",
    "시가총액": "32,262",
    "매출액": "57,173",
    "자산총계": "35,273",
    "부채총계": "26,077",
    "영업이익": "2,959",
    "당기순이익": "1,694",
    "주당순이익": "-3,295",
    "보통주배당금": "350",
    "매출액증가율": "21.29",
    "영업이익증가율": "41.49",
    "외국인비율": "20.45",
    "PER": "-24.95",
    "ROE": "20.16",
    "ROA": "5.81",
    "PBR": "4.23",
    "유보율": "411.8",
    "code": "008770"
}