{
    "N": "906",
    "종목명": "호텔신라우",
    "현재가": "80,900",
    "상태": "하락",
    "전일비": "100",
    "등락률": "-0.12%",
    "액면가": "5,000",
    "거래량": "14,982",
    "거래대금": "1,204",
    "전일거래량": "30,202",
    "시가": "80,000",
    "고가": "81,400",
    "저가": "79,900",
    "매수호가": "80,900",
    "매도호가": "81,000",
    "매수총잔량": "3,068",
    "매도총잔량": "3,381",
    "상장주식수": "752",
    "시가총액": "608",
    "매출액": "N/A",
    "자산총계": "N/A",
    "부채총계": "N/A",
    "영업이익": "N/A",
    "당기순이익": "N/A",
    "주당순이익": "-3,295",
    "보통주배당금": "N/A",
    "매출액증가율": "N/A",
    "영업이익증가율": "N/A",
    "외국인비율": "3.81",
    "PER": "-24.55",
    "ROE": "N/A",
    "ROA": "N/A",
    "PBR": "4.16",
    "유보율": "N/A",
    "code": "008775"
}