{
    "N": "296",
    "종목명": "율촌화학",
    "현재가": "22,400",
    "상태": "상승",
    "전일비": "1,650",
    "등락률": "+7.95%",
    "액면가": "500",
    "거래량": "499,289",
    "거래대금": "10,997",
    "전일거래량": "189,196",
    "시가": "20,750",
    "고가": "24,000",
    "저가": "20,250",
    "매수호가": "22,350",
    "매도호가": "22,400",
    "매수총잔량": "8,856",
    "매도총잔량": "10,084",
    "상장주식수": "24,800",
    "시가총액": "5,555",
    "매출액": "5,066",
    "자산총계": "6,065",
    "부채총계": "2,645",
    "영업이익": "258",
    "당기순이익": "182",
    "주당순이익": "894",
    "보통주배당금": "500",
    "매출액증가율": "3.44",
    "영업이익증가율": "45.39",
    "외국인비율": "7.65",
    "PER": "25.06",
    "ROE": "5.37",
    "ROA": "2.98",
    "PBR": "1.61",
    "유보율": "2,213.9",
    "code": "008730"
}