{
    "N": "865",
    "종목명": "금비",
    "현재가": "72,800",
    "상태": "하락",
    "전일비": "3,500",
    "등락률": "-4.59%",
    "액면가": "5,000",
    "거래량": "20,766",
    "거래대금": "1,510",
    "전일거래량": "16,578",
    "시가": "75,700",
    "고가": "75,700",
    "저가": "71,100",
    "매수호가": "72,700",
    "매도호가": "72,800",
    "매수총잔량": "802",
    "매도총잔량": "348",
    "상장주식수": "1,000",
    "시가총액": "728",
    "매출액": "2,193",
    "자산총계": "3,340",
    "부채총계": "1,765",
    "영업이익": "66",
    "당기순이익": "-36",
    "주당순이익": "-3,454",
    "보통주배당금": "1,300",
    "매출액증가율": "8.87",
    "영업이익증가율": "-46.61",
    "외국인비율": "0.18",
    "PER": "-21.08",
    "ROE": "-3.40",
    "ROA": "-1.22",
    "PBR": "0.59",
    "유보율": "2,000.6",
    "code": "008870"
}