{
    "N": "642",
    "종목명": "동양철관",
    "현재가": "1,220",
    "상태": "상승",
    "전일비": "70",
    "등락률": "+6.09%",
    "액면가": "500",
    "거래량": "8,204,272",
    "거래대금": "9,872",
    "전일거래량": "1,930,670",
    "시가": "1,150",
    "고가": "1,225",
    "저가": "1,150",
    "매수호가": "1,215",
    "매도호가": "1,220",
    "매수총잔량": "339,560",
    "매도총잔량": "1,029,448",
    "상장주식수": "118,885",
    "시가총액": "1,450",
    "매출액": "1,634",
    "자산총계": "1,642",
    "부채총계": "844",
    "영업이익": "37",
    "당기순이익": "18",
    "주당순이익": "68",
    "보통주배당금": "0",
    "매출액증가율": "0.89",
    "영업이익증가율": "192.93",
    "외국인비율": "2.78",
    "PER": "17.94",
    "ROE": "2.24",
    "ROA": "1.09",
    "PBR": "1.66",
    "유보율": "34.5",
    "code": "008970"
}