{
    "N": "58",
    "종목명": "한미사이언스",
    "현재가": "77,000",
    "상태": "상승",
    "전일비": "1,000",
    "등락률": "+1.32%",
    "액면가": "500",
    "거래량": "804,466",
    "거래대금": "61,502",
    "전일거래량": "606,211",
    "시가": "74,900",
    "고가": "80,600",
    "저가": "73,500",
    "매수호가": "77,000",
    "매도호가": "77,100",
    "매수총잔량": "16,285",
    "매도총잔량": "12,547",
    "상장주식수": "66,011",
    "시가총액": "50,829",
    "매출액": "8,166",
    "자산총계": "9,108",
    "부채총계": "2,651",
    "영업이익": "380",
    "당기순이익": "307",
    "주당순이익": "220",
    "보통주배당금": "192",
    "매출액증가율": "15.34",
    "영업이익증가율": "45.24",
    "외국인비율": "1.59",
    "PER": "350.00",
    "ROE": "4.73",
    "ROA": "3.37",
    "PBR": "7.88",
    "유보율": "2,064.6",
    "code": "008930"
}