{
    "N": "713",
    "종목명": "KCTC",
    "현재가": "3,885",
    "상태": "상승",
    "전일비": "95",
    "등락률": "+2.51%",
    "액면가": "500",
    "거래량": "2,785,440",
    "거래대금": "10,889",
    "전일거래량": "587,534",
    "시가": "3,800",
    "고가": "4,080",
    "저가": "3,710",
    "매수호가": "3,880",
    "매도호가": "3,885",
    "매수총잔량": "31,656",
    "매도총잔량": "11,702",
    "상장주식수": "30,000",
    "시가총액": "1,166",
    "매출액": "4,462",
    "자산총계": "4,243",
    "부채총계": "2,270",
    "영업이익": "190",
    "당기순이익": "82",
    "주당순이익": "281",
    "보통주배당금": "45",
    "매출액증가율": "11.42",
    "영업이익증가율": "27.06",
    "외국인비율": "1.84",
    "PER": "13.83",
    "ROE": "3.75",
    "ROA": "2.05",
    "PBR": "0.59",
    "유보율": "1,181.5",
    "code": "009070"
}