{
    "N": "449",
    "종목명": "삼성전기우",
    "현재가": "94,400",
    "상태": "상승",
    "전일비": "400",
    "등락률": "+0.43%",
    "액면가": "5,000",
    "거래량": "39,573",
    "거래대금": "3,714",
    "전일거래량": "40,920",
    "시가": "93,900",
    "고가": "94,700",
    "저가": "92,900",
    "매수호가": "94,300",
    "매도호가": "94,400",
    "매수총잔량": "1,414",
    "매도총잔량": "4,547",
    "상장주식수": "2,907",
    "시가총액": "2,744",
    "매출액": "N/A",
    "자산총계": "N/A",
    "부채총계": "N/A",
    "영업이익": "N/A",
    "당기순이익": "N/A",
    "주당순이익": "4,881",
    "보통주배당금": "N/A",
    "매출액증가율": "N/A",
    "영업이익증가율": "N/A",
    "외국인비율": "18.73",
    "PER": "19.34",
    "ROE": "N/A",
    "ROA": "N/A",
    "PBR": "1.27",
    "유보율": "N/A",
    "code": "009155"
}