{
    "N": "945",
    "종목명": "경인전자",
    "현재가": "33,300",
    "상태": "상승",
    "전일비": "750",
    "등락률": "+2.30%",
    "액면가": "5,000",
    "거래량": "502,472",
    "거래대금": "19,017",
    "전일거래량": "52,804",
    "시가": "41,500",
    "고가": "42,300",
    "저가": "32,250",
    "매수호가": "33,300",
    "매도호가": "33,350",
    "매수총잔량": "3,103",
    "매도총잔량": "1,663",
    "상장주식수": "1,571",
    "시가총액": "523",
    "매출액": "133",
    "자산총계": "569",
    "부채총계": "24",
    "영업이익": "-16",
    "당기순이익": "2",
    "주당순이익": "1,678",
    "보통주배당금": "250",
    "매출액증가율": "-27.92",
    "영업이익증가율": "7.46",
    "외국인비율": "13.33",
    "PER": "19.85",
    "ROE": "0.45",
    "ROA": "0.43",
    "PBR": "0.77",
    "유보율": "601.7",
    "code": "009140"
}