{
    "N": "697",
    "종목명": "대양금속",
    "현재가": "4,145",
    "상태": "상승",
    "전일비": "170",
    "등락률": "+4.28%",
    "액면가": "500",
    "거래량": "1,758,969",
    "거래대금": "7,226",
    "전일거래량": "1,220,112",
    "시가": "3,995",
    "고가": "4,205",
    "저가": "3,940",
    "매수호가": "4,140",
    "매도호가": "4,145",
    "매수총잔량": "142,645",
    "매도총잔량": "69,055",
    "상장주식수": "29,566",
    "시가총액": "1,226",
    "매출액": "1,516",
    "자산총계": "905",
    "부채총계": "238",
    "영업이익": "32",
    "당기순이익": "35",
    "주당순이익": "53",
    "보통주배당금": "0",
    "매출액증가율": "-8.15",
    "영업이익증가율": "-56.90",
    "외국인비율": "0.48",
    "PER": "78.21",
    "ROE": "7.06",
    "ROA": "3.80",
    "PBR": "2.25",
    "유보율": "281.5",
    "code": "009190"
}