{
    "N": "27",
    "종목명": "삼성전기",
    "현재가": "180,000",
    "전일비": "0",
    "등락률": "0.00%",
    "액면가": "5,000",
    "거래량": "772,174",
    "거래대금": "137,428",
    "전일거래량": "853,121",
    "시가": "178,500",
    "고가": "180,500",
    "저가": "176,000",
    "매수호가": "180,000",
    "매도호가": "180,500",
    "매수총잔량": "98,606",
    "매도총잔량": "73,135",
    "상장주식수": "74,694",
    "시가총액": "134,449",
    "매출액": "80,408",
    "자산총계": "86,742",
    "부채총계": "32,442",
    "영업이익": "7,340",
    "당기순이익": "5,280",
    "주당순이익": "4,881",
    "보통주배당금": "1,100",
    "매출액증가율": "0.49",
    "영업이익증가율": "-36.17",
    "외국인비율": "34.52",
    "PER": "36.88",
    "ROE": "10.18",
    "ROA": "6.10",
    "PBR": "2.42",
    "유보율": "1,190.2",
    "code": "009150"
}