{
    "N": "589",
    "종목명": "SIMPAC",
    "현재가": "2,585",
    "상태": "상승",
    "전일비": "130",
    "등락률": "+5.30%",
    "액면가": "500",
    "거래량": "446,846",
    "거래대금": "1,140",
    "전일거래량": "65,582",
    "시가": "2,480",
    "고가": "2,665",
    "저가": "2,445",
    "매수호가": "2,580",
    "매도호가": "2,585",
    "매수총잔량": "46,042",
    "매도총잔량": "38,018",
    "상장주식수": "65,430",
    "시가총액": "1,691",
    "매출액": "4,301",
    "자산총계": "6,791",
    "부채총계": "2,380",
    "영업이익": "111",
    "당기순이익": "95",
    "주당순이익": "41",
    "보통주배당금": "60",
    "매출액증가율": "40.48",
    "영업이익증가율": "9.33",
    "외국인비율": "7.83",
    "PER": "63.05",
    "ROE": "2.17",
    "ROA": "1.39",
    "PBR": "0.34",
    "유보율": "1,298.7",
    "code": "009160"
}