{
    "N": "833",
    "종목명": "한솔로지스틱스",
    "현재가": "2,995",
    "상태": "",
    "전일비": "690",
    "등락률": "+29.93%",
    "액면가": "500",
    "거래량": "3,466,560",
    "거래대금": "9,829",
    "전일거래량": "684,923",
    "시가": "2,360",
    "고가": "2,995",
    "저가": "2,355",
    "매수호가": "2,995",
    "매도호가": "0",
    "매수총잔량": "1,760,037",
    "매도총잔량": "0",
    "상장주식수": "27,477",
    "시가총액": "823",
    "매출액": "4,607",
    "자산총계": "1,668",
    "부채총계": "1,197",
    "영업이익": "95",
    "당기순이익": "59",
    "주당순이익": "312",
    "보통주배당금": "40",
    "매출액증가율": "6.12",
    "영업이익증가율": "143.89",
    "외국인비율": "5.96",
    "PER": "9.60",
    "ROE": "11.44",
    "ROA": "4.03",
    "PBR": "1.52",
    "유보율": "718.8",
    "code": "009180"
}