{
    "N": "730",
    "종목명": "무림페이퍼",
    "현재가": "2,720",
    "상태": "상승",
    "전일비": "5",
    "등락률": "+0.18%",
    "액면가": "2,500",
    "거래량": "219,001",
    "거래대금": "593",
    "전일거래량": "136,788",
    "시가": "2,715",
    "고가": "2,740",
    "저가": "2,665",
    "매수호가": "2,720",
    "매도호가": "2,725",
    "매수총잔량": "31,630",
    "매도총잔량": "23,946",
    "상장주식수": "41,609",
    "시가총액": "1,132",
    "매출액": "11,237",
    "자산총계": "21,585",
    "부채총계": "14,706",
    "영업이익": "688",
    "당기순이익": "-68",
    "주당순이익": "-528",
    "보통주배당금": "50",
    "매출액증가율": "1.32",
    "영업이익증가율": "-44.54",
    "외국인비율": "5.30",
    "PER": "-5.15",
    "ROE": "-2.17",
    "ROA": "-0.33",
    "PBR": "0.26",
    "유보율": "311.9",
    "code": "009200"
}