{
    "N": "699",
    "종목명": "신원",
    "현재가": "1,430",
    "상태": "상승",
    "전일비": "10",
    "등락률": "+0.70%",
    "액면가": "500",
    "거래량": "475,545",
    "거래대금": "677",
    "전일거래량": "398,588",
    "시가": "1,410",
    "고가": "1,435",
    "저가": "1,410",
    "매수호가": "1,425",
    "매도호가": "1,430",
    "매수총잔량": "413,459",
    "매도총잔량": "78,639",
    "상장주식수": "85,042",
    "시가총액": "1,216",
    "매출액": "6,749",
    "자산총계": "4,034",
    "부채총계": "2,019",
    "영업이익": "90",
    "당기순이익": "5",
    "주당순이익": "-42",
    "보통주배당금": "N/A",
    "매출액증가율": "8.59",
    "영업이익증가율": "512.63",
    "외국인비율": "2.42",
    "PER": "-34.05",
    "ROE": "0.74",
    "ROA": "0.13",
    "PBR": "0.53",
    "유보율": "392.3",
    "code": "009270"
}