{
    "N": "303",
    "종목명": "광동제약",
    "현재가": "10,100",
    "상태": "하락",
    "전일비": "50",
    "등락률": "-0.49%",
    "액면가": "1,000",
    "거래량": "577,915",
    "거래대금": "5,817",
    "전일거래량": "631,142",
    "시가": "10,150",
    "고가": "10,200",
    "저가": "9,980",
    "매수호가": "10,100",
    "매도호가": "10,150",
    "매수총잔량": "216,149",
    "매도총잔량": "137,190",
    "상장주식수": "52,421",
    "시가총액": "5,294",
    "매출액": "12,383",
    "자산총계": "7,928",
    "부채총계": "3,453",
    "영업이익": "418",
    "당기순이익": "227",
    "주당순이익": "1,042",
    "보통주배당금": "80",
    "매출액증가율": "4.92",
    "영업이익증가율": "23.15",
    "외국인비율": "22.70",
    "PER": "9.69",
    "ROE": "5.57",
    "ROA": "2.97",
    "PBR": "0.85",
    "유보율": "805.0",
    "code": "009290"
}