{
    "N": "111",
    "종목명": "한샘",
    "현재가": "106,500",
    "상태": "상승",
    "전일비": "1,000",
    "등락률": "+0.95%",
    "액면가": "1,000",
    "거래량": "138,757",
    "거래대금": "14,688",
    "전일거래량": "89,715",
    "시가": "105,500",
    "고가": "107,000",
    "저가": "104,500",
    "매수호가": "106,500",
    "매도호가": "107,000",
    "매수총잔량": "21,535",
    "매도총잔량": "24,096",
    "상장주식수": "23,534",
    "시가총액": "25,064",
    "매출액": "16,984",
    "자산총계": "12,026",
    "부채총계": "5,893",
    "영업이익": "558",
    "당기순이익": "427",
    "주당순이익": "2,848",
    "보통주배당금": "1,200",
    "매출액증가율": "-11.93",
    "영업이익증가율": "-0.47",
    "외국인비율": "23.35",
    "PER": "37.39",
    "ROE": "7.32",
    "ROA": "3.99",
    "PBR": "3.13",
    "유보율": "3,113.3",
    "code": "009240"
}