{
    "N": "837",
    "종목명": "참엔지니어링",
    "현재가": "1,465",
    "상태": "하락",
    "전일비": "5",
    "등락률": "-0.34%",
    "액면가": "500",
    "거래량": "219,162",
    "거래대금": "318",
    "전일거래량": "348,720",
    "시가": "1,470",
    "고가": "1,485",
    "저가": "1,435",
    "매수호가": "1,460",
    "매도호가": "1,465",
    "매수총잔량": "134,332",
    "매도총잔량": "55,979",
    "상장주식수": "55,445",
    "시가총액": "812",
    "매출액": "1,125",
    "자산총계": "7,154",
    "부채총계": "6,363",
    "영업이익": "-136",
    "당기순이익": "-165",
    "주당순이익": "140",
    "보통주배당금": "0",
    "매출액증가율": "-45.57",
    "영업이익증가율": "-197.84",
    "외국인비율": "5.55",
    "PER": "10.46",
    "ROE": "-33.98",
    "ROA": "-2.22",
    "PBR": "0.95",
    "유보율": "178.8",
    "code": "009310"
}