{
    "N": "674",
    "종목명": "대우부품",
    "현재가": "2,820",
    "상태": "상승",
    "전일비": "20",
    "등락률": "+0.71%",
    "액면가": "500",
    "거래량": "914,642",
    "거래대금": "2,570",
    "전일거래량": "867,096",
    "시가": "2,790",
    "고가": "2,845",
    "저가": "2,750",
    "매수호가": "2,815",
    "매도호가": "2,820",
    "매수총잔량": "60,863",
    "매도총잔량": "190,836",
    "상장주식수": "47,646",
    "시가총액": "1,344",
    "매출액": "534",
    "자산총계": "775",
    "부채총계": "405",
    "영업이익": "-10",
    "당기순이익": "-25",
    "주당순이익": "-43",
    "보통주배당금": "N/A",
    "매출액증가율": "-14.69",
    "영업이익증가율": "-146.88",
    "외국인비율": "0.92",
    "PER": "-65.58",
    "ROE": "-6.50",
    "ROA": "-3.34",
    "PBR": "3.51",
    "유보율": "28.6",
    "code": "009320"
}