{
    "N": "247",
    "종목명": "경동나비엔",
    "현재가": "52,300",
    "상태": "상승",
    "전일비": "700",
    "등락률": "+1.36%",
    "액면가": "1,000",
    "거래량": "69,686",
    "거래대금": "3,600",
    "전일거래량": "72,087",
    "시가": "51,400",
    "고가": "52,300",
    "저가": "51,200",
    "매수호가": "52,200",
    "매도호가": "52,300",
    "매수총잔량": "7,303",
    "매도총잔량": "9,375",
    "상장주식수": "13,605",
    "시가총액": "7,115",
    "매출액": "7,743",
    "자산총계": "6,098",
    "부채총계": "3,088",
    "영업이익": "448",
    "당기순이익": "279",
    "주당순이익": "3,040",
    "보통주배당금": "300",
    "매출액증가율": "6.54",
    "영업이익증가율": "9.86",
    "외국인비율": "10.14",
    "PER": "17.20",
    "ROE": "9.59",
    "ROA": "4.67",
    "PBR": "2.02",
    "유보율": "2,255.6",
    "code": "009450"
}