{
    "N": "618",
    "종목명": "삼화전기",
    "현재가": "23,500",
    "상태": "상승",
    "전일비": "400",
    "등락률": "+1.73%",
    "액면가": "1,000",
    "거래량": "409,610",
    "거래대금": "9,472",
    "전일거래량": "801,905",
    "시가": "23,100",
    "고가": "23,700",
    "저가": "22,550",
    "매수호가": "23,450",
    "매도호가": "23,500",
    "매수총잔량": "13,787",
    "매도총잔량": "19,887",
    "상장주식수": "6,614",
    "시가총액": "1,554",
    "매출액": "1,951",
    "자산총계": "1,252",
    "부채총계": "639",
    "영업이익": "51",
    "당기순이익": "36",
    "주당순이익": "172",
    "보통주배당금": "100",
    "매출액증가율": "-4.68",
    "영업이익증가율": "-27.34",
    "외국인비율": "25.15",
    "PER": "136.63",
    "ROE": "7.03",
    "ROA": "2.82",
    "PBR": "3.35",
    "유보율": "379.9",
    "code": "009470"
}