{
    "N": "1183",
    "종목명": "태영건설우",
    "현재가": "13,350",
    "상태": "상승",
    "전일비": "200",
    "등락률": "+1.52%",
    "액면가": "500",
    "거래량": "62,095",
    "거래대금": "821",
    "전일거래량": "39,633",
    "시가": "13,050",
    "고가": "13,500",
    "저가": "13,000",
    "매수호가": "13,250",
    "매도호가": "13,350",
    "매수총잔량": "14,938",
    "매도총잔량": "8,426",
    "상장주식수": "1,302",
    "시가총액": "174",
    "매출액": "N/A",
    "자산총계": "N/A",
    "부채총계": "N/A",
    "영업이익": "N/A",
    "당기순이익": "N/A",
    "주당순이익": "7,723",
    "보통주배당금": "N/A",
    "매출액증가율": "N/A",
    "영업이익증가율": "N/A",
    "외국인비율": "2.08",
    "PER": "1.73",
    "ROE": "N/A",
    "ROA": "N/A",
    "PBR": "0.87",
    "유보율": "N/A",
    "code": "009415"
}