{
    "N": "710",
    "종목명": "KC그린홀딩스",
    "현재가": "5,230",
    "전일비": "0",
    "등락률": "0.00%",
    "액면가": "500",
    "거래량": "269,082",
    "거래대금": "1,402",
    "전일거래량": "325,109",
    "시가": "5,230",
    "고가": "5,280",
    "저가": "5,150",
    "매수호가": "5,230",
    "매도호가": "5,240",
    "매수총잔량": "40,585",
    "매도총잔량": "17,789",
    "상장주식수": "22,435",
    "시가총액": "1,173",
    "매출액": "6,989",
    "자산총계": "8,161",
    "부채총계": "5,218",
    "영업이익": "215",
    "당기순이익": "143",
    "주당순이익": "-306",
    "보통주배당금": "60",
    "매출액증가율": "30.71",
    "영업이익증가율": "62.04",
    "외국인비율": "3.13",
    "PER": "-17.09",
    "ROE": "4.61",
    "ROA": "1.93",
    "PBR": "0.67",
    "유보율": "1,475.8",
    "code": "009440"
}