{
    "N": "132",
    "종목명": "한올바이오파마",
    "현재가": "38,250",
    "상태": "상승",
    "전일비": "700",
    "등락률": "+1.86%",
    "액면가": "500",
    "거래량": "676,464",
    "거래대금": "25,267",
    "전일거래량": "507,568",
    "시가": "37,200",
    "고가": "38,250",
    "저가": "36,600",
    "매수호가": "38,200",
    "매도호가": "38,250",
    "매수총잔량": "23,796",
    "매도총잔량": "15,590",
    "상장주식수": "52,241",
    "시가총액": "19,982",
    "매출액": "1,085",
    "자산총계": "1,914",
    "부채총계": "510",
    "영업이익": "171",
    "당기순이익": "192",
    "주당순이익": "377",
    "보통주배당금": "N/A",
    "매출액증가율": "18.09",
    "영업이익증가율": "212.21",
    "외국인비율": "7.79",
    "PER": "101.46",
    "ROE": "14.90",
    "ROA": "10.84",
    "PBR": "11.64",
    "유보율": "418.2",
    "code": "009420"
}