{
    "N": "651",
    "종목명": "한창제지",
    "현재가": "2,370",
    "상태": "하락",
    "전일비": "30",
    "등락률": "-1.25%",
    "액면가": "500",
    "거래량": "1,596,730",
    "거래대금": "3,783",
    "전일거래량": "3,392,372",
    "시가": "2,395",
    "고가": "2,415",
    "저가": "2,345",
    "매수호가": "2,370",
    "매도호가": "2,375",
    "매수총잔량": "248,885",
    "매도총잔량": "64,739",
    "상장주식수": "59,667",
    "시가총액": "1,414",
    "매출액": "1,814",
    "자산총계": "1,720",
    "부채총계": "860",
    "영업이익": "109",
    "당기순이익": "74",
    "주당순이익": "158",
    "보통주배당금": "20",
    "매출액증가율": "-9.31",
    "영업이익증가율": "-6.90",
    "외국인비율": "0.46",
    "PER": "15.00",
    "ROE": "9.05",
    "ROA": "4.52",
    "PBR": "1.51",
    "유보율": "188.2",
    "code": "009460"
}