{
    "N": "505",
    "종목명": "무림P&P",
    "현재가": "3,655",
    "상태": "하락",
    "전일비": "10",
    "등락률": "-0.27%",
    "액면가": "2,500",
    "거래량": "252,627",
    "거래대금": "921",
    "전일거래량": "260,308",
    "시가": "3,670",
    "고가": "3,680",
    "저가": "3,620",
    "매수호가": "3,650",
    "매도호가": "3,655",
    "매수총잔량": "26,780",
    "매도총잔량": "36,775",
    "상장주식수": "62,368",
    "시가총액": "2,280",
    "매출액": "6,313",
    "자산총계": "13,503",
    "부채총계": "7,298",
    "영업이익": "494",
    "당기순이익": "104",
    "주당순이익": "-248",
    "보통주배당금": "175",
    "매출액증가율": "-3.06",
    "영업이익증가율": "-51.67",
    "외국인비율": "2.75",
    "PER": "-14.74",
    "ROE": "1.64",
    "ROA": "0.77",
    "PBR": "0.38",
    "유보율": "294.0",
    "code": "009580"
}