{
    "N": "38",
    "종목명": "한국조선해양",
    "현재가": "117,500",
    "상태": "상승",
    "전일비": "7,500",
    "등락률": "+6.82%",
    "액면가": "5,000",
    "거래량": "1,102,266",
    "거래대금": "127,250",
    "전일거래량": "444,271",
    "시가": "110,500",
    "고가": "118,500",
    "저가": "109,000",
    "매수호가": "117,500",
    "매도호가": "118,000",
    "매수총잔량": "50,043",
    "매도총잔량": "130,054",
    "상장주식수": "70,773",
    "시가총액": "83,158",
    "매출액": "151,826",
    "자산총계": "250,554",
    "부채총계": "121,291",
    "영업이익": "2,902",
    "당기순이익": "2,131",
    "주당순이익": "302",
    "보통주배당금": "N/A",
    "매출액증가율": "15.36",
    "영업이익증가율": "160.28",
    "외국인비율": "16.39",
    "PER": "389.07",
    "ROE": "1.40",
    "ROA": "0.86",
    "PBR": "0.72",
    "유보율": "5,274.3",
    "code": "009540"
}