{
    "N": "340",
    "종목명": "모토닉",
    "현재가": "13,200",
    "상태": "상승",
    "전일비": "1,150",
    "등락률": "+9.54%",
    "액면가": "500",
    "거래량": "1,624,627",
    "거래대금": "20,675",
    "전일거래량": "298,921",
    "시가": "12,100",
    "고가": "13,300",
    "저가": "11,950",
    "매수호가": "13,150",
    "매도호가": "13,200",
    "매수총잔량": "93,669",
    "매도총잔량": "83,979",
    "상장주식수": "33,000",
    "시가총액": "4,356",
    "매출액": "2,076",
    "자산총계": "4,409",
    "부채총계": "330",
    "영업이익": "97",
    "당기순이익": "114",
    "주당순이익": "310",
    "보통주배당금": "300",
    "매출액증가율": "6.34",
    "영업이익증가율": "63.88",
    "외국인비율": "12.58",
    "PER": "42.58",
    "ROE": "2.80",
    "ROA": "2.60",
    "PBR": "0.71",
    "유보율": "2,484.3",
    "code": "009680"
}