{
    "N": "854",
    "종목명": "삼정펄프",
    "현재가": "30,350",
    "상태": "상승",
    "전일비": "150",
    "등락률": "+0.50%",
    "액면가": "5,000",
    "거래량": "2,815",
    "거래대금": "85",
    "전일거래량": "3,812",
    "시가": "30,450",
    "고가": "30,650",
    "저가": "30,100",
    "매수호가": "30,150",
    "매도호가": "30,350",
    "매수총잔량": "1,034",
    "매도총잔량": "724",
    "상장주식수": "2,500",
    "시가총액": "759",
    "매출액": "1,471",
    "자산총계": "2,063",
    "부채총계": "217",
    "영업이익": "67",
    "당기순이익": "47",
    "주당순이익": "9,632",
    "보통주배당금": "N/A",
    "매출액증가율": "8.44",
    "영업이익증가율": "256.16",
    "외국인비율": "3.83",
    "PER": "3.15",
    "ROE": "2.56",
    "ROA": "2.29",
    "PBR": "0.36",
    "유보율": "1,377.0",
    "code": "009770"
}