{
    "N": "36",
    "종목명": "한화솔루션",
    "현재가": "53,900",
    "상태": "상승",
    "전일비": "4,700",
    "등락률": "+9.55%",
    "액면가": "5,000",
    "거래량": "14,022,719",
    "거래대금": "744,493",
    "전일거래량": "4,392,731",
    "시가": "49,350",
    "고가": "55,300",
    "저가": "48,650",
    "매수호가": "53,800",
    "매도호가": "53,900",
    "매수총잔량": "168,479",
    "매도총잔량": "270,065",
    "상장주식수": "159,864",
    "시가총액": "86,167",
    "매출액": "95,033",
    "자산총계": "156,811",
    "부채총계": "98,753",
    "영업이익": "3,783",
    "당기순이익": "-2,489",
    "주당순이익": "-562",
    "보통주배당금": "200",
    "매출액증가율": "5.06",
    "영업이익증가율": "6.77",
    "외국인비율": "19.12",
    "PER": "-95.91",
    "ROE": "-4.02",
    "ROA": "-1.61",
    "PBR": "1.43",
    "유보율": "606.5",
    "code": "009830"
}