{
    "N": "1109",
    "종목명": "엔케이물산",
    "현재가": "608",
    "상태": "하락",
    "전일비": "6",
    "등락률": "-0.98%",
    "액면가": "100",
    "거래량": "896,462",
    "거래대금": "541",
    "전일거래량": "3,486,938",
    "시가": "615",
    "고가": "620",
    "저가": "585",
    "매수호가": "605",
    "매도호가": "608",
    "매수총잔량": "46,812",
    "매도총잔량": "39,858",
    "상장주식수": "41,789",
    "시가총액": "254",
    "매출액": "88",
    "자산총계": "427",
    "부채총계": "14",
    "영업이익": "-14",
    "당기순이익": "-33",
    "주당순이익": "157",
    "보통주배당금": "0",
    "매출액증가율": "34.41",
    "영업이익증가율": "-15.75",
    "외국인비율": "1.44",
    "PER": "3.87",
    "ROE": "-7.77",
    "ROA": "-7.45",
    "PBR": "0.52",
    "유보율": "3.2",
    "code": "009810"
}