{
    "N": "847",
    "종목명": "한화솔루션우",
    "현재가": "70,800",
    "상태": "상승",
    "전일비": "3,700",
    "등락률": "+5.51%",
    "액면가": "5,000",
    "거래량": "411,331",
    "거래대금": "29,908",
    "전일거래량": "52,600",
    "시가": "67,300",
    "고가": "76,500",
    "저가": "66,800",
    "매수호가": "70,800",
    "매도호가": "70,900",
    "매수총잔량": "4,860",
    "매도총잔량": "2,012",
    "상장주식수": "1,124",
    "시가총액": "796",
    "매출액": "N/A",
    "자산총계": "N/A",
    "부채총계": "N/A",
    "영업이익": "N/A",
    "당기순이익": "N/A",
    "주당순이익": "-562",
    "보통주배당금": "N/A",
    "매출액증가율": "N/A",
    "영업이익증가율": "N/A",
    "외국인비율": "1.97",
    "PER": "-125.98",
    "ROE": "N/A",
    "ROA": "N/A",
    "PBR": "1.88",
    "유보율": "N/A",
    "code": "009835"
}