{
    "N": "134",
    "종목명": "명신산업",
    "현재가": "48,300",
    "상태": "하락",
    "전일비": "100",
    "등락률": "-0.21%",
    "액면가": "500",
    "거래량": "4,592,308",
    "거래대금": "225,173",
    "전일거래량": "4,184,952",
    "시가": "50,800",
    "고가": "52,200",
    "저가": "45,800",
    "매수호가": "48,300",
    "매도호가": "48,350",
    "매수총잔량": "29,845",
    "매도총잔량": "22,732",
    "상장주식수": "40,779",
    "시가총액": "19,696",
    "매출액": "7,757",
    "자산총계": "3,658",
    "부채총계": "2,864",
    "영업이익": "596",
    "당기순이익": "338",
    "주당순이익": "N/A",
    "보통주배당금": "0",
    "매출액증가율": "125.38",
    "영업이익증가율": "326.82",
    "외국인비율": "1.04",
    "PER": "N/A",
    "ROE": "53.84",
    "ROA": "10.41",
    "PBR": "N/A",
    "유보율": "799.8",
    "code": "009900"
}