{
    "N": "309",
    "종목명": "영원무역홀딩스",
    "현재가": "37,150",
    "상태": "상승",
    "전일비": "100",
    "등락률": "+0.27%",
    "액면가": "500",
    "거래량": "17,739",
    "거래대금": "654",
    "전일거래량": "25,114",
    "시가": "36,800",
    "고가": "37,250",
    "저가": "36,750",
    "매수호가": "37,150",
    "매도호가": "37,200",
    "매수총잔량": "2,128",
    "매도총잔량": "546",
    "상장주식수": "13,636",
    "시가총액": "5,066",
    "매출액": "27,380",
    "자산총계": "37,894",
    "부채총계": "12,137",
    "영업이익": "2,990",
    "당기순이익": "2,277",
    "주당순이익": "8,330",
    "보통주배당금": "1,000",
    "매출액증가율": "8.71",
    "영업이익증가율": "17.30",
    "외국인비율": "21.98",
    "PER": "4.46",
    "ROE": "9.60",
    "ROA": "6.46",
    "PBR": "0.30",
    "유보율": "15,980.0",
    "code": "009970"
}