{
    "N": "771",
    "종목명": "한국내화",
    "현재가": "4,330",
    "상태": "상승",
    "전일비": "90",
    "등락률": "+2.12%",
    "액면가": "500",
    "거래량": "2,019,645",
    "거래대금": "8,689",
    "전일거래량": "3,129,895",
    "시가": "4,220",
    "고가": "4,390",
    "저가": "4,165",
    "매수호가": "4,330",
    "매도호가": "4,335",
    "매수총잔량": "31,544",
    "매도총잔량": "107,347",
    "상장주식수": "22,864",
    "시가총액": "990",
    "매출액": "2,239",
    "자산총계": "2,093",
    "부채총계": "688",
    "영업이익": "90",
    "당기순이익": "43",
    "주당순이익": "39",
    "보통주배당금": "35",
    "매출액증가율": "-6.59",
    "영업이익증가율": "-21.66",
    "외국인비율": "0.27",
    "PER": "111.03",
    "ROE": "3.18",
    "ROA": "2.07",
    "PBR": "0.69",
    "유보율": "1,120.3",
    "code": "010040"
}