{
    "N": "324",
    "종목명": "우리종금",
    "현재가": "537",
    "전일비": "0",
    "등락률": "0.00%",
    "액면가": "500",
    "거래량": "1,918,325",
    "거래대금": "1,022",
    "전일거래량": "3,704,852",
    "시가": "532",
    "고가": "539",
    "저가": "529",
    "매수호가": "537",
    "매도호가": "538",
    "매수총잔량": "770,907",
    "매도총잔량": "647,377",
    "상장주식수": "874,203",
    "시가총액": "4,694",
    "매출액": "2,051",
    "자산총계": "33,990",
    "부채총계": "30,316",
    "영업이익": "539",
    "당기순이익": "534",
    "주당순이익": "99",
    "보통주배당금": "0",
    "매출액증가율": "-0.17",
    "영업이익증가율": "63.67",
    "외국인비율": "2.05",
    "PER": "5.42",
    "ROE": "15.63",
    "ROA": "1.76",
    "PBR": "0.88",
    "유보율": "9.0",
    "code": "010050"
}