{
    "N": "115",
    "종목명": "OCI",
    "현재가": "99,800",
    "상태": "상승",
    "전일비": "1,300",
    "등락률": "+1.32%",
    "액면가": "5,000",
    "거래량": "535,537",
    "거래대금": "53,188",
    "전일거래량": "787,830",
    "시가": "97,200",
    "고가": "102,000",
    "저가": "95,600",
    "매수호가": "99,700",
    "매도호가": "99,800",
    "매수총잔량": "7,351",
    "매도총잔량": "66,454",
    "상장주식수": "23,849",
    "시가총액": "23,802",
    "매출액": "26,051",
    "자산총계": "48,112",
    "부채총계": "21,255",
    "영업이익": "-1,806",
    "당기순이익": "-8,074",
    "주당순이익": "-30,950",
    "보통주배당금": "N/A",
    "매출액증가율": "-16.29",
    "영업이익증가율": "-213.82",
    "외국인비율": "20.11",
    "PER": "-3.22",
    "ROE": "-26.20",
    "ROA": "-15.42",
    "PBR": "0.93",
    "유보율": "1,956.5",
    "code": "010060"
}