{
    "N": "37",
    "종목명": "고려아연",
    "현재가": "452,000",
    "상태": "상승",
    "전일비": "51,000",
    "등락률": "+12.72%",
    "액면가": "5,000",
    "거래량": "402,087",
    "거래대금": "174,152",
    "전일거래량": "57,810",
    "시가": "403,000",
    "고가": "454,000",
    "저가": "403,000",
    "매수호가": "451,500",
    "매도호가": "452,000",
    "매수총잔량": "3,756",
    "매도총잔량": "7,145",
    "상장주식수": "18,870",
    "시가총액": "85,292",
    "매출액": "66,948",
    "자산총계": "78,406",
    "부채총계": "10,022",
    "영업이익": "8,053",
    "당기순이익": "6,386",
    "주당순이익": "29,683",
    "보통주배당금": "14,000",
    "매출액증가율": "-2.74",
    "영업이익증가율": "5.31",
    "외국인비율": "23.65",
    "PER": "15.23",
    "ROE": "9.76",
    "ROA": "8.48",
    "PBR": "1.16",
    "유보율": "7,046.4",
    "code": "010130"
}