{
    "N": "64",
    "종목명": "삼성중공업",
    "현재가": "7,450",
    "상태": "상승",
    "전일비": "150",
    "등락률": "+2.05%",
    "액면가": "5,000",
    "거래량": "35,043,438",
    "거래대금": "261,879",
    "전일거래량": "18,617,948",
    "시가": "7,300",
    "고가": "7,690",
    "저가": "7,190",
    "매수호가": "7,450",
    "매도호가": "7,460",
    "매수총잔량": "570,126",
    "매도총잔량": "1,106,463",
    "상장주식수": "630,000",
    "시가총액": "46,935",
    "매출액": "73,497",
    "자산총계": "136,001",
    "부채총계": "83,512",
    "영업이익": "-6,166",
    "당기순이익": "-13,154",
    "주당순이익": "-1,983",
    "보통주배당금": "0",
    "매출액증가율": "39.59",
    "영업이익증가율": "-50.66",
    "외국인비율": "15.77",
    "PER": "-3.76",
    "ROE": "-21.88",
    "ROA": "-9.44",
    "PBR": "1.02",
    "유보율": "104.7",
    "code": "010140"
}