{
    "N": "133",
    "종목명": "LS ELECTRIC",
    "현재가": "66,000",
    "상태": "상승",
    "전일비": "1,000",
    "등락률": "+1.54%",
    "액면가": "5,000",
    "거래량": "266,628",
    "거래대금": "17,396",
    "전일거래량": "300,165",
    "시가": "65,100",
    "고가": "66,300",
    "저가": "63,900",
    "매수호가": "65,900",
    "매도호가": "66,000",
    "매수총잔량": "14,649",
    "매도총잔량": "9,782",
    "상장주식수": "30,000",
    "시가총액": "19,800",
    "매출액": "23,468",
    "자산총계": "25,381",
    "부채총계": "11,755",
    "영업이익": "1,685",
    "당기순이익": "1,030",
    "주당순이익": "2,595",
    "보통주배당금": "1,200",
    "매출액증가율": "-5.56",
    "영업이익증가율": "-17.80",
    "외국인비율": "14.28",
    "PER": "25.43",
    "ROE": "7.82",
    "ROA": "4.17",
    "PBR": "1.39",
    "유보율": "831.7",
    "code": "010120"
}