{
    "N": "991",
    "종목명": "삼성중공우",
    "현재가": "359,000",
    "상태": "상승",
    "전일비": "11,000",
    "등락률": "+3.16%",
    "액면가": "5,000",
    "거래량": "4,329",
    "거래대금": "1,575",
    "전일거래량": "1,759",
    "시가": "349,000",
    "고가": "368,000",
    "저가": "349,000",
    "매수호가": "358,500",
    "매도호가": "359,000",
    "매수총잔량": "635",
    "매도총잔량": "381",
    "상장주식수": "115",
    "시가총액": "412",
    "매출액": "N/A",
    "자산총계": "N/A",
    "부채총계": "N/A",
    "영업이익": "N/A",
    "당기순이익": "N/A",
    "주당순이익": "-1,983",
    "보통주배당금": "N/A",
    "매출액증가율": "N/A",
    "영업이익증가율": "N/A",
    "외국인비율": "2.49",
    "PER": "-181.04",
    "ROE": "N/A",
    "ROA": "N/A",
    "PBR": "48.94",
    "유보율": "N/A",
    "code": "010145"
}