{
    "N": "735",
    "종목명": "한국프랜지",
    "현재가": "3,680",
    "상태": "하락",
    "전일비": "115",
    "등락률": "-3.03%",
    "액면가": "1,000",
    "거래량": "3,155,007",
    "거래대금": "11,939",
    "전일거래량": "3,530,968",
    "시가": "3,695",
    "고가": "3,950",
    "저가": "3,625",
    "매수호가": "3,680",
    "매도호가": "3,700",
    "매수총잔량": "38,048",
    "매도총잔량": "10,878",
    "상장주식수": "30,450",
    "시가총액": "1,121",
    "매출액": "9,540",
    "자산총계": "6,523",
    "부채총계": "4,241",
    "영업이익": "149",
    "당기순이익": "109",
    "주당순이익": "246",
    "보통주배당금": "50",
    "매출액증가율": "20.21",
    "영업이익증가율": "643.22",
    "외국인비율": "2.69",
    "PER": "14.96",
    "ROE": "5.35",
    "ROA": "1.69",
    "PBR": "0.50",
    "유보율": "597.0",
    "code": "010100"
}