{
    "N": "1005",
    "종목명": "한솔PNS",
    "현재가": "1,925",
    "상태": "상승",
    "전일비": "155",
    "등락률": "+8.76%",
    "액면가": "500",
    "거래량": "9,559,897",
    "거래대금": "19,256",
    "전일거래량": "958,389",
    "시가": "1,770",
    "고가": "2,230",
    "저가": "1,750",
    "매수호가": "1,920",
    "매도호가": "1,925",
    "매수총잔량": "94,097",
    "매도총잔량": "74,992",
    "상장주식수": "20,493",
    "시가총액": "394",
    "매출액": "2,339",
    "자산총계": "1,034",
    "부채총계": "624",
    "영업이익": "40",
    "당기순이익": "32",
    "주당순이익": "169",
    "보통주배당금": "25",
    "매출액증가율": "-5.82",
    "영업이익증가율": "-20.51",
    "외국인비율": "3.93",
    "PER": "11.39",
    "ROE": "7.94",
    "ROA": "3.24",
    "PBR": "0.90",
    "유보율": "315.8",
    "code": "010420"
}