{
    "N": "902",
    "종목명": "우진아이엔에스",
    "현재가": "8,040",
    "상태": "하락",
    "전일비": "90",
    "등락률": "-1.11%",
    "액면가": "500",
    "거래량": "19,180",
    "거래대금": "154",
    "전일거래량": "29,428",
    "시가": "8,130",
    "고가": "8,160",
    "저가": "8,020",
    "매수호가": "8,040",
    "매도호가": "8,110",
    "매수총잔량": "4,373",
    "매도총잔량": "7,168",
    "상장주식수": "7,622",
    "시가총액": "613",
    "매출액": "1,073",
    "자산총계": "1,333",
    "부채총계": "263",
    "영업이익": "9",
    "당기순이익": "21",
    "주당순이익": "-98",
    "보통주배당금": "250",
    "매출액증가율": "-19.30",
    "영업이익증가율": "-95.10",
    "외국인비율": "0.86",
    "PER": "-82.04",
    "ROE": "1.97",
    "ROA": "1.66",
    "PBR": "0.57",
    "유보율": "2,707.1",
    "code": "010400"
}