{
    "N": "1161",
    "종목명": "지코",
    "현재가": "306",
    "전일비": "0",
    "등락률": "0.00%",
    "액면가": "500",
    "거래량": "0",
    "거래대금": "0",
    "전일거래량": "0",
    "시가": "0",
    "고가": "0",
    "저가": "0",
    "매수호가": "0",
    "매도호가": "0",
    "매수총잔량": "0",
    "매도총잔량": "0",
    "상장주식수": "64,582",
    "시가총액": "198",
    "매출액": "799",
    "자산총계": "746",
    "부채총계": "543",
    "영업이익": "-46",
    "당기순이익": "-102",
    "주당순이익": "-241",
    "보통주배당금": "0",
    "매출액증가율": "0.32",
    "영업이익증가율": "-283.69",
    "외국인비율": "0.91",
    "PER": "-1.27",
    "ROE": "-43.44",
    "ROA": "-14.80",
    "PBR": "1.70",
    "유보율": "-37.2",
    "code": "010580"
}