{
    "N": "999",
    "종목명": "진양폴리",
    "현재가": "3,970",
    "상태": "상승",
    "전일비": "145",
    "등락률": "+3.79%",
    "액면가": "500",
    "거래량": "452,521",
    "거래대금": "1,776",
    "전일거래량": "166,700",
    "시가": "3,895",
    "고가": "4,020",
    "저가": "3,810",
    "매수호가": "3,965",
    "매도호가": "3,970",
    "매수총잔량": "8,963",
    "매도총잔량": "22,920",
    "상장주식수": "10,000",
    "시가총액": "397",
    "매출액": "351",
    "자산총계": "434",
    "부채총계": "168",
    "영업이익": "31",
    "당기순이익": "76",
    "주당순이익": "194",
    "보통주배당금": "100",
    "매출액증가율": "N/A",
    "영업이익증가율": "N/A",
    "외국인비율": "5.33",
    "PER": "20.46",
    "ROE": "N/A",
    "ROA": "N/A",
    "PBR": "1.48",
    "유보율": "431.7",
    "code": "010640"
}