{
    "N": "672",
    "종목명": "화신",
    "현재가": "3,885",
    "상태": "상승",
    "전일비": "210",
    "등락률": "+5.71%",
    "액면가": "500",
    "거래량": "2,792,223",
    "거래대금": "10,534",
    "전일거래량": "6,511,583",
    "시가": "3,605",
    "고가": "3,890",
    "저가": "3,570",
    "매수호가": "3,880",
    "매도호가": "3,885",
    "매수총잔량": "22,037",
    "매도총잔량": "101,805",
    "상장주식수": "34,920",
    "시가총액": "1,357",
    "매출액": "11,643",
    "자산총계": "8,084",
    "부채총계": "5,087",
    "영업이익": "19",
    "당기순이익": "66",
    "주당순이익": "-1,813",
    "보통주배당금": "50",
    "매출액증가율": "8.23",
    "영업이익증가율": "109.21",
    "외국인비율": "1.50",
    "PER": "-2.14",
    "ROE": "2.24",
    "ROA": "0.81",
    "PBR": "0.51",
    "유보율": "1,709.3",
    "code": "010690"
}