{
    "N": "702",
    "종목명": "웰바이오텍",
    "현재가": "2,660",
    "상태": "상승",
    "전일비": "125",
    "등락률": "+4.93%",
    "액면가": "500",
    "거래량": "1,364,533",
    "거래대금": "3,604",
    "전일거래량": "1,373,494",
    "시가": "2,545",
    "고가": "2,685",
    "저가": "2,545",
    "매수호가": "2,655",
    "매도호가": "2,660",
    "매수총잔량": "46,388",
    "매도총잔량": "181,293",
    "상장주식수": "45,079",
    "시가총액": "1,199",
    "매출액": "838",
    "자산총계": "1,198",
    "부채총계": "442",
    "영업이익": "-114",
    "당기순이익": "-166",
    "주당순이익": "-1,047",
    "보통주배당금": "0",
    "매출액증가율": "13.37",
    "영업이익증가율": "-34.84",
    "외국인비율": "0.71",
    "PER": "-2.54",
    "ROE": "-20.27",
    "ROA": "-14.33",
    "PBR": "2.47",
    "유보율": "245.4",
    "code": "010600"
}