{
    "N": "916",
    "종목명": "화천기계",
    "현재가": "2,655",
    "상태": "상승",
    "전일비": "15",
    "등락률": "+0.57%",
    "액면가": "500",
    "거래량": "377,001",
    "거래대금": "999",
    "전일거래량": "369,262",
    "시가": "2,650",
    "고가": "2,680",
    "저가": "2,610",
    "매수호가": "2,655",
    "매도호가": "2,660",
    "매수총잔량": "89,738",
    "매도총잔량": "29,475",
    "상장주식수": "22,000",
    "시가총액": "584",
    "매출액": "1,597",
    "자산총계": "1,583",
    "부채총계": "337",
    "영업이익": "-93",
    "당기순이익": "-61",
    "주당순이익": "-334",
    "보통주배당금": "N/A",
    "매출액증가율": "-11.64",
    "영업이익증가율": "-197.37",
    "외국인비율": "0.80",
    "PER": "-7.95",
    "ROE": "-4.93",
    "ROA": "-3.83",
    "PBR": "0.44",
    "유보율": "1,032.3",
    "code": "010660"
}