{
    "N": "128",
    "종목명": "현대미포조선",
    "현재가": "53,800",
    "상태": "상승",
    "전일비": "5,550",
    "등락률": "+11.50%",
    "액면가": "5,000",
    "거래량": "2,115,395",
    "거래대금": "112,624",
    "전일거래량": "481,406",
    "시가": "48,200",
    "고가": "58,100",
    "저가": "48,000",
    "매수호가": "53,700",
    "매도호가": "53,800",
    "매수총잔량": "24,698",
    "매도총잔량": "30,019",
    "상장주식수": "39,942",
    "시가총액": "21,489",
    "매출액": "29,941",
    "자산총계": "33,806",
    "부채총계": "10,267",
    "영업이익": "926",
    "당기순이익": "612",
    "주당순이익": "1,162",
    "보통주배당금": "350",
    "매출액증가율": "24.60",
    "영업이익증가율": "30.64",
    "외국인비율": "13.08",
    "PER": "46.30",
    "ROE": "2.31",
    "ROA": "1.79",
    "PBR": "0.91",
    "유보율": "964.4",
    "code": "010620"
}