{
    "N": "147",
    "종목명": "아이에스동서",
    "현재가": "56,200",
    "상태": "상승",
    "전일비": "1,600",
    "등락률": "+2.93%",
    "액면가": "500",
    "거래량": "183,637",
    "거래대금": "10,209",
    "전일거래량": "172,077",
    "시가": "55,000",
    "고가": "56,300",
    "저가": "54,800",
    "매수호가": "56,100",
    "매도호가": "56,200",
    "매수총잔량": "9,956",
    "매도총잔량": "13,587",
    "상장주식수": "30,893",
    "시가총액": "17,362",
    "매출액": "9,641",
    "자산총계": "28,838",
    "부채총계": "16,102",
    "영업이익": "662",
    "당기순이익": "743",
    "주당순이익": "4,148",
    "보통주배당금": "700",
    "매출액증가율": "-39.62",
    "영업이익증가율": "-82.58",
    "외국인비율": "5.36",
    "PER": "13.55",
    "ROE": "6.10",
    "ROA": "2.93",
    "PBR": "1.46",
    "유보율": "6,959.6",
    "code": "010780"
}