{
    "N": "951",
    "종목명": "평화홀딩스",
    "현재가": "3,515",
    "상태": "상승",
    "전일비": "5",
    "등락률": "+0.14%",
    "액면가": "500",
    "거래량": "60,747",
    "거래대금": "213",
    "전일거래량": "103,832",
    "시가": "3,570",
    "고가": "3,570",
    "저가": "3,505",
    "매수호가": "3,515",
    "매도호가": "3,525",
    "매수총잔량": "24,718",
    "매도총잔량": "10,337",
    "상장주식수": "14,625",
    "시가총액": "514",
    "매출액": "5,811",
    "자산총계": "5,029",
    "부채총계": "3,789",
    "영업이익": "-36",
    "당기순이익": "-218",
    "주당순이익": "-191",
    "보통주배당금": "150",
    "매출액증가율": "4.51",
    "영업이익증가율": "85.64",
    "외국인비율": "14.77",
    "PER": "-18.40",
    "ROE": "-11.10",
    "ROA": "-4.36",
    "PBR": "0.48",
    "유보율": "973.4",
    "code": "010770"
}