{
    "N": "760",
    "종목명": "퍼스텍",
    "현재가": "2,155",
    "상태": "상승",
    "전일비": "5",
    "등락률": "+0.23%",
    "액면가": "500",
    "거래량": "542,467",
    "거래대금": "1,173",
    "전일거래량": "313,943",
    "시가": "2,130",
    "고가": "2,185",
    "저가": "2,130",
    "매수호가": "2,155",
    "매도호가": "2,160",
    "매수총잔량": "96,920",
    "매도총잔량": "117,158",
    "상장주식수": "48,061",
    "시가총액": "1,036",
    "매출액": "1,263",
    "자산총계": "1,821",
    "부채총계": "1,548",
    "영업이익": "-47",
    "당기순이익": "-105",
    "주당순이익": "-82",
    "보통주배당금": "0",
    "매출액증가율": "-3.57",
    "영업이익증가율": "78.89",
    "외국인비율": "2.55",
    "PER": "-26.28",
    "ROE": "-31.41",
    "ROA": "-6.12",
    "PBR": "2.89",
    "유보율": "-106.7",
    "code": "010820"
}