{
    "N": "613",
    "종목명": "S-Oil우",
    "현재가": "38,900",
    "상태": "하락",
    "전일비": "100",
    "등락률": "-0.26%",
    "액면가": "2,500",
    "거래량": "17,288",
    "거래대금": "670",
    "전일거래량": "31,368",
    "시가": "38,700",
    "고가": "38,950",
    "저가": "38,450",
    "매수호가": "38,900",
    "매도호가": "38,950",
    "매수총잔량": "8,296",
    "매도총잔량": "4,726",
    "상장주식수": "4,022",
    "시가총액": "1,565",
    "매출액": "N/A",
    "자산총계": "N/A",
    "부채총계": "N/A",
    "영업이익": "N/A",
    "당기순이익": "N/A",
    "주당순이익": "-7,458",
    "보통주배당금": "N/A",
    "매출액증가율": "N/A",
    "영업이익증가율": "N/A",
    "외국인비율": "9.92",
    "PER": "-5.22",
    "ROE": "N/A",
    "ROA": "N/A",
    "PBR": "0.81",
    "유보율": "N/A",
    "code": "010955"
}