{
    "N": "752",
    "종목명": "삼호개발",
    "현재가": "4,250",
    "상태": "상승",
    "전일비": "20",
    "등락률": "+0.47%",
    "액면가": "500",
    "거래량": "252,111",
    "거래대금": "1,064",
    "전일거래량": "113,412",
    "시가": "4,210",
    "고가": "4,290",
    "저가": "4,170",
    "매수호가": "4,240",
    "매도호가": "4,250",
    "매수총잔량": "17,574",
    "매도총잔량": "16,803",
    "상장주식수": "25,000",
    "시가총액": "1,062",
    "매출액": "3,646",
    "자산총계": "2,988",
    "부채총계": "1,080",
    "영업이익": "236",
    "당기순이익": "215",
    "주당순이익": "686",
    "보통주배당금": "190",
    "매출액증가율": "22.07",
    "영업이익증가율": "-3.46",
    "외국인비율": "6.18",
    "PER": "6.20",
    "ROE": "11.65",
    "ROA": "7.48",
    "PBR": "0.50",
    "유보율": "1,513.5",
    "code": "010960"
}