{
    "N": "39",
    "종목명": "S-Oil",
    "현재가": "70,800",
    "상태": "상승",
    "전일비": "500",
    "등락률": "+0.71%",
    "액면가": "2,500",
    "거래량": "477,361",
    "거래대금": "33,531",
    "전일거래량": "622,220",
    "시가": "69,900",
    "고가": "70,800",
    "저가": "69,500",
    "매수호가": "70,800",
    "매도호가": "70,900",
    "매수총잔량": "28,315",
    "매도총잔량": "51,326",
    "상장주식수": "112,583",
    "시가총액": "79,709",
    "매출액": "243,942",
    "자산총계": "163,334",
    "부채총계": "98,368",
    "영업이익": "4,201",
    "당기순이익": "654",
    "주당순이익": "-7,458",
    "보통주배당금": "200",
    "매출액증가율": "-4.20",
    "영업이익증가율": "-34.31",
    "외국인비율": "75.69",
    "PER": "-9.49",
    "ROE": "1.01",
    "ROA": "0.41",
    "PBR": "1.48",
    "유보율": "2,119.9",
    "code": "010950"
}