{
    "N": "70",
    "종목명": "LG이노텍",
    "현재가": "188,500",
    "상태": "하락",
    "전일비": "4,000",
    "등락률": "-2.08%",
    "액면가": "5,000",
    "거래량": "386,555",
    "거래대금": "72,279",
    "전일거래량": "464,216",
    "시가": "189,500",
    "고가": "191,500",
    "저가": "184,000",
    "매수호가": "188,500",
    "매도호가": "189,000",
    "매수총잔량": "43,830",
    "매도총잔량": "19,163",
    "상장주식수": "23,667",
    "시가총액": "44,612",
    "매출액": "83,021",
    "자산총계": "57,708",
    "부채총계": "35,662",
    "영업이익": "4,031",
    "당기순이익": "1,023",
    "주당순이익": "5,516",
    "보통주배당금": "300",
    "매출액증가율": "4.01",
    "영업이익증가율": "52.98",
    "외국인비율": "33.31",
    "PER": "34.17",
    "ROE": "4.73",
    "ROA": "1.78",
    "PBR": "1.92",
    "유보율": "1,794.0",
    "code": "011070"
}