{
    "N": "197",
    "종목명": "진원생명과학",
    "현재가": "22,050",
    "상태": "상승",
    "전일비": "300",
    "등락률": "+1.38%",
    "액면가": "1,000",
    "거래량": "1,410,313",
    "거래대금": "30,902",
    "전일거래량": "1,167,962",
    "시가": "22,000",
    "고가": "22,300",
    "저가": "21,550",
    "매수호가": "22,000",
    "매도호가": "22,050",
    "매수총잔량": "94,486",
    "매도총잔량": "94,061",
    "상장주식수": "44,771",
    "시가총액": "9,872",
    "매출액": "412",
    "자산총계": "512",
    "부채총계": "271",
    "영업이익": "-82",
    "당기순이익": "-76",
    "주당순이익": "-345",
    "보통주배당금": "0",
    "매출액증가율": "20.26",
    "영업이익증가율": "27.09",
    "외국인비율": "11.62",
    "PER": "-63.91",
    "ROE": "-28.50",
    "ROA": "-15.17",
    "PBR": "8.97",
    "유보율": "-77.7",
    "code": "011000"
}