{
    "N": "843",
    "종목명": "에넥스",
    "현재가": "1,345",
    "상태": "상승",
    "전일비": "100",
    "등락률": "+8.03%",
    "액면가": "500",
    "거래량": "50,559,956",
    "거래대금": "71,214",
    "전일거래량": "3,558,584",
    "시가": "1,310",
    "고가": "1,510",
    "저가": "1,280",
    "매수호가": "1,345",
    "매도호가": "1,350",
    "매수총잔량": "390,695",
    "매도총잔량": "322,480",
    "상장주식수": "59,992",
    "시가총액": "807",
    "매출액": "3,636",
    "자산총계": "1,320",
    "부채총계": "779",
    "영업이익": "-28",
    "당기순이익": "-38",
    "주당순이익": "-114",
    "보통주배당금": "N/A",
    "매출액증가율": "-18.42",
    "영업이익증가율": "-410.13",
    "외국인비율": "1.05",
    "PER": "-11.80",
    "ROE": "-6.42",
    "ROA": "-2.62",
    "PBR": "1.45",
    "유보율": "100.4",
    "code": "011090"
}