{
    "N": "560",
    "종목명": "CJ씨푸드",
    "현재가": "5,120",
    "상태": "상승",
    "전일비": "50",
    "등락률": "+0.99%",
    "액면가": "500",
    "거래량": "821,780",
    "거래대금": "4,165",
    "전일거래량": "755,107",
    "시가": "5,060",
    "고가": "5,120",
    "저가": "5,010",
    "매수호가": "5,120",
    "매도호가": "5,130",
    "매수총잔량": "83,996",
    "매도총잔량": "67,800",
    "상장주식수": "35,931",
    "시가총액": "1,840",
    "매출액": "1,492",
    "자산총계": "1,273",
    "부채총계": "630",
    "영업이익": "37",
    "당기순이익": "18",
    "주당순이익": "99",
    "보통주배당금": "N/A",
    "매출액증가율": "-1.02",
    "영업이익증가율": "-10.49",
    "외국인비율": "0.00",
    "PER": "51.72",
    "ROE": "2.90",
    "ROA": "1.44",
    "PBR": "2.79",
    "유보율": "256.1",
    "code": "011150"
}