{
    "N": "1411",
    "종목명": "CJ씨푸드1우",
    "현재가": "41,100",
    "상태": "하락",
    "전일비": "400",
    "등락률": "-0.96%",
    "액면가": "500",
    "거래량": "611",
    "거래대금": "25",
    "전일거래량": "846",
    "시가": "41,600",
    "고가": "41,600",
    "저가": "40,300",
    "매수호가": "40,600",
    "매도호가": "41,100",
    "매수총잔량": "125",
    "매도총잔량": "471",
    "상장주식수": "200",
    "시가총액": "82",
    "매출액": "N/A",
    "자산총계": "N/A",
    "부채총계": "N/A",
    "영업이익": "N/A",
    "당기순이익": "N/A",
    "주당순이익": "99",
    "보통주배당금": "N/A",
    "매출액증가율": "N/A",
    "영업이익증가율": "N/A",
    "외국인비율": "0.51",
    "PER": "415.15",
    "ROE": "N/A",
    "ROA": "N/A",
    "PBR": "22.37",
    "유보율": "N/A",
    "code": "011155"
}