{
    "N": "33",
    "종목명": "롯데케미칼",
    "현재가": "282,500",
    "상태": "상승",
    "전일비": "3,000",
    "등락률": "+1.07%",
    "액면가": "5,000",
    "거래량": "267,362",
    "거래대금": "74,898",
    "전일거래량": "342,443",
    "시가": "277,500",
    "고가": "283,000",
    "저가": "276,500",
    "매수호가": "282,500",
    "매도호가": "283,000",
    "매수총잔량": "25,278",
    "매도총잔량": "29,787",
    "상장주식수": "34,275",
    "시가총액": "96,828",
    "매출액": "151,235",
    "자산총계": "200,431",
    "부채총계": "59,900",
    "영업이익": "11,073",
    "당기순이익": "7,567",
    "주당순이익": "3,383",
    "보통주배당금": "6,700",
    "매출액증가율": "-5.91",
    "영업이익증가율": "-43.11",
    "외국인비율": "26.23",
    "PER": "83.51",
    "ROE": "5.51",
    "ROA": "3.71",
    "PBR": "0.74",
    "유보율": "7,608.5",
    "code": "011170"
}