{
    "N": "136",
    "종목명": "현대위아",
    "현재가": "71,700",
    "상태": "상승",
    "전일비": "2,200",
    "등락률": "+3.17%",
    "액면가": "5,000",
    "거래량": "3,977,898",
    "거래대금": "284,540",
    "전일거래량": "4,951,540",
    "시가": "71,700",
    "고가": "74,400",
    "저가": "69,200",
    "매수호가": "71,600",
    "매도호가": "71,700",
    "매수총잔량": "21,543",
    "매도총잔량": "56,303",
    "상장주식수": "27,195",
    "시가총액": "19,499",
    "매출액": "73,146",
    "자산총계": "67,743",
    "부채총계": "36,825",
    "영업이익": "1,019",
    "당기순이익": "552",
    "주당순이익": "4,628",
    "보통주배당금": "700",
    "매출액증가율": "-7.18",
    "영업이익증가율": "1,926.12",
    "외국인비율": "11.81",
    "PER": "15.49",
    "ROE": "1.80",
    "ROA": "0.80",
    "PBR": "0.60",
    "유보율": "2,243.1",
    "code": "011210"
}