{
    "N": "53",
    "종목명": "HMM",
    "현재가": "16,500",
    "상태": "하락",
    "전일비": "50",
    "등락률": "-0.30%",
    "액면가": "5,000",
    "거래량": "21,243,282",
    "거래대금": "350,421",
    "전일거래량": "38,614,102",
    "시가": "16,300",
    "고가": "17,000",
    "저가": "15,950",
    "매수호가": "16,450",
    "매도호가": "16,500",
    "매수총잔량": "795,424",
    "매도총잔량": "997,198",
    "상장주식수": "326,726",
    "시가총액": "53,910",
    "매출액": "55,131",
    "자산총계": "71,602",
    "부채총계": "60,699",
    "영업이익": "-2,997",
    "당기순이익": "-5,898",
    "주당순이익": "-310",
    "보통주배당금": "0",
    "매출액증가율": "5.57",
    "영업이익증가율": "46.35",
    "외국인비율": "7.83",
    "PER": "-53.23",
    "ROE": "-55.46",
    "ROA": "-10.46",
    "PBR": "3.19",
    "유보율": "-180.1",
    "code": "011200"
}