{
    "N": "984",
    "종목명": "삼화전자",
    "현재가": "4,050",
    "상태": "하락",
    "전일비": "50",
    "등락률": "-1.22%",
    "액면가": "1,000",
    "거래량": "113,700",
    "거래대금": "458",
    "전일거래량": "132,364",
    "시가": "4,085",
    "고가": "4,100",
    "저가": "3,945",
    "매수호가": "4,035",
    "매도호가": "4,050",
    "매수총잔량": "9,530",
    "매도총잔량": "8,033",
    "상장주식수": "10,458",
    "시가총액": "424",
    "매출액": "418",
    "자산총계": "604",
    "부채총계": "442",
    "영업이익": "-2",
    "당기순이익": "-32",
    "주당순이익": "-370",
    "보통주배당금": "N/A",
    "매출액증가율": "-0.70",
    "영업이익증가율": "93.07",
    "외국인비율": "10.30",
    "PER": "-10.95",
    "ROE": "-23.62",
    "ROA": "-5.17",
    "PBR": "4.06",
    "유보율": "-98.0",
    "code": "011230"
}