{
    "N": "361",
    "종목명": "태림포장",
    "현재가": "5,610",
    "상태": "하락",
    "전일비": "70",
    "등락률": "-1.23%",
    "액면가": "500",
    "거래량": "1,052,471",
    "거래대금": "5,931",
    "전일거래량": "1,359,474",
    "시가": "5,760",
    "고가": "5,780",
    "저가": "5,560",
    "매수호가": "5,600",
    "매도호가": "5,610",
    "매수총잔량": "114,984",
    "매도총잔량": "50,589",
    "상장주식수": "70,806",
    "시가총액": "3,972",
    "매출액": "5,729",
    "자산총계": "5,663",
    "부채총계": "2,454",
    "영업이익": "208",
    "당기순이익": "217",
    "주당순이익": "-36",
    "보통주배당금": "290",
    "매출액증가율": "-5.87",
    "영업이익증가율": "-41.72",
    "외국인비율": "2.13",
    "PER": "-155.83",
    "ROE": "5.88",
    "ROA": "3.70",
    "PBR": "1.26",
    "유보율": "785.1",
    "code": "011280"
}