{
    "N": "1160",
    "종목명": "성안",
    "현재가": "348",
    "상태": "상승",
    "전일비": "1",
    "등락률": "+0.29%",
    "액면가": "500",
    "거래량": "150,085",
    "거래대금": "51",
    "전일거래량": "235,836",
    "시가": "347",
    "고가": "350",
    "저가": "340",
    "매수호가": "348",
    "매도호가": "349",
    "매수총잔량": "66,084",
    "매도총잔량": "80,046",
    "상장주식수": "56,858",
    "시가총액": "198",
    "매출액": "2,169",
    "자산총계": "3,114",
    "부채총계": "2,321",
    "영업이익": "-130",
    "당기순이익": "-162",
    "주당순이익": "-378",
    "보통주배당금": "N/A",
    "매출액증가율": "-1.51",
    "영업이익증가율": "-22.01",
    "외국인비율": "1.15",
    "PER": "-0.92",
    "ROE": "-16.49",
    "ROA": "-5.25",
    "PBR": "0.37",
    "유보율": "62.1",
    "code": "011300"
}