{
    "N": "689",
    "종목명": "부산산업",
    "현재가": "118,500",
    "상태": "상승",
    "전일비": "500",
    "등락률": "+0.42%",
    "액면가": "5,000",
    "거래량": "38,941",
    "거래대금": "4,724",
    "전일거래량": "23,853",
    "시가": "117,500",
    "고가": "125,000",
    "저가": "117,000",
    "매수호가": "118,500",
    "매도호가": "119,000",
    "매수총잔량": "2,269",
    "매도총잔량": "2,371",
    "상장주식수": "1,056",
    "시가총액": "1,251",
    "매출액": "1,410",
    "자산총계": "1,360",
    "부채총계": "583",
    "영업이익": "86",
    "당기순이익": "69",
    "주당순이익": "2,598",
    "보통주배당금": "250",
    "매출액증가율": "18.06",
    "영업이익증가율": "90.24",
    "외국인비율": "0.39",
    "PER": "45.61",
    "ROE": "7.20",
    "ROA": "5.15",
    "PBR": "2.17",
    "유보율": "953.2",
    "code": "011390"
}