{
    "N": "782",
    "종목명": "유니켐",
    "현재가": "1,405",
    "상태": "하락",
    "전일비": "15",
    "등락률": "-1.06%",
    "액면가": "500",
    "거래량": "623,869",
    "거래대금": "875",
    "전일거래량": "384,002",
    "시가": "1,420",
    "고가": "1,425",
    "저가": "1,390",
    "매수호가": "1,405",
    "매도호가": "1,410",
    "매수총잔량": "159,856",
    "매도총잔량": "110,373",
    "상장주식수": "68,710",
    "시가총액": "965",
    "매출액": "1,088",
    "자산총계": "1,697",
    "부채총계": "810",
    "영업이익": "179",
    "당기순이익": "162",
    "주당순이익": "161",
    "보통주배당금": "0",
    "매출액증가율": "30.06",
    "영업이익증가율": "36.05",
    "외국인비율": "1.72",
    "PER": "8.73",
    "ROE": "21.11",
    "ROA": "11.23",
    "PBR": "1.03",
    "유보율": "123.4",
    "code": "011330"
}