{
    "N": "993",
    "종목명": "갤럭시아에스엠",
    "현재가": "1,485",
    "상태": "상승",
    "전일비": "35",
    "등락률": "+2.41%",
    "액면가": "500",
    "거래량": "164,780",
    "거래대금": "240",
    "전일거래량": "145,145",
    "시가": "1,450",
    "고가": "1,485",
    "저가": "1,440",
    "매수호가": "1,480",
    "매도호가": "1,485",
    "매수총잔량": "50,763",
    "매도총잔량": "34,568",
    "상장주식수": "27,550",
    "시가총액": "409",
    "매출액": "287",
    "자산총계": "282",
    "부채총계": "64",
    "영업이익": "-5",
    "당기순이익": "-14",
    "주당순이익": "0",
    "보통주배당금": "N/A",
    "매출액증가율": "30.42",
    "영업이익증가율": "93.18",
    "외국인비율": "1.73",
    "PER": "N/A",
    "ROE": "-5.70",
    "ROA": "-4.47",
    "PBR": "1.90",
    "유보율": "74.8",
    "code": "011420"
}