{
    "N": "603",
    "종목명": "한농화성",
    "현재가": "10,450",
    "상태": "상승",
    "전일비": "550",
    "등락률": "+5.56%",
    "액면가": "500",
    "거래량": "1,797,646",
    "거래대금": "19,003",
    "전일거래량": "1,338,696",
    "시가": "9,980",
    "고가": "11,500",
    "저가": "9,920",
    "매수호가": "10,400",
    "매도호가": "10,450",
    "매수총잔량": "49,978",
    "매도총잔량": "27,564",
    "상장주식수": "15,637",
    "시가총액": "1,634",
    "매출액": "2,047",
    "자산총계": "1,634",
    "부채총계": "431",
    "영업이익": "120",
    "당기순이익": "100",
    "주당순이익": "788",
    "보통주배당금": "150",
    "매출액증가율": "-8.30",
    "영업이익증가율": "110.89",
    "외국인비율": "11.02",
    "PER": "13.26",
    "ROE": "8.58",
    "ROA": "6.12",
    "PBR": "1.26",
    "유보율": "1,446.9",
    "code": "011500"
}