{
    "N": "77",
    "종목명": "SKC",
    "현재가": "102,500",
    "상태": "상승",
    "전일비": "1,000",
    "등락률": "+0.99%",
    "액면가": "5,000",
    "거래량": "532,761",
    "거래대금": "54,248",
    "전일거래량": "1,004,073",
    "시가": "100,500",
    "고가": "104,000",
    "저가": "99,100",
    "매수호가": "102,000",
    "매도호가": "102,500",
    "매수총잔량": "50,005",
    "매도총잔량": "72,268",
    "상장주식수": "37,868",
    "시가총액": "38,815",
    "매출액": "25,398",
    "자산총계": "39,730",
    "부채총계": "22,466",
    "영업이익": "1,551",
    "당기순이익": "674",
    "주당순이익": "2,253",
    "보통주배당금": "1,000",
    "매출액증가율": "-8.24",
    "영업이익증가율": "-22.90",
    "외국인비율": "7.79",
    "PER": "45.49",
    "ROE": "3.86",
    "ROA": "1.73",
    "PBR": "1.97",
    "유보율": "794.4",
    "code": "011790"
}