{
    "N": "60",
    "종목명": "금호석유",
    "현재가": "162,500",
    "상태": "상승",
    "전일비": "11,500",
    "등락률": "+7.62%",
    "액면가": "5,000",
    "거래량": "904,294",
    "거래대금": "144,057",
    "전일거래량": "360,114",
    "시가": "149,000",
    "고가": "166,500",
    "저가": "148,500",
    "매수호가": "162,500",
    "매도호가": "163,000",
    "매수총잔량": "19,381",
    "매도총잔량": "34,801",
    "상장주식수": "30,468",
    "시가총액": "49,510",
    "매출액": "49,779",
    "자산총계": "45,380",
    "부채총계": "19,085",
    "영업이익": "3,678",
    "당기순이익": "2,947",
    "주당순이익": "11,687",
    "보통주배당금": "1,500",
    "매출액증가율": "-10.87",
    "영업이익증가율": "-33.69",
    "외국인비율": "28.33",
    "PER": "13.90",
    "ROE": "11.84",
    "ROA": "6.44",
    "PBR": "1.56",
    "유보율": "1,518.7",
    "code": "011780"
}