{
    "N": "503",
    "종목명": "현대상사",
    "현재가": "17,300",
    "상태": "상승",
    "전일비": "1,250",
    "등락률": "+7.79%",
    "액면가": "5,000",
    "거래량": "481,555",
    "거래대금": "8,254",
    "전일거래량": "109,510",
    "시가": "16,000",
    "고가": "17,700",
    "저가": "16,000",
    "매수호가": "17,250",
    "매도호가": "17,300",
    "매수총잔량": "25,901",
    "매도총잔량": "40,570",
    "상장주식수": "13,229",
    "시가총액": "2,289",
    "매출액": "42,634",
    "자산총계": "14,446",
    "부채총계": "11,028",
    "영업이익": "435",
    "당기순이익": "164",
    "주당순이익": "1,919",
    "보통주배당금": "600",
    "매출액증가율": "-9.56",
    "영업이익증가율": "-13.83",
    "외국인비율": "6.16",
    "PER": "9.02",
    "ROE": "5.07",
    "ROA": "1.29",
    "PBR": "0.59",
    "유보율": "655.4",
    "code": "011760"
}