{
    "N": "571",
    "종목명": "금호석유우",
    "현재가": "59,000",
    "상태": "상승",
    "전일비": "4,500",
    "등락률": "+8.26%",
    "액면가": "5,000",
    "거래량": "167,516",
    "거래대금": "9,773",
    "전일거래량": "81,006",
    "시가": "54,500",
    "고가": "61,000",
    "저가": "54,100",
    "매수호가": "58,900",
    "매도호가": "59,000",
    "매수총잔량": "2,454",
    "매도총잔량": "5,207",
    "상장주식수": "3,023",
    "시가총액": "1,784",
    "매출액": "N/A",
    "자산총계": "N/A",
    "부채총계": "N/A",
    "영업이익": "N/A",
    "당기순이익": "N/A",
    "주당순이익": "11,687",
    "보통주배당금": "N/A",
    "매출액증가율": "N/A",
    "영업이익증가율": "N/A",
    "외국인비율": "16.38",
    "PER": "5.05",
    "ROE": "N/A",
    "ROA": "N/A",
    "PBR": "0.57",
    "유보율": "N/A",
    "code": "011785"
}