{
    "N": "939",
    "종목명": "한신기계",
    "현재가": "1,630",
    "전일비": "0",
    "등락률": "0.00%",
    "액면가": "500",
    "거래량": "227,860",
    "거래대금": "370",
    "전일거래량": "141,227",
    "시가": "1,630",
    "고가": "1,645",
    "저가": "1,615",
    "매수호가": "1,625",
    "매도호가": "1,630",
    "매수총잔량": "120,308",
    "매도총잔량": "61,105",
    "상장주식수": "32,446",
    "시가총액": "529",
    "매출액": "528",
    "자산총계": "940",
    "부채총계": "130",
    "영업이익": "22",
    "당기순이익": "16",
    "주당순이익": "88",
    "보통주배당금": "15",
    "매출액증가율": "-1.01",
    "영업이익증가율": "-54.88",
    "외국인비율": "6.24",
    "PER": "18.52",
    "ROE": "2.01",
    "ROA": "1.75",
    "PBR": "0.61",
    "유보율": "401.1",
    "code": "011700"
}