{
    "N": "723",
    "종목명": "STX",
    "현재가": "5,810",
    "상태": "상승",
    "전일비": "120",
    "등락률": "+2.11%",
    "액면가": "2,500",
    "거래량": "51,311",
    "거래대금": "295",
    "전일거래량": "40,301",
    "시가": "5,720",
    "고가": "5,880",
    "저가": "5,560",
    "매수호가": "5,800",
    "매도호가": "5,810",
    "매수총잔량": "3,184",
    "매도총잔량": "11,311",
    "상장주식수": "19,727",
    "시가총액": "1,146",
    "매출액": "14,712",
    "자산총계": "5,601",
    "부채총계": "5,038",
    "영업이익": "17",
    "당기순이익": "-332",
    "주당순이익": "-865",
    "보통주배당금": "N/A",
    "매출액증가율": "-2.12",
    "영업이익증가율": "111.83",
    "외국인비율": "0.24",
    "PER": "-6.72",
    "ROE": "-54.53",
    "ROA": "-5.96",
    "PBR": "2.26",
    "유보율": "578.0",
    "code": "011810"
}