{
    "N": "246",
    "종목명": "신성이엔지",
    "현재가": "3,540",
    "상태": "상승",
    "전일비": "65",
    "등락률": "+1.87%",
    "액면가": "500",
    "거래량": "14,108,339",
    "거래대금": "50,424",
    "전일거래량": "7,079,594",
    "시가": "3,475",
    "고가": "3,650",
    "저가": "3,405",
    "매수호가": "3,535",
    "매도호가": "3,540",
    "매수총잔량": "216,701",
    "매도총잔량": "186,153",
    "상장주식수": "201,011",
    "시가총액": "7,116",
    "매출액": "4,511",
    "자산총계": "4,166",
    "부채총계": "2,944",
    "영업이익": "97",
    "당기순이익": "21",
    "주당순이익": "64",
    "보통주배당금": "0",
    "매출액증가율": "6.23",
    "영업이익증가율": "334.07",
    "외국인비율": "3.21",
    "PER": "55.31",
    "ROE": "1.77",
    "ROA": "0.50",
    "PBR": "3.84",
    "유보율": "110.3",
    "code": "011930"
}