{
    "N": "596",
    "종목명": "DB",
    "현재가": "829",
    "상태": "하락",
    "전일비": "2",
    "등락률": "-0.24%",
    "액면가": "500",
    "거래량": "2,288,398",
    "거래대금": "1,885",
    "전일거래량": "4,021,360",
    "시가": "830",
    "고가": "833",
    "저가": "811",
    "매수호가": "829",
    "매도호가": "830",
    "매수총잔량": "192,424",
    "매도총잔량": "58,776",
    "상장주식수": "201,174",
    "시가총액": "1,668",
    "매출액": "2,385",
    "자산총계": "3,632",
    "부채총계": "1,522",
    "영업이익": "185",
    "당기순이익": "44",
    "주당순이익": "45",
    "보통주배당금": "N/A",
    "매출액증가율": "0.59",
    "영업이익증가율": "1,040.94",
    "외국인비율": "2.30",
    "PER": "18.42",
    "ROE": "2.53",
    "ROA": "1.35",
    "PBR": "0.60",
    "유보율": "188.7",
    "code": "012030"
}