{
    "N": "733",
    "종목명": "영흥",
    "현재가": "1,210",
    "상태": "상승",
    "전일비": "35",
    "등락률": "+2.98%",
    "액면가": "500",
    "거래량": "1,966,970",
    "거래대금": "2,388",
    "전일거래량": "431,125",
    "시가": "1,175",
    "고가": "1,245",
    "저가": "1,160",
    "매수호가": "1,205",
    "매도호가": "1,210",
    "매수총잔량": "185,358",
    "매도총잔량": "146,870",
    "상장주식수": "92,734",
    "시가총액": "1,122",
    "매출액": "1,975",
    "자산총계": "3,109",
    "부채총계": "1,445",
    "영업이익": "34",
    "당기순이익": "11",
    "주당순이익": "-90",
    "보통주배당금": "30",
    "매출액증가율": "0.51",
    "영업이익증가율": "298.93",
    "외국인비율": "0.88",
    "PER": "-13.44",
    "ROE": "0.64",
    "ROA": "0.35",
    "PBR": "0.43",
    "유보율": "522.7",
    "code": "012160"
}