{
    "N": "1324",
    "종목명": "계양전기우",
    "현재가": "7,450",
    "상태": "상승",
    "전일비": "200",
    "등락률": "+2.76%",
    "액면가": "500",
    "거래량": "37,460",
    "거래대금": "288",
    "전일거래량": "22,755",
    "시가": "7,250",
    "고가": "7,880",
    "저가": "7,220",
    "매수호가": "7,430",
    "매도호가": "7,450",
    "매수총잔량": "2,745",
    "매도총잔량": "4,878",
    "상장주식수": "1,400",
    "시가총액": "104",
    "매출액": "N/A",
    "자산총계": "N/A",
    "부채총계": "N/A",
    "영업이익": "N/A",
    "당기순이익": "N/A",
    "주당순이익": "246",
    "보통주배당금": "N/A",
    "매출액증가율": "N/A",
    "영업이익증가율": "N/A",
    "외국인비율": "4.18",
    "PER": "30.28",
    "ROE": "N/A",
    "ROA": "N/A",
    "PBR": "1.29",
    "유보율": "N/A",
    "code": "012205"
}