{
    "N": "688",
    "종목명": "영화금속",
    "현재가": "2,355",
    "상태": "상승",
    "전일비": "15",
    "등락률": "+0.64%",
    "액면가": "500",
    "거래량": "4,723,598",
    "거래대금": "11,252",
    "전일거래량": "3,864,643",
    "시가": "2,345",
    "고가": "2,445",
    "저가": "2,310",
    "매수호가": "2,355",
    "매도호가": "2,360",
    "매수총잔량": "457,751",
    "매도총잔량": "85,161",
    "상장주식수": "53,395",
    "시가총액": "1,257",
    "매출액": "2,326",
    "자산총계": "2,019",
    "부채총계": "1,312",
    "영업이익": "20",
    "당기순이익": "3",
    "주당순이익": "-155",
    "보통주배당금": "0",
    "매출액증가율": "2.59",
    "영업이익증가율": "88.62",
    "외국인비율": "0.99",
    "PER": "-15.19",
    "ROE": "0.38",
    "ROA": "0.13",
    "PBR": "1.54",
    "유보율": "216.6",
    "code": "012280"
}