{
    "N": "606",
    "종목명": "계양전기",
    "현재가": "4,970",
    "상태": "상승",
    "전일비": "505",
    "등락률": "+11.31%",
    "액면가": "500",
    "거래량": "24,153,383",
    "거래대금": "125,237",
    "전일거래량": "2,100,452",
    "시가": "4,465",
    "고가": "5,650",
    "저가": "4,385",
    "매수호가": "4,970",
    "매도호가": "4,975",
    "매수총잔량": "86,053",
    "매도총잔량": "10,293",
    "상장주식수": "32,600",
    "시가총액": "1,620",
    "매출액": "3,750",
    "자산총계": "2,799",
    "부채총계": "954",
    "영업이익": "32",
    "당기순이익": "1",
    "주당순이익": "246",
    "보통주배당금": "35",
    "매출액증가율": "2.73",
    "영업이익증가율": "-63.11",
    "외국인비율": "2.27",
    "PER": "20.20",
    "ROE": "0.07",
    "ROA": "0.05",
    "PBR": "0.86",
    "유보율": "986.9",
    "code": "012200"
}