{
    "N": "11",
    "종목명": "현대모비스",
    "현재가": "291,000",
    "상태": "상승",
    "전일비": "4,000",
    "등락률": "+1.39%",
    "액면가": "5,000",
    "거래량": "766,137",
    "거래대금": "221,575",
    "전일거래량": "1,811,364",
    "시가": "287,000",
    "고가": "295,500",
    "저가": "284,000",
    "매수호가": "290,500",
    "매도호가": "291,000",
    "매수총잔량": "24,942",
    "매도총잔량": "32,245",
    "상장주식수": "95,055",
    "시가총액": "276,609",
    "매출액": "380,488",
    "자산총계": "466,061",
    "부채총계": "141,964",
    "영업이익": "23,593",
    "당기순이익": "22,943",
    "주당순이익": "16,398",
    "보통주배당금": "4,000",
    "매출액증가율": "8.25",
    "영업이익증가율": "16.51",
    "외국인비율": "43.10",
    "PER": "17.75",
    "ROE": "7.28",
    "ROA": "5.12",
    "PBR": "0.82",
    "유보율": "6,730.8",
    "code": "012330"
}