{
    "N": "154",
    "종목명": "한화에어로스페이스",
    "현재가": "30,700",
    "상태": "상승",
    "전일비": "900",
    "등락률": "+3.02%",
    "액면가": "5,000",
    "거래량": "889,438",
    "거래대금": "26,727",
    "전일거래량": "908,760",
    "시가": "29,800",
    "고가": "30,800",
    "저가": "29,150",
    "매수호가": "30,700",
    "매도호가": "30,750",
    "매수총잔량": "23,283",
    "매도총잔량": "95,929",
    "상장주식수": "50,630",
    "시가총액": "15,543",
    "매출액": "52,641",
    "자산총계": "87,084",
    "부채총계": "58,531",
    "영업이익": "1,652",
    "당기순이익": "1,624",
    "주당순이익": "1,426",
    "보통주배당금": "0",
    "매출액증가율": "18.21",
    "영업이익증가율": "210.71",
    "외국인비율": "18.56",
    "PER": "21.53",
    "ROE": "5.45",
    "ROA": "2.02",
    "PBR": "0.61",
    "유보율": "710.7",
    "code": "012450"
}