{
    "N": "91",
    "종목명": "더존비즈온",
    "현재가": "105,000",
    "상태": "하락",
    "전일비": "1,000",
    "등락률": "-0.94%",
    "액면가": "500",
    "거래량": "99,010",
    "거래대금": "10,375",
    "전일거래량": "144,999",
    "시가": "105,500",
    "고가": "106,500",
    "저가": "103,500",
    "매수호가": "105,000",
    "매도호가": "105,500",
    "매수총잔량": "39,354",
    "매도총잔량": "31,040",
    "상장주식수": "30,106",
    "시가총액": "31,611",
    "매출액": "2,627",
    "자산총계": "7,270",
    "부채총계": "3,640",
    "영업이익": "668",
    "당기순이익": "510",
    "주당순이익": "1,609",
    "보통주배당금": "470",
    "매출액증가율": "15.75",
    "영업이익증가율": "23.69",
    "외국인비율": "45.88",
    "PER": "65.26",
    "ROE": "18.78",
    "ROA": "10.15",
    "PBR": "8.58",
    "유보율": "2,392.1",
    "code": "012510"
}