{
    "N": "729",
    "종목명": "센트럴인사이트",
    "현재가": "10,600",
    "상태": "상승",
    "전일비": "1,070",
    "등락률": "+11.23%",
    "액면가": "500",
    "거래량": "919,774",
    "거래대금": "9,273",
    "전일거래량": "555,600",
    "시가": "9,550",
    "고가": "10,700",
    "저가": "9,500",
    "매수호가": "10,600",
    "매도호가": "10,650",
    "매수총잔량": "96,345",
    "매도총잔량": "81,269",
    "상장주식수": "10,696",
    "시가총액": "1,134",
    "매출액": "674",
    "자산총계": "508",
    "부채총계": "439",
    "영업이익": "-80",
    "당기순이익": "-194",
    "주당순이익": "-1,407",
    "보통주배당금": "0",
    "매출액증가율": "87.13",
    "영업이익증가율": "-31.73",
    "외국인비율": "63.03",
    "PER": "-7.53",
    "ROE": "-124.59",
    "ROA": "-31.42",
    "PBR": "21.41",
    "유보율": "-69.8",
    "code": "012600"
}