{
    "N": "437",
    "종목명": "경인양행",
    "현재가": "7,150",
    "상태": "하락",
    "전일비": "60",
    "등락률": "-0.83%",
    "액면가": "500",
    "거래량": "506,185",
    "거래대금": "3,623",
    "전일거래량": "747,871",
    "시가": "7,210",
    "고가": "7,300",
    "저가": "7,070",
    "매수호가": "7,140",
    "매도호가": "7,150",
    "매수총잔량": "67,225",
    "매도총잔량": "20,953",
    "상장주식수": "41,276",
    "시가총액": "2,951",
    "매출액": "3,588",
    "자산총계": "4,721",
    "부채총계": "2,346",
    "영업이익": "236",
    "당기순이익": "164",
    "주당순이익": "25",
    "보통주배당금": "50",
    "매출액증가율": "8.37",
    "영업이익증가율": "19.62",
    "외국인비율": "3.73",
    "PER": "286.00",
    "ROE": "6.57",
    "ROA": "3.70",
    "PBR": "1.37",
    "유보율": "970.8",
    "code": "012610"
}