{
    "N": "257",
    "종목명": "HDC",
    "현재가": "11,350",
    "상태": "상승",
    "전일비": "350",
    "등락률": "+3.18%",
    "액면가": "5,000",
    "거래량": "1,037,930",
    "거래대금": "11,600",
    "전일거래량": "538,865",
    "시가": "10,900",
    "고가": "11,350",
    "저가": "10,850",
    "매수호가": "11,300",
    "매도호가": "11,350",
    "매수총잔량": "127,187",
    "매도총잔량": "170,295",
    "상장주식수": "59,742",
    "시가총액": "6,781",
    "매출액": "16,167",
    "자산총계": "42,090",
    "부채총계": "18,504",
    "영업이익": "1,281",
    "당기순이익": "2,751",
    "주당순이익": "1,768",
    "보통주배당금": "200",
    "매출액증가율": "4.45",
    "영업이익증가율": "34.26",
    "외국인비율": "21.08",
    "PER": "6.42",
    "ROE": "12.58",
    "ROA": "7.22",
    "PBR": "0.28",
    "유보율": "1,351.3",
    "code": "012630"
}