{
    "N": "565",
    "종목명": "모나리자",
    "현재가": "4,980",
    "상태": "하락",
    "전일비": "10",
    "등락률": "-0.20%",
    "액면가": "500",
    "거래량": "240,858",
    "거래대금": "1,200",
    "전일거래량": "263,300",
    "시가": "4,950",
    "고가": "5,030",
    "저가": "4,950",
    "매수호가": "4,980",
    "매도호가": "4,985",
    "매수총잔량": "36,738",
    "매도총잔량": "37,116",
    "상장주식수": "36,571",
    "시가총액": "1,821",
    "매출액": "1,180",
    "자산총계": "771",
    "부채총계": "120",
    "영업이익": "28",
    "당기순이익": "24",
    "주당순이익": "206",
    "보통주배당금": "50",
    "매출액증가율": "4.36",
    "영업이익증가율": "211.12",
    "외국인비율": "0.98",
    "PER": "24.17",
    "ROE": "3.75",
    "ROA": "3.15",
    "PBR": "2.61",
    "유보율": "244.9",
    "code": "012690"
}