{
    "N": "85",
    "종목명": "에스원",
    "현재가": "88,500",
    "상태": "상승",
    "전일비": "3,400",
    "등락률": "+4.00%",
    "액면가": "500",
    "거래량": "142,787",
    "거래대금": "12,349",
    "전일거래량": "61,164",
    "시가": "85,400",
    "고가": "88,500",
    "저가": "84,700",
    "매수호가": "88,300",
    "매도호가": "88,500",
    "매수총잔량": "2,991",
    "매도총잔량": "5,465",
    "상장주식수": "37,999",
    "시가총액": "33,629",
    "매출액": "21,515",
    "자산총계": "17,950",
    "부채총계": "4,674",
    "영업이익": "1,968",
    "당기순이익": "1,466",
    "주당순이익": "3,800",
    "보통주배당금": "2,500",
    "매출액증가율": "6.60",
    "영업이익증가율": "-1.16",
    "외국인비율": "55.56",
    "PER": "23.29",
    "ROE": "11.32",
    "ROA": "8.43",
    "PBR": "2.20",
    "유보율": "7,687.1",
    "code": "012750"
}