{
    "N": "633",
    "종목명": "대창",
    "현재가": "1,630",
    "상태": "상승",
    "전일비": "30",
    "등락률": "+1.88%",
    "액면가": "500",
    "거래량": "21,799,900",
    "거래대금": "35,735",
    "전일거래량": "13,936,749",
    "시가": "1,585",
    "고가": "1,695",
    "저가": "1,555",
    "매수호가": "1,630",
    "매도호가": "1,635",
    "매수총잔량": "652,352",
    "매도총잔량": "451,103",
    "상장주식수": "91,140",
    "시가총액": "1,486",
    "매출액": "8,990",
    "자산총계": "5,761",
    "부채총계": "3,611",
    "영업이익": "170",
    "당기순이익": "47",
    "주당순이익": "52",
    "보통주배당금": "10",
    "매출액증가율": "-5.50",
    "영업이익증가율": "-1.95",
    "외국인비율": "1.74",
    "PER": "31.35",
    "ROE": "2.75",
    "ROA": "0.82",
    "PBR": "0.67",
    "유보율": "235.9",
    "code": "012800"
}