{
    "N": "822",
    "종목명": "세우글로벌",
    "현재가": "2,975",
    "상태": "하락",
    "전일비": "30",
    "등락률": "-1.00%",
    "액면가": "500",
    "거래량": "654,841",
    "거래대금": "1,945",
    "전일거래량": "590,823",
    "시가": "3,000",
    "고가": "3,020",
    "저가": "2,940",
    "매수호가": "2,975",
    "매도호가": "2,980",
    "매수총잔량": "72,111",
    "매도총잔량": "40,175",
    "상장주식수": "28,705",
    "시가총액": "854",
    "매출액": "275",
    "자산총계": "455",
    "부채총계": "57",
    "영업이익": "11",
    "당기순이익": "1",
    "주당순이익": "119",
    "보통주배당금": "N/A",
    "매출액증가율": "-14.80",
    "영업이익증가율": "141.55",
    "외국인비율": "2.54",
    "PER": "25.00",
    "ROE": "0.23",
    "ROA": "0.19",
    "PBR": "1.96",
    "유보율": "179.6",
    "code": "013000"
}