{
    "N": "897",
    "종목명": "일성건설",
    "현재가": "1,180",
    "상태": "상승",
    "전일비": "30",
    "등락률": "+2.61%",
    "액면가": "500",
    "거래량": "1,288,074",
    "거래대금": "1,502",
    "전일거래량": "651,862",
    "시가": "1,150",
    "고가": "1,185",
    "저가": "1,140",
    "매수호가": "1,170",
    "매도호가": "1,180",
    "매수총잔량": "139,842",
    "매도총잔량": "201,989",
    "상장주식수": "54,025",
    "시가총액": "637",
    "매출액": "3,758",
    "자산총계": "3,509",
    "부채총계": "2,598",
    "영업이익": "74",
    "당기순이익": "19",
    "주당순이익": "38",
    "보통주배당금": "15",
    "매출액증가율": "3.24",
    "영업이익증가율": "-25.02",
    "외국인비율": "63.35",
    "PER": "31.05",
    "ROE": "2.05",
    "ROA": "0.56",
    "PBR": "0.69",
    "유보율": "215.4",
    "code": "013360"
}