{
    "N": "454",
    "종목명": "계룡건설",
    "현재가": "30,400",
    "상태": "상승",
    "전일비": "1,250",
    "등락률": "+4.29%",
    "액면가": "5,000",
    "거래량": "641,929",
    "거래대금": "19,860",
    "전일거래량": "165,867",
    "시가": "29,000",
    "고가": "32,850",
    "저가": "28,600",
    "매수호가": "30,350",
    "매도호가": "30,400",
    "매수총잔량": "7,544",
    "매도총잔량": "3,621",
    "상장주식수": "8,931",
    "시가총액": "2,715",
    "매출액": "22,757",
    "자산총계": "20,067",
    "부채총계": "15,041",
    "영업이익": "1,359",
    "당기순이익": "746",
    "주당순이익": "10,073",
    "보통주배당금": "600",
    "매출액증가율": "-0.74",
    "영업이익증가율": "-11.58",
    "외국인비율": "19.85",
    "PER": "3.02",
    "ROE": "16.94",
    "ROA": "4.00",
    "PBR": "0.52",
    "유보율": "916.8",
    "code": "013580"
}