{
    "N": "586",
    "종목명": "화승알앤에이",
    "현재가": "2,465",
    "상태": "상승",
    "전일비": "115",
    "등락률": "+4.89%",
    "액면가": "500",
    "거래량": "2,067,690",
    "거래대금": "5,114",
    "전일거래량": "1,927,741",
    "시가": "2,330",
    "고가": "2,550",
    "저가": "2,300",
    "매수호가": "2,465",
    "매도호가": "2,470",
    "매수총잔량": "53,914",
    "매도총잔량": "84,527",
    "상장주식수": "69,045",
    "시가총액": "1,702",
    "매출액": "15,520",
    "자산총계": "12,116",
    "부채총계": "9,493",
    "영업이익": "650",
    "당기순이익": "235",
    "주당순이익": "-203",
    "보통주배당금": "25",
    "매출액증가율": "1.56",
    "영업이익증가율": "20.44",
    "외국인비율": "2.27",
    "PER": "-12.14",
    "ROE": "9.62",
    "ROA": "1.94",
    "PBR": "0.61",
    "유보율": "714.1",
    "code": "013520"
}