{
    "N": "660",
    "종목명": "까뮤이앤씨",
    "현재가": "3,070",
    "상태": "상승",
    "전일비": "40",
    "등락률": "+1.32%",
    "액면가": "500",
    "거래량": "2,469,980",
    "거래대금": "7,495",
    "전일거래량": "6,842,373",
    "시가": "3,035",
    "고가": "3,095",
    "저가": "2,995",
    "매수호가": "3,065",
    "매도호가": "3,070",
    "매수총잔량": "65,367",
    "매도총잔량": "65,252",
    "상장주식수": "45,152",
    "시가총액": "1,386",
    "매출액": "2,834",
    "자산총계": "1,689",
    "부채총계": "979",
    "영업이익": "148",
    "당기순이익": "135",
    "주당순이익": "264",
    "보통주배당금": "30",
    "매출액증가율": "143.71",
    "영업이익증가율": "266.52",
    "외국인비율": "1.32",
    "PER": "11.63",
    "ROE": "20.68",
    "ROA": "8.68",
    "PBR": "1.71",
    "유보율": "166.9",
    "code": "013700"
}