{
    "N": "164",
    "종목명": "지누스",
    "현재가": "99,300",
    "상태": "하락",
    "전일비": "1,200",
    "등락률": "-1.19%",
    "액면가": "500",
    "거래량": "66,605",
    "거래대금": "6,610",
    "전일거래량": "124,169",
    "시가": "99,900",
    "고가": "100,000",
    "저가": "98,600",
    "매수호가": "99,300",
    "매도호가": "99,500",
    "매수총잔량": "5,076",
    "매도총잔량": "12,678",
    "상장주식수": "14,407",
    "시가총액": "14,306",
    "매출액": "8,171",
    "자산총계": "7,551",
    "부채총계": "3,809",
    "영업이익": "1,039",
    "당기순이익": "724",
    "주당순이익": "4,955",
    "보통주배당금": "1,250",
    "매출액증가율": "31.42",
    "영업이익증가율": "95.66",
    "외국인비율": "21.86",
    "PER": "20.04",
    "ROE": "26.32",
    "ROA": "11.41",
    "PBR": "3.07",
    "유보율": "5,223.5",
    "code": "013890"
}