{
    "N": "617",
    "종목명": "지엠비코리아",
    "현재가": "8,160",
    "상태": "상승",
    "전일비": "30",
    "등락률": "+0.37%",
    "액면가": "500",
    "거래량": "749,347",
    "거래대금": "6,137",
    "전일거래량": "353,706",
    "시가": "8,100",
    "고가": "8,280",
    "저가": "7,930",
    "매수호가": "8,160",
    "매도호가": "8,180",
    "매수총잔량": "21,381",
    "매도총잔량": "37,139",
    "상장주식수": "19,072",
    "시가총액": "1,556",
    "매출액": "4,775",
    "자산총계": "4,869",
    "부채총계": "2,532",
    "영업이익": "85",
    "당기순이익": "18",
    "주당순이익": "-427",
    "보통주배당금": "30",
    "매출액증가율": "4.45",
    "영업이익증가율": "106.40",
    "외국인비율": "56.43",
    "PER": "-19.11",
    "ROE": "1.22",
    "ROA": "0.37",
    "PBR": "0.72",
    "유보율": "2,291.3",
    "code": "013870"
}