{
    "N": "580",
    "종목명": "대영포장",
    "현재가": "1,605",
    "상태": "하락",
    "전일비": "5",
    "등락률": "-0.31%",
    "액면가": "500",
    "거래량": "3,148,102",
    "거래대금": "5,084",
    "전일거래량": "3,199,756",
    "시가": "1,615",
    "고가": "1,650",
    "저가": "1,590",
    "매수호가": "1,605",
    "매도호가": "1,610",
    "매수총잔량": "306,829",
    "매도총잔량": "292,128",
    "상장주식수": "108,395",
    "시가총액": "1,740",
    "매출액": "2,701",
    "자산총계": "2,122",
    "부채총계": "617",
    "영업이익": "134",
    "당기순이익": "108",
    "주당순이익": "43",
    "보통주배당금": "N/A",
    "매출액증가율": "-9.99",
    "영업이익증가율": "41.02",
    "외국인비율": "2.43",
    "PER": "37.33",
    "ROE": "7.42",
    "ROA": "5.01",
    "PBR": "1.08",
    "유보율": "188.0",
    "code": "014160"
}