{
    "N": "824",
    "종목명": "한익스프레스",
    "현재가": "7,100",
    "상태": "상승",
    "전일비": "290",
    "등락률": "+4.26%",
    "액면가": "500",
    "거래량": "795,882",
    "거래대금": "5,684",
    "전일거래량": "368,003",
    "시가": "6,890",
    "고가": "7,340",
    "저가": "6,850",
    "매수호가": "7,090",
    "매도호가": "7,100",
    "매수총잔량": "28,029",
    "매도총잔량": "16,529",
    "상장주식수": "12,000",
    "시가총액": "852",
    "매출액": "5,774",
    "자산총계": "2,665",
    "부채총계": "1,944",
    "영업이익": "119",
    "당기순이익": "58",
    "주당순이익": "481",
    "보통주배당금": "70",
    "매출액증가율": "2.02",
    "영업이익증가율": "25.70",
    "외국인비율": "3.74",
    "PER": "14.76",
    "ROE": "8.30",
    "ROA": "2.48",
    "PBR": "1.12",
    "유보율": "1,094.0",
    "code": "014130"
}