{
    "N": "1465",
    "종목명": "금강공업우",
    "현재가": "11,350",
    "상태": "하락",
    "전일비": "350",
    "등락률": "-2.99%",
    "액면가": "1,000",
    "거래량": "6,643",
    "거래대금": "75",
    "전일거래량": "7,247",
    "시가": "11,500",
    "고가": "11,700",
    "저가": "11,200",
    "매수호가": "11,300",
    "매도호가": "11,350",
    "매수총잔량": "14,305",
    "매도총잔량": "6,280",
    "상장주식수": "590",
    "시가총액": "67",
    "매출액": "N/A",
    "자산총계": "N/A",
    "부채총계": "N/A",
    "영업이익": "N/A",
    "당기순이익": "N/A",
    "주당순이익": "7",
    "보통주배당금": "N/A",
    "매출액증가율": "N/A",
    "영업이익증가율": "N/A",
    "외국인비율": "1.68",
    "PER": "1,621.43",
    "ROE": "N/A",
    "ROA": "N/A",
    "PBR": "0.96",
    "유보율": "N/A",
    "code": "014285"
}