{
    "N": "636",
    "종목명": "금강공업",
    "현재가": "5,650",
    "상태": "상승",
    "전일비": "120",
    "등락률": "+2.17%",
    "액면가": "1,000",
    "거래량": "302,896",
    "거래대금": "1,718",
    "전일거래량": "317,849",
    "시가": "5,530",
    "고가": "5,790",
    "저가": "5,460",
    "매수호가": "5,650",
    "매도호가": "5,670",
    "매수총잔량": "4,124",
    "매도총잔량": "3,603",
    "상장주식수": "26,237",
    "시가총액": "1,482",
    "매출액": "5,497",
    "자산총계": "8,340",
    "부채총계": "4,881",
    "영업이익": "26",
    "당기순이익": "-50",
    "주당순이익": "7",
    "보통주배당금": "80",
    "매출액증가율": "-3.20",
    "영업이익증가율": "-89.65",
    "외국인비율": "1.66",
    "PER": "807.14",
    "ROE": "-3.23",
    "ROA": "-0.59",
    "PBR": "0.48",
    "유보율": "1,041.4",
    "code": "014280"
}