{
    "N": "858",
    "종목명": "영보화학",
    "현재가": "3,745",
    "상태": "상승",
    "전일비": "35",
    "등락률": "+0.94%",
    "액면가": "500",
    "거래량": "49,497",
    "거래대금": "183",
    "전일거래량": "41,962",
    "시가": "3,710",
    "고가": "3,755",
    "저가": "3,675",
    "매수호가": "3,745",
    "매도호가": "3,750",
    "매수총잔량": "11,179",
    "매도총잔량": "14,830",
    "상장주식수": "20,000",
    "시가총액": "749",
    "매출액": "1,312",
    "자산총계": "1,808",
    "부채총계": "341",
    "영업이익": "84",
    "당기순이익": "48",
    "주당순이익": "100",
    "보통주배당금": "100",
    "매출액증가율": "-8.84",
    "영업이익증가율": "16.79",
    "외국인비율": "52.95",
    "PER": "37.45",
    "ROE": "3.56",
    "ROA": "2.66",
    "PBR": "0.50",
    "유보율": "1,352.5",
    "code": "014440"
}