{
    "N": "706",
    "종목명": "극동유화",
    "현재가": "3,415",
    "상태": "하락",
    "전일비": "20",
    "등락률": "-0.58%",
    "액면가": "500",
    "거래량": "218,902",
    "거래대금": "746",
    "전일거래량": "151,435",
    "시가": "3,420",
    "고가": "3,450",
    "저가": "3,385",
    "매수호가": "3,410",
    "매도호가": "3,415",
    "매수총잔량": "38,583",
    "매도총잔량": "9,596",
    "상장주식수": "34,869",
    "시가총액": "1,191",
    "매출액": "7,956",
    "자산총계": "2,899",
    "부채총계": "1,206",
    "영업이익": "167",
    "당기순이익": "142",
    "주당순이익": "347",
    "보통주배당금": "160",
    "매출액증가율": "-4.25",
    "영업이익증가율": "-10.25",
    "외국인비율": "2.08",
    "PER": "9.84",
    "ROE": "8.75",
    "ROA": "4.98",
    "PBR": "0.67",
    "유보율": "898.7",
    "code": "014530"
}