{
    "N": "739",
    "종목명": "태경비케이",
    "현재가": "4,005",
    "상태": "하락",
    "전일비": "10",
    "등락률": "-0.25%",
    "액면가": "500",
    "거래량": "652,796",
    "거래대금": "2,610",
    "전일거래량": "727,677",
    "시가": "4,015",
    "고가": "4,035",
    "저가": "3,970",
    "매수호가": "4,005",
    "매도호가": "4,015",
    "매수총잔량": "52,600",
    "매도총잔량": "29,135",
    "상장주식수": "27,583",
    "시가총액": "1,105",
    "매출액": "1,864",
    "자산총계": "3,014",
    "부채총계": "985",
    "영업이익": "39",
    "당기순이익": "98",
    "주당순이익": "154",
    "보통주배당금": "100",
    "매출액증가율": "-12.31",
    "영업이익증가율": "-56.01",
    "외국인비율": "2.58",
    "PER": "26.01",
    "ROE": "3.08",
    "ROA": "3.30",
    "PBR": "0.83",
    "유보율": "708.6",
    "code": "014580"
}