{
    "N": "122",
    "종목명": "한솔케미칼",
    "현재가": "198,000",
    "상태": "상승",
    "전일비": "1,000",
    "등락률": "+0.51%",
    "액면가": "5,000",
    "거래량": "96,937",
    "거래대금": "18,800",
    "전일거래량": "136,189",
    "시가": "195,500",
    "고가": "198,000",
    "저가": "191,500",
    "매수호가": "197,500",
    "매도호가": "198,000",
    "매수총잔량": "4,246",
    "매도총잔량": "5,023",
    "상장주식수": "11,295",
    "시가총액": "22,364",
    "매출액": "5,876",
    "자산총계": "9,392",
    "부채총계": "4,186",
    "영업이익": "1,114",
    "당기순이익": "910",
    "주당순이익": "10,393",
    "보통주배당금": "1,500",
    "매출액증가율": "0.97",
    "영업이익증가율": "19.05",
    "외국인비율": "38.33",
    "PER": "19.05",
    "ROE": "20.88",
    "ROA": "10.52",
    "PBR": "4.06",
    "유보율": "712.5",
    "code": "014680"
}