{
    "N": "543",
    "종목명": "한라",
    "현재가": "5,030",
    "상태": "상승",
    "전일비": "130",
    "등락률": "+2.65%",
    "액면가": "5,000",
    "거래량": "425,923",
    "거래대금": "2,133",
    "전일거래량": "329,201",
    "시가": "4,910",
    "고가": "5,110",
    "저가": "4,860",
    "매수호가": "5,020",
    "매도호가": "5,030",
    "매수총잔량": "19,144",
    "매도총잔량": "45,594",
    "상장주식수": "38,875",
    "시가총액": "1,955",
    "매출액": "13,049",
    "자산총계": "15,882",
    "부채총계": "13,271",
    "영업이익": "677",
    "당기순이익": "27",
    "주당순이익": "1,523",
    "보통주배당금": "N/A",
    "매출액증가율": "0.40",
    "영업이익증가율": "13.06",
    "외국인비율": "2.66",
    "PER": "3.30",
    "ROE": "0.97",
    "ROA": "0.16",
    "PBR": "0.75",
    "유보율": "7.8",
    "code": "014790"
}