{
    "N": "753",
    "종목명": "사조씨푸드",
    "현재가": "6,120",
    "상태": "상승",
    "전일비": "50",
    "등락률": "+0.82%",
    "액면가": "1,000",
    "거래량": "295,747",
    "거래대금": "1,796",
    "전일거래량": "222,735",
    "시가": "6,070",
    "고가": "6,130",
    "저가": "6,030",
    "매수호가": "6,110",
    "매도호가": "6,120",
    "매수총잔량": "49,576",
    "매도총잔량": "17,624",
    "상장주식수": "17,219",
    "시가총액": "1,054",
    "매출액": "3,489",
    "자산총계": "3,481",
    "부채총계": "1,438",
    "영업이익": "97",
    "당기순이익": "-56",
    "주당순이익": "-269",
    "보통주배당금": "N/A",
    "매출액증가율": "-12.15",
    "영업이익증가율": "-43.38",
    "외국인비율": "1.70",
    "PER": "-22.75",
    "ROE": "-2.66",
    "ROA": "-1.55",
    "PBR": "0.50",
    "유보율": "1,112.0",
    "code": "014710"
}