{
    "N": "1409",
    "종목명": "동원시스템즈우",
    "현재가": "31,100",
    "상태": "상승",
    "전일비": "100",
    "등락률": "+0.32%",
    "액면가": "5,000",
    "거래량": "1,493",
    "거래대금": "46",
    "전일거래량": "2,475",
    "시가": "31,000",
    "고가": "31,100",
    "저가": "30,750",
    "매수호가": "31,050",
    "매도호가": "31,100",
    "매수총잔량": "235",
    "매도총잔량": "158",
    "상장주식수": "265",
    "시가총액": "83",
    "매출액": "N/A",
    "자산총계": "N/A",
    "부채총계": "N/A",
    "영업이익": "N/A",
    "당기순이익": "N/A",
    "주당순이익": "1,760",
    "보통주배당금": "N/A",
    "매출액증가율": "N/A",
    "영업이익증가율": "N/A",
    "외국인비율": "0.26",
    "PER": "17.67",
    "ROE": "N/A",
    "ROA": "N/A",
    "PBR": "1.65",
    "유보율": "N/A",
    "code": "014825"
}