{
    "N": "333",
    "종목명": "유니드",
    "현재가": "49,650",
    "상태": "상승",
    "전일비": "850",
    "등락률": "+1.74%",
    "액면가": "5,000",
    "거래량": "55,854",
    "거래대금": "2,727",
    "전일거래량": "57,936",
    "시가": "48,700",
    "고가": "50,000",
    "저가": "48,200",
    "매수호가": "49,650",
    "매도호가": "49,800",
    "매수총잔량": "2,975",
    "매도총잔량": "5,282",
    "상장주식수": "8,890",
    "시가총액": "4,414",
    "매출액": "8,752",
    "자산총계": "10,763",
    "부채총계": "3,675",
    "영업이익": "848",
    "당기순이익": "675",
    "주당순이익": "7,901",
    "보통주배당금": "1,200",
    "매출액증가율": "7.51",
    "영업이익증가율": "5.88",
    "외국인비율": "11.53",
    "PER": "6.28",
    "ROE": "9.87",
    "ROA": "6.17",
    "PBR": "0.55",
    "유보율": "1,604.0",
    "code": "014830"
}