{
    "N": "202",
    "종목명": "동원시스템즈",
    "현재가": "36,750",
    "상태": "하락",
    "전일비": "700",
    "등락률": "-1.87%",
    "액면가": "5,000",
    "거래량": "101,084",
    "거래대금": "3,704",
    "전일거래량": "175,266",
    "시가": "36,800",
    "고가": "37,450",
    "저가": "35,950",
    "매수호가": "36,750",
    "매도호가": "36,800",
    "매수총잔량": "3,452",
    "매도총잔량": "1,792",
    "상장주식수": "25,619",
    "시가총액": "9,415",
    "매출액": "10,424",
    "자산총계": "11,546",
    "부채총계": "5,808",
    "영업이익": "752",
    "당기순이익": "468",
    "주당순이익": "1,760",
    "보통주배당금": "500",
    "매출액증가율": "1.56",
    "영업이익증가율": "-4.58",
    "외국인비율": "1.53",
    "PER": "20.88",
    "ROE": "8.69",
    "ROA": "4.11",
    "PBR": "1.95",
    "유보율": "234.6",
    "code": "014820"
}