{
    "N": "1531",
    "종목명": "성문전자우",
    "현재가": "8,400",
    "상태": "하락",
    "전일비": "340",
    "등락률": "-3.89%",
    "액면가": "500",
    "거래량": "8,415",
    "거래대금": "71",
    "전일거래량": "16,648",
    "시가": "8,740",
    "고가": "8,740",
    "저가": "8,400",
    "매수호가": "8,400",
    "매도호가": "8,430",
    "매수총잔량": "1,479",
    "매도총잔량": "3,968",
    "상장주식수": "600",
    "시가총액": "50",
    "매출액": "N/A",
    "자산총계": "N/A",
    "부채총계": "N/A",
    "영업이익": "N/A",
    "당기순이익": "N/A",
    "주당순이익": "-43",
    "보통주배당금": "N/A",
    "매출액증가율": "N/A",
    "영업이익증가율": "N/A",
    "외국인비율": "2.19",
    "PER": "-195.35",
    "ROE": "N/A",
    "ROA": "N/A",
    "PBR": "5.82",
    "유보율": "N/A",
    "code": "014915"
}