{
    "N": "808",
    "종목명": "인디에프",
    "현재가": "1,520",
    "전일비": "0",
    "등락률": "0.00%",
    "액면가": "500",
    "거래량": "202,420",
    "거래대금": "307",
    "전일거래량": "177,160",
    "시가": "1,515",
    "고가": "1,540",
    "저가": "1,505",
    "매수호가": "1,520",
    "매도호가": "1,525",
    "매수총잔량": "67,370",
    "매도총잔량": "86,607",
    "상장주식수": "58,933",
    "시가총액": "896",
    "매출액": "2,025",
    "자산총계": "1,494",
    "부채총계": "867",
    "영업이익": "-16",
    "당기순이익": "-32",
    "주당순이익": "-181",
    "보통주배당금": "N/A",
    "매출액증가율": "2.49",
    "영업이익증가율": "-178.35",
    "외국인비율": "0.49",
    "PER": "-8.40",
    "ROE": "-5.02",
    "ROA": "-2.25",
    "PBR": "1.84",
    "유보율": "117.5",
    "code": "014990"
}