{
    "N": "1023",
    "종목명": "성문전자",
    "현재가": "1,875",
    "상태": "상승",
    "전일비": "15",
    "등락률": "+0.81%",
    "액면가": "500",
    "거래량": "120,270",
    "거래대금": "224",
    "전일거래량": "91,430",
    "시가": "1,860",
    "고가": "1,890",
    "저가": "1,840",
    "매수호가": "1,870",
    "매도호가": "1,875",
    "매수총잔량": "83,244",
    "매도총잔량": "28,696",
    "상장주식수": "19,487",
    "시가총액": "365",
    "매출액": "359",
    "자산총계": "425",
    "부채총계": "151",
    "영업이익": "-16",
    "당기순이익": "-18",
    "주당순이익": "-43",
    "보통주배당금": "0",
    "매출액증가율": "-13.08",
    "영업이익증가율": "-285.49",
    "외국인비율": "3.17",
    "PER": "-43.60",
    "ROE": "-6.57",
    "ROA": "-4.31",
    "PBR": "1.30",
    "유보율": "195.1",
    "code": "014910"
}