{
    "N": "1075",
    "종목명": "이스타코",
    "현재가": "685",
    "상태": "상승",
    "전일비": "7",
    "등락률": "+1.03%",
    "액면가": "500",
    "거래량": "338,866",
    "거래대금": "226",
    "전일거래량": "310,345",
    "시가": "678",
    "고가": "685",
    "저가": "653",
    "매수호가": "672",
    "매도호가": "685",
    "매수총잔량": "24,792",
    "매도총잔량": "16,516",
    "상장주식수": "42,852",
    "시가총액": "294",
    "매출액": "238",
    "자산총계": "789",
    "부채총계": "300",
    "영업이익": "39",
    "당기순이익": "110",
    "주당순이익": "65",
    "보통주배당금": "N/A",
    "매출액증가율": "361.14",
    "영업이익증가율": "1,139.09",
    "외국인비율": "0.65",
    "PER": "10.54",
    "ROE": "25.52",
    "ROA": "13.76",
    "PBR": "0.54",
    "유보율": "135.8",
    "code": "015020"
}